Command line invocation:
    /Applications/Xcode.app/Contents/Developer/usr/bin/xcodebuild build-for-testing -project Throttle.xcodeproj -scheme Throttle -configuration Debug -destination generic/platform=macOS -derivedDataPath /Volumes/DeveloperStorage/BuildScratch/throttle-convergence-20260920/DerivedData -clonedSourcePackagesDirPath /Volumes/DeveloperStorage/BuildScratch/throttle-convergence-20260920/SourcePackages -disableAutomaticPackageResolution -onlyUsePackageVersionsFromResolvedFile -skipPackageUpdates -jobs 2 CODE_SIGNING_ALLOWED=NO ONLY_ACTIVE_ARCH=YES ARCHS=arm64 -skipPackagePluginValidation -skipMacroValidation

Build settings from command line:
    ARCHS = arm64
    CODE_SIGNING_ALLOWED = NO
    ONLY_ACTIVE_ARCH = YES

Resolve Package Graph


Resolved source packages:
  yyjson: https://github.com/ibireme/yyjson.git @ 0.12.0
  mlx-swift-lm: https://github.com/ml-explore/mlx-swift-lm @ 3.31.3
  ThrottleShared: /Users/kevinnadjarian/GitHub/Throttle/build/convergence-recovery-20260920/ThrottleShared
  swift-numerics: https://github.com/apple/swift-numerics @ 1.1.1
  GRDB: https://github.com/groue/GRDB.swift @ 6.29.3
  Sparkle: https://github.com/sparkle-project/Sparkle @ 2.9.6
  EventSource: https://github.com/mattt/EventSource.git @ 1.4.2
  SQLCipher: https://github.com/sqlcipher/SQLCipher.swift.git @ 4.18.0
  swift-collections: https://github.com/apple/swift-collections.git @ 1.6.0
  swift-argument-parser: https://github.com/apple/swift-argument-parser @ 1.8.2
  swift-asn1: https://github.com/apple/swift-asn1.git @ 1.7.1
  mlx-swift: https://github.com/ml-explore/mlx-swift @ 0.31.6
  Jinja: https://github.com/huggingface/swift-jinja.git @ 2.4.2
  ThrottleVaultContract: /Users/kevinnadjarian/GitHub/Throttle/build/convergence-recovery-20260920/Packages/ThrottleVaultContract @ local
  ThrottleMirrorContract: /Users/kevinnadjarian/GitHub/Throttle/build/convergence-recovery-20260920/Packages/ThrottleMirrorContract @ local
  swift-transformers: https://github.com/huggingface/swift-transformers @ 1.3.0
  swift-huggingface: https://github.com/huggingface/swift-huggingface @ 0.9.0
  swift-crypto: https://github.com/apple/swift-crypto.git @ 4.5.1
  ThrottleVaultClient: /Users/kevinnadjarian/GitHub/Throttle/build/convergence-recovery-20260920/Packages/ThrottleVaultClient @ local
  swift-syntax: https://github.com/swiftlang/swift-syntax.git @ 600.0.1
  swift-atomics: https://github.com/apple/swift-atomics.git @ 1.3.1
  ResearchVaultKit: /Users/kevinnadjarian/GitHub/Throttle/build/convergence-recovery-20260920/Packages/ResearchVaultKit
  swift-nio: https://github.com/apple/swift-nio.git @ 2.101.3
  swift-system: https://github.com/apple/swift-system.git @ 1.8.1
  ThrottlePeerProtocol: /Users/kevinnadjarian/GitHub/Throttle/build/convergence-recovery-20260920/Packages/ThrottlePeerProtocol @ local
  SwiftTerm: https://github.com/migueldeicaza/SwiftTerm @ 1.14.0
  ThrottleMCPContracts: /Users/kevinnadjarian/GitHub/Throttle/build/convergence-recovery-20260920/Packages/ThrottleMCPContracts

Build Preparation
Build task concurrency set to 2 via user default IDEBuildOperationMaxNumberOfConcurrentCompileTasks

ComputePackagePrebuildTargetDependencyGraph

Prepare packages

Compile plug-in “CudaBuild” in package “mlx-swift”
[debug]: Compiling plugin to executable at /Volumes/DeveloperStorage/BuildScratch/throttle-convergence-20260920/DerivedData/Build/Products/PluginExecutables/CudaBuild
[debug]: Using compiler /Applications/Xcode.app/Contents/Developer/Toolchains/XcodeDefault.xctoolchain/usr/bin/swiftc
[debug]: Plugin compilation output directory '/Volumes/DeveloperStorage/BuildScratch/throttle-convergence-20260920/DerivedData/Build/Products/PluginExecutables'
[debug]: Computed hash of plugin compilation inputs: 02067c51225864deaee5d872781553401422fdd2d1d4ee88010f525f6f671c94


Apply build tool plug-in “CudaBuild” to target “Cmlx” in package “mlx-swift”
CUDA Build Plugin
CUDA is disabled

Process build tool plug-in results
package: <IDESwiftPackageCore.IDESwiftPackageDependency:0x76825e8300 path:'/Volumes/DeveloperStorage/BuildScratch/throttle-convergence-20260920/SourcePackages/checkouts/mlx-swift'>
    target: Cmlx
        prebuildCommandOutputPaths: []
        buildCommands: []
        allDerivedOutputPaths: []

CreateBuildRequest

SendProjectDescription

CreateBuildOperation

ComputeTargetDependencyGraph
note: Building targets in dependency order
note: Target dependency graph (123 targets)
    Target 'ThrottleTests' in project 'Throttle'
        ➜ Explicit dependency on target 'Throttle' in project 'Throttle'
        ➜ Explicit dependency on target 'ThrottleMCPContracts-product' in project 'ThrottleMCPContracts'
        ➜ Explicit dependency on target 'GRDB-product' in project 'GRDB'
    Target 'Throttle' in project 'Throttle'
        ➜ Explicit dependency on target 'ThrottleWidget' in project 'Throttle'
        ➜ Explicit dependency on target 'ResearchVaultAgent' in project 'Throttle'
        ➜ Explicit dependency on target 'GRDB-product' in project 'GRDB'
        ➜ Explicit dependency on target 'ThrottleMCPContracts-product' in project 'ThrottleMCPContracts'
        ➜ Explicit dependency on target 'Sparkle-product' in project 'Sparkle'
        ➜ Explicit dependency on target 'SwiftTerm-product' in project 'SwiftTerm'
        ➜ Explicit dependency on target 'MLXLLM-product' in project 'mlx-swift-lm'
        ➜ Explicit dependency on target 'MLXLMCommon-product' in project 'mlx-swift-lm'
        ➜ Explicit dependency on target 'MLXHuggingFace-product' in project 'mlx-swift-lm'
        ➜ Explicit dependency on target 'HuggingFace-product' in project 'swift-huggingface'
        ➜ Explicit dependency on target 'Tokenizers-product' in project 'swift-transformers'
        ➜ Explicit dependency on target 'ThrottleShared-product' in project 'ThrottleShared'
        ➜ Explicit dependency on target 'ThrottlePeer-product' in project 'ThrottleShared'
        ➜ Explicit dependency on target 'ResearchVaultIPCModel-product' in project 'ResearchVaultKit'
        ➜ Explicit dependency on target 'ResearchVaultXPCClient-product' in project 'ResearchVaultKit'
        ➜ Explicit dependency on target 'ResearchVaultSynthesis-product' in project 'ResearchVaultKit'
        ➜ Explicit dependency on target 'ResearchVaultIngestion-product' in project 'ResearchVaultKit'
        ➜ Explicit dependency on target 'ResearchVaultReasoning-product' in project 'ResearchVaultKit'
    Target 'ResearchVaultReasoning-product' in project 'ResearchVaultKit'
        ➜ Explicit dependency on target 'ResearchVaultReasoning' in project 'ResearchVaultKit'
        ➜ Explicit dependency on target 'ResearchVaultModel' in project 'ResearchVaultKit'
        ➜ Explicit dependency on target 'ThrottleVaultContract-product' in project 'ThrottleVaultContract'
    Target 'ResearchVaultIngestion-product' in project 'ResearchVaultKit'
        ➜ Explicit dependency on target 'ResearchVaultIngestion' in project 'ResearchVaultKit'
        ➜ Explicit dependency on target 'ResearchVaultModel' in project 'ResearchVaultKit'
        ➜ Explicit dependency on target 'ResearchVaultIPCModel' in project 'ResearchVaultKit'
        ➜ Explicit dependency on target 'ThrottleVaultContract-product' in project 'ThrottleVaultContract'
    Target 'ResearchVaultSynthesis-product' in project 'ResearchVaultKit'
        ➜ Explicit dependency on target 'ResearchVaultSynthesis' in project 'ResearchVaultKit'
        ➜ Explicit dependency on target 'ResearchVaultModel' in project 'ResearchVaultKit'
        ➜ Explicit dependency on target 'ResearchVaultIPCModel' in project 'ResearchVaultKit'
        ➜ Explicit dependency on target 'ThrottleVaultContract-product' in project 'ThrottleVaultContract'
    Target 'ResearchVaultSynthesis' in project 'ResearchVaultKit'
        ➜ Explicit dependency on target 'ResearchVaultModel' in project 'ResearchVaultKit'
        ➜ Explicit dependency on target 'ResearchVaultIPCModel' in project 'ResearchVaultKit'
        ➜ Explicit dependency on target 'ThrottleVaultContract-product' in project 'ThrottleVaultContract'
    Target 'ResearchVaultXPCClient-product' in project 'ResearchVaultKit'
        ➜ Explicit dependency on target 'ResearchVaultXPCClient' in project 'ResearchVaultKit'
        ➜ Explicit dependency on target 'ResearchVaultModel' in project 'ResearchVaultKit'
        ➜ Explicit dependency on target 'ResearchVaultIPCModel' in project 'ResearchVaultKit'
        ➜ Explicit dependency on target 'ThrottleVaultContract-product' in project 'ThrottleVaultContract'
        ➜ Explicit dependency on target 'ThrottleVaultClient-product' in project 'ThrottleVaultClient'
    Target 'ResearchVaultIPCModel-product' in project 'ResearchVaultKit'
        ➜ Explicit dependency on target 'ResearchVaultIPCModel' in project 'ResearchVaultKit'
        ➜ Explicit dependency on target 'ResearchVaultModel' in project 'ResearchVaultKit'
        ➜ Explicit dependency on target 'ThrottleVaultContract-product' in project 'ThrottleVaultContract'
    Target 'ThrottlePeer-product' in project 'ThrottleShared'
        ➜ Explicit dependency on target 'ThrottlePeer' in project 'ThrottleShared'
        ➜ Explicit dependency on target 'ThrottleShared' in project 'ThrottleShared'
        ➜ Explicit dependency on target 'ThrottleMirrorContract-product' in project 'ThrottleMirrorContract'
        ➜ Explicit dependency on target 'ThrottlePeerProtocol-product' in project 'ThrottlePeerProtocol'
    Target 'ThrottlePeer' in project 'ThrottleShared'
        ➜ Explicit dependency on target 'ThrottleShared' in project 'ThrottleShared'
        ➜ Explicit dependency on target 'ThrottleMirrorContract-product' in project 'ThrottleMirrorContract'
        ➜ Explicit dependency on target 'ThrottlePeerProtocol-product' in project 'ThrottlePeerProtocol'
    Target 'ThrottlePeerProtocol-product' in project 'ThrottlePeerProtocol'
        ➜ Explicit dependency on target 'ThrottlePeerProtocol' in project 'ThrottlePeerProtocol'
    Target 'ThrottlePeerProtocol' in project 'ThrottlePeerProtocol' (no dependencies)
    Target 'ThrottleShared-product' in project 'ThrottleShared'
        ➜ Explicit dependency on target 'ThrottleShared' in project 'ThrottleShared'
        ➜ Explicit dependency on target 'ThrottleMirrorContract-product' in project 'ThrottleMirrorContract'
    Target 'ThrottleShared' in project 'ThrottleShared'
        ➜ Explicit dependency on target 'ThrottleMirrorContract-product' in project 'ThrottleMirrorContract'
    Target 'ThrottleMirrorContract-product' in project 'ThrottleMirrorContract'
        ➜ Explicit dependency on target 'ThrottleMirrorContract' in project 'ThrottleMirrorContract'
    Target 'ThrottleMirrorContract' in project 'ThrottleMirrorContract' (no dependencies)
    Target 'Tokenizers-product' in project 'swift-transformers'
        ➜ Explicit dependency on target 'Tokenizers' in project 'swift-transformers'
        ➜ Explicit dependency on target 'Hub' in project 'swift-transformers'
        ➜ Explicit dependency on target 'Jinja-product' in project 'Jinja'
        ➜ Explicit dependency on target 'HuggingFace-product' in project 'swift-huggingface'
        ➜ Explicit dependency on target 'OrderedCollections-product' in project 'swift-collections'
        ➜ Explicit dependency on target 'Crypto-product' in project 'swift-crypto'
        ➜ Explicit dependency on target 'yyjson-product' in project 'yyjson'
    Target 'Tokenizers' in project 'swift-transformers'
        ➜ Explicit dependency on target 'Hub' in project 'swift-transformers'
        ➜ Explicit dependency on target 'Jinja-product' in project 'Jinja'
        ➜ Explicit dependency on target 'HuggingFace-product' in project 'swift-huggingface'
        ➜ Explicit dependency on target 'OrderedCollections-product' in project 'swift-collections'
        ➜ Explicit dependency on target 'Crypto-product' in project 'swift-crypto'
        ➜ Explicit dependency on target 'yyjson-product' in project 'yyjson'
    Target 'Hub' in project 'swift-transformers'
        ➜ Explicit dependency on target 'swift-transformers_Hub' in project 'swift-transformers'
        ➜ Explicit dependency on target 'Jinja-product' in project 'Jinja'
        ➜ Explicit dependency on target 'HuggingFace-product' in project 'swift-huggingface'
        ➜ Explicit dependency on target 'OrderedCollections-product' in project 'swift-collections'
        ➜ Explicit dependency on target 'Crypto-product' in project 'swift-crypto'
        ➜ Explicit dependency on target 'yyjson-product' in project 'yyjson'
    Target 'yyjson-product' in project 'yyjson'
        ➜ Explicit dependency on target 'yyjson' in project 'yyjson'
    Target 'yyjson' in project 'yyjson' (no dependencies)
    Target 'Jinja-product' in project 'Jinja'
        ➜ Explicit dependency on target 'Jinja' in project 'Jinja'
        ➜ Explicit dependency on target 'OrderedCollections-product' in project 'swift-collections'
    Target 'Jinja' in project 'Jinja'
        ➜ Explicit dependency on target 'OrderedCollections-product' in project 'swift-collections'
    Target 'OrderedCollections-product' in project 'swift-collections'
        ➜ Explicit dependency on target 'OrderedCollections' in project 'swift-collections'
        ➜ Explicit dependency on target 'InternalCollectionsUtilities' in project 'swift-collections'
    Target 'OrderedCollections' in project 'swift-collections'
        ➜ Explicit dependency on target 'InternalCollectionsUtilities' in project 'swift-collections'
    Target 'swift-transformers_Hub' in project 'swift-transformers' (no dependencies)
    Target 'HuggingFace-product' in project 'swift-huggingface'
        ➜ Explicit dependency on target 'HuggingFace' in project 'swift-huggingface'
        ➜ Explicit dependency on target 'EventSource-product' in project 'EventSource'
        ➜ Explicit dependency on target 'Crypto-product' in project 'swift-crypto'
    Target 'HuggingFace' in project 'swift-huggingface'
        ➜ Explicit dependency on target 'EventSource-product' in project 'EventSource'
        ➜ Explicit dependency on target 'Crypto-product' in project 'swift-crypto'
    Target 'Crypto-product' in project 'swift-crypto'
        ➜ Explicit dependency on target 'Crypto' in project 'swift-crypto'
        ➜ Explicit dependency on target 'swift-crypto_Crypto' in project 'swift-crypto'
    Target 'Crypto' in project 'swift-crypto'
        ➜ Explicit dependency on target 'swift-crypto_Crypto' in project 'swift-crypto'
    Target 'swift-crypto_Crypto' in project 'swift-crypto' (no dependencies)
    Target 'EventSource-product' in project 'EventSource'
        ➜ Explicit dependency on target 'EventSource' in project 'EventSource'
        ➜ Explicit dependency on target 'NIOCore-product' in project 'swift-nio'
    Target 'EventSource' in project 'EventSource'
        ➜ Explicit dependency on target 'NIOCore-product' in project 'swift-nio'
    Target 'NIOCore-product' in project 'swift-nio'
        ➜ Explicit dependency on target 'NIOCore' in project 'swift-nio'
        ➜ Explicit dependency on target 'CNIOAtomics' in project 'swift-nio'
        ➜ Explicit dependency on target 'NIOConcurrencyHelpers' in project 'swift-nio'
        ➜ Explicit dependency on target '_NIOBase64' in project 'swift-nio'
        ➜ Explicit dependency on target 'CNIOOpenBSD' in project 'swift-nio'
        ➜ Explicit dependency on target 'CNIOFreeBSD' in project 'swift-nio'
        ➜ Explicit dependency on target 'CNIODarwin' in project 'swift-nio'
        ➜ Explicit dependency on target 'CNIOLinux' in project 'swift-nio'
        ➜ Explicit dependency on target 'CNIOWindows' in project 'swift-nio'
        ➜ Explicit dependency on target 'CNIOWASI' in project 'swift-nio'
        ➜ Explicit dependency on target '_NIODataStructures' in project 'swift-nio'
        ➜ Explicit dependency on target 'DequeModule-product' in project 'swift-collections'
        ➜ Explicit dependency on target 'Atomics-product' in project 'swift-atomics'
    Target 'NIOCore' in project 'swift-nio'
        ➜ Explicit dependency on target 'CNIOAtomics' in project 'swift-nio'
        ➜ Explicit dependency on target 'NIOConcurrencyHelpers' in project 'swift-nio'
        ➜ Explicit dependency on target '_NIOBase64' in project 'swift-nio'
        ➜ Explicit dependency on target 'CNIOOpenBSD' in project 'swift-nio'
        ➜ Explicit dependency on target 'CNIOFreeBSD' in project 'swift-nio'
        ➜ Explicit dependency on target 'CNIODarwin' in project 'swift-nio'
        ➜ Explicit dependency on target 'CNIOLinux' in project 'swift-nio'
        ➜ Explicit dependency on target 'CNIOWindows' in project 'swift-nio'
        ➜ Explicit dependency on target 'CNIOWASI' in project 'swift-nio'
        ➜ Explicit dependency on target '_NIODataStructures' in project 'swift-nio'
        ➜ Explicit dependency on target 'DequeModule-product' in project 'swift-collections'
        ➜ Explicit dependency on target 'Atomics-product' in project 'swift-atomics'
    Target 'Atomics-product' in project 'swift-atomics'
        ➜ Explicit dependency on target 'Atomics' in project 'swift-atomics'
        ➜ Explicit dependency on target '_AtomicsShims' in project 'swift-atomics'
    Target 'Atomics' in project 'swift-atomics'
        ➜ Explicit dependency on target '_AtomicsShims' in project 'swift-atomics'
    Target '_AtomicsShims' in project 'swift-atomics' (no dependencies)
    Target 'DequeModule-product' in project 'swift-collections'
        ➜ Explicit dependency on target 'DequeModule' in project 'swift-collections'
        ➜ Explicit dependency on target 'InternalCollectionsUtilities' in project 'swift-collections'
        ➜ Explicit dependency on target 'ContainersPreview' in project 'swift-collections'
    Target 'DequeModule' in project 'swift-collections'
        ➜ Explicit dependency on target 'InternalCollectionsUtilities' in project 'swift-collections'
        ➜ Explicit dependency on target 'ContainersPreview' in project 'swift-collections'
    Target 'ContainersPreview' in project 'swift-collections'
        ➜ Explicit dependency on target 'InternalCollectionsUtilities' in project 'swift-collections'
    Target 'InternalCollectionsUtilities' in project 'swift-collections' (no dependencies)
    Target '_NIODataStructures' in project 'swift-nio' (no dependencies)
    Target 'CNIOWASI' in project 'swift-nio' (no dependencies)
    Target 'CNIOWindows' in project 'swift-nio' (no dependencies)
    Target 'CNIOLinux' in project 'swift-nio' (no dependencies)
    Target 'CNIODarwin' in project 'swift-nio' (no dependencies)
    Target 'CNIOFreeBSD' in project 'swift-nio' (no dependencies)
    Target 'CNIOOpenBSD' in project 'swift-nio' (no dependencies)
    Target '_NIOBase64' in project 'swift-nio' (no dependencies)
    Target 'NIOConcurrencyHelpers' in project 'swift-nio'
        ➜ Explicit dependency on target 'CNIOAtomics' in project 'swift-nio'
    Target 'CNIOAtomics' in project 'swift-nio' (no dependencies)
    Target 'MLXHuggingFace-product' in project 'mlx-swift-lm'
        ➜ Explicit dependency on target 'MLXHuggingFace' in project 'mlx-swift-lm'
        ➜ Explicit dependency on target 'MLXHuggingFaceMacros' in project 'mlx-swift-lm'
        ➜ Explicit dependency on target 'MLXLMCommon' in project 'mlx-swift-lm'
        ➜ Explicit dependency on target 'MLX-product' in project 'mlx-swift'
        ➜ Explicit dependency on target 'MLXNN-product' in project 'mlx-swift'
        ➜ Explicit dependency on target 'MLXOptimizers-product' in project 'mlx-swift'
    Target 'MLXHuggingFace' in project 'mlx-swift-lm'
        ➜ Explicit dependency on target 'MLXHuggingFaceMacros' in project 'mlx-swift-lm'
        ➜ Explicit dependency on target 'MLXLMCommon' in project 'mlx-swift-lm'
        ➜ Explicit dependency on target 'MLX-product' in project 'mlx-swift'
        ➜ Explicit dependency on target 'MLXNN-product' in project 'mlx-swift'
        ➜ Explicit dependency on target 'MLXOptimizers-product' in project 'mlx-swift'
    Target 'MLXHuggingFaceMacros' in project 'mlx-swift-lm'
        ➜ Explicit dependency on target 'SwiftSyntaxMacros-product' in project 'swift-syntax'
        ➜ Explicit dependency on target 'SwiftCompilerPlugin-product' in project 'swift-syntax'
    Target 'SwiftCompilerPlugin-product' in project 'swift-syntax'
        ➜ Explicit dependency on target 'SwiftCompilerPlugin' in project 'swift-syntax'
        ➜ Explicit dependency on target '_SwiftSyntaxCShims' in project 'swift-syntax'
        ➜ Explicit dependency on target 'SwiftSyntax509' in project 'swift-syntax'
        ➜ Explicit dependency on target 'SwiftSyntax510' in project 'swift-syntax'
        ➜ Explicit dependency on target 'SwiftSyntax600' in project 'swift-syntax'
        ➜ Explicit dependency on target 'SwiftSyntax' in project 'swift-syntax'
        ➜ Explicit dependency on target 'SwiftDiagnostics' in project 'swift-syntax'
        ➜ Explicit dependency on target 'SwiftParser' in project 'swift-syntax'
        ➜ Explicit dependency on target 'SwiftOperators' in project 'swift-syntax'
        ➜ Explicit dependency on target 'SwiftBasicFormat' in project 'swift-syntax'
        ➜ Explicit dependency on target 'SwiftParserDiagnostics' in project 'swift-syntax'
        ➜ Explicit dependency on target 'SwiftSyntaxBuilder' in project 'swift-syntax'
        ➜ Explicit dependency on target 'SwiftSyntaxMacros' in project 'swift-syntax'
        ➜ Explicit dependency on target 'SwiftSyntaxMacroExpansion' in project 'swift-syntax'
        ➜ Explicit dependency on target 'SwiftCompilerPluginMessageHandling' in project 'swift-syntax'
    Target 'SwiftCompilerPlugin' in project 'swift-syntax'
        ➜ Explicit dependency on target '_SwiftSyntaxCShims' in project 'swift-syntax'
        ➜ Explicit dependency on target 'SwiftSyntax509' in project 'swift-syntax'
        ➜ Explicit dependency on target 'SwiftSyntax510' in project 'swift-syntax'
        ➜ Explicit dependency on target 'SwiftSyntax600' in project 'swift-syntax'
        ➜ Explicit dependency on target 'SwiftSyntax' in project 'swift-syntax'
        ➜ Explicit dependency on target 'SwiftDiagnostics' in project 'swift-syntax'
        ➜ Explicit dependency on target 'SwiftParser' in project 'swift-syntax'
        ➜ Explicit dependency on target 'SwiftOperators' in project 'swift-syntax'
        ➜ Explicit dependency on target 'SwiftBasicFormat' in project 'swift-syntax'
        ➜ Explicit dependency on target 'SwiftParserDiagnostics' in project 'swift-syntax'
        ➜ Explicit dependency on target 'SwiftSyntaxBuilder' in project 'swift-syntax'
        ➜ Explicit dependency on target 'SwiftSyntaxMacros' in project 'swift-syntax'
        ➜ Explicit dependency on target 'SwiftSyntaxMacroExpansion' in project 'swift-syntax'
        ➜ Explicit dependency on target 'SwiftCompilerPluginMessageHandling' in project 'swift-syntax'
    Target 'SwiftCompilerPluginMessageHandling' in project 'swift-syntax'
        ➜ Explicit dependency on target '_SwiftSyntaxCShims' in project 'swift-syntax'
        ➜ Explicit dependency on target 'SwiftSyntax509' in project 'swift-syntax'
        ➜ Explicit dependency on target 'SwiftSyntax510' in project 'swift-syntax'
        ➜ Explicit dependency on target 'SwiftSyntax600' in project 'swift-syntax'
        ➜ Explicit dependency on target 'SwiftSyntax' in project 'swift-syntax'
        ➜ Explicit dependency on target 'SwiftDiagnostics' in project 'swift-syntax'
        ➜ Explicit dependency on target 'SwiftParser' in project 'swift-syntax'
        ➜ Explicit dependency on target 'SwiftOperators' in project 'swift-syntax'
        ➜ Explicit dependency on target 'SwiftBasicFormat' in project 'swift-syntax'
        ➜ Explicit dependency on target 'SwiftParserDiagnostics' in project 'swift-syntax'
        ➜ Explicit dependency on target 'SwiftSyntaxBuilder' in project 'swift-syntax'
        ➜ Explicit dependency on target 'SwiftSyntaxMacros' in project 'swift-syntax'
        ➜ Explicit dependency on target 'SwiftSyntaxMacroExpansion' in project 'swift-syntax'
    Target 'SwiftSyntaxMacroExpansion' in project 'swift-syntax'
        ➜ Explicit dependency on target '_SwiftSyntaxCShims' in project 'swift-syntax'
        ➜ Explicit dependency on target 'SwiftSyntax509' in project 'swift-syntax'
        ➜ Explicit dependency on target 'SwiftSyntax510' in project 'swift-syntax'
        ➜ Explicit dependency on target 'SwiftSyntax600' in project 'swift-syntax'
        ➜ Explicit dependency on target 'SwiftSyntax' in project 'swift-syntax'
        ➜ Explicit dependency on target 'SwiftBasicFormat' in project 'swift-syntax'
        ➜ Explicit dependency on target 'SwiftParser' in project 'swift-syntax'
        ➜ Explicit dependency on target 'SwiftDiagnostics' in project 'swift-syntax'
        ➜ Explicit dependency on target 'SwiftParserDiagnostics' in project 'swift-syntax'
        ➜ Explicit dependency on target 'SwiftSyntaxBuilder' in project 'swift-syntax'
        ➜ Explicit dependency on target 'SwiftSyntaxMacros' in project 'swift-syntax'
        ➜ Explicit dependency on target 'SwiftOperators' in project 'swift-syntax'
    Target 'SwiftOperators' in project 'swift-syntax'
        ➜ Explicit dependency on target '_SwiftSyntaxCShims' in project 'swift-syntax'
        ➜ Explicit dependency on target 'SwiftSyntax509' in project 'swift-syntax'
        ➜ Explicit dependency on target 'SwiftSyntax510' in project 'swift-syntax'
        ➜ Explicit dependency on target 'SwiftSyntax600' in project 'swift-syntax'
        ➜ Explicit dependency on target 'SwiftSyntax' in project 'swift-syntax'
        ➜ Explicit dependency on target 'SwiftDiagnostics' in project 'swift-syntax'
        ➜ Explicit dependency on target 'SwiftParser' in project 'swift-syntax'
    Target 'SwiftSyntaxMacros-product' in project 'swift-syntax'
        ➜ Explicit dependency on target 'SwiftSyntaxMacros' in project 'swift-syntax'
        ➜ Explicit dependency on target '_SwiftSyntaxCShims' in project 'swift-syntax'
        ➜ Explicit dependency on target 'SwiftSyntax509' in project 'swift-syntax'
        ➜ Explicit dependency on target 'SwiftSyntax510' in project 'swift-syntax'
        ➜ Explicit dependency on target 'SwiftSyntax600' in project 'swift-syntax'
        ➜ Explicit dependency on target 'SwiftSyntax' in project 'swift-syntax'
        ➜ Explicit dependency on target 'SwiftDiagnostics' in project 'swift-syntax'
        ➜ Explicit dependency on target 'SwiftParser' in project 'swift-syntax'
        ➜ Explicit dependency on target 'SwiftBasicFormat' in project 'swift-syntax'
        ➜ Explicit dependency on target 'SwiftParserDiagnostics' in project 'swift-syntax'
        ➜ Explicit dependency on target 'SwiftSyntaxBuilder' in project 'swift-syntax'
    Target 'SwiftSyntaxMacros' in project 'swift-syntax'
        ➜ Explicit dependency on target '_SwiftSyntaxCShims' in project 'swift-syntax'
        ➜ Explicit dependency on target 'SwiftSyntax509' in project 'swift-syntax'
        ➜ Explicit dependency on target 'SwiftSyntax510' in project 'swift-syntax'
        ➜ Explicit dependency on target 'SwiftSyntax600' in project 'swift-syntax'
        ➜ Explicit dependency on target 'SwiftSyntax' in project 'swift-syntax'
        ➜ Explicit dependency on target 'SwiftDiagnostics' in project 'swift-syntax'
        ➜ Explicit dependency on target 'SwiftParser' in project 'swift-syntax'
        ➜ Explicit dependency on target 'SwiftBasicFormat' in project 'swift-syntax'
        ➜ Explicit dependency on target 'SwiftParserDiagnostics' in project 'swift-syntax'
        ➜ Explicit dependency on target 'SwiftSyntaxBuilder' in project 'swift-syntax'
    Target 'SwiftSyntaxBuilder' in project 'swift-syntax'
        ➜ Explicit dependency on target '_SwiftSyntaxCShims' in project 'swift-syntax'
        ➜ Explicit dependency on target 'SwiftSyntax509' in project 'swift-syntax'
        ➜ Explicit dependency on target 'SwiftSyntax510' in project 'swift-syntax'
        ➜ Explicit dependency on target 'SwiftSyntax600' in project 'swift-syntax'
        ➜ Explicit dependency on target 'SwiftSyntax' in project 'swift-syntax'
        ➜ Explicit dependency on target 'SwiftBasicFormat' in project 'swift-syntax'
        ➜ Explicit dependency on target 'SwiftParser' in project 'swift-syntax'
        ➜ Explicit dependency on target 'SwiftDiagnostics' in project 'swift-syntax'
        ➜ Explicit dependency on target 'SwiftParserDiagnostics' in project 'swift-syntax'
    Target 'SwiftParserDiagnostics' in project 'swift-syntax'
        ➜ Explicit dependency on target '_SwiftSyntaxCShims' in project 'swift-syntax'
        ➜ Explicit dependency on target 'SwiftSyntax509' in project 'swift-syntax'
        ➜ Explicit dependency on target 'SwiftSyntax510' in project 'swift-syntax'
        ➜ Explicit dependency on target 'SwiftSyntax600' in project 'swift-syntax'
        ➜ Explicit dependency on target 'SwiftSyntax' in project 'swift-syntax'
        ➜ Explicit dependency on target 'SwiftBasicFormat' in project 'swift-syntax'
        ➜ Explicit dependency on target 'SwiftDiagnostics' in project 'swift-syntax'
        ➜ Explicit dependency on target 'SwiftParser' in project 'swift-syntax'
    Target 'SwiftBasicFormat' in project 'swift-syntax'
        ➜ Explicit dependency on target '_SwiftSyntaxCShims' in project 'swift-syntax'
        ➜ Explicit dependency on target 'SwiftSyntax509' in project 'swift-syntax'
        ➜ Explicit dependency on target 'SwiftSyntax510' in project 'swift-syntax'
        ➜ Explicit dependency on target 'SwiftSyntax600' in project 'swift-syntax'
        ➜ Explicit dependency on target 'SwiftSyntax' in project 'swift-syntax'
    Target 'SwiftParser' in project 'swift-syntax'
        ➜ Explicit dependency on target '_SwiftSyntaxCShims' in project 'swift-syntax'
        ➜ Explicit dependency on target 'SwiftSyntax509' in project 'swift-syntax'
        ➜ Explicit dependency on target 'SwiftSyntax510' in project 'swift-syntax'
        ➜ Explicit dependency on target 'SwiftSyntax600' in project 'swift-syntax'
        ➜ Explicit dependency on target 'SwiftSyntax' in project 'swift-syntax'
    Target 'SwiftDiagnostics' in project 'swift-syntax'
        ➜ Explicit dependency on target '_SwiftSyntaxCShims' in project 'swift-syntax'
        ➜ Explicit dependency on target 'SwiftSyntax509' in project 'swift-syntax'
        ➜ Explicit dependency on target 'SwiftSyntax510' in project 'swift-syntax'
        ➜ Explicit dependency on target 'SwiftSyntax600' in project 'swift-syntax'
        ➜ Explicit dependency on target 'SwiftSyntax' in project 'swift-syntax'
    Target 'SwiftSyntax' in project 'swift-syntax'
        ➜ Explicit dependency on target '_SwiftSyntaxCShims' in project 'swift-syntax'
        ➜ Explicit dependency on target 'SwiftSyntax509' in project 'swift-syntax'
        ➜ Explicit dependency on target 'SwiftSyntax510' in project 'swift-syntax'
        ➜ Explicit dependency on target 'SwiftSyntax600' in project 'swift-syntax'
    Target 'SwiftSyntax600' in project 'swift-syntax' (no dependencies)
    Target 'SwiftSyntax510' in project 'swift-syntax' (no dependencies)
    Target 'SwiftSyntax509' in project 'swift-syntax' (no dependencies)
    Target '_SwiftSyntaxCShims' in project 'swift-syntax' (no dependencies)
    Target 'MLXLMCommon-product' in project 'mlx-swift-lm'
        ➜ Explicit dependency on target 'MLXLMCommon' in project 'mlx-swift-lm'
        ➜ Explicit dependency on target 'MLX-product' in project 'mlx-swift'
        ➜ Explicit dependency on target 'MLXNN-product' in project 'mlx-swift'
        ➜ Explicit dependency on target 'MLXOptimizers-product' in project 'mlx-swift'
    Target 'MLXLLM-product' in project 'mlx-swift-lm'
        ➜ Explicit dependency on target 'MLXLLM' in project 'mlx-swift-lm'
        ➜ Explicit dependency on target 'MLXLMCommon' in project 'mlx-swift-lm'
        ➜ Explicit dependency on target 'MLX-product' in project 'mlx-swift'
        ➜ Explicit dependency on target 'MLXNN-product' in project 'mlx-swift'
        ➜ Explicit dependency on target 'MLXOptimizers-product' in project 'mlx-swift'
    Target 'MLXLLM' in project 'mlx-swift-lm'
        ➜ Explicit dependency on target 'MLXLMCommon' in project 'mlx-swift-lm'
        ➜ Explicit dependency on target 'MLX-product' in project 'mlx-swift'
        ➜ Explicit dependency on target 'MLXNN-product' in project 'mlx-swift'
        ➜ Explicit dependency on target 'MLXOptimizers-product' in project 'mlx-swift'
    Target 'MLXLMCommon' in project 'mlx-swift-lm'
        ➜ Explicit dependency on target 'MLX-product' in project 'mlx-swift'
        ➜ Explicit dependency on target 'MLXNN-product' in project 'mlx-swift'
        ➜ Explicit dependency on target 'MLXOptimizers-product' in project 'mlx-swift'
    Target 'MLXOptimizers-product' in project 'mlx-swift'
        ➜ Explicit dependency on target 'MLXOptimizers' in project 'mlx-swift'
        ➜ Explicit dependency on target 'CudaBuild' in project 'mlx-swift'
        ➜ Explicit dependency on target 'Cmlx' in project 'mlx-swift'
        ➜ Explicit dependency on target 'MLX' in project 'mlx-swift'
        ➜ Explicit dependency on target 'MLXNN' in project 'mlx-swift'
        ➜ Explicit dependency on target 'Numerics-product' in project 'swift-numerics'
    Target 'MLXOptimizers' in project 'mlx-swift'
        ➜ Explicit dependency on target 'CudaBuild' in project 'mlx-swift'
        ➜ Explicit dependency on target 'Cmlx' in project 'mlx-swift'
        ➜ Explicit dependency on target 'MLX' in project 'mlx-swift'
        ➜ Explicit dependency on target 'MLXNN' in project 'mlx-swift'
        ➜ Explicit dependency on target 'Numerics-product' in project 'swift-numerics'
    Target 'MLXNN-product' in project 'mlx-swift'
        ➜ Explicit dependency on target 'MLXNN' in project 'mlx-swift'
        ➜ Explicit dependency on target 'CudaBuild' in project 'mlx-swift'
        ➜ Explicit dependency on target 'Cmlx' in project 'mlx-swift'
        ➜ Explicit dependency on target 'MLX' in project 'mlx-swift'
        ➜ Explicit dependency on target 'Numerics-product' in project 'swift-numerics'
    Target 'MLXNN' in project 'mlx-swift'
        ➜ Explicit dependency on target 'CudaBuild' in project 'mlx-swift'
        ➜ Explicit dependency on target 'Cmlx' in project 'mlx-swift'
        ➜ Explicit dependency on target 'MLX' in project 'mlx-swift'
        ➜ Explicit dependency on target 'Numerics-product' in project 'swift-numerics'
    Target 'MLX-product' in project 'mlx-swift'
        ➜ Explicit dependency on target 'MLX' in project 'mlx-swift'
        ➜ Explicit dependency on target 'CudaBuild' in project 'mlx-swift'
        ➜ Explicit dependency on target 'Cmlx' in project 'mlx-swift'
        ➜ Explicit dependency on target 'Numerics-product' in project 'swift-numerics'
    Target 'MLX' in project 'mlx-swift'
        ➜ Explicit dependency on target 'CudaBuild' in project 'mlx-swift'
        ➜ Explicit dependency on target 'Cmlx' in project 'mlx-swift'
        ➜ Explicit dependency on target 'Numerics-product' in project 'swift-numerics'
    Target 'Numerics-product' in project 'swift-numerics'
        ➜ Explicit dependency on target 'Numerics' in project 'swift-numerics'
        ➜ Explicit dependency on target '_NumericsShims' in project 'swift-numerics'
        ➜ Explicit dependency on target 'RealModule' in project 'swift-numerics'
        ➜ Explicit dependency on target 'ComplexModule' in project 'swift-numerics'
    Target 'Numerics' in project 'swift-numerics'
        ➜ Explicit dependency on target '_NumericsShims' in project 'swift-numerics'
        ➜ Explicit dependency on target 'RealModule' in project 'swift-numerics'
        ➜ Explicit dependency on target 'ComplexModule' in project 'swift-numerics'
    Target 'ComplexModule' in project 'swift-numerics'
        ➜ Explicit dependency on target '_NumericsShims' in project 'swift-numerics'
        ➜ Explicit dependency on target 'RealModule' in project 'swift-numerics'
    Target 'RealModule' in project 'swift-numerics'
        ➜ Explicit dependency on target '_NumericsShims' in project 'swift-numerics'
    Target '_NumericsShims' in project 'swift-numerics' (no dependencies)
    Target 'Cmlx' in project 'mlx-swift'
        ➜ Explicit dependency on target 'mlx-swift_Cmlx' in project 'mlx-swift'
        ➜ Explicit dependency on target 'CudaBuild' in project 'mlx-swift'
    Target 'mlx-swift_Cmlx' in project 'mlx-swift'
        ➜ Explicit dependency on target 'CudaBuild' in project 'mlx-swift'
    Target 'CudaBuild' in project 'mlx-swift'
        ➜ Explicit dependency on target 'encuda-product' in project 'mlx-swift'
        ➜ Explicit dependency on target 'ArgumentParser-product' in project 'swift-argument-parser'
    Target 'encuda-product' in project 'mlx-swift'
        ➜ Explicit dependency on target 'ArgumentParser-product' in project 'swift-argument-parser'
    Target 'ArgumentParser-product' in project 'swift-argument-parser'
        ➜ Explicit dependency on target 'ArgumentParser' in project 'swift-argument-parser'
        ➜ Explicit dependency on target 'ArgumentParserToolInfo' in project 'swift-argument-parser'
    Target 'ArgumentParser' in project 'swift-argument-parser'
        ➜ Explicit dependency on target 'ArgumentParserToolInfo' in project 'swift-argument-parser'
    Target 'ArgumentParserToolInfo' in project 'swift-argument-parser' (no dependencies)
    Target 'SwiftTerm-product' in project 'SwiftTerm'
        ➜ Explicit dependency on target 'SwiftTerm' in project 'SwiftTerm'
        ➜ Explicit dependency on target 'SwiftTerm_SwiftTerm' in project 'SwiftTerm'
    Target 'SwiftTerm' in project 'SwiftTerm'
        ➜ Explicit dependency on target 'SwiftTerm_SwiftTerm' in project 'SwiftTerm'
    Target 'SwiftTerm_SwiftTerm' in project 'SwiftTerm' (no dependencies)
    Target 'Sparkle-product' in project 'Sparkle' (no dependencies)
    Target 'ThrottleMCPContracts-product' in project 'ThrottleMCPContracts'
        ➜ Explicit dependency on target 'ThrottleMCPContracts' in project 'ThrottleMCPContracts'
    Target 'ThrottleMCPContracts' in project 'ThrottleMCPContracts' (no dependencies)
    Target 'GRDB-product' in project 'GRDB'
        ➜ Explicit dependency on target 'GRDB' in project 'GRDB'
        ➜ Explicit dependency on target 'GRDB_GRDB' in project 'GRDB'
    Target 'GRDB' in project 'GRDB'
        ➜ Explicit dependency on target 'GRDB_GRDB' in project 'GRDB'
        ➜ Explicit dependency on target 'CSQLite' in project 'GRDB'
    Target 'CSQLite' in project 'GRDB' (no dependencies)
    Target 'GRDB_GRDB' in project 'GRDB' (no dependencies)
    Target 'ResearchVaultAgent' in project 'Throttle'
        ➜ Explicit dependency on target 'ResearchVaultServiceRuntime-product' in project 'ResearchVaultKit'
    Target 'ResearchVaultServiceRuntime-product' in project 'ResearchVaultKit'
        ➜ Explicit dependency on target 'ResearchVaultServiceRuntime' in project 'ResearchVaultKit'
        ➜ Explicit dependency on target 'ResearchVaultModel' in project 'ResearchVaultKit'
        ➜ Explicit dependency on target 'ResearchVaultIPCModel' in project 'ResearchVaultKit'
        ➜ Explicit dependency on target 'ResearchVaultXPCClient' in project 'ResearchVaultKit'
        ➜ Explicit dependency on target 'ResearchVaultIngestion' in project 'ResearchVaultKit'
        ➜ Explicit dependency on target 'ResearchVaultReasoning' in project 'ResearchVaultKit'
        ➜ Explicit dependency on target 'ResearchVaultStore' in project 'ResearchVaultKit'
        ➜ Explicit dependency on target 'ResearchVaultSQLCipher' in project 'ResearchVaultKit'
        ➜ Explicit dependency on target 'ResearchVaultGateway' in project 'ResearchVaultKit'
        ➜ Explicit dependency on target 'ResearchVaultXPC' in project 'ResearchVaultKit'
        ➜ Explicit dependency on target 'ResearchVaultKeychain' in project 'ResearchVaultKit'
        ➜ Explicit dependency on target 'ThrottleVaultContract-product' in project 'ThrottleVaultContract'
        ➜ Explicit dependency on target 'ThrottleVaultClient-product' in project 'ThrottleVaultClient'
        ➜ Explicit dependency on target 'SQLCipher-product' in project 'SQLCipher'
    Target 'ResearchVaultServiceRuntime' in project 'ResearchVaultKit'
        ➜ Explicit dependency on target 'ResearchVaultModel' in project 'ResearchVaultKit'
        ➜ Explicit dependency on target 'ResearchVaultIPCModel' in project 'ResearchVaultKit'
        ➜ Explicit dependency on target 'ResearchVaultXPCClient' in project 'ResearchVaultKit'
        ➜ Explicit dependency on target 'ResearchVaultIngestion' in project 'ResearchVaultKit'
        ➜ Explicit dependency on target 'ResearchVaultReasoning' in project 'ResearchVaultKit'
        ➜ Explicit dependency on target 'ResearchVaultStore' in project 'ResearchVaultKit'
        ➜ Explicit dependency on target 'ResearchVaultSQLCipher' in project 'ResearchVaultKit'
        ➜ Explicit dependency on target 'ResearchVaultGateway' in project 'ResearchVaultKit'
        ➜ Explicit dependency on target 'ResearchVaultXPC' in project 'ResearchVaultKit'
        ➜ Explicit dependency on target 'ResearchVaultKeychain' in project 'ResearchVaultKit'
        ➜ Explicit dependency on target 'ThrottleVaultContract-product' in project 'ThrottleVaultContract'
        ➜ Explicit dependency on target 'ThrottleVaultClient-product' in project 'ThrottleVaultClient'
        ➜ Explicit dependency on target 'SQLCipher-product' in project 'SQLCipher'
    Target 'ResearchVaultKeychain' in project 'ResearchVaultKit' (no dependencies)
    Target 'ResearchVaultXPC' in project 'ResearchVaultKit'
        ➜ Explicit dependency on target 'ResearchVaultModel' in project 'ResearchVaultKit'
        ➜ Explicit dependency on target 'ResearchVaultIPCModel' in project 'ResearchVaultKit'
        ➜ Explicit dependency on target 'ResearchVaultXPCClient' in project 'ResearchVaultKit'
        ➜ Explicit dependency on target 'ResearchVaultIngestion' in project 'ResearchVaultKit'
        ➜ Explicit dependency on target 'ResearchVaultReasoning' in project 'ResearchVaultKit'
        ➜ Explicit dependency on target 'ResearchVaultStore' in project 'ResearchVaultKit'
        ➜ Explicit dependency on target 'ResearchVaultSQLCipher' in project 'ResearchVaultKit'
        ➜ Explicit dependency on target 'ResearchVaultGateway' in project 'ResearchVaultKit'
        ➜ Explicit dependency on target 'ThrottleVaultContract-product' in project 'ThrottleVaultContract'
        ➜ Explicit dependency on target 'ThrottleVaultClient-product' in project 'ThrottleVaultClient'
        ➜ Explicit dependency on target 'SQLCipher-product' in project 'SQLCipher'
    Target 'ResearchVaultGateway' in project 'ResearchVaultKit'
        ➜ Explicit dependency on target 'ResearchVaultModel' in project 'ResearchVaultKit'
        ➜ Explicit dependency on target 'ResearchVaultIPCModel' in project 'ResearchVaultKit'
        ➜ Explicit dependency on target 'ResearchVaultIngestion' in project 'ResearchVaultKit'
        ➜ Explicit dependency on target 'ResearchVaultReasoning' in project 'ResearchVaultKit'
        ➜ Explicit dependency on target 'ResearchVaultStore' in project 'ResearchVaultKit'
        ➜ Explicit dependency on target 'ResearchVaultSQLCipher' in project 'ResearchVaultKit'
        ➜ Explicit dependency on target 'ThrottleVaultContract-product' in project 'ThrottleVaultContract'
        ➜ Explicit dependency on target 'SQLCipher-product' in project 'SQLCipher'
    Target 'ResearchVaultSQLCipher' in project 'ResearchVaultKit'
        ➜ Explicit dependency on target 'ResearchVaultModel' in project 'ResearchVaultKit'
        ➜ Explicit dependency on target 'ResearchVaultReasoning' in project 'ResearchVaultKit'
        ➜ Explicit dependency on target 'ResearchVaultStore' in project 'ResearchVaultKit'
        ➜ Explicit dependency on target 'ResearchVaultIPCModel' in project 'ResearchVaultKit'
        ➜ Explicit dependency on target 'ResearchVaultIngestion' in project 'ResearchVaultKit'
        ➜ Explicit dependency on target 'ThrottleVaultContract-product' in project 'ThrottleVaultContract'
        ➜ Explicit dependency on target 'SQLCipher-product' in project 'SQLCipher'
    Target 'SQLCipher-product' in project 'SQLCipher' (no dependencies)
    Target 'ResearchVaultStore' in project 'ResearchVaultKit'
        ➜ Explicit dependency on target 'ResearchVaultModel' in project 'ResearchVaultKit'
        ➜ Explicit dependency on target 'ThrottleVaultContract-product' in project 'ThrottleVaultContract'
    Target 'ResearchVaultReasoning' in project 'ResearchVaultKit'
        ➜ Explicit dependency on target 'ResearchVaultModel' in project 'ResearchVaultKit'
        ➜ Explicit dependency on target 'ThrottleVaultContract-product' in project 'ThrottleVaultContract'
    Target 'ResearchVaultIngestion' in project 'ResearchVaultKit'
        ➜ Explicit dependency on target 'ResearchVaultModel' in project 'ResearchVaultKit'
        ➜ Explicit dependency on target 'ResearchVaultIPCModel' in project 'ResearchVaultKit'
        ➜ Explicit dependency on target 'ThrottleVaultContract-product' in project 'ThrottleVaultContract'
    Target 'ResearchVaultXPCClient' in project 'ResearchVaultKit'
        ➜ Explicit dependency on target 'ResearchVaultModel' in project 'ResearchVaultKit'
        ➜ Explicit dependency on target 'ResearchVaultIPCModel' in project 'ResearchVaultKit'
        ➜ Explicit dependency on target 'ThrottleVaultContract-product' in project 'ThrottleVaultContract'
        ➜ Explicit dependency on target 'ThrottleVaultClient-product' in project 'ThrottleVaultClient'
    Target 'ThrottleVaultClient-product' in project 'ThrottleVaultClient'
        ➜ Explicit dependency on target 'ThrottleVaultClient' in project 'ThrottleVaultClient'
        ➜ Explicit dependency on target 'ThrottleVaultContract-product' in project 'ThrottleVaultContract'
    Target 'ThrottleVaultClient' in project 'ThrottleVaultClient'
        ➜ Explicit dependency on target 'ThrottleVaultContract-product' in project 'ThrottleVaultContract'
    Target 'ResearchVaultIPCModel' in project 'ResearchVaultKit'
        ➜ Explicit dependency on target 'ResearchVaultModel' in project 'ResearchVaultKit'
        ➜ Explicit dependency on target 'ThrottleVaultContract-product' in project 'ThrottleVaultContract'
    Target 'ResearchVaultModel' in project 'ResearchVaultKit'
        ➜ Explicit dependency on target 'ThrottleVaultContract-product' in project 'ThrottleVaultContract'
    Target 'ThrottleVaultContract-product' in project 'ThrottleVaultContract'
        ➜ Explicit dependency on target 'ThrottleVaultContract' in project 'ThrottleVaultContract'
    Target 'ThrottleVaultContract' in project 'ThrottleVaultContract' (no dependencies)
    Target 'ThrottleWidget' in project 'Throttle' (no dependencies)

GatherProvisioningInputs

CreateBuildDescription

ClangStatCache /Applications/Xcode.app/Contents/Developer/Toolchains/XcodeDefault.xctoolchain/usr/bin/clang-stat-cache /Applications/Xcode.app/Contents/Developer/Platforms/MacOSX.platform/Developer/SDKs/MacOSX27.0.sdk /Volumes/DeveloperStorage/BuildScratch/throttle-convergence-20260920/DerivedData/SDKStatCaches.noindex/macosx27.0-26A425-e829b21a6f8c9b70876ba0858053c0447231f6df4def33e022ae2eb8f782df1a.sdkstatcache
    cd /Users/kevinnadjarian/GitHub/Throttle/build/convergence-recovery-20260920/Throttle.xcodeproj
    /Applications/Xcode.app/Contents/Developer/Toolchains/XcodeDefault.xctoolchain/usr/bin/clang-stat-cache /Applications/Xcode.app/Contents/Developer/Platforms/MacOSX.platform/Developer/SDKs/MacOSX27.0.sdk -o /Volumes/DeveloperStorage/BuildScratch/throttle-convergence-20260920/DerivedData/SDKStatCaches.noindex/macosx27.0-26A425-e829b21a6f8c9b70876ba0858053c0447231f6df4def33e022ae2eb8f782df1a.sdkstatcache

ProcessInfoPlistFile /Volumes/DeveloperStorage/BuildScratch/throttle-convergence-20260920/DerivedData/Build/Products/Debug/swift-transformers_Hub.bundle/Contents/Info.plist /Volumes/DeveloperStorage/BuildScratch/throttle-convergence-20260920/DerivedData/Build/Intermediates.noindex/swift-transformers.build/Debug/swift-transformers_Hub-b.build/empty-swift-transformers_Hub.plist (in target 'swift-transformers_Hub' from project 'swift-transformers')
    cd /Volumes/DeveloperStorage/BuildScratch/throttle-convergence-20260920/SourcePackages/checkouts/swift-transformers
    builtin-infoPlistUtility /Volumes/DeveloperStorage/BuildScratch/throttle-convergence-20260920/DerivedData/Build/Intermediates.noindex/swift-transformers.build/Debug/swift-transformers_Hub-b.build/empty-swift-transformers_Hub.plist -producttype com.apple.product-type.bundle -expandbuildsettings -platform macosx -o /Volumes/DeveloperStorage/BuildScratch/throttle-convergence-20260920/DerivedData/Build/Products/Debug/swift-transformers_Hub.bundle/Contents/Info.plist

Ld /Volumes/DeveloperStorage/BuildScratch/throttle-convergence-20260920/DerivedData/Build/Products/Debug/_NumericsShims.o normal (in target '_NumericsShims' from project 'swift-numerics')
    cd /Volumes/DeveloperStorage/BuildScratch/throttle-convergence-20260920/SourcePackages/checkouts/swift-numerics
    /Applications/Xcode.app/Contents/Developer/Toolchains/XcodeDefault.xctoolchain/usr/bin/clang -Xlinker -reproducible -target arm64-apple-macos12.0 -r -isysroot /Applications/Xcode.app/Contents/Developer/Platforms/MacOSX.platform/Developer/SDKs/MacOSX27.0.sdk -O0 -w -Xlinker -no_warn_duplicate_libraries -F/Volumes/DeveloperStorage/BuildScratch/throttle-convergence-20260920/DerivedData/Build/Intermediates.noindex/EagerLinkingTBDs/Debug -F/Volumes/DeveloperStorage/BuildScratch/throttle-convergence-20260920/DerivedData/Build/Products/Debug -iframework /Applications/Xcode.app/Contents/Developer/Platforms/MacOSX.platform/Developer/Library/Frameworks -filelist /Volumes/DeveloperStorage/BuildScratch/throttle-convergence-20260920/DerivedData/Build/Intermediates.noindex/swift-numerics.build/Debug/_NumericsShims-t.build/Objects-normal/arm64/_NumericsShims.LinkFileList -nostdlib -Xlinker -object_path_lto -Xlinker /Volumes/DeveloperStorage/BuildScratch/throttle-convergence-20260920/DerivedData/Build/Intermediates.noindex/swift-numerics.build/Debug/_NumericsShims-t.build/Objects-normal/arm64/_NumericsShims_lto.o -Xlinker -no_deduplicate -Xlinker -debug_variant -Xlinker -dependency_info -Xlinker /Volumes/DeveloperStorage/BuildScratch/throttle-convergence-20260920/DerivedData/Build/Intermediates.noindex/swift-numerics.build/Debug/_NumericsShims-t.build/Objects-normal/arm64/_NumericsShims_dependency_info.dat -o /Volumes/DeveloperStorage/BuildScratch/throttle-convergence-20260920/DerivedData/Build/Products/Debug/_NumericsShims.o

Ld /Volumes/DeveloperStorage/BuildScratch/throttle-convergence-20260920/DerivedData/Build/Products/Debug/yyjson.o normal (in target 'yyjson' from project 'yyjson')
    cd /Volumes/DeveloperStorage/BuildScratch/throttle-convergence-20260920/SourcePackages/checkouts/yyjson
    /Applications/Xcode.app/Contents/Developer/Toolchains/XcodeDefault.xctoolchain/usr/bin/clang -Xlinker -reproducible -target arm64-apple-macos12.0 -r -isysroot /Applications/Xcode.app/Contents/Developer/Platforms/MacOSX.platform/Developer/SDKs/MacOSX27.0.sdk -O0 -w -Xlinker -no_warn_duplicate_libraries -F/Volumes/DeveloperStorage/BuildScratch/throttle-convergence-20260920/DerivedData/Build/Intermediates.noindex/EagerLinkingTBDs/Debug -F/Volumes/DeveloperStorage/BuildScratch/throttle-convergence-20260920/DerivedData/Build/Products/Debug -iframework /Applications/Xcode.app/Contents/Developer/Platforms/MacOSX.platform/Developer/Library/Frameworks -filelist /Volumes/DeveloperStorage/BuildScratch/throttle-convergence-20260920/DerivedData/Build/Intermediates.noindex/yyjson.build/Debug/yyjson-t.build/Objects-normal/arm64/yyjson.LinkFileList -nostdlib -Xlinker -object_path_lto -Xlinker /Volumes/DeveloperStorage/BuildScratch/throttle-convergence-20260920/DerivedData/Build/Intermediates.noindex/yyjson.build/Debug/yyjson-t.build/Objects-normal/arm64/yyjson_lto.o -Xlinker -no_deduplicate -Xlinker -debug_variant -Xlinker -dependency_info -Xlinker /Volumes/DeveloperStorage/BuildScratch/throttle-convergence-20260920/DerivedData/Build/Intermediates.noindex/yyjson.build/Debug/yyjson-t.build/Objects-normal/arm64/yyjson_dependency_info.dat -o /Volumes/DeveloperStorage/BuildScratch/throttle-convergence-20260920/DerivedData/Build/Products/Debug/yyjson.o

Ld /Volumes/DeveloperStorage/BuildScratch/throttle-convergence-20260920/DerivedData/Build/Products/Debug/_SwiftSyntaxCShims.o normal (in target '_SwiftSyntaxCShims' from project 'swift-syntax')
    cd /Volumes/DeveloperStorage/BuildScratch/throttle-convergence-20260920/SourcePackages/checkouts/swift-syntax
    /Applications/Xcode.app/Contents/Developer/Toolchains/XcodeDefault.xctoolchain/usr/bin/clang -Xlinker -reproducible -target arm64-apple-macos12.0 -r -isysroot /Applications/Xcode.app/Contents/Developer/Platforms/MacOSX.platform/Developer/SDKs/MacOSX27.0.sdk -O0 -w -Xlinker -no_warn_duplicate_libraries -F/Volumes/DeveloperStorage/BuildScratch/throttle-convergence-20260920/DerivedData/Build/Intermediates.noindex/EagerLinkingTBDs/Debug -F/Volumes/DeveloperStorage/BuildScratch/throttle-convergence-20260920/DerivedData/Build/Products/Debug -iframework /Applications/Xcode.app/Contents/Developer/Platforms/MacOSX.platform/Developer/Library/Frameworks -filelist /Volumes/DeveloperStorage/BuildScratch/throttle-convergence-20260920/DerivedData/Build/Intermediates.noindex/swift-syntax.build/Debug/_SwiftSyntaxCShims-t.build/Objects-normal/arm64/_SwiftSyntaxCShims.LinkFileList -nostdlib -Xlinker -object_path_lto -Xlinker /Volumes/DeveloperStorage/BuildScratch/throttle-convergence-20260920/DerivedData/Build/Intermediates.noindex/swift-syntax.build/Debug/_SwiftSyntaxCShims-t.build/Objects-normal/arm64/_SwiftSyntaxCShims_lto.o -Xlinker -no_deduplicate -Xlinker -debug_variant -Xlinker -dependency_info -Xlinker /Volumes/DeveloperStorage/BuildScratch/throttle-convergence-20260920/DerivedData/Build/Intermediates.noindex/swift-syntax.build/Debug/_SwiftSyntaxCShims-t.build/Objects-normal/arm64/_SwiftSyntaxCShims_dependency_info.dat -o /Volumes/DeveloperStorage/BuildScratch/throttle-convergence-20260920/DerivedData/Build/Products/Debug/_SwiftSyntaxCShims.o

Ld /Volumes/DeveloperStorage/BuildScratch/throttle-convergence-20260920/DerivedData/Build/Products/Debug/_NIODataStructures.o normal (in target '_NIODataStructures' from project 'swift-nio')
    cd /Volumes/DeveloperStorage/BuildScratch/throttle-convergence-20260920/SourcePackages/checkouts/swift-nio
    /Applications/Xcode.app/Contents/Developer/Toolchains/XcodeDefault.xctoolchain/usr/bin/clang -Xlinker -reproducible -target arm64-apple-macos12.0 -r -isysroot /Applications/Xcode.app/Contents/Developer/Platforms/MacOSX.platform/Developer/SDKs/MacOSX27.0.sdk -O0 -w -Xlinker -no_warn_duplicate_libraries -F/Volumes/DeveloperStorage/BuildScratch/throttle-convergence-20260920/DerivedData/Build/Intermediates.noindex/EagerLinkingTBDs/Debug -F/Volumes/DeveloperStorage/BuildScratch/throttle-convergence-20260920/DerivedData/Build/Products/Debug -iframework /Applications/Xcode.app/Contents/Developer/Platforms/MacOSX.platform/Developer/Library/Frameworks -filelist /Volumes/DeveloperStorage/BuildScratch/throttle-convergence-20260920/DerivedData/Build/Intermediates.noindex/swift-nio.build/Debug/_NIODataStructures-t.build/Objects-normal/arm64/_NIODataStructures.LinkFileList -nostdlib -Xlinker -object_path_lto -Xlinker /Volumes/DeveloperStorage/BuildScratch/throttle-convergence-20260920/DerivedData/Build/Intermediates.noindex/swift-nio.build/Debug/_NIODataStructures-t.build/Objects-normal/arm64/_NIODataStructures_lto.o -Xlinker -no_deduplicate -Xlinker -debug_variant -Xlinker -dependency_info -Xlinker /Volumes/DeveloperStorage/BuildScratch/throttle-convergence-20260920/DerivedData/Build/Intermediates.noindex/swift-nio.build/Debug/_NIODataStructures-t.build/Objects-normal/arm64/_NIODataStructures_dependency_info.dat -fobjc-link-runtime -L/Applications/Xcode.app/Contents/Developer/Toolchains/XcodeDefault.xctoolchain/usr/lib/swift/macosx -L/usr/lib/swift -Xlinker -add_ast_path -Xlinker /Volumes/DeveloperStorage/BuildScratch/throttle-convergence-20260920/DerivedData/Build/Intermediates.noindex/swift-nio.build/Debug/_NIODataStructures-t.build/Objects-normal/arm64/_NIODataStructures.swiftmodule -o /Volumes/DeveloperStorage/BuildScratch/throttle-convergence-20260920/DerivedData/Build/Products/Debug/_NIODataStructures.o

Ld /Volumes/DeveloperStorage/BuildScratch/throttle-convergence-20260920/DerivedData/Build/Products/Debug/_NIOBase64.o normal (in target '_NIOBase64' from project 'swift-nio')
    cd /Volumes/DeveloperStorage/BuildScratch/throttle-convergence-20260920/SourcePackages/checkouts/swift-nio
    /Applications/Xcode.app/Contents/Developer/Toolchains/XcodeDefault.xctoolchain/usr/bin/clang -Xlinker -reproducible -target arm64-apple-macos12.0 -r -isysroot /Applications/Xcode.app/Contents/Developer/Platforms/MacOSX.platform/Developer/SDKs/MacOSX27.0.sdk -O0 -w -Xlinker -no_warn_duplicate_libraries -F/Volumes/DeveloperStorage/BuildScratch/throttle-convergence-20260920/DerivedData/Build/Intermediates.noindex/EagerLinkingTBDs/Debug -F/Volumes/DeveloperStorage/BuildScratch/throttle-convergence-20260920/DerivedData/Build/Products/Debug -iframework /Applications/Xcode.app/Contents/Developer/Platforms/MacOSX.platform/Developer/Library/Frameworks -filelist /Volumes/DeveloperStorage/BuildScratch/throttle-convergence-20260920/DerivedData/Build/Intermediates.noindex/swift-nio.build/Debug/_NIOBase64-t.build/Objects-normal/arm64/_NIOBase64.LinkFileList -nostdlib -Xlinker -object_path_lto -Xlinker /Volumes/DeveloperStorage/BuildScratch/throttle-convergence-20260920/DerivedData/Build/Intermediates.noindex/swift-nio.build/Debug/_NIOBase64-t.build/Objects-normal/arm64/_NIOBase64_lto.o -Xlinker -no_deduplicate -Xlinker -debug_variant -Xlinker -dependency_info -Xlinker /Volumes/DeveloperStorage/BuildScratch/throttle-convergence-20260920/DerivedData/Build/Intermediates.noindex/swift-nio.build/Debug/_NIOBase64-t.build/Objects-normal/arm64/_NIOBase64_dependency_info.dat -fobjc-link-runtime -L/Applications/Xcode.app/Contents/Developer/Toolchains/XcodeDefault.xctoolchain/usr/lib/swift/macosx -L/usr/lib/swift -Xlinker -add_ast_path -Xlinker /Volumes/DeveloperStorage/BuildScratch/throttle-convergence-20260920/DerivedData/Build/Intermediates.noindex/swift-nio.build/Debug/_NIOBase64-t.build/Objects-normal/arm64/_NIOBase64.swiftmodule -o /Volumes/DeveloperStorage/BuildScratch/throttle-convergence-20260920/DerivedData/Build/Products/Debug/_NIOBase64.o

Ld /Volumes/DeveloperStorage/BuildScratch/throttle-convergence-20260920/DerivedData/Build/Products/Debug/_AtomicsShims.o normal (in target '_AtomicsShims' from project 'swift-atomics')
    cd /Volumes/DeveloperStorage/BuildScratch/throttle-convergence-20260920/SourcePackages/checkouts/swift-atomics
    /Applications/Xcode.app/Contents/Developer/Toolchains/XcodeDefault.xctoolchain/usr/bin/clang -Xlinker -reproducible -target arm64-apple-macos12.0 -r -isysroot /Applications/Xcode.app/Contents/Developer/Platforms/MacOSX.platform/Developer/SDKs/MacOSX27.0.sdk -O0 -w -Xlinker -no_warn_duplicate_libraries -F/Volumes/DeveloperStorage/BuildScratch/throttle-convergence-20260920/DerivedData/Build/Intermediates.noindex/EagerLinkingTBDs/Debug -F/Volumes/DeveloperStorage/BuildScratch/throttle-convergence-20260920/DerivedData/Build/Products/Debug -iframework /Applications/Xcode.app/Contents/Developer/Platforms/MacOSX.platform/Developer/Library/Frameworks -filelist /Volumes/DeveloperStorage/BuildScratch/throttle-convergence-20260920/DerivedData/Build/Intermediates.noindex/swift-atomics.build/Debug/_AtomicsShims-t.build/Objects-normal/arm64/_AtomicsShims.LinkFileList -nostdlib -Xlinker -object_path_lto -Xlinker /Volumes/DeveloperStorage/BuildScratch/throttle-convergence-20260920/DerivedData/Build/Intermediates.noindex/swift-atomics.build/Debug/_AtomicsShims-t.build/Objects-normal/arm64/_AtomicsShims_lto.o -Xlinker -no_deduplicate -Xlinker -debug_variant -Xlinker -dependency_info -Xlinker /Volumes/DeveloperStorage/BuildScratch/throttle-convergence-20260920/DerivedData/Build/Intermediates.noindex/swift-atomics.build/Debug/_AtomicsShims-t.build/Objects-normal/arm64/_AtomicsShims_dependency_info.dat -o /Volumes/DeveloperStorage/BuildScratch/throttle-convergence-20260920/DerivedData/Build/Products/Debug/_AtomicsShims.o

Ld /Volumes/DeveloperStorage/BuildScratch/throttle-convergence-20260920/DerivedData/Build/Products/Debug/ThrottleWidget.appex/Contents/MacOS/ThrottleWidget.debug.dylib normal (in target 'ThrottleWidget' from project 'Throttle')
    cd /Users/kevinnadjarian/GitHub/Throttle/build/convergence-recovery-20260920
    /Applications/Xcode.app/Contents/Developer/Toolchains/XcodeDefault.xctoolchain/usr/bin/clang -Xlinker -reproducible -target arm64-apple-macos14.0 -dynamiclib -isysroot /Applications/Xcode.app/Contents/Developer/Platforms/MacOSX.platform/Developer/SDKs/MacOSX27.0.sdk -O0 -Xlinker -no_warn_duplicate_libraries -L/Volumes/DeveloperStorage/BuildScratch/throttle-convergence-20260920/DerivedData/Build/Intermediates.noindex/EagerLinkingTBDs/Debug -L/Volumes/DeveloperStorage/BuildScratch/throttle-convergence-20260920/DerivedData/Build/Products/Debug -F/Volumes/DeveloperStorage/BuildScratch/throttle-convergence-20260920/DerivedData/Build/Intermediates.noindex/EagerLinkingTBDs/Debug -F/Volumes/DeveloperStorage/BuildScratch/throttle-convergence-20260920/DerivedData/Build/Products/Debug -filelist /Volumes/DeveloperStorage/BuildScratch/throttle-convergence-20260920/DerivedData/Build/Intermediates.noindex/Throttle.build/Debug/ThrottleWidget.build/Objects-normal/arm64/ThrottleWidget.LinkFileList -install_name @rpath/ThrottleWidget.debug.dylib -Xlinker -rpath -Xlinker /usr/lib/swift -Xlinker -rpath -Xlinker @executable_path/../Frameworks -Xlinker -rpath -Xlinker @executable_path/../../../../Frameworks -Xlinker -object_path_lto -Xlinker /Volumes/DeveloperStorage/BuildScratch/throttle-convergence-20260920/DerivedData/Build/Intermediates.noindex/Throttle.build/Debug/ThrottleWidget.build/Objects-normal/arm64/ThrottleWidget_lto.o -rdynamic -Xlinker -no_deduplicate -Xlinker -debug_variant -Xlinker -dependency_info -Xlinker /Volumes/DeveloperStorage/BuildScratch/throttle-convergence-20260920/DerivedData/Build/Intermediates.noindex/Throttle.build/Debug/ThrottleWidget.build/Objects-normal/arm64/ThrottleWidget_dependency_info.dat -fapplication-extension -fobjc-link-runtime -fprofile-instr-generate -L/Applications/Xcode.app/Contents/Developer/Toolchains/XcodeDefault.xctoolchain/usr/lib/swift/macosx -L/usr/lib/swift -Xlinker -add_ast_path -Xlinker /Volumes/DeveloperStorage/BuildScratch/throttle-convergence-20260920/DerivedData/Build/Intermediates.noindex/Throttle.build/Debug/ThrottleWidget.build/Objects-normal/arm64/ThrottleWidget.swiftmodule -Xlinker -alias -Xlinker _NSExtensionMain -Xlinker ___debug_main_executable_dylib_entry_point -o /Volumes/DeveloperStorage/BuildScratch/throttle-convergence-20260920/DerivedData/Build/Products/Debug/ThrottleWidget.appex/Contents/MacOS/ThrottleWidget.debug.dylib

Ld /Volumes/DeveloperStorage/BuildScratch/throttle-convergence-20260920/DerivedData/Build/Products/Debug/ThrottleVaultContract.o normal (in target 'ThrottleVaultContract' from project 'ThrottleVaultContract')
    cd /Users/kevinnadjarian/GitHub/Throttle/build/convergence-recovery-20260920/Packages/ThrottleVaultContract
    /Applications/Xcode.app/Contents/Developer/Toolchains/XcodeDefault.xctoolchain/usr/bin/clang -Xlinker -reproducible -target arm64-apple-macos14.0 -r -isysroot /Applications/Xcode.app/Contents/Developer/Platforms/MacOSX.platform/Developer/SDKs/MacOSX27.0.sdk -O0 -Xlinker -no_warn_duplicate_libraries -F/Volumes/DeveloperStorage/BuildScratch/throttle-convergence-20260920/DerivedData/Build/Intermediates.noindex/EagerLinkingTBDs/Debug -F/Volumes/DeveloperStorage/BuildScratch/throttle-convergence-20260920/DerivedData/Build/Products/Debug -iframework /Applications/Xcode.app/Contents/Developer/Platforms/MacOSX.platform/Developer/Library/Frameworks -filelist /Volumes/DeveloperStorage/BuildScratch/throttle-convergence-20260920/DerivedData/Build/Intermediates.noindex/ThrottleVaultContract.build/Debug/ThrottleVaultContract-t.build/Objects-normal/arm64/ThrottleVaultContract.LinkFileList -nostdlib -Xlinker -object_path_lto -Xlinker /Volumes/DeveloperStorage/BuildScratch/throttle-convergence-20260920/DerivedData/Build/Intermediates.noindex/ThrottleVaultContract.build/Debug/ThrottleVaultContract-t.build/Objects-normal/arm64/ThrottleVaultContract_lto.o -Xlinker -no_deduplicate -Xlinker -debug_variant -Xlinker -dependency_info -Xlinker /Volumes/DeveloperStorage/BuildScratch/throttle-convergence-20260920/DerivedData/Build/Intermediates.noindex/ThrottleVaultContract.build/Debug/ThrottleVaultContract-t.build/Objects-normal/arm64/ThrottleVaultContract_dependency_info.dat -fobjc-link-runtime -L/Applications/Xcode.app/Contents/Developer/Toolchains/XcodeDefault.xctoolchain/usr/lib/swift/macosx -L/usr/lib/swift -Xlinker -add_ast_path -Xlinker /Volumes/DeveloperStorage/BuildScratch/throttle-convergence-20260920/DerivedData/Build/Intermediates.noindex/ThrottleVaultContract.build/Debug/ThrottleVaultContract-t.build/Objects-normal/arm64/ThrottleVaultContract.swiftmodule -o /Volumes/DeveloperStorage/BuildScratch/throttle-convergence-20260920/DerivedData/Build/Products/Debug/ThrottleVaultContract.o

Ld /Volumes/DeveloperStorage/BuildScratch/throttle-convergence-20260920/DerivedData/Build/Products/Debug/ThrottlePeerProtocol.o normal (in target 'ThrottlePeerProtocol' from project 'ThrottlePeerProtocol')
    cd /Users/kevinnadjarian/GitHub/Throttle/build/convergence-recovery-20260920/Packages/ThrottlePeerProtocol
    /Applications/Xcode.app/Contents/Developer/Toolchains/XcodeDefault.xctoolchain/usr/bin/clang -Xlinker -reproducible -target arm64-apple-macos14.0 -r -isysroot /Applications/Xcode.app/Contents/Developer/Platforms/MacOSX.platform/Developer/SDKs/MacOSX27.0.sdk -O0 -Xlinker -no_warn_duplicate_libraries -F/Volumes/DeveloperStorage/BuildScratch/throttle-convergence-20260920/DerivedData/Build/Intermediates.noindex/EagerLinkingTBDs/Debug -F/Volumes/DeveloperStorage/BuildScratch/throttle-convergence-20260920/DerivedData/Build/Products/Debug -iframework /Applications/Xcode.app/Contents/Developer/Platforms/MacOSX.platform/Developer/Library/Frameworks -filelist /Volumes/DeveloperStorage/BuildScratch/throttle-convergence-20260920/DerivedData/Build/Intermediates.noindex/ThrottlePeerProtocol.build/Debug/ThrottlePeerProtocol-t.build/Objects-normal/arm64/ThrottlePeerProtocol.LinkFileList -nostdlib -Xlinker -object_path_lto -Xlinker /Volumes/DeveloperStorage/BuildScratch/throttle-convergence-20260920/DerivedData/Build/Intermediates.noindex/ThrottlePeerProtocol.build/Debug/ThrottlePeerProtocol-t.build/Objects-normal/arm64/ThrottlePeerProtocol_lto.o -Xlinker -no_deduplicate -Xlinker -debug_variant -Xlinker -dependency_info -Xlinker /Volumes/DeveloperStorage/BuildScratch/throttle-convergence-20260920/DerivedData/Build/Intermediates.noindex/ThrottlePeerProtocol.build/Debug/ThrottlePeerProtocol-t.build/Objects-normal/arm64/ThrottlePeerProtocol_dependency_info.dat -fobjc-link-runtime -L/Applications/Xcode.app/Contents/Developer/Toolchains/XcodeDefault.xctoolchain/usr/lib/swift/macosx -L/usr/lib/swift -Xlinker -add_ast_path -Xlinker /Volumes/DeveloperStorage/BuildScratch/throttle-convergence-20260920/DerivedData/Build/Intermediates.noindex/ThrottlePeerProtocol.build/Debug/ThrottlePeerProtocol-t.build/Objects-normal/arm64/ThrottlePeerProtocol.swiftmodule -o /Volumes/DeveloperStorage/BuildScratch/throttle-convergence-20260920/DerivedData/Build/Products/Debug/ThrottlePeerProtocol.o

Ld /Volumes/DeveloperStorage/BuildScratch/throttle-convergence-20260920/DerivedData/Build/Products/Debug/ThrottleMirrorContract.o normal (in target 'ThrottleMirrorContract' from project 'ThrottleMirrorContract')
    cd /Users/kevinnadjarian/GitHub/Throttle/build/convergence-recovery-20260920/Packages/ThrottleMirrorContract
    /Applications/Xcode.app/Contents/Developer/Toolchains/XcodeDefault.xctoolchain/usr/bin/clang -Xlinker -reproducible -target arm64-apple-macos14.0 -r -isysroot /Applications/Xcode.app/Contents/Developer/Platforms/MacOSX.platform/Developer/SDKs/MacOSX27.0.sdk -O0 -Xlinker -no_warn_duplicate_libraries -F/Volumes/DeveloperStorage/BuildScratch/throttle-convergence-20260920/DerivedData/Build/Intermediates.noindex/EagerLinkingTBDs/Debug -F/Volumes/DeveloperStorage/BuildScratch/throttle-convergence-20260920/DerivedData/Build/Products/Debug -iframework /Applications/Xcode.app/Contents/Developer/Platforms/MacOSX.platform/Developer/Library/Frameworks -filelist /Volumes/DeveloperStorage/BuildScratch/throttle-convergence-20260920/DerivedData/Build/Intermediates.noindex/ThrottleMirrorContract.build/Debug/ThrottleMirrorContract-t.build/Objects-normal/arm64/ThrottleMirrorContract.LinkFileList -nostdlib -Xlinker -object_path_lto -Xlinker /Volumes/DeveloperStorage/BuildScratch/throttle-convergence-20260920/DerivedData/Build/Intermediates.noindex/ThrottleMirrorContract.build/Debug/ThrottleMirrorContract-t.build/Objects-normal/arm64/ThrottleMirrorContract_lto.o -Xlinker -no_deduplicate -Xlinker -debug_variant -Xlinker -dependency_info -Xlinker /Volumes/DeveloperStorage/BuildScratch/throttle-convergence-20260920/DerivedData/Build/Intermediates.noindex/ThrottleMirrorContract.build/Debug/ThrottleMirrorContract-t.build/Objects-normal/arm64/ThrottleMirrorContract_dependency_info.dat -fobjc-link-runtime -L/Applications/Xcode.app/Contents/Developer/Toolchains/XcodeDefault.xctoolchain/usr/lib/swift/macosx -L/usr/lib/swift -Xlinker -add_ast_path -Xlinker /Volumes/DeveloperStorage/BuildScratch/throttle-convergence-20260920/DerivedData/Build/Intermediates.noindex/ThrottleMirrorContract.build/Debug/ThrottleMirrorContract-t.build/Objects-normal/arm64/ThrottleMirrorContract.swiftmodule -o /Volumes/DeveloperStorage/BuildScratch/throttle-convergence-20260920/DerivedData/Build/Products/Debug/ThrottleMirrorContract.o

Ld /Volumes/DeveloperStorage/BuildScratch/throttle-convergence-20260920/DerivedData/Build/Products/Debug/ThrottleMCPContracts.o normal (in target 'ThrottleMCPContracts' from project 'ThrottleMCPContracts')
    cd /Users/kevinnadjarian/GitHub/Throttle/build/convergence-recovery-20260920/Packages/ThrottleMCPContracts
    /Applications/Xcode.app/Contents/Developer/Toolchains/XcodeDefault.xctoolchain/usr/bin/clang -Xlinker -reproducible -target arm64-apple-macos14.0 -r -isysroot /Applications/Xcode.app/Contents/Developer/Platforms/MacOSX.platform/Developer/SDKs/MacOSX27.0.sdk -O0 -Xlinker -no_warn_duplicate_libraries -F/Volumes/DeveloperStorage/BuildScratch/throttle-convergence-20260920/DerivedData/Build/Intermediates.noindex/EagerLinkingTBDs/Debug -F/Volumes/DeveloperStorage/BuildScratch/throttle-convergence-20260920/DerivedData/Build/Products/Debug -iframework /Applications/Xcode.app/Contents/Developer/Platforms/MacOSX.platform/Developer/Library/Frameworks -filelist /Volumes/DeveloperStorage/BuildScratch/throttle-convergence-20260920/DerivedData/Build/Intermediates.noindex/ThrottleMCPContracts.build/Debug/ThrottleMCPContracts-t.build/Objects-normal/arm64/ThrottleMCPContracts.LinkFileList -nostdlib -Xlinker -object_path_lto -Xlinker /Volumes/DeveloperStorage/BuildScratch/throttle-convergence-20260920/DerivedData/Build/Intermediates.noindex/ThrottleMCPContracts.build/Debug/ThrottleMCPContracts-t.build/Objects-normal/arm64/ThrottleMCPContracts_lto.o -Xlinker -no_deduplicate -Xlinker -debug_variant -Xlinker -dependency_info -Xlinker /Volumes/DeveloperStorage/BuildScratch/throttle-convergence-20260920/DerivedData/Build/Intermediates.noindex/ThrottleMCPContracts.build/Debug/ThrottleMCPContracts-t.build/Objects-normal/arm64/ThrottleMCPContracts_dependency_info.dat -fobjc-link-runtime -L/Applications/Xcode.app/Contents/Developer/Toolchains/XcodeDefault.xctoolchain/usr/lib/swift/macosx -L/usr/lib/swift -Xlinker -add_ast_path -Xlinker /Volumes/DeveloperStorage/BuildScratch/throttle-convergence-20260920/DerivedData/Build/Intermediates.noindex/ThrottleMCPContracts.build/Debug/ThrottleMCPContracts-t.build/Objects-normal/arm64/ThrottleMCPContracts.swiftmodule -o /Volumes/DeveloperStorage/BuildScratch/throttle-convergence-20260920/DerivedData/Build/Products/Debug/ThrottleMCPContracts.o

Ld /Volumes/DeveloperStorage/BuildScratch/throttle-convergence-20260920/DerivedData/Build/Products/Debug/SwiftSyntax600.o normal (in target 'SwiftSyntax600' from project 'swift-syntax')
    cd /Volumes/DeveloperStorage/BuildScratch/throttle-convergence-20260920/SourcePackages/checkouts/swift-syntax
    /Applications/Xcode.app/Contents/Developer/Toolchains/XcodeDefault.xctoolchain/usr/bin/clang -Xlinker -reproducible -target arm64-apple-macos12.0 -r -isysroot /Applications/Xcode.app/Contents/Developer/Platforms/MacOSX.platform/Developer/SDKs/MacOSX27.0.sdk -O0 -w -Xlinker -no_warn_duplicate_libraries -F/Volumes/DeveloperStorage/BuildScratch/throttle-convergence-20260920/DerivedData/Build/Intermediates.noindex/EagerLinkingTBDs/Debug -F/Volumes/DeveloperStorage/BuildScratch/throttle-convergence-20260920/DerivedData/Build/Products/Debug -iframework /Applications/Xcode.app/Contents/Developer/Platforms/MacOSX.platform/Developer/Library/Frameworks -filelist /Volumes/DeveloperStorage/BuildScratch/throttle-convergence-20260920/DerivedData/Build/Intermediates.noindex/swift-syntax.build/Debug/SwiftSyntax600-t.build/Objects-normal/arm64/SwiftSyntax600.LinkFileList -nostdlib -Xlinker -object_path_lto -Xlinker /Volumes/DeveloperStorage/BuildScratch/throttle-convergence-20260920/DerivedData/Build/Intermediates.noindex/swift-syntax.build/Debug/SwiftSyntax600-t.build/Objects-normal/arm64/SwiftSyntax600_lto.o -Xlinker -no_deduplicate -Xlinker -debug_variant -Xlinker -dependency_info -Xlinker /Volumes/DeveloperStorage/BuildScratch/throttle-convergence-20260920/DerivedData/Build/Intermediates.noindex/swift-syntax.build/Debug/SwiftSyntax600-t.build/Objects-normal/arm64/SwiftSyntax600_dependency_info.dat -fobjc-link-runtime -L/Applications/Xcode.app/Contents/Developer/Toolchains/XcodeDefault.xctoolchain/usr/lib/swift/macosx -L/usr/lib/swift -Xlinker -add_ast_path -Xlinker /Volumes/DeveloperStorage/BuildScratch/throttle-convergence-20260920/DerivedData/Build/Intermediates.noindex/swift-syntax.build/Debug/SwiftSyntax600-t.build/Objects-normal/arm64/SwiftSyntax600.swiftmodule -o /Volumes/DeveloperStorage/BuildScratch/throttle-convergence-20260920/DerivedData/Build/Products/Debug/SwiftSyntax600.o

Ld /Volumes/DeveloperStorage/BuildScratch/throttle-convergence-20260920/DerivedData/Build/Products/Debug/SwiftSyntax510.o normal (in target 'SwiftSyntax510' from project 'swift-syntax')
    cd /Volumes/DeveloperStorage/BuildScratch/throttle-convergence-20260920/SourcePackages/checkouts/swift-syntax
    /Applications/Xcode.app/Contents/Developer/Toolchains/XcodeDefault.xctoolchain/usr/bin/clang -Xlinker -reproducible -target arm64-apple-macos12.0 -r -isysroot /Applications/Xcode.app/Contents/Developer/Platforms/MacOSX.platform/Developer/SDKs/MacOSX27.0.sdk -O0 -w -Xlinker -no_warn_duplicate_libraries -F/Volumes/DeveloperStorage/BuildScratch/throttle-convergence-20260920/DerivedData/Build/Intermediates.noindex/EagerLinkingTBDs/Debug -F/Volumes/DeveloperStorage/BuildScratch/throttle-convergence-20260920/DerivedData/Build/Products/Debug -iframework /Applications/Xcode.app/Contents/Developer/Platforms/MacOSX.platform/Developer/Library/Frameworks -filelist /Volumes/DeveloperStorage/BuildScratch/throttle-convergence-20260920/DerivedData/Build/Intermediates.noindex/swift-syntax.build/Debug/SwiftSyntax510-t.build/Objects-normal/arm64/SwiftSyntax510.LinkFileList -nostdlib -Xlinker -object_path_lto -Xlinker /Volumes/DeveloperStorage/BuildScratch/throttle-convergence-20260920/DerivedData/Build/Intermediates.noindex/swift-syntax.build/Debug/SwiftSyntax510-t.build/Objects-normal/arm64/SwiftSyntax510_lto.o -Xlinker -no_deduplicate -Xlinker -debug_variant -Xlinker -dependency_info -Xlinker /Volumes/DeveloperStorage/BuildScratch/throttle-convergence-20260920/DerivedData/Build/Intermediates.noindex/swift-syntax.build/Debug/SwiftSyntax510-t.build/Objects-normal/arm64/SwiftSyntax510_dependency_info.dat -fobjc-link-runtime -L/Applications/Xcode.app/Contents/Developer/Toolchains/XcodeDefault.xctoolchain/usr/lib/swift/macosx -L/usr/lib/swift -Xlinker -add_ast_path -Xlinker /Volumes/DeveloperStorage/BuildScratch/throttle-convergence-20260920/DerivedData/Build/Intermediates.noindex/swift-syntax.build/Debug/SwiftSyntax510-t.build/Objects-normal/arm64/SwiftSyntax510.swiftmodule -o /Volumes/DeveloperStorage/BuildScratch/throttle-convergence-20260920/DerivedData/Build/Products/Debug/SwiftSyntax510.o

Ld /Volumes/DeveloperStorage/BuildScratch/throttle-convergence-20260920/DerivedData/Build/Products/Debug/SwiftSyntax509.o normal (in target 'SwiftSyntax509' from project 'swift-syntax')
    cd /Volumes/DeveloperStorage/BuildScratch/throttle-convergence-20260920/SourcePackages/checkouts/swift-syntax
    /Applications/Xcode.app/Contents/Developer/Toolchains/XcodeDefault.xctoolchain/usr/bin/clang -Xlinker -reproducible -target arm64-apple-macos12.0 -r -isysroot /Applications/Xcode.app/Contents/Developer/Platforms/MacOSX.platform/Developer/SDKs/MacOSX27.0.sdk -O0 -w -Xlinker -no_warn_duplicate_libraries -F/Volumes/DeveloperStorage/BuildScratch/throttle-convergence-20260920/DerivedData/Build/Intermediates.noindex/EagerLinkingTBDs/Debug -F/Volumes/DeveloperStorage/BuildScratch/throttle-convergence-20260920/DerivedData/Build/Products/Debug -iframework /Applications/Xcode.app/Contents/Developer/Platforms/MacOSX.platform/Developer/Library/Frameworks -filelist /Volumes/DeveloperStorage/BuildScratch/throttle-convergence-20260920/DerivedData/Build/Intermediates.noindex/swift-syntax.build/Debug/SwiftSyntax509-t.build/Objects-normal/arm64/SwiftSyntax509.LinkFileList -nostdlib -Xlinker -object_path_lto -Xlinker /Volumes/DeveloperStorage/BuildScratch/throttle-convergence-20260920/DerivedData/Build/Intermediates.noindex/swift-syntax.build/Debug/SwiftSyntax509-t.build/Objects-normal/arm64/SwiftSyntax509_lto.o -Xlinker -no_deduplicate -Xlinker -debug_variant -Xlinker -dependency_info -Xlinker /Volumes/DeveloperStorage/BuildScratch/throttle-convergence-20260920/DerivedData/Build/Intermediates.noindex/swift-syntax.build/Debug/SwiftSyntax509-t.build/Objects-normal/arm64/SwiftSyntax509_dependency_info.dat -fobjc-link-runtime -L/Applications/Xcode.app/Contents/Developer/Toolchains/XcodeDefault.xctoolchain/usr/lib/swift/macosx -L/usr/lib/swift -Xlinker -add_ast_path -Xlinker /Volumes/DeveloperStorage/BuildScratch/throttle-convergence-20260920/DerivedData/Build/Intermediates.noindex/swift-syntax.build/Debug/SwiftSyntax509-t.build/Objects-normal/arm64/SwiftSyntax509.swiftmodule -o /Volumes/DeveloperStorage/BuildScratch/throttle-convergence-20260920/DerivedData/Build/Products/Debug/SwiftSyntax509.o

Ld /Volumes/DeveloperStorage/BuildScratch/throttle-convergence-20260920/DerivedData/Build/Products/Debug/InternalCollectionsUtilities.o normal (in target 'InternalCollectionsUtilities' from project 'swift-collections')
    cd /Volumes/DeveloperStorage/BuildScratch/throttle-convergence-20260920/SourcePackages/checkouts/swift-collections
    /Applications/Xcode.app/Contents/Developer/Toolchains/XcodeDefault.xctoolchain/usr/bin/clang -Xlinker -reproducible -target arm64-apple-macos12.0 -r -isysroot /Applications/Xcode.app/Contents/Developer/Platforms/MacOSX.platform/Developer/SDKs/MacOSX27.0.sdk -O0 -w -Xlinker -no_warn_duplicate_libraries -F/Volumes/DeveloperStorage/BuildScratch/throttle-convergence-20260920/DerivedData/Build/Intermediates.noindex/EagerLinkingTBDs/Debug -F/Volumes/DeveloperStorage/BuildScratch/throttle-convergence-20260920/DerivedData/Build/Products/Debug -iframework /Applications/Xcode.app/Contents/Developer/Platforms/MacOSX.platform/Developer/Library/Frameworks -filelist /Volumes/DeveloperStorage/BuildScratch/throttle-convergence-20260920/DerivedData/Build/Intermediates.noindex/swift-collections.build/Debug/InternalCollectionsUtilities-t.build/Objects-normal/arm64/InternalCollectionsUtilities.LinkFileList -nostdlib -Xlinker -object_path_lto -Xlinker /Volumes/DeveloperStorage/BuildScratch/throttle-convergence-20260920/DerivedData/Build/Intermediates.noindex/swift-collections.build/Debug/InternalCollectionsUtilities-t.build/Objects-normal/arm64/InternalCollectionsUtilities_lto.o -Xlinker -no_deduplicate -Xlinker -debug_variant -Xlinker -dependency_info -Xlinker /Volumes/DeveloperStorage/BuildScratch/throttle-convergence-20260920/DerivedData/Build/Intermediates.noindex/swift-collections.build/Debug/InternalCollectionsUtilities-t.build/Objects-normal/arm64/InternalCollectionsUtilities_dependency_info.dat -fobjc-link-runtime -L/Applications/Xcode.app/Contents/Developer/Toolchains/XcodeDefault.xctoolchain/usr/lib/swift/macosx -L/usr/lib/swift -Xlinker -add_ast_path -Xlinker /Volumes/DeveloperStorage/BuildScratch/throttle-convergence-20260920/DerivedData/Build/Intermediates.noindex/swift-collections.build/Debug/InternalCollectionsUtilities-t.build/Objects-normal/arm64/InternalCollectionsUtilities.swiftmodule -o /Volumes/DeveloperStorage/BuildScratch/throttle-convergence-20260920/DerivedData/Build/Products/Debug/InternalCollectionsUtilities.o

Ld /Volumes/DeveloperStorage/BuildScratch/throttle-convergence-20260920/DerivedData/Build/Products/Debug/CNIOWindows.o normal (in target 'CNIOWindows' from project 'swift-nio')
    cd /Volumes/DeveloperStorage/BuildScratch/throttle-convergence-20260920/SourcePackages/checkouts/swift-nio
    /Applications/Xcode.app/Contents/Developer/Toolchains/XcodeDefault.xctoolchain/usr/bin/clang -Xlinker -reproducible -target arm64-apple-macos12.0 -r -isysroot /Applications/Xcode.app/Contents/Developer/Platforms/MacOSX.platform/Developer/SDKs/MacOSX27.0.sdk -O0 -w -Xlinker -no_warn_duplicate_libraries -F/Volumes/DeveloperStorage/BuildScratch/throttle-convergence-20260920/DerivedData/Build/Intermediates.noindex/EagerLinkingTBDs/Debug -F/Volumes/DeveloperStorage/BuildScratch/throttle-convergence-20260920/DerivedData/Build/Products/Debug -iframework /Applications/Xcode.app/Contents/Developer/Platforms/MacOSX.platform/Developer/Library/Frameworks -filelist /Volumes/DeveloperStorage/BuildScratch/throttle-convergence-20260920/DerivedData/Build/Intermediates.noindex/swift-nio.build/Debug/CNIOWindows-t.build/Objects-normal/arm64/CNIOWindows.LinkFileList -nostdlib -Xlinker -object_path_lto -Xlinker /Volumes/DeveloperStorage/BuildScratch/throttle-convergence-20260920/DerivedData/Build/Intermediates.noindex/swift-nio.build/Debug/CNIOWindows-t.build/Objects-normal/arm64/CNIOWindows_lto.o -Xlinker -no_deduplicate -Xlinker -debug_variant -Xlinker -dependency_info -Xlinker /Volumes/DeveloperStorage/BuildScratch/throttle-convergence-20260920/DerivedData/Build/Intermediates.noindex/swift-nio.build/Debug/CNIOWindows-t.build/Objects-normal/arm64/CNIOWindows_dependency_info.dat -o /Volumes/DeveloperStorage/BuildScratch/throttle-convergence-20260920/DerivedData/Build/Products/Debug/CNIOWindows.o

Ld /Volumes/DeveloperStorage/BuildScratch/throttle-convergence-20260920/DerivedData/Build/Products/Debug/CNIOWASI.o normal (in target 'CNIOWASI' from project 'swift-nio')
    cd /Volumes/DeveloperStorage/BuildScratch/throttle-convergence-20260920/SourcePackages/checkouts/swift-nio
    /Applications/Xcode.app/Contents/Developer/Toolchains/XcodeDefault.xctoolchain/usr/bin/clang -Xlinker -reproducible -target arm64-apple-macos12.0 -r -isysroot /Applications/Xcode.app/Contents/Developer/Platforms/MacOSX.platform/Developer/SDKs/MacOSX27.0.sdk -O0 -w -Xlinker -no_warn_duplicate_libraries -F/Volumes/DeveloperStorage/BuildScratch/throttle-convergence-20260920/DerivedData/Build/Intermediates.noindex/EagerLinkingTBDs/Debug -F/Volumes/DeveloperStorage/BuildScratch/throttle-convergence-20260920/DerivedData/Build/Products/Debug -iframework /Applications/Xcode.app/Contents/Developer/Platforms/MacOSX.platform/Developer/Library/Frameworks -filelist /Volumes/DeveloperStorage/BuildScratch/throttle-convergence-20260920/DerivedData/Build/Intermediates.noindex/swift-nio.build/Debug/CNIOWASI-t.build/Objects-normal/arm64/CNIOWASI.LinkFileList -nostdlib -Xlinker -object_path_lto -Xlinker /Volumes/DeveloperStorage/BuildScratch/throttle-convergence-20260920/DerivedData/Build/Intermediates.noindex/swift-nio.build/Debug/CNIOWASI-t.build/Objects-normal/arm64/CNIOWASI_lto.o -Xlinker -no_deduplicate -Xlinker -debug_variant -Xlinker -dependency_info -Xlinker /Volumes/DeveloperStorage/BuildScratch/throttle-convergence-20260920/DerivedData/Build/Intermediates.noindex/swift-nio.build/Debug/CNIOWASI-t.build/Objects-normal/arm64/CNIOWASI_dependency_info.dat -o /Volumes/DeveloperStorage/BuildScratch/throttle-convergence-20260920/DerivedData/Build/Products/Debug/CNIOWASI.o

Ld /Volumes/DeveloperStorage/BuildScratch/throttle-convergence-20260920/DerivedData/Build/Products/Debug/CNIOOpenBSD.o normal (in target 'CNIOOpenBSD' from project 'swift-nio')
    cd /Volumes/DeveloperStorage/BuildScratch/throttle-convergence-20260920/SourcePackages/checkouts/swift-nio
    /Applications/Xcode.app/Contents/Developer/Toolchains/XcodeDefault.xctoolchain/usr/bin/clang -Xlinker -reproducible -target arm64-apple-macos12.0 -r -isysroot /Applications/Xcode.app/Contents/Developer/Platforms/MacOSX.platform/Developer/SDKs/MacOSX27.0.sdk -O0 -w -Xlinker -no_warn_duplicate_libraries -F/Volumes/DeveloperStorage/BuildScratch/throttle-convergence-20260920/DerivedData/Build/Intermediates.noindex/EagerLinkingTBDs/Debug -F/Volumes/DeveloperStorage/BuildScratch/throttle-convergence-20260920/DerivedData/Build/Products/Debug -iframework /Applications/Xcode.app/Contents/Developer/Platforms/MacOSX.platform/Developer/Library/Frameworks -filelist /Volumes/DeveloperStorage/BuildScratch/throttle-convergence-20260920/DerivedData/Build/Intermediates.noindex/swift-nio.build/Debug/CNIOOpenBSD-t.build/Objects-normal/arm64/CNIOOpenBSD.LinkFileList -nostdlib -Xlinker -object_path_lto -Xlinker /Volumes/DeveloperStorage/BuildScratch/throttle-convergence-20260920/DerivedData/Build/Intermediates.noindex/swift-nio.build/Debug/CNIOOpenBSD-t.build/Objects-normal/arm64/CNIOOpenBSD_lto.o -Xlinker -no_deduplicate -Xlinker -debug_variant -Xlinker -dependency_info -Xlinker /Volumes/DeveloperStorage/BuildScratch/throttle-convergence-20260920/DerivedData/Build/Intermediates.noindex/swift-nio.build/Debug/CNIOOpenBSD-t.build/Objects-normal/arm64/CNIOOpenBSD_dependency_info.dat -o /Volumes/DeveloperStorage/BuildScratch/throttle-convergence-20260920/DerivedData/Build/Products/Debug/CNIOOpenBSD.o

Ld /Volumes/DeveloperStorage/BuildScratch/throttle-convergence-20260920/DerivedData/Build/Products/Debug/CNIOLinux.o normal (in target 'CNIOLinux' from project 'swift-nio')
    cd /Volumes/DeveloperStorage/BuildScratch/throttle-convergence-20260920/SourcePackages/checkouts/swift-nio
    /Applications/Xcode.app/Contents/Developer/Toolchains/XcodeDefault.xctoolchain/usr/bin/clang -Xlinker -reproducible -target arm64-apple-macos12.0 -r -isysroot /Applications/Xcode.app/Contents/Developer/Platforms/MacOSX.platform/Developer/SDKs/MacOSX27.0.sdk -O0 -w -Xlinker -no_warn_duplicate_libraries -F/Volumes/DeveloperStorage/BuildScratch/throttle-convergence-20260920/DerivedData/Build/Intermediates.noindex/EagerLinkingTBDs/Debug -F/Volumes/DeveloperStorage/BuildScratch/throttle-convergence-20260920/DerivedData/Build/Products/Debug -iframework /Applications/Xcode.app/Contents/Developer/Platforms/MacOSX.platform/Developer/Library/Frameworks -filelist /Volumes/DeveloperStorage/BuildScratch/throttle-convergence-20260920/DerivedData/Build/Intermediates.noindex/swift-nio.build/Debug/CNIOLinux-t.build/Objects-normal/arm64/CNIOLinux.LinkFileList -nostdlib -Xlinker -object_path_lto -Xlinker /Volumes/DeveloperStorage/BuildScratch/throttle-convergence-20260920/DerivedData/Build/Intermediates.noindex/swift-nio.build/Debug/CNIOLinux-t.build/Objects-normal/arm64/CNIOLinux_lto.o -Xlinker -no_deduplicate -Xlinker -debug_variant -Xlinker -dependency_info -Xlinker /Volumes/DeveloperStorage/BuildScratch/throttle-convergence-20260920/DerivedData/Build/Intermediates.noindex/swift-nio.build/Debug/CNIOLinux-t.build/Objects-normal/arm64/CNIOLinux_dependency_info.dat -o /Volumes/DeveloperStorage/BuildScratch/throttle-convergence-20260920/DerivedData/Build/Products/Debug/CNIOLinux.o

Ld /Volumes/DeveloperStorage/BuildScratch/throttle-convergence-20260920/DerivedData/Build/Products/Debug/CNIOFreeBSD.o normal (in target 'CNIOFreeBSD' from project 'swift-nio')
    cd /Volumes/DeveloperStorage/BuildScratch/throttle-convergence-20260920/SourcePackages/checkouts/swift-nio
    /Applications/Xcode.app/Contents/Developer/Toolchains/XcodeDefault.xctoolchain/usr/bin/clang -Xlinker -reproducible -target arm64-apple-macos12.0 -r -isysroot /Applications/Xcode.app/Contents/Developer/Platforms/MacOSX.platform/Developer/SDKs/MacOSX27.0.sdk -O0 -w -Xlinker -no_warn_duplicate_libraries -F/Volumes/DeveloperStorage/BuildScratch/throttle-convergence-20260920/DerivedData/Build/Intermediates.noindex/EagerLinkingTBDs/Debug -F/Volumes/DeveloperStorage/BuildScratch/throttle-convergence-20260920/DerivedData/Build/Products/Debug -iframework /Applications/Xcode.app/Contents/Developer/Platforms/MacOSX.platform/Developer/Library/Frameworks -filelist /Volumes/DeveloperStorage/BuildScratch/throttle-convergence-20260920/DerivedData/Build/Intermediates.noindex/swift-nio.build/Debug/CNIOFreeBSD-t.build/Objects-normal/arm64/CNIOFreeBSD.LinkFileList -nostdlib -Xlinker -object_path_lto -Xlinker /Volumes/DeveloperStorage/BuildScratch/throttle-convergence-20260920/DerivedData/Build/Intermediates.noindex/swift-nio.build/Debug/CNIOFreeBSD-t.build/Objects-normal/arm64/CNIOFreeBSD_lto.o -Xlinker -no_deduplicate -Xlinker -debug_variant -Xlinker -dependency_info -Xlinker /Volumes/DeveloperStorage/BuildScratch/throttle-convergence-20260920/DerivedData/Build/Intermediates.noindex/swift-nio.build/Debug/CNIOFreeBSD-t.build/Objects-normal/arm64/CNIOFreeBSD_dependency_info.dat -o /Volumes/DeveloperStorage/BuildScratch/throttle-convergence-20260920/DerivedData/Build/Products/Debug/CNIOFreeBSD.o

Ld /Volumes/DeveloperStorage/BuildScratch/throttle-convergence-20260920/DerivedData/Build/Products/Debug/CNIODarwin.o normal (in target 'CNIODarwin' from project 'swift-nio')
    cd /Volumes/DeveloperStorage/BuildScratch/throttle-convergence-20260920/SourcePackages/checkouts/swift-nio
    /Applications/Xcode.app/Contents/Developer/Toolchains/XcodeDefault.xctoolchain/usr/bin/clang -Xlinker -reproducible -target arm64-apple-macos12.0 -r -isysroot /Applications/Xcode.app/Contents/Developer/Platforms/MacOSX.platform/Developer/SDKs/MacOSX27.0.sdk -O0 -w -Xlinker -no_warn_duplicate_libraries -F/Volumes/DeveloperStorage/BuildScratch/throttle-convergence-20260920/DerivedData/Build/Intermediates.noindex/EagerLinkingTBDs/Debug -F/Volumes/DeveloperStorage/BuildScratch/throttle-convergence-20260920/DerivedData/Build/Products/Debug -iframework /Applications/Xcode.app/Contents/Developer/Platforms/MacOSX.platform/Developer/Library/Frameworks -filelist /Volumes/DeveloperStorage/BuildScratch/throttle-convergence-20260920/DerivedData/Build/Intermediates.noindex/swift-nio.build/Debug/CNIODarwin-t.build/Objects-normal/arm64/CNIODarwin.LinkFileList -nostdlib -Xlinker -object_path_lto -Xlinker /Volumes/DeveloperStorage/BuildScratch/throttle-convergence-20260920/DerivedData/Build/Intermediates.noindex/swift-nio.build/Debug/CNIODarwin-t.build/Objects-normal/arm64/CNIODarwin_lto.o -Xlinker -no_deduplicate -Xlinker -debug_variant -Xlinker -dependency_info -Xlinker /Volumes/DeveloperStorage/BuildScratch/throttle-convergence-20260920/DerivedData/Build/Intermediates.noindex/swift-nio.build/Debug/CNIODarwin-t.build/Objects-normal/arm64/CNIODarwin_dependency_info.dat -o /Volumes/DeveloperStorage/BuildScratch/throttle-convergence-20260920/DerivedData/Build/Products/Debug/CNIODarwin.o

Ld /Volumes/DeveloperStorage/BuildScratch/throttle-convergence-20260920/DerivedData/Build/Products/Debug/CNIOAtomics.o normal (in target 'CNIOAtomics' from project 'swift-nio')
    cd /Volumes/DeveloperStorage/BuildScratch/throttle-convergence-20260920/SourcePackages/checkouts/swift-nio
    /Applications/Xcode.app/Contents/Developer/Toolchains/XcodeDefault.xctoolchain/usr/bin/clang -Xlinker -reproducible -target arm64-apple-macos12.0 -r -isysroot /Applications/Xcode.app/Contents/Developer/Platforms/MacOSX.platform/Developer/SDKs/MacOSX27.0.sdk -O0 -w -Xlinker -no_warn_duplicate_libraries -F/Volumes/DeveloperStorage/BuildScratch/throttle-convergence-20260920/DerivedData/Build/Intermediates.noindex/EagerLinkingTBDs/Debug -F/Volumes/DeveloperStorage/BuildScratch/throttle-convergence-20260920/DerivedData/Build/Products/Debug -iframework /Applications/Xcode.app/Contents/Developer/Platforms/MacOSX.platform/Developer/Library/Frameworks -filelist /Volumes/DeveloperStorage/BuildScratch/throttle-convergence-20260920/DerivedData/Build/Intermediates.noindex/swift-nio.build/Debug/CNIOAtomics-t.build/Objects-normal/arm64/CNIOAtomics.LinkFileList -nostdlib -Xlinker -object_path_lto -Xlinker /Volumes/DeveloperStorage/BuildScratch/throttle-convergence-20260920/DerivedData/Build/Intermediates.noindex/swift-nio.build/Debug/CNIOAtomics-t.build/Objects-normal/arm64/CNIOAtomics_lto.o -Xlinker -no_deduplicate -Xlinker -debug_variant -Xlinker -dependency_info -Xlinker /Volumes/DeveloperStorage/BuildScratch/throttle-convergence-20260920/DerivedData/Build/Intermediates.noindex/swift-nio.build/Debug/CNIOAtomics-t.build/Objects-normal/arm64/CNIOAtomics_dependency_info.dat -o /Volumes/DeveloperStorage/BuildScratch/throttle-convergence-20260920/DerivedData/Build/Products/Debug/CNIOAtomics.o

Ld /Volumes/DeveloperStorage/BuildScratch/throttle-convergence-20260920/DerivedData/Build/Products/Debug/ArgumentParserToolInfo.o normal (in target 'ArgumentParserToolInfo' from project 'swift-argument-parser')
    cd /Volumes/DeveloperStorage/BuildScratch/throttle-convergence-20260920/SourcePackages/checkouts/swift-argument-parser
    /Applications/Xcode.app/Contents/Developer/Toolchains/XcodeDefault.xctoolchain/usr/bin/clang -Xlinker -reproducible -target arm64-apple-macos12.0 -r -isysroot /Applications/Xcode.app/Contents/Developer/Platforms/MacOSX.platform/Developer/SDKs/MacOSX27.0.sdk -O0 -w -Xlinker -no_warn_duplicate_libraries -F/Volumes/DeveloperStorage/BuildScratch/throttle-convergence-20260920/DerivedData/Build/Intermediates.noindex/EagerLinkingTBDs/Debug -F/Volumes/DeveloperStorage/BuildScratch/throttle-convergence-20260920/DerivedData/Build/Products/Debug -iframework /Applications/Xcode.app/Contents/Developer/Platforms/MacOSX.platform/Developer/Library/Frameworks -filelist /Volumes/DeveloperStorage/BuildScratch/throttle-convergence-20260920/DerivedData/Build/Intermediates.noindex/swift-argument-parser.build/Debug/ArgumentParserToolInfo-t.build/Objects-normal/arm64/ArgumentParserToolInfo.LinkFileList -nostdlib -Xlinker -object_path_lto -Xlinker /Volumes/DeveloperStorage/BuildScratch/throttle-convergence-20260920/DerivedData/Build/Intermediates.noindex/swift-argument-parser.build/Debug/ArgumentParserToolInfo-t.build/Objects-normal/arm64/ArgumentParserToolInfo_lto.o -Xlinker -no_deduplicate -Xlinker -debug_variant -Xlinker -dependency_info -Xlinker /Volumes/DeveloperStorage/BuildScratch/throttle-convergence-20260920/DerivedData/Build/Intermediates.noindex/swift-argument-parser.build/Debug/ArgumentParserToolInfo-t.build/Objects-normal/arm64/ArgumentParserToolInfo_dependency_info.dat -fobjc-link-runtime -L/Applications/Xcode.app/Contents/Developer/Toolchains/XcodeDefault.xctoolchain/usr/lib/swift/macosx -L/usr/lib/swift -Xlinker -add_ast_path -Xlinker /Volumes/DeveloperStorage/BuildScratch/throttle-convergence-20260920/DerivedData/Build/Intermediates.noindex/swift-argument-parser.build/Debug/ArgumentParserToolInfo-t.build/Objects-normal/arm64/ArgumentParserToolInfo.swiftmodule -o /Volumes/DeveloperStorage/BuildScratch/throttle-convergence-20260920/DerivedData/Build/Products/Debug/ArgumentParserToolInfo.o

ConstructStubExecutorLinkFileList /Volumes/DeveloperStorage/BuildScratch/throttle-convergence-20260920/DerivedData/Build/Intermediates.noindex/Throttle.build/Debug/ThrottleWidget.build/ThrottleWidget-ExecutorLinkFileList-normal-arm64.txt (in target 'ThrottleWidget' from project 'Throttle')
    cd /Users/kevinnadjarian/GitHub/Throttle/build/convergence-recovery-20260920
    construct-stub-executor-link-file-list /Volumes/DeveloperStorage/BuildScratch/throttle-convergence-20260920/DerivedData/Build/Products/Debug/ThrottleWidget.appex/Contents/MacOS/ThrottleWidget.debug.dylib /Applications/Xcode.app/Contents/Developer/Platforms/MacOSX.platform/Developer/usr/lib/libPreviewsJITStubExecutor_no_swift_entry_point.a /Applications/Xcode.app/Contents/Developer/Platforms/MacOSX.platform/Developer/usr/lib/libPreviewsJITStubExecutor.a --output /Volumes/DeveloperStorage/BuildScratch/throttle-convergence-20260920/DerivedData/Build/Intermediates.noindex/Throttle.build/Debug/ThrottleWidget.build/ThrottleWidget-ExecutorLinkFileList-normal-arm64.txt
note: Using stub executor library with Swift entry point. (in target 'ThrottleWidget' from project 'Throttle')

ProcessInfoPlistFile /Volumes/DeveloperStorage/BuildScratch/throttle-convergence-20260920/DerivedData/Build/Products/Debug/swift-crypto_Crypto.bundle/Contents/Info.plist /Volumes/DeveloperStorage/BuildScratch/throttle-convergence-20260920/DerivedData/Build/Intermediates.noindex/swift-crypto.build/Debug/swift-crypto_Crypto-b.build/empty-swift-crypto_Crypto.plist (in target 'swift-crypto_Crypto' from project 'swift-crypto')
    cd /Volumes/DeveloperStorage/BuildScratch/throttle-convergence-20260920/SourcePackages/checkouts/swift-crypto
    builtin-infoPlistUtility /Volumes/DeveloperStorage/BuildScratch/throttle-convergence-20260920/DerivedData/Build/Intermediates.noindex/swift-crypto.build/Debug/swift-crypto_Crypto-b.build/empty-swift-crypto_Crypto.plist -producttype com.apple.product-type.bundle -expandbuildsettings -platform macosx -o /Volumes/DeveloperStorage/BuildScratch/throttle-convergence-20260920/DerivedData/Build/Products/Debug/swift-crypto_Crypto.bundle/Contents/Info.plist

Ld /Volumes/DeveloperStorage/BuildScratch/throttle-convergence-20260920/DerivedData/Build/Products/Debug/ThrottleWidget.appex/Contents/MacOS/__preview.dylib normal (in target 'ThrottleWidget' from project 'Throttle')
    cd /Users/kevinnadjarian/GitHub/Throttle/build/convergence-recovery-20260920
    /Applications/Xcode.app/Contents/Developer/Toolchains/XcodeDefault.xctoolchain/usr/bin/clang -Xlinker -reproducible -target arm64-apple-macos14.0 -dynamiclib -isysroot /Applications/Xcode.app/Contents/Developer/Platforms/MacOSX.platform/Developer/SDKs/MacOSX27.0.sdk -O0 -Xlinker -no_warn_duplicate_libraries -L/Volumes/DeveloperStorage/BuildScratch/throttle-convergence-20260920/DerivedData/Build/Products/Debug -F/Volumes/DeveloperStorage/BuildScratch/throttle-convergence-20260920/DerivedData/Build/Products/Debug -install_name @rpath/ThrottleWidget.debug.dylib -rdynamic -Xlinker -no_deduplicate -Xlinker -debug_variant -Xlinker -dependency_info -Xlinker /Volumes/DeveloperStorage/BuildScratch/throttle-convergence-20260920/DerivedData/Build/Intermediates.noindex/Throttle.build/Debug/ThrottleWidget.build/Objects-normal/arm64/ThrottleWidget_dependency_info.dat -o /Volumes/DeveloperStorage/BuildScratch/throttle-convergence-20260920/DerivedData/Build/Products/Debug/ThrottleWidget.appex/Contents/MacOS/__preview.dylib

Ld /Volumes/DeveloperStorage/BuildScratch/throttle-convergence-20260920/DerivedData/Build/Products/Debug/ThrottleWidget.appex/Contents/MacOS/ThrottleWidget normal (in target 'ThrottleWidget' from project 'Throttle')
    cd /Users/kevinnadjarian/GitHub/Throttle/build/convergence-recovery-20260920
    /Applications/Xcode.app/Contents/Developer/Toolchains/XcodeDefault.xctoolchain/usr/bin/clang -Xlinker -reproducible -target arm64-apple-macos14.0 -isysroot /Applications/Xcode.app/Contents/Developer/Platforms/MacOSX.platform/Developer/SDKs/MacOSX27.0.sdk -O0 -Xlinker -no_warn_duplicate_libraries -L/Volumes/DeveloperStorage/BuildScratch/throttle-convergence-20260920/DerivedData/Build/Products/Debug -F/Volumes/DeveloperStorage/BuildScratch/throttle-convergence-20260920/DerivedData/Build/Products/Debug -Xlinker -rpath -Xlinker @executable_path -Xlinker -rpath -Xlinker @executable_path/../Frameworks -Xlinker -rpath -Xlinker @executable_path/../../../../Frameworks -rdynamic -Xlinker -no_deduplicate -Xlinker -debug_variant -e ___debug_blank_executor_main -Xlinker -sectcreate -Xlinker __TEXT -Xlinker __debug_dylib -Xlinker /Volumes/DeveloperStorage/BuildScratch/throttle-convergence-20260920/DerivedData/Build/Intermediates.noindex/Throttle.build/Debug/ThrottleWidget.build/ThrottleWidget-DebugDylibPath-normal-arm64.txt -Xlinker -sectcreate -Xlinker __TEXT -Xlinker __debug_entry -Xlinker /Volumes/DeveloperStorage/BuildScratch/throttle-convergence-20260920/DerivedData/Build/Intermediates.noindex/Throttle.build/Debug/ThrottleWidget.build/ThrottleWidget-DebugEntryPoint-normal-arm64.txt -Xlinker -sectcreate -Xlinker __TEXT -Xlinker __debug_instlnm -Xlinker /Volumes/DeveloperStorage/BuildScratch/throttle-convergence-20260920/DerivedData/Build/Intermediates.noindex/Throttle.build/Debug/ThrottleWidget.build/ThrottleWidget-DebugDylibInstallName-normal-arm64.txt -Xlinker -filelist -Xlinker /Volumes/DeveloperStorage/BuildScratch/throttle-convergence-20260920/DerivedData/Build/Intermediates.noindex/Throttle.build/Debug/ThrottleWidget.build/ThrottleWidget-ExecutorLinkFileList-normal-arm64.txt /Volumes/DeveloperStorage/BuildScratch/throttle-convergence-20260920/DerivedData/Build/Products/Debug/ThrottleWidget.appex/Contents/MacOS/ThrottleWidget.debug.dylib -o /Volumes/DeveloperStorage/BuildScratch/throttle-convergence-20260920/DerivedData/Build/Products/Debug/ThrottleWidget.appex/Contents/MacOS/ThrottleWidget

ProcessInfoPlistFile /Volumes/DeveloperStorage/BuildScratch/throttle-convergence-20260920/DerivedData/Build/Products/Debug/SwiftTerm_SwiftTerm.bundle/Contents/Info.plist /Volumes/DeveloperStorage/BuildScratch/throttle-convergence-20260920/DerivedData/Build/Intermediates.noindex/SwiftTerm.build/Debug/SwiftTerm_SwiftTerm-b.build/empty-SwiftTerm_SwiftTerm.plist (in target 'SwiftTerm_SwiftTerm' from project 'SwiftTerm')
    cd /Volumes/DeveloperStorage/BuildScratch/throttle-convergence-20260920/SourcePackages/checkouts/SwiftTerm
    builtin-infoPlistUtility /Volumes/DeveloperStorage/BuildScratch/throttle-convergence-20260920/DerivedData/Build/Intermediates.noindex/SwiftTerm.build/Debug/SwiftTerm_SwiftTerm-b.build/empty-SwiftTerm_SwiftTerm.plist -producttype com.apple.product-type.bundle -expandbuildsettings -platform macosx -o /Volumes/DeveloperStorage/BuildScratch/throttle-convergence-20260920/DerivedData/Build/Products/Debug/SwiftTerm_SwiftTerm.bundle/Contents/Info.plist

Ld /Volumes/DeveloperStorage/BuildScratch/throttle-convergence-20260920/DerivedData/Build/Products/Debug/Crypto.o normal (in target 'Crypto' from project 'swift-crypto')
    cd /Volumes/DeveloperStorage/BuildScratch/throttle-convergence-20260920/SourcePackages/checkouts/swift-crypto
    /Applications/Xcode.app/Contents/Developer/Toolchains/XcodeDefault.xctoolchain/usr/bin/clang -Xlinker -reproducible -target arm64-apple-macos12.0 -r -isysroot /Applications/Xcode.app/Contents/Developer/Platforms/MacOSX.platform/Developer/SDKs/MacOSX27.0.sdk -O0 -w -Xlinker -no_warn_duplicate_libraries -F/Volumes/DeveloperStorage/BuildScratch/throttle-convergence-20260920/DerivedData/Build/Intermediates.noindex/EagerLinkingTBDs/Debug -F/Volumes/DeveloperStorage/BuildScratch/throttle-convergence-20260920/DerivedData/Build/Products/Debug -iframework /Applications/Xcode.app/Contents/Developer/Platforms/MacOSX.platform/Developer/Library/Frameworks -filelist /Volumes/DeveloperStorage/BuildScratch/throttle-convergence-20260920/DerivedData/Build/Intermediates.noindex/swift-crypto.build/Debug/Crypto-t.build/Objects-normal/arm64/Crypto.LinkFileList -nostdlib -Xlinker -object_path_lto -Xlinker /Volumes/DeveloperStorage/BuildScratch/throttle-convergence-20260920/DerivedData/Build/Intermediates.noindex/swift-crypto.build/Debug/Crypto-t.build/Objects-normal/arm64/Crypto_lto.o -Xlinker -no_deduplicate -Xlinker -debug_variant -Xlinker -dependency_info -Xlinker /Volumes/DeveloperStorage/BuildScratch/throttle-convergence-20260920/DerivedData/Build/Intermediates.noindex/swift-crypto.build/Debug/Crypto-t.build/Objects-normal/arm64/Crypto_dependency_info.dat -fobjc-link-runtime -L/Applications/Xcode.app/Contents/Developer/Toolchains/XcodeDefault.xctoolchain/usr/lib/swift/macosx -L/usr/lib/swift -Xlinker -add_ast_path -Xlinker /Volumes/DeveloperStorage/BuildScratch/throttle-convergence-20260920/DerivedData/Build/Intermediates.noindex/swift-crypto.build/Debug/Crypto-t.build/Objects-normal/arm64/Crypto.swiftmodule -o /Volumes/DeveloperStorage/BuildScratch/throttle-convergence-20260920/DerivedData/Build/Products/Debug/Crypto.o

ProcessInfoPlistFile /Volumes/DeveloperStorage/BuildScratch/throttle-convergence-20260920/DerivedData/Build/Products/Debug/GRDB_GRDB.bundle/Contents/Info.plist /Volumes/DeveloperStorage/BuildScratch/throttle-convergence-20260920/DerivedData/Build/Intermediates.noindex/GRDB.build/Debug/GRDB_GRDB-b.build/empty-GRDB_GRDB.plist (in target 'GRDB_GRDB' from project 'GRDB')
    cd /Volumes/DeveloperStorage/BuildScratch/throttle-convergence-20260920/SourcePackages/checkouts/GRDB.swift
    builtin-infoPlistUtility /Volumes/DeveloperStorage/BuildScratch/throttle-convergence-20260920/DerivedData/Build/Intermediates.noindex/GRDB.build/Debug/GRDB_GRDB-b.build/empty-GRDB_GRDB.plist -producttype com.apple.product-type.bundle -expandbuildsettings -platform macosx -o /Volumes/DeveloperStorage/BuildScratch/throttle-convergence-20260920/DerivedData/Build/Products/Debug/GRDB_GRDB.bundle/Contents/Info.plist

Ld /Volumes/DeveloperStorage/BuildScratch/throttle-convergence-20260920/DerivedData/Build/Products/Debug/SwiftTerm.o normal (in target 'SwiftTerm' from project 'SwiftTerm')
    cd /Volumes/DeveloperStorage/BuildScratch/throttle-convergence-20260920/SourcePackages/checkouts/SwiftTerm
    /Applications/Xcode.app/Contents/Developer/Toolchains/XcodeDefault.xctoolchain/usr/bin/clang -Xlinker -reproducible -target arm64-apple-macos12.0 -r -isysroot /Applications/Xcode.app/Contents/Developer/Platforms/MacOSX.platform/Developer/SDKs/MacOSX27.0.sdk -O0 -w -Xlinker -no_warn_duplicate_libraries -F/Volumes/DeveloperStorage/BuildScratch/throttle-convergence-20260920/DerivedData/Build/Intermediates.noindex/EagerLinkingTBDs/Debug -F/Volumes/DeveloperStorage/BuildScratch/throttle-convergence-20260920/DerivedData/Build/Products/Debug -iframework /Applications/Xcode.app/Contents/Developer/Platforms/MacOSX.platform/Developer/Library/Frameworks -filelist /Volumes/DeveloperStorage/BuildScratch/throttle-convergence-20260920/DerivedData/Build/Intermediates.noindex/SwiftTerm.build/Debug/SwiftTerm-t.build/Objects-normal/arm64/SwiftTerm.LinkFileList -nostdlib -Xlinker -object_path_lto -Xlinker /Volumes/DeveloperStorage/BuildScratch/throttle-convergence-20260920/DerivedData/Build/Intermediates.noindex/SwiftTerm.build/Debug/SwiftTerm-t.build/Objects-normal/arm64/SwiftTerm_lto.o -Xlinker -no_deduplicate -Xlinker -debug_variant -Xlinker -dependency_info -Xlinker /Volumes/DeveloperStorage/BuildScratch/throttle-convergence-20260920/DerivedData/Build/Intermediates.noindex/SwiftTerm.build/Debug/SwiftTerm-t.build/Objects-normal/arm64/SwiftTerm_dependency_info.dat -fobjc-link-runtime -L/Applications/Xcode.app/Contents/Developer/Toolchains/XcodeDefault.xctoolchain/usr/lib/swift/macosx -L/usr/lib/swift -Xlinker -add_ast_path -Xlinker /Volumes/DeveloperStorage/BuildScratch/throttle-convergence-20260920/DerivedData/Build/Intermediates.noindex/SwiftTerm.build/Debug/SwiftTerm-t.build/Objects-normal/arm64/SwiftTerm.swiftmodule -o /Volumes/DeveloperStorage/BuildScratch/throttle-convergence-20260920/DerivedData/Build/Products/Debug/SwiftTerm.o

Ld /Volumes/DeveloperStorage/BuildScratch/throttle-convergence-20260920/DerivedData/Build/Products/Debug/GRDB.o normal (in target 'GRDB' from project 'GRDB')
    cd /Volumes/DeveloperStorage/BuildScratch/throttle-convergence-20260920/SourcePackages/checkouts/GRDB.swift
    /Applications/Xcode.app/Contents/Developer/Toolchains/XcodeDefault.xctoolchain/usr/bin/clang -Xlinker -reproducible -target arm64-apple-macos12.0 -r -isysroot /Applications/Xcode.app/Contents/Developer/Platforms/MacOSX.platform/Developer/SDKs/MacOSX27.0.sdk -O0 -w -Xlinker -no_warn_duplicate_libraries -F/Volumes/DeveloperStorage/BuildScratch/throttle-convergence-20260920/DerivedData/Build/Intermediates.noindex/EagerLinkingTBDs/Debug -F/Volumes/DeveloperStorage/BuildScratch/throttle-convergence-20260920/DerivedData/Build/Products/Debug -iframework /Applications/Xcode.app/Contents/Developer/Platforms/MacOSX.platform/Developer/Library/Frameworks -filelist /Volumes/DeveloperStorage/BuildScratch/throttle-convergence-20260920/DerivedData/Build/Intermediates.noindex/GRDB.build/Debug/GRDB-t.build/Objects-normal/arm64/GRDB.LinkFileList -nostdlib -Xlinker -object_path_lto -Xlinker /Volumes/DeveloperStorage/BuildScratch/throttle-convergence-20260920/DerivedData/Build/Intermediates.noindex/GRDB.build/Debug/GRDB-t.build/Objects-normal/arm64/GRDB_lto.o -Xlinker -no_deduplicate -Xlinker -debug_variant -Xlinker -dependency_info -Xlinker /Volumes/DeveloperStorage/BuildScratch/throttle-convergence-20260920/DerivedData/Build/Intermediates.noindex/GRDB.build/Debug/GRDB-t.build/Objects-normal/arm64/GRDB_dependency_info.dat -fobjc-link-runtime -L/Applications/Xcode.app/Contents/Developer/Toolchains/XcodeDefault.xctoolchain/usr/lib/swift/macosx -L/usr/lib/swift -Xlinker -add_ast_path -Xlinker /Volumes/DeveloperStorage/BuildScratch/throttle-convergence-20260920/DerivedData/Build/Intermediates.noindex/GRDB.build/Debug/GRDB-t.build/Objects-normal/arm64/GRDB.swiftmodule -o /Volumes/DeveloperStorage/BuildScratch/throttle-convergence-20260920/DerivedData/Build/Products/Debug/GRDB.o

ExtractAppIntentsMetadata (in target 'ThrottleWidget' from project 'Throttle')
    cd /Users/kevinnadjarian/GitHub/Throttle/build/convergence-recovery-20260920
    /Applications/Xcode.app/Contents/Developer/Toolchains/XcodeDefault.xctoolchain/usr/bin/appintentsmetadataprocessor --toolchain-dir /var/run/com.apple.security.cryptexd/mnt/com.apple.MobileAsset.MetalToolchain-v27.1.266.1.s263Mc/Metal.xctoolchain --module-name ThrottleWidget --sdk-root /Applications/Xcode.app/Contents/Developer/Platforms/MacOSX.platform/Developer/SDKs/MacOSX27.0.sdk --xcode-version 27A266a --platform-family macOS --deployment-target 14.0 --bundle-identifier com.lorislab.throttle.widget --output /Volumes/DeveloperStorage/BuildScratch/throttle-convergence-20260920/DerivedData/Build/Products/Debug/ThrottleWidget.appex/Contents/Resources --target-triple arm64-apple-macos14.0 --binary-file /Volumes/DeveloperStorage/BuildScratch/throttle-convergence-20260920/DerivedData/Build/Products/Debug/ThrottleWidget.appex/Contents/MacOS/ThrottleWidget --dependency-file /Volumes/DeveloperStorage/BuildScratch/throttle-convergence-20260920/DerivedData/Build/Intermediates.noindex/Throttle.build/Debug/ThrottleWidget.build/Objects-normal/arm64/ThrottleWidget_dependency_info.dat --stringsdata-file /Volumes/DeveloperStorage/BuildScratch/throttle-convergence-20260920/DerivedData/Build/Intermediates.noindex/Throttle.build/Debug/ThrottleWidget.build/Objects-normal/arm64/ExtractedAppShortcutsMetadata.stringsdata --source-file-list /Volumes/DeveloperStorage/BuildScratch/throttle-convergence-20260920/DerivedData/Build/Intermediates.noindex/Throttle.build/Debug/ThrottleWidget.build/Objects-normal/arm64/ThrottleWidget.SwiftFileList --metadata-file-list /Volumes/DeveloperStorage/BuildScratch/throttle-convergence-20260920/DerivedData/Build/Intermediates.noindex/Throttle.build/Debug/ThrottleWidget.build/ThrottleWidget.DependencyMetadataFileList --static-metadata-file-list /Volumes/DeveloperStorage/BuildScratch/throttle-convergence-20260920/DerivedData/Build/Intermediates.noindex/Throttle.build/Debug/ThrottleWidget.build/ThrottleWidget.DependencyStaticMetadataFileList --swift-const-vals-list /Volumes/DeveloperStorage/BuildScratch/throttle-convergence-20260920/DerivedData/Build/Intermediates.noindex/Throttle.build/Debug/ThrottleWidget.build/Objects-normal/arm64/ThrottleWidget.SwiftConstValuesFileList --compile-time-extraction --deployment-aware-processing --no-app-shortcuts-localization
2026-09-21 10:05:02.467 appintentsmetadataprocessor[61825:2174409] Starting appintentsmetadataprocessor export
2026-09-21 10:05:02.469 appintentsmetadataprocessor[61825:2174409] warning: Metadata extraction skipped, no AppIntents.framework dependency found

Ld /Volumes/DeveloperStorage/BuildScratch/throttle-convergence-20260920/DerivedData/Build/Products/Debug/RealModule.o normal (in target 'RealModule' from project 'swift-numerics')
    cd /Volumes/DeveloperStorage/BuildScratch/throttle-convergence-20260920/SourcePackages/checkouts/swift-numerics
    /Applications/Xcode.app/Contents/Developer/Toolchains/XcodeDefault.xctoolchain/usr/bin/clang -Xlinker -reproducible -target arm64-apple-macos12.0 -r -isysroot /Applications/Xcode.app/Contents/Developer/Platforms/MacOSX.platform/Developer/SDKs/MacOSX27.0.sdk -O0 -w -Xlinker -no_warn_duplicate_libraries -F/Volumes/DeveloperStorage/BuildScratch/throttle-convergence-20260920/DerivedData/Build/Intermediates.noindex/EagerLinkingTBDs/Debug -F/Volumes/DeveloperStorage/BuildScratch/throttle-convergence-20260920/DerivedData/Build/Products/Debug/PackageFrameworks -F/Volumes/DeveloperStorage/BuildScratch/throttle-convergence-20260920/DerivedData/Build/Products/Debug -iframework /Applications/Xcode.app/Contents/Developer/Platforms/MacOSX.platform/Developer/Library/Frameworks -filelist /Volumes/DeveloperStorage/BuildScratch/throttle-convergence-20260920/DerivedData/Build/Intermediates.noindex/swift-numerics.build/Debug/RealModule-t.build/Objects-normal/arm64/RealModule.LinkFileList -nostdlib -Xlinker -object_path_lto -Xlinker /Volumes/DeveloperStorage/BuildScratch/throttle-convergence-20260920/DerivedData/Build/Intermediates.noindex/swift-numerics.build/Debug/RealModule-t.build/Objects-normal/arm64/RealModule_lto.o -Xlinker -no_deduplicate -Xlinker -debug_variant -Xlinker -dependency_info -Xlinker /Volumes/DeveloperStorage/BuildScratch/throttle-convergence-20260920/DerivedData/Build/Intermediates.noindex/swift-numerics.build/Debug/RealModule-t.build/Objects-normal/arm64/RealModule_dependency_info.dat -fobjc-link-runtime -L/Applications/Xcode.app/Contents/Developer/Toolchains/XcodeDefault.xctoolchain/usr/lib/swift/macosx -L/usr/lib/swift -Xlinker -add_ast_path -Xlinker /Volumes/DeveloperStorage/BuildScratch/throttle-convergence-20260920/DerivedData/Build/Intermediates.noindex/swift-numerics.build/Debug/RealModule-t.build/Objects-normal/arm64/RealModule.swiftmodule -o /Volumes/DeveloperStorage/BuildScratch/throttle-convergence-20260920/DerivedData/Build/Products/Debug/RealModule.o

ProcessInfoPlistFile /Volumes/DeveloperStorage/BuildScratch/throttle-convergence-20260920/DerivedData/Build/Products/Debug/ThrottleWidget.appex/Contents/Info.plist /Users/kevinnadjarian/GitHub/Throttle/build/convergence-recovery-20260920/ThrottleWidget/Info.plist (in target 'ThrottleWidget' from project 'Throttle')
    cd /Users/kevinnadjarian/GitHub/Throttle/build/convergence-recovery-20260920
    builtin-infoPlistUtility /Users/kevinnadjarian/GitHub/Throttle/build/convergence-recovery-20260920/ThrottleWidget/Info.plist -producttype com.apple.product-type.app-extension -expandbuildsettings -platform macosx -o /Volumes/DeveloperStorage/BuildScratch/throttle-convergence-20260920/DerivedData/Build/Products/Debug/ThrottleWidget.appex/Contents/Info.plist

Ld /Volumes/DeveloperStorage/BuildScratch/throttle-convergence-20260920/DerivedData/Build/Products/Debug/Atomics.o normal (in target 'Atomics' from project 'swift-atomics')
    cd /Volumes/DeveloperStorage/BuildScratch/throttle-convergence-20260920/SourcePackages/checkouts/swift-atomics
    /Applications/Xcode.app/Contents/Developer/Toolchains/XcodeDefault.xctoolchain/usr/bin/clang -Xlinker -reproducible -target arm64-apple-macos12.0 -r -isysroot /Applications/Xcode.app/Contents/Developer/Platforms/MacOSX.platform/Developer/SDKs/MacOSX27.0.sdk -O0 -w -Xlinker -no_warn_duplicate_libraries -F/Volumes/DeveloperStorage/BuildScratch/throttle-convergence-20260920/DerivedData/Build/Intermediates.noindex/EagerLinkingTBDs/Debug -F/Volumes/DeveloperStorage/BuildScratch/throttle-convergence-20260920/DerivedData/Build/Products/Debug/PackageFrameworks -F/Volumes/DeveloperStorage/BuildScratch/throttle-convergence-20260920/DerivedData/Build/Products/Debug -iframework /Applications/Xcode.app/Contents/Developer/Platforms/MacOSX.platform/Developer/Library/Frameworks -filelist /Volumes/DeveloperStorage/BuildScratch/throttle-convergence-20260920/DerivedData/Build/Intermediates.noindex/swift-atomics.build/Debug/Atomics-t.build/Objects-normal/arm64/Atomics.LinkFileList -nostdlib -Xlinker -object_path_lto -Xlinker /Volumes/DeveloperStorage/BuildScratch/throttle-convergence-20260920/DerivedData/Build/Intermediates.noindex/swift-atomics.build/Debug/Atomics-t.build/Objects-normal/arm64/Atomics_lto.o -Xlinker -no_deduplicate -Xlinker -debug_variant -Xlinker -dependency_info -Xlinker /Volumes/DeveloperStorage/BuildScratch/throttle-convergence-20260920/DerivedData/Build/Intermediates.noindex/swift-atomics.build/Debug/Atomics-t.build/Objects-normal/arm64/Atomics_dependency_info.dat -fobjc-link-runtime -L/Applications/Xcode.app/Contents/Developer/Toolchains/XcodeDefault.xctoolchain/usr/lib/swift/macosx -L/usr/lib/swift -Xlinker -add_ast_path -Xlinker /Volumes/DeveloperStorage/BuildScratch/throttle-convergence-20260920/DerivedData/Build/Intermediates.noindex/swift-atomics.build/Debug/Atomics-t.build/Objects-normal/arm64/Atomics.swiftmodule -o /Volumes/DeveloperStorage/BuildScratch/throttle-convergence-20260920/DerivedData/Build/Products/Debug/Atomics.o

ExtractAppIntentsMetadata (in target 'ThrottleVaultContract' from project 'ThrottleVaultContract')
    cd /Users/kevinnadjarian/GitHub/Throttle/build/convergence-recovery-20260920/Packages/ThrottleVaultContract
    /Applications/Xcode.app/Contents/Developer/Toolchains/XcodeDefault.xctoolchain/usr/bin/appintentsmetadataprocessor --toolchain-dir /var/run/com.apple.security.cryptexd/mnt/com.apple.MobileAsset.MetalToolchain-v27.1.266.1.s263Mc/Metal.xctoolchain --module-name ThrottleVaultContract --sdk-root /Applications/Xcode.app/Contents/Developer/Platforms/MacOSX.platform/Developer/SDKs/MacOSX27.0.sdk --xcode-version 27A266a --platform-family macOS --deployment-target 14.0 --bundle-identifier throttlevaultcontract.ThrottleVaultContract --output /Volumes/DeveloperStorage/BuildScratch/throttle-convergence-20260920/DerivedData/Build/Products/Debug/ThrottleVaultContract.appintents --target-triple arm64-apple-macos14.0 --binary-file /Volumes/DeveloperStorage/BuildScratch/throttle-convergence-20260920/DerivedData/Build/Products/Debug/ThrottleVaultContract.o --dependency-file /Volumes/DeveloperStorage/BuildScratch/throttle-convergence-20260920/DerivedData/Build/Intermediates.noindex/ThrottleVaultContract.build/Debug/ThrottleVaultContract-t.build/Objects-normal/arm64/ThrottleVaultContract_dependency_info.dat --stringsdata-file /Volumes/DeveloperStorage/BuildScratch/throttle-convergence-20260920/DerivedData/Build/Intermediates.noindex/ThrottleVaultContract.build/Debug/ThrottleVaultContract-t.build/Objects-normal/arm64/ExtractedAppShortcutsMetadata.stringsdata --source-file-list /Volumes/DeveloperStorage/BuildScratch/throttle-convergence-20260920/DerivedData/Build/Intermediates.noindex/ThrottleVaultContract.build/Debug/ThrottleVaultContract-t.build/Objects-normal/arm64/ThrottleVaultContract.SwiftFileList --metadata-file-list /Volumes/DeveloperStorage/BuildScratch/throttle-convergence-20260920/DerivedData/Build/Intermediates.noindex/ThrottleVaultContract.build/Debug/ThrottleVaultContract-t.build/ThrottleVaultContract.DependencyMetadataFileList --static-metadata-file-list /Volumes/DeveloperStorage/BuildScratch/throttle-convergence-20260920/DerivedData/Build/Intermediates.noindex/ThrottleVaultContract.build/Debug/ThrottleVaultContract-t.build/ThrottleVaultContract.DependencyStaticMetadataFileList --swift-const-vals-list /Volumes/DeveloperStorage/BuildScratch/throttle-convergence-20260920/DerivedData/Build/Intermediates.noindex/ThrottleVaultContract.build/Debug/ThrottleVaultContract-t.build/Objects-normal/arm64/ThrottleVaultContract.SwiftConstValuesFileList --force --compile-time-extraction --deployment-aware-processing --no-app-shortcuts-localization
2026-09-21 10:05:02.499 appintentsmetadataprocessor[61830:2174424] Starting appintentsmetadataprocessor export
2026-09-21 10:05:02.547 appintentsmetadataprocessor[61830:2174424] Extracted no relevant App Intents symbols, skipping writing output

ExtractAppIntentsMetadata (in target 'ThrottleMirrorContract' from project 'ThrottleMirrorContract')
    cd /Users/kevinnadjarian/GitHub/Throttle/build/convergence-recovery-20260920/Packages/ThrottleMirrorContract
    /Applications/Xcode.app/Contents/Developer/Toolchains/XcodeDefault.xctoolchain/usr/bin/appintentsmetadataprocessor --toolchain-dir /var/run/com.apple.security.cryptexd/mnt/com.apple.MobileAsset.MetalToolchain-v27.1.266.1.s263Mc/Metal.xctoolchain --module-name ThrottleMirrorContract --sdk-root /Applications/Xcode.app/Contents/Developer/Platforms/MacOSX.platform/Developer/SDKs/MacOSX27.0.sdk --xcode-version 27A266a --platform-family macOS --deployment-target 14.0 --bundle-identifier throttlemirrorcontract.ThrottleMirrorContract --output /Volumes/DeveloperStorage/BuildScratch/throttle-convergence-20260920/DerivedData/Build/Products/Debug/ThrottleMirrorContract.appintents --target-triple arm64-apple-macos14.0 --binary-file /Volumes/DeveloperStorage/BuildScratch/throttle-convergence-20260920/DerivedData/Build/Products/Debug/ThrottleMirrorContract.o --dependency-file /Volumes/DeveloperStorage/BuildScratch/throttle-convergence-20260920/DerivedData/Build/Intermediates.noindex/ThrottleMirrorContract.build/Debug/ThrottleMirrorContract-t.build/Objects-normal/arm64/ThrottleMirrorContract_dependency_info.dat --stringsdata-file /Volumes/DeveloperStorage/BuildScratch/throttle-convergence-20260920/DerivedData/Build/Intermediates.noindex/ThrottleMirrorContract.build/Debug/ThrottleMirrorContract-t.build/Objects-normal/arm64/ExtractedAppShortcutsMetadata.stringsdata --source-file-list /Volumes/DeveloperStorage/BuildScratch/throttle-convergence-20260920/DerivedData/Build/Intermediates.noindex/ThrottleMirrorContract.build/Debug/ThrottleMirrorContract-t.build/Objects-normal/arm64/ThrottleMirrorContract.SwiftFileList --metadata-file-list /Volumes/DeveloperStorage/BuildScratch/throttle-convergence-20260920/DerivedData/Build/Intermediates.noindex/ThrottleMirrorContract.build/Debug/ThrottleMirrorContract-t.build/ThrottleMirrorContract.DependencyMetadataFileList --static-metadata-file-list /Volumes/DeveloperStorage/BuildScratch/throttle-convergence-20260920/DerivedData/Build/Intermediates.noindex/ThrottleMirrorContract.build/Debug/ThrottleMirrorContract-t.build/ThrottleMirrorContract.DependencyStaticMetadataFileList --swift-const-vals-list /Volumes/DeveloperStorage/BuildScratch/throttle-convergence-20260920/DerivedData/Build/Intermediates.noindex/ThrottleMirrorContract.build/Debug/ThrottleMirrorContract-t.build/Objects-normal/arm64/ThrottleMirrorContract.SwiftConstValuesFileList --force --compile-time-extraction --deployment-aware-processing --no-app-shortcuts-localization
2026-09-21 10:05:02.513 appintentsmetadataprocessor[61831:2174435] Starting appintentsmetadataprocessor export
2026-09-21 10:05:02.547 appintentsmetadataprocessor[61831:2174435] Extracted no relevant App Intents symbols, skipping writing output

ExtractAppIntentsMetadata (in target 'InternalCollectionsUtilities' from project 'swift-collections')
    cd /Volumes/DeveloperStorage/BuildScratch/throttle-convergence-20260920/SourcePackages/checkouts/swift-collections
    /Applications/Xcode.app/Contents/Developer/Toolchains/XcodeDefault.xctoolchain/usr/bin/appintentsmetadataprocessor --toolchain-dir /var/run/com.apple.security.cryptexd/mnt/com.apple.MobileAsset.MetalToolchain-v27.1.266.1.s263Mc/Metal.xctoolchain --module-name InternalCollectionsUtilities --sdk-root /Applications/Xcode.app/Contents/Developer/Platforms/MacOSX.platform/Developer/SDKs/MacOSX27.0.sdk --xcode-version 27A266a --platform-family macOS --deployment-target 12.0 --bundle-identifier swift-collections.InternalCollectionsUtilities --output /Volumes/DeveloperStorage/BuildScratch/throttle-convergence-20260920/DerivedData/Build/Products/Debug/InternalCollectionsUtilities.appintents --target-triple arm64-apple-macos12.0 --binary-file /Volumes/DeveloperStorage/BuildScratch/throttle-convergence-20260920/DerivedData/Build/Products/Debug/InternalCollectionsUtilities.o --dependency-file /Volumes/DeveloperStorage/BuildScratch/throttle-convergence-20260920/DerivedData/Build/Intermediates.noindex/swift-collections.build/Debug/InternalCollectionsUtilities-t.build/Objects-normal/arm64/InternalCollectionsUtilities_dependency_info.dat --stringsdata-file /Volumes/DeveloperStorage/BuildScratch/throttle-convergence-20260920/DerivedData/Build/Intermediates.noindex/swift-collections.build/Debug/InternalCollectionsUtilities-t.build/Objects-normal/arm64/ExtractedAppShortcutsMetadata.stringsdata --source-file-list /Volumes/DeveloperStorage/BuildScratch/throttle-convergence-20260920/DerivedData/Build/Intermediates.noindex/swift-collections.build/Debug/InternalCollectionsUtilities-t.build/Objects-normal/arm64/InternalCollectionsUtilities.SwiftFileList --metadata-file-list /Volumes/DeveloperStorage/BuildScratch/throttle-convergence-20260920/DerivedData/Build/Intermediates.noindex/swift-collections.build/Debug/InternalCollectionsUtilities-t.build/InternalCollectionsUtilities.DependencyMetadataFileList --static-metadata-file-list /Volumes/DeveloperStorage/BuildScratch/throttle-convergence-20260920/DerivedData/Build/Intermediates.noindex/swift-collections.build/Debug/InternalCollectionsUtilities-t.build/InternalCollectionsUtilities.DependencyStaticMetadataFileList --swift-const-vals-list /Volumes/DeveloperStorage/BuildScratch/throttle-convergence-20260920/DerivedData/Build/Intermediates.noindex/swift-collections.build/Debug/InternalCollectionsUtilities-t.build/Objects-normal/arm64/InternalCollectionsUtilities.SwiftConstValuesFileList --force --compile-time-extraction --deployment-aware-processing --no-app-shortcuts-localization
2026-09-21 10:05:02.560 appintentsmetadataprocessor[61832:2174442] Starting appintentsmetadataprocessor export
2026-09-21 10:05:02.597 appintentsmetadataprocessor[61832:2174442] Extracted no relevant App Intents symbols, skipping writing output

ExtractAppIntentsMetadata (in target 'ArgumentParserToolInfo' from project 'swift-argument-parser')
    cd /Volumes/DeveloperStorage/BuildScratch/throttle-convergence-20260920/SourcePackages/checkouts/swift-argument-parser
    /Applications/Xcode.app/Contents/Developer/Toolchains/XcodeDefault.xctoolchain/usr/bin/appintentsmetadataprocessor --toolchain-dir /var/run/com.apple.security.cryptexd/mnt/com.apple.MobileAsset.MetalToolchain-v27.1.266.1.s263Mc/Metal.xctoolchain --module-name ArgumentParserToolInfo --sdk-root /Applications/Xcode.app/Contents/Developer/Platforms/MacOSX.platform/Developer/SDKs/MacOSX27.0.sdk --xcode-version 27A266a --platform-family macOS --deployment-target 12.0 --bundle-identifier swift-argument-parser.ArgumentParserToolInfo --output /Volumes/DeveloperStorage/BuildScratch/throttle-convergence-20260920/DerivedData/Build/Products/Debug/ArgumentParserToolInfo.appintents --target-triple arm64-apple-macos12.0 --binary-file /Volumes/DeveloperStorage/BuildScratch/throttle-convergence-20260920/DerivedData/Build/Products/Debug/ArgumentParserToolInfo.o --dependency-file /Volumes/DeveloperStorage/BuildScratch/throttle-convergence-20260920/DerivedData/Build/Intermediates.noindex/swift-argument-parser.build/Debug/ArgumentParserToolInfo-t.build/Objects-normal/arm64/ArgumentParserToolInfo_dependency_info.dat --stringsdata-file /Volumes/DeveloperStorage/BuildScratch/throttle-convergence-20260920/DerivedData/Build/Intermediates.noindex/swift-argument-parser.build/Debug/ArgumentParserToolInfo-t.build/Objects-normal/arm64/ExtractedAppShortcutsMetadata.stringsdata --source-file-list /Volumes/DeveloperStorage/BuildScratch/throttle-convergence-20260920/DerivedData/Build/Intermediates.noindex/swift-argument-parser.build/Debug/ArgumentParserToolInfo-t.build/Objects-normal/arm64/ArgumentParserToolInfo.SwiftFileList --metadata-file-list /Volumes/DeveloperStorage/BuildScratch/throttle-convergence-20260920/DerivedData/Build/Intermediates.noindex/swift-argument-parser.build/Debug/ArgumentParserToolInfo-t.build/ArgumentParserToolInfo.DependencyMetadataFileList --static-metadata-file-list /Volumes/DeveloperStorage/BuildScratch/throttle-convergence-20260920/DerivedData/Build/Intermediates.noindex/swift-argument-parser.build/Debug/ArgumentParserToolInfo-t.build/ArgumentParserToolInfo.DependencyStaticMetadataFileList --swift-const-vals-list /Volumes/DeveloperStorage/BuildScratch/throttle-convergence-20260920/DerivedData/Build/Intermediates.noindex/swift-argument-parser.build/Debug/ArgumentParserToolInfo-t.build/Objects-normal/arm64/ArgumentParserToolInfo.SwiftConstValuesFileList --force --compile-time-extraction --deployment-aware-processing --no-app-shortcuts-localization
2026-09-21 10:05:02.560 appintentsmetadataprocessor[61833:2174443] Starting appintentsmetadataprocessor export
2026-09-21 10:05:02.593 appintentsmetadataprocessor[61833:2174443] Extracted no relevant App Intents symbols, skipping writing output

ExtractAppIntentsMetadata (in target 'SwiftSyntax509' from project 'swift-syntax')
    cd /Volumes/DeveloperStorage/BuildScratch/throttle-convergence-20260920/SourcePackages/checkouts/swift-syntax
    /Applications/Xcode.app/Contents/Developer/Toolchains/XcodeDefault.xctoolchain/usr/bin/appintentsmetadataprocessor --toolchain-dir /var/run/com.apple.security.cryptexd/mnt/com.apple.MobileAsset.MetalToolchain-v27.1.266.1.s263Mc/Metal.xctoolchain --module-name SwiftSyntax509 --sdk-root /Applications/Xcode.app/Contents/Developer/Platforms/MacOSX.platform/Developer/SDKs/MacOSX27.0.sdk --xcode-version 27A266a --platform-family macOS --deployment-target 12.0 --bundle-identifier swift-syntax.SwiftSyntax509 --output /Volumes/DeveloperStorage/BuildScratch/throttle-convergence-20260920/DerivedData/Build/Products/Debug/SwiftSyntax509.appintents --target-triple arm64-apple-macos12.0 --binary-file /Volumes/DeveloperStorage/BuildScratch/throttle-convergence-20260920/DerivedData/Build/Products/Debug/SwiftSyntax509.o --dependency-file /Volumes/DeveloperStorage/BuildScratch/throttle-convergence-20260920/DerivedData/Build/Intermediates.noindex/swift-syntax.build/Debug/SwiftSyntax509-t.build/Objects-normal/arm64/SwiftSyntax509_dependency_info.dat --stringsdata-file /Volumes/DeveloperStorage/BuildScratch/throttle-convergence-20260920/DerivedData/Build/Intermediates.noindex/swift-syntax.build/Debug/SwiftSyntax509-t.build/Objects-normal/arm64/ExtractedAppShortcutsMetadata.stringsdata --source-file-list /Volumes/DeveloperStorage/BuildScratch/throttle-convergence-20260920/DerivedData/Build/Intermediates.noindex/swift-syntax.build/Debug/SwiftSyntax509-t.build/Objects-normal/arm64/SwiftSyntax509.SwiftFileList --metadata-file-list /Volumes/DeveloperStorage/BuildScratch/throttle-convergence-20260920/DerivedData/Build/Intermediates.noindex/swift-syntax.build/Debug/SwiftSyntax509-t.build/SwiftSyntax509.DependencyMetadataFileList --static-metadata-file-list /Volumes/DeveloperStorage/BuildScratch/throttle-convergence-20260920/DerivedData/Build/Intermediates.noindex/swift-syntax.build/Debug/SwiftSyntax509-t.build/SwiftSyntax509.DependencyStaticMetadataFileList --swift-const-vals-list /Volumes/DeveloperStorage/BuildScratch/throttle-convergence-20260920/DerivedData/Build/Intermediates.noindex/swift-syntax.build/Debug/SwiftSyntax509-t.build/Objects-normal/arm64/SwiftSyntax509.SwiftConstValuesFileList --force --compile-time-extraction --deployment-aware-processing --no-app-shortcuts-localization
2026-09-21 10:05:02.619 appintentsmetadataprocessor[61834:2174449] Starting appintentsmetadataprocessor export
2026-09-21 10:05:02.653 appintentsmetadataprocessor[61834:2174449] Extracted no relevant App Intents symbols, skipping writing output

Ld /Volumes/DeveloperStorage/BuildScratch/throttle-convergence-20260920/DerivedData/Build/Products/Debug/NIOConcurrencyHelpers.o normal (in target 'NIOConcurrencyHelpers' from project 'swift-nio')
    cd /Volumes/DeveloperStorage/BuildScratch/throttle-convergence-20260920/SourcePackages/checkouts/swift-nio
    /Applications/Xcode.app/Contents/Developer/Toolchains/XcodeDefault.xctoolchain/usr/bin/clang -Xlinker -reproducible -target arm64-apple-macos12.0 -r -isysroot /Applications/Xcode.app/Contents/Developer/Platforms/MacOSX.platform/Developer/SDKs/MacOSX27.0.sdk -O0 -w -Xlinker -no_warn_duplicate_libraries -F/Volumes/DeveloperStorage/BuildScratch/throttle-convergence-20260920/DerivedData/Build/Intermediates.noindex/EagerLinkingTBDs/Debug -F/Volumes/DeveloperStorage/BuildScratch/throttle-convergence-20260920/DerivedData/Build/Products/Debug/PackageFrameworks -F/Volumes/DeveloperStorage/BuildScratch/throttle-convergence-20260920/DerivedData/Build/Products/Debug -iframework /Applications/Xcode.app/Contents/Developer/Platforms/MacOSX.platform/Developer/Library/Frameworks -filelist /Volumes/DeveloperStorage/BuildScratch/throttle-convergence-20260920/DerivedData/Build/Intermediates.noindex/swift-nio.build/Debug/NIOConcurrencyHelpers-t.build/Objects-normal/arm64/NIOConcurrencyHelpers.LinkFileList -nostdlib -Xlinker -object_path_lto -Xlinker /Volumes/DeveloperStorage/BuildScratch/throttle-convergence-20260920/DerivedData/Build/Intermediates.noindex/swift-nio.build/Debug/NIOConcurrencyHelpers-t.build/Objects-normal/arm64/NIOConcurrencyHelpers_lto.o -Xlinker -no_deduplicate -Xlinker -debug_variant -Xlinker -dependency_info -Xlinker /Volumes/DeveloperStorage/BuildScratch/throttle-convergence-20260920/DerivedData/Build/Intermediates.noindex/swift-nio.build/Debug/NIOConcurrencyHelpers-t.build/Objects-normal/arm64/NIOConcurrencyHelpers_dependency_info.dat -fobjc-link-runtime -L/Applications/Xcode.app/Contents/Developer/Toolchains/XcodeDefault.xctoolchain/usr/lib/swift/macosx -L/usr/lib/swift -Xlinker -add_ast_path -Xlinker /Volumes/DeveloperStorage/BuildScratch/throttle-convergence-20260920/DerivedData/Build/Intermediates.noindex/swift-nio.build/Debug/NIOConcurrencyHelpers-t.build/Objects-normal/arm64/NIOConcurrencyHelpers.swiftmodule -o /Volumes/DeveloperStorage/BuildScratch/throttle-convergence-20260920/DerivedData/Build/Products/Debug/NIOConcurrencyHelpers.o

Ld /Volumes/DeveloperStorage/BuildScratch/throttle-convergence-20260920/DerivedData/Build/Products/Debug/ThrottleVaultClient.o normal (in target 'ThrottleVaultClient' from project 'ThrottleVaultClient')
    cd /Users/kevinnadjarian/GitHub/Throttle/build/convergence-recovery-20260920/Packages/ThrottleVaultClient
    /Applications/Xcode.app/Contents/Developer/Toolchains/XcodeDefault.xctoolchain/usr/bin/clang -Xlinker -reproducible -target arm64-apple-macos14.0 -r -isysroot /Applications/Xcode.app/Contents/Developer/Platforms/MacOSX.platform/Developer/SDKs/MacOSX27.0.sdk -O0 -Xlinker -no_warn_duplicate_libraries -F/Volumes/DeveloperStorage/BuildScratch/throttle-convergence-20260920/DerivedData/Build/Intermediates.noindex/EagerLinkingTBDs/Debug -F/Volumes/DeveloperStorage/BuildScratch/throttle-convergence-20260920/DerivedData/Build/Products/Debug/PackageFrameworks -F/Volumes/DeveloperStorage/BuildScratch/throttle-convergence-20260920/DerivedData/Build/Products/Debug -iframework /Applications/Xcode.app/Contents/Developer/Platforms/MacOSX.platform/Developer/Library/Frameworks -filelist /Volumes/DeveloperStorage/BuildScratch/throttle-convergence-20260920/DerivedData/Build/Intermediates.noindex/ThrottleVaultClient.build/Debug/ThrottleVaultClient-t.build/Objects-normal/arm64/ThrottleVaultClient.LinkFileList -nostdlib -Xlinker -object_path_lto -Xlinker /Volumes/DeveloperStorage/BuildScratch/throttle-convergence-20260920/DerivedData/Build/Intermediates.noindex/ThrottleVaultClient.build/Debug/ThrottleVaultClient-t.build/Objects-normal/arm64/ThrottleVaultClient_lto.o -Xlinker -no_deduplicate -Xlinker -debug_variant -Xlinker -dependency_info -Xlinker /Volumes/DeveloperStorage/BuildScratch/throttle-convergence-20260920/DerivedData/Build/Intermediates.noindex/ThrottleVaultClient.build/Debug/ThrottleVaultClient-t.build/Objects-normal/arm64/ThrottleVaultClient_dependency_info.dat -fobjc-link-runtime -L/Applications/Xcode.app/Contents/Developer/Toolchains/XcodeDefault.xctoolchain/usr/lib/swift/macosx -L/usr/lib/swift -Xlinker -add_ast_path -Xlinker /Volumes/DeveloperStorage/BuildScratch/throttle-convergence-20260920/DerivedData/Build/Intermediates.noindex/ThrottleVaultClient.build/Debug/ThrottleVaultClient-t.build/Objects-normal/arm64/ThrottleVaultClient.swiftmodule -o /Volumes/DeveloperStorage/BuildScratch/throttle-convergence-20260920/DerivedData/Build/Products/Debug/ThrottleVaultClient.o

Ld /Volumes/DeveloperStorage/BuildScratch/throttle-convergence-20260920/DerivedData/Build/Products/Debug/ThrottleShared.o normal (in target 'ThrottleShared' from project 'ThrottleShared')
    cd /Users/kevinnadjarian/GitHub/Throttle/build/convergence-recovery-20260920/ThrottleShared
    /Applications/Xcode.app/Contents/Developer/Toolchains/XcodeDefault.xctoolchain/usr/bin/clang -Xlinker -reproducible -target arm64-apple-macos14.0 -r -isysroot /Applications/Xcode.app/Contents/Developer/Platforms/MacOSX.platform/Developer/SDKs/MacOSX27.0.sdk -O0 -Xlinker -no_warn_duplicate_libraries -F/Volumes/DeveloperStorage/BuildScratch/throttle-convergence-20260920/DerivedData/Build/Intermediates.noindex/EagerLinkingTBDs/Debug -F/Volumes/DeveloperStorage/BuildScratch/throttle-convergence-20260920/DerivedData/Build/Products/Debug/PackageFrameworks -F/Volumes/DeveloperStorage/BuildScratch/throttle-convergence-20260920/DerivedData/Build/Products/Debug -iframework /Applications/Xcode.app/Contents/Developer/Platforms/MacOSX.platform/Developer/Library/Frameworks -filelist /Volumes/DeveloperStorage/BuildScratch/throttle-convergence-20260920/DerivedData/Build/Intermediates.noindex/ThrottleShared.build/Debug/ThrottleShared-t.build/Objects-normal/arm64/ThrottleShared.LinkFileList -nostdlib -Xlinker -object_path_lto -Xlinker /Volumes/DeveloperStorage/BuildScratch/throttle-convergence-20260920/DerivedData/Build/Intermediates.noindex/ThrottleShared.build/Debug/ThrottleShared-t.build/Objects-normal/arm64/ThrottleShared_lto.o -Xlinker -no_deduplicate -Xlinker -debug_variant -Xlinker -dependency_info -Xlinker /Volumes/DeveloperStorage/BuildScratch/throttle-convergence-20260920/DerivedData/Build/Intermediates.noindex/ThrottleShared.build/Debug/ThrottleShared-t.build/Objects-normal/arm64/ThrottleShared_dependency_info.dat -fobjc-link-runtime -L/Applications/Xcode.app/Contents/Developer/Toolchains/XcodeDefault.xctoolchain/usr/lib/swift/macosx -L/usr/lib/swift -Xlinker -add_ast_path -Xlinker /Volumes/DeveloperStorage/BuildScratch/throttle-convergence-20260920/DerivedData/Build/Intermediates.noindex/ThrottleShared.build/Debug/ThrottleShared-t.build/Objects-normal/arm64/ThrottleShared.swiftmodule -o /Volumes/DeveloperStorage/BuildScratch/throttle-convergence-20260920/DerivedData/Build/Products/Debug/ThrottleShared.o

Ld /Volumes/DeveloperStorage/BuildScratch/throttle-convergence-20260920/DerivedData/Build/Products/Debug/ResearchVaultModel.o normal (in target 'ResearchVaultModel' from project 'ResearchVaultKit')
    cd /Users/kevinnadjarian/GitHub/Throttle/build/convergence-recovery-20260920/Packages/ResearchVaultKit
    /Applications/Xcode.app/Contents/Developer/Toolchains/XcodeDefault.xctoolchain/usr/bin/clang -Xlinker -reproducible -target arm64-apple-macos14.0 -r -isysroot /Applications/Xcode.app/Contents/Developer/Platforms/MacOSX.platform/Developer/SDKs/MacOSX27.0.sdk -O0 -Xlinker -no_warn_duplicate_libraries -F/Volumes/DeveloperStorage/BuildScratch/throttle-convergence-20260920/DerivedData/Build/Intermediates.noindex/EagerLinkingTBDs/Debug -F/Volumes/DeveloperStorage/BuildScratch/throttle-convergence-20260920/DerivedData/Build/Products/Debug/PackageFrameworks -F/Volumes/DeveloperStorage/BuildScratch/throttle-convergence-20260920/DerivedData/Build/Products/Debug -iframework /Applications/Xcode.app/Contents/Developer/Platforms/MacOSX.platform/Developer/Library/Frameworks -filelist /Volumes/DeveloperStorage/BuildScratch/throttle-convergence-20260920/DerivedData/Build/Intermediates.noindex/ResearchVaultKit.build/Debug/ResearchVaultModel-t.build/Objects-normal/arm64/ResearchVaultModel.LinkFileList -nostdlib -Xlinker -object_path_lto -Xlinker /Volumes/DeveloperStorage/BuildScratch/throttle-convergence-20260920/DerivedData/Build/Intermediates.noindex/ResearchVaultKit.build/Debug/ResearchVaultModel-t.build/Objects-normal/arm64/ResearchVaultModel_lto.o -Xlinker -no_deduplicate -Xlinker -debug_variant -Xlinker -dependency_info -Xlinker /Volumes/DeveloperStorage/BuildScratch/throttle-convergence-20260920/DerivedData/Build/Intermediates.noindex/ResearchVaultKit.build/Debug/ResearchVaultModel-t.build/Objects-normal/arm64/ResearchVaultModel_dependency_info.dat -fobjc-link-runtime -L/Applications/Xcode.app/Contents/Developer/Toolchains/XcodeDefault.xctoolchain/usr/lib/swift/macosx -L/usr/lib/swift -Xlinker -add_ast_path -Xlinker /Volumes/DeveloperStorage/BuildScratch/throttle-convergence-20260920/DerivedData/Build/Intermediates.noindex/ResearchVaultKit.build/Debug/ResearchVaultModel-t.build/Objects-normal/arm64/ResearchVaultModel.swiftmodule -o /Volumes/DeveloperStorage/BuildScratch/throttle-convergence-20260920/DerivedData/Build/Products/Debug/ResearchVaultModel.o

ExtractAppIntentsMetadata (in target 'RealModule' from project 'swift-numerics')
    cd /Volumes/DeveloperStorage/BuildScratch/throttle-convergence-20260920/SourcePackages/checkouts/swift-numerics
    /Applications/Xcode.app/Contents/Developer/Toolchains/XcodeDefault.xctoolchain/usr/bin/appintentsmetadataprocessor --toolchain-dir /var/run/com.apple.security.cryptexd/mnt/com.apple.MobileAsset.MetalToolchain-v27.1.266.1.s263Mc/Metal.xctoolchain --module-name RealModule --sdk-root /Applications/Xcode.app/Contents/Developer/Platforms/MacOSX.platform/Developer/SDKs/MacOSX27.0.sdk --xcode-version 27A266a --platform-family macOS --deployment-target 12.0 --bundle-identifier swift-numerics.RealModule --output /Volumes/DeveloperStorage/BuildScratch/throttle-convergence-20260920/DerivedData/Build/Products/Debug/RealModule.appintents --target-triple arm64-apple-macos12.0 --binary-file /Volumes/DeveloperStorage/BuildScratch/throttle-convergence-20260920/DerivedData/Build/Products/Debug/RealModule.o --dependency-file /Volumes/DeveloperStorage/BuildScratch/throttle-convergence-20260920/DerivedData/Build/Intermediates.noindex/swift-numerics.build/Debug/RealModule-t.build/Objects-normal/arm64/RealModule_dependency_info.dat --stringsdata-file /Volumes/DeveloperStorage/BuildScratch/throttle-convergence-20260920/DerivedData/Build/Intermediates.noindex/swift-numerics.build/Debug/RealModule-t.build/Objects-normal/arm64/ExtractedAppShortcutsMetadata.stringsdata --source-file-list /Volumes/DeveloperStorage/BuildScratch/throttle-convergence-20260920/DerivedData/Build/Intermediates.noindex/swift-numerics.build/Debug/RealModule-t.build/Objects-normal/arm64/RealModule.SwiftFileList --metadata-file-list /Volumes/DeveloperStorage/BuildScratch/throttle-convergence-20260920/DerivedData/Build/Intermediates.noindex/swift-numerics.build/Debug/RealModule-t.build/RealModule.DependencyMetadataFileList --static-metadata-file-list /Volumes/DeveloperStorage/BuildScratch/throttle-convergence-20260920/DerivedData/Build/Intermediates.noindex/swift-numerics.build/Debug/RealModule-t.build/RealModule.DependencyStaticMetadataFileList --swift-const-vals-list /Volumes/DeveloperStorage/BuildScratch/throttle-convergence-20260920/DerivedData/Build/Intermediates.noindex/swift-numerics.build/Debug/RealModule-t.build/Objects-normal/arm64/RealModule.SwiftConstValuesFileList --force --compile-time-extraction --deployment-aware-processing --no-app-shortcuts-localization
2026-09-21 10:05:02.682 appintentsmetadataprocessor[61843:2174497] Starting appintentsmetadataprocessor export
2026-09-21 10:05:02.719 appintentsmetadataprocessor[61843:2174497] Extracted no relevant App Intents symbols, skipping writing output

Ld /Volumes/DeveloperStorage/BuildScratch/throttle-convergence-20260920/DerivedData/Build/Products/Debug/OrderedCollections.o normal (in target 'OrderedCollections' from project 'swift-collections')
    cd /Volumes/DeveloperStorage/BuildScratch/throttle-convergence-20260920/SourcePackages/checkouts/swift-collections
    /Applications/Xcode.app/Contents/Developer/Toolchains/XcodeDefault.xctoolchain/usr/bin/clang -Xlinker -reproducible -target arm64-apple-macos12.0 -r -isysroot /Applications/Xcode.app/Contents/Developer/Platforms/MacOSX.platform/Developer/SDKs/MacOSX27.0.sdk -O0 -w -Xlinker -no_warn_duplicate_libraries -F/Volumes/DeveloperStorage/BuildScratch/throttle-convergence-20260920/DerivedData/Build/Intermediates.noindex/EagerLinkingTBDs/Debug -F/Volumes/DeveloperStorage/BuildScratch/throttle-convergence-20260920/DerivedData/Build/Products/Debug/PackageFrameworks -F/Volumes/DeveloperStorage/BuildScratch/throttle-convergence-20260920/DerivedData/Build/Products/Debug -iframework /Applications/Xcode.app/Contents/Developer/Platforms/MacOSX.platform/Developer/Library/Frameworks -filelist /Volumes/DeveloperStorage/BuildScratch/throttle-convergence-20260920/DerivedData/Build/Intermediates.noindex/swift-collections.build/Debug/OrderedCollections-t.build/Objects-normal/arm64/OrderedCollections.LinkFileList -nostdlib -Xlinker -object_path_lto -Xlinker /Volumes/DeveloperStorage/BuildScratch/throttle-convergence-20260920/DerivedData/Build/Intermediates.noindex/swift-collections.build/Debug/OrderedCollections-t.build/Objects-normal/arm64/OrderedCollections_lto.o -Xlinker -no_deduplicate -Xlinker -debug_variant -Xlinker -dependency_info -Xlinker /Volumes/DeveloperStorage/BuildScratch/throttle-convergence-20260920/DerivedData/Build/Intermediates.noindex/swift-collections.build/Debug/OrderedCollections-t.build/Objects-normal/arm64/OrderedCollections_dependency_info.dat -fobjc-link-runtime -L/Applications/Xcode.app/Contents/Developer/Toolchains/XcodeDefault.xctoolchain/usr/lib/swift/macosx -L/usr/lib/swift -Xlinker -add_ast_path -Xlinker /Volumes/DeveloperStorage/BuildScratch/throttle-convergence-20260920/DerivedData/Build/Intermediates.noindex/swift-collections.build/Debug/OrderedCollections-t.build/Objects-normal/arm64/OrderedCollections.swiftmodule -o /Volumes/DeveloperStorage/BuildScratch/throttle-convergence-20260920/DerivedData/Build/Products/Debug/OrderedCollections.o

Ld /Volumes/DeveloperStorage/BuildScratch/throttle-convergence-20260920/DerivedData/Build/Products/Debug/ContainersPreview.o normal (in target 'ContainersPreview' from project 'swift-collections')
    cd /Volumes/DeveloperStorage/BuildScratch/throttle-convergence-20260920/SourcePackages/checkouts/swift-collections
    /Applications/Xcode.app/Contents/Developer/Toolchains/XcodeDefault.xctoolchain/usr/bin/clang -Xlinker -reproducible -target arm64-apple-macos12.0 -r -isysroot /Applications/Xcode.app/Contents/Developer/Platforms/MacOSX.platform/Developer/SDKs/MacOSX27.0.sdk -O0 -w -Xlinker -no_warn_duplicate_libraries -F/Volumes/DeveloperStorage/BuildScratch/throttle-convergence-20260920/DerivedData/Build/Intermediates.noindex/EagerLinkingTBDs/Debug -F/Volumes/DeveloperStorage/BuildScratch/throttle-convergence-20260920/DerivedData/Build/Products/Debug/PackageFrameworks -F/Volumes/DeveloperStorage/BuildScratch/throttle-convergence-20260920/DerivedData/Build/Products/Debug -iframework /Applications/Xcode.app/Contents/Developer/Platforms/MacOSX.platform/Developer/Library/Frameworks -filelist /Volumes/DeveloperStorage/BuildScratch/throttle-convergence-20260920/DerivedData/Build/Intermediates.noindex/swift-collections.build/Debug/ContainersPreview-t.build/Objects-normal/arm64/ContainersPreview.LinkFileList -nostdlib -Xlinker -object_path_lto -Xlinker /Volumes/DeveloperStorage/BuildScratch/throttle-convergence-20260920/DerivedData/Build/Intermediates.noindex/swift-collections.build/Debug/ContainersPreview-t.build/Objects-normal/arm64/ContainersPreview_lto.o -Xlinker -no_deduplicate -Xlinker -debug_variant -Xlinker -dependency_info -Xlinker /Volumes/DeveloperStorage/BuildScratch/throttle-convergence-20260920/DerivedData/Build/Intermediates.noindex/swift-collections.build/Debug/ContainersPreview-t.build/Objects-normal/arm64/ContainersPreview_dependency_info.dat -fobjc-link-runtime -L/Applications/Xcode.app/Contents/Developer/Toolchains/XcodeDefault.xctoolchain/usr/lib/swift/macosx -L/usr/lib/swift -Xlinker -add_ast_path -Xlinker /Volumes/DeveloperStorage/BuildScratch/throttle-convergence-20260920/DerivedData/Build/Intermediates.noindex/swift-collections.build/Debug/ContainersPreview-t.build/Objects-normal/arm64/ContainersPreview.swiftmodule -o /Volumes/DeveloperStorage/BuildScratch/throttle-convergence-20260920/DerivedData/Build/Products/Debug/ContainersPreview.o

ExtractAppIntentsMetadata (in target 'ResearchVaultModel' from project 'ResearchVaultKit')
    cd /Users/kevinnadjarian/GitHub/Throttle/build/convergence-recovery-20260920/Packages/ResearchVaultKit
    /Applications/Xcode.app/Contents/Developer/Toolchains/XcodeDefault.xctoolchain/usr/bin/appintentsmetadataprocessor --toolchain-dir /var/run/com.apple.security.cryptexd/mnt/com.apple.MobileAsset.MetalToolchain-v27.1.266.1.s263Mc/Metal.xctoolchain --module-name ResearchVaultModel --sdk-root /Applications/Xcode.app/Contents/Developer/Platforms/MacOSX.platform/Developer/SDKs/MacOSX27.0.sdk --xcode-version 27A266a --platform-family macOS --deployment-target 14.0 --bundle-identifier researchvaultkit.ResearchVaultModel --output /Volumes/DeveloperStorage/BuildScratch/throttle-convergence-20260920/DerivedData/Build/Products/Debug/ResearchVaultModel.appintents --target-triple arm64-apple-macos14.0 --binary-file /Volumes/DeveloperStorage/BuildScratch/throttle-convergence-20260920/DerivedData/Build/Products/Debug/ResearchVaultModel.o --dependency-file /Volumes/DeveloperStorage/BuildScratch/throttle-convergence-20260920/DerivedData/Build/Intermediates.noindex/ResearchVaultKit.build/Debug/ResearchVaultModel-t.build/Objects-normal/arm64/ResearchVaultModel_dependency_info.dat --stringsdata-file /Volumes/DeveloperStorage/BuildScratch/throttle-convergence-20260920/DerivedData/Build/Intermediates.noindex/ResearchVaultKit.build/Debug/ResearchVaultModel-t.build/Objects-normal/arm64/ExtractedAppShortcutsMetadata.stringsdata --source-file-list /Volumes/DeveloperStorage/BuildScratch/throttle-convergence-20260920/DerivedData/Build/Intermediates.noindex/ResearchVaultKit.build/Debug/ResearchVaultModel-t.build/Objects-normal/arm64/ResearchVaultModel.SwiftFileList --metadata-file-list /Volumes/DeveloperStorage/BuildScratch/throttle-convergence-20260920/DerivedData/Build/Intermediates.noindex/ResearchVaultKit.build/Debug/ResearchVaultModel-t.build/ResearchVaultModel.DependencyMetadataFileList --static-metadata-file-list /Volumes/DeveloperStorage/BuildScratch/throttle-convergence-20260920/DerivedData/Build/Intermediates.noindex/ResearchVaultKit.build/Debug/ResearchVaultModel-t.build/ResearchVaultModel.DependencyStaticMetadataFileList --swift-const-vals-list /Volumes/DeveloperStorage/BuildScratch/throttle-convergence-20260920/DerivedData/Build/Intermediates.noindex/ResearchVaultKit.build/Debug/ResearchVaultModel-t.build/Objects-normal/arm64/ResearchVaultModel.SwiftConstValuesFileList --force --compile-time-extraction --deployment-aware-processing --no-app-shortcuts-localization
2026-09-21 10:05:02.728 appintentsmetadataprocessor[61848:2174525] Starting appintentsmetadataprocessor export
2026-09-21 10:05:02.761 appintentsmetadataprocessor[61848:2174525] Extracted no relevant App Intents symbols, skipping writing output

ExtractAppIntentsMetadata (in target 'NIOConcurrencyHelpers' from project 'swift-nio')
    cd /Volumes/DeveloperStorage/BuildScratch/throttle-convergence-20260920/SourcePackages/checkouts/swift-nio
    /Applications/Xcode.app/Contents/Developer/Toolchains/XcodeDefault.xctoolchain/usr/bin/appintentsmetadataprocessor --toolchain-dir /var/run/com.apple.security.cryptexd/mnt/com.apple.MobileAsset.MetalToolchain-v27.1.266.1.s263Mc/Metal.xctoolchain --module-name NIOConcurrencyHelpers --sdk-root /Applications/Xcode.app/Contents/Developer/Platforms/MacOSX.platform/Developer/SDKs/MacOSX27.0.sdk --xcode-version 27A266a --platform-family macOS --deployment-target 12.0 --bundle-identifier swift-nio.NIOConcurrencyHelpers --output /Volumes/DeveloperStorage/BuildScratch/throttle-convergence-20260920/DerivedData/Build/Products/Debug/NIOConcurrencyHelpers.appintents --target-triple arm64-apple-macos12.0 --binary-file /Volumes/DeveloperStorage/BuildScratch/throttle-convergence-20260920/DerivedData/Build/Products/Debug/NIOConcurrencyHelpers.o --dependency-file /Volumes/DeveloperStorage/BuildScratch/throttle-convergence-20260920/DerivedData/Build/Intermediates.noindex/swift-nio.build/Debug/NIOConcurrencyHelpers-t.build/Objects-normal/arm64/NIOConcurrencyHelpers_dependency_info.dat --stringsdata-file /Volumes/DeveloperStorage/BuildScratch/throttle-convergence-20260920/DerivedData/Build/Intermediates.noindex/swift-nio.build/Debug/NIOConcurrencyHelpers-t.build/Objects-normal/arm64/ExtractedAppShortcutsMetadata.stringsdata --source-file-list /Volumes/DeveloperStorage/BuildScratch/throttle-convergence-20260920/DerivedData/Build/Intermediates.noindex/swift-nio.build/Debug/NIOConcurrencyHelpers-t.build/Objects-normal/arm64/NIOConcurrencyHelpers.SwiftFileList --metadata-file-list /Volumes/DeveloperStorage/BuildScratch/throttle-convergence-20260920/DerivedData/Build/Intermediates.noindex/swift-nio.build/Debug/NIOConcurrencyHelpers-t.build/NIOConcurrencyHelpers.DependencyMetadataFileList --static-metadata-file-list /Volumes/DeveloperStorage/BuildScratch/throttle-convergence-20260920/DerivedData/Build/Intermediates.noindex/swift-nio.build/Debug/NIOConcurrencyHelpers-t.build/NIOConcurrencyHelpers.DependencyStaticMetadataFileList --swift-const-vals-list /Volumes/DeveloperStorage/BuildScratch/throttle-convergence-20260920/DerivedData/Build/Intermediates.noindex/swift-nio.build/Debug/NIOConcurrencyHelpers-t.build/Objects-normal/arm64/NIOConcurrencyHelpers.SwiftConstValuesFileList --force --compile-time-extraction --deployment-aware-processing --no-app-shortcuts-localization
2026-09-21 10:05:02.732 appintentsmetadataprocessor[61849:2174526] Starting appintentsmetadataprocessor export
2026-09-21 10:05:02.766 appintentsmetadataprocessor[61849:2174526] Extracted no relevant App Intents symbols, skipping writing output

ExtractAppIntentsMetadata (in target 'ThrottleShared' from project 'ThrottleShared')
    cd /Users/kevinnadjarian/GitHub/Throttle/build/convergence-recovery-20260920/ThrottleShared
    /Applications/Xcode.app/Contents/Developer/Toolchains/XcodeDefault.xctoolchain/usr/bin/appintentsmetadataprocessor --toolchain-dir /var/run/com.apple.security.cryptexd/mnt/com.apple.MobileAsset.MetalToolchain-v27.1.266.1.s263Mc/Metal.xctoolchain --module-name ThrottleShared --sdk-root /Applications/Xcode.app/Contents/Developer/Platforms/MacOSX.platform/Developer/SDKs/MacOSX27.0.sdk --xcode-version 27A266a --platform-family macOS --deployment-target 14.0 --bundle-identifier throttleshared.ThrottleShared --output /Volumes/DeveloperStorage/BuildScratch/throttle-convergence-20260920/DerivedData/Build/Products/Debug/ThrottleShared.appintents --target-triple arm64-apple-macos14.0 --binary-file /Volumes/DeveloperStorage/BuildScratch/throttle-convergence-20260920/DerivedData/Build/Products/Debug/ThrottleShared.o --dependency-file /Volumes/DeveloperStorage/BuildScratch/throttle-convergence-20260920/DerivedData/Build/Intermediates.noindex/ThrottleShared.build/Debug/ThrottleShared-t.build/Objects-normal/arm64/ThrottleShared_dependency_info.dat --stringsdata-file /Volumes/DeveloperStorage/BuildScratch/throttle-convergence-20260920/DerivedData/Build/Intermediates.noindex/ThrottleShared.build/Debug/ThrottleShared-t.build/Objects-normal/arm64/ExtractedAppShortcutsMetadata.stringsdata --source-file-list /Volumes/DeveloperStorage/BuildScratch/throttle-convergence-20260920/DerivedData/Build/Intermediates.noindex/ThrottleShared.build/Debug/ThrottleShared-t.build/Objects-normal/arm64/ThrottleShared.SwiftFileList --metadata-file-list /Volumes/DeveloperStorage/BuildScratch/throttle-convergence-20260920/DerivedData/Build/Intermediates.noindex/ThrottleShared.build/Debug/ThrottleShared-t.build/ThrottleShared.DependencyMetadataFileList --static-metadata-file-list /Volumes/DeveloperStorage/BuildScratch/throttle-convergence-20260920/DerivedData/Build/Intermediates.noindex/ThrottleShared.build/Debug/ThrottleShared-t.build/ThrottleShared.DependencyStaticMetadataFileList --swift-const-vals-list /Volumes/DeveloperStorage/BuildScratch/throttle-convergence-20260920/DerivedData/Build/Intermediates.noindex/ThrottleShared.build/Debug/ThrottleShared-t.build/Objects-normal/arm64/ThrottleShared.SwiftConstValuesFileList --force --compile-time-extraction --deployment-aware-processing --no-app-shortcuts-localization
2026-09-21 10:05:02.776 appintentsmetadataprocessor[61850:2174531] Starting appintentsmetadataprocessor export
2026-09-21 10:05:02.814 appintentsmetadataprocessor[61850:2174531] Extracted no relevant App Intents symbols, skipping writing output

ExtractAppIntentsMetadata (in target 'SwiftSyntax510' from project 'swift-syntax')
    cd /Volumes/DeveloperStorage/BuildScratch/throttle-convergence-20260920/SourcePackages/checkouts/swift-syntax
    /Applications/Xcode.app/Contents/Developer/Toolchains/XcodeDefault.xctoolchain/usr/bin/appintentsmetadataprocessor --toolchain-dir /var/run/com.apple.security.cryptexd/mnt/com.apple.MobileAsset.MetalToolchain-v27.1.266.1.s263Mc/Metal.xctoolchain --module-name SwiftSyntax510 --sdk-root /Applications/Xcode.app/Contents/Developer/Platforms/MacOSX.platform/Developer/SDKs/MacOSX27.0.sdk --xcode-version 27A266a --platform-family macOS --deployment-target 12.0 --bundle-identifier swift-syntax.SwiftSyntax510 --output /Volumes/DeveloperStorage/BuildScratch/throttle-convergence-20260920/DerivedData/Build/Products/Debug/SwiftSyntax510.appintents --target-triple arm64-apple-macos12.0 --binary-file /Volumes/DeveloperStorage/BuildScratch/throttle-convergence-20260920/DerivedData/Build/Products/Debug/SwiftSyntax510.o --dependency-file /Volumes/DeveloperStorage/BuildScratch/throttle-convergence-20260920/DerivedData/Build/Intermediates.noindex/swift-syntax.build/Debug/SwiftSyntax510-t.build/Objects-normal/arm64/SwiftSyntax510_dependency_info.dat --stringsdata-file /Volumes/DeveloperStorage/BuildScratch/throttle-convergence-20260920/DerivedData/Build/Intermediates.noindex/swift-syntax.build/Debug/SwiftSyntax510-t.build/Objects-normal/arm64/ExtractedAppShortcutsMetadata.stringsdata --source-file-list /Volumes/DeveloperStorage/BuildScratch/throttle-convergence-20260920/DerivedData/Build/Intermediates.noindex/swift-syntax.build/Debug/SwiftSyntax510-t.build/Objects-normal/arm64/SwiftSyntax510.SwiftFileList --metadata-file-list /Volumes/DeveloperStorage/BuildScratch/throttle-convergence-20260920/DerivedData/Build/Intermediates.noindex/swift-syntax.build/Debug/SwiftSyntax510-t.build/SwiftSyntax510.DependencyMetadataFileList --static-metadata-file-list /Volumes/DeveloperStorage/BuildScratch/throttle-convergence-20260920/DerivedData/Build/Intermediates.noindex/swift-syntax.build/Debug/SwiftSyntax510-t.build/SwiftSyntax510.DependencyStaticMetadataFileList --swift-const-vals-list /Volumes/DeveloperStorage/BuildScratch/throttle-convergence-20260920/DerivedData/Build/Intermediates.noindex/swift-syntax.build/Debug/SwiftSyntax510-t.build/Objects-normal/arm64/SwiftSyntax510.SwiftConstValuesFileList --force --compile-time-extraction --deployment-aware-processing --no-app-shortcuts-localization
2026-09-21 10:05:02.786 appintentsmetadataprocessor[61851:2174532] Starting appintentsmetadataprocessor export
2026-09-21 10:05:02.820 appintentsmetadataprocessor[61851:2174532] Extracted no relevant App Intents symbols, skipping writing output

Ld /Volumes/DeveloperStorage/BuildScratch/throttle-convergence-20260920/DerivedData/Build/Products/Debug/ComplexModule.o normal (in target 'ComplexModule' from project 'swift-numerics')
    cd /Volumes/DeveloperStorage/BuildScratch/throttle-convergence-20260920/SourcePackages/checkouts/swift-numerics
    /Applications/Xcode.app/Contents/Developer/Toolchains/XcodeDefault.xctoolchain/usr/bin/clang -Xlinker -reproducible -target arm64-apple-macos12.0 -r -isysroot /Applications/Xcode.app/Contents/Developer/Platforms/MacOSX.platform/Developer/SDKs/MacOSX27.0.sdk -O0 -w -Xlinker -no_warn_duplicate_libraries -F/Volumes/DeveloperStorage/BuildScratch/throttle-convergence-20260920/DerivedData/Build/Intermediates.noindex/EagerLinkingTBDs/Debug -F/Volumes/DeveloperStorage/BuildScratch/throttle-convergence-20260920/DerivedData/Build/Products/Debug/PackageFrameworks -F/Volumes/DeveloperStorage/BuildScratch/throttle-convergence-20260920/DerivedData/Build/Products/Debug -iframework /Applications/Xcode.app/Contents/Developer/Platforms/MacOSX.platform/Developer/Library/Frameworks -filelist /Volumes/DeveloperStorage/BuildScratch/throttle-convergence-20260920/DerivedData/Build/Intermediates.noindex/swift-numerics.build/Debug/ComplexModule-t.build/Objects-normal/arm64/ComplexModule.LinkFileList -nostdlib -Xlinker -object_path_lto -Xlinker /Volumes/DeveloperStorage/BuildScratch/throttle-convergence-20260920/DerivedData/Build/Intermediates.noindex/swift-numerics.build/Debug/ComplexModule-t.build/Objects-normal/arm64/ComplexModule_lto.o -Xlinker -no_deduplicate -Xlinker -debug_variant -Xlinker -dependency_info -Xlinker /Volumes/DeveloperStorage/BuildScratch/throttle-convergence-20260920/DerivedData/Build/Intermediates.noindex/swift-numerics.build/Debug/ComplexModule-t.build/Objects-normal/arm64/ComplexModule_dependency_info.dat -fobjc-link-runtime -L/Applications/Xcode.app/Contents/Developer/Toolchains/XcodeDefault.xctoolchain/usr/lib/swift/macosx -L/usr/lib/swift -Xlinker -add_ast_path -Xlinker /Volumes/DeveloperStorage/BuildScratch/throttle-convergence-20260920/DerivedData/Build/Intermediates.noindex/swift-numerics.build/Debug/ComplexModule-t.build/Objects-normal/arm64/ComplexModule.swiftmodule -o /Volumes/DeveloperStorage/BuildScratch/throttle-convergence-20260920/DerivedData/Build/Products/Debug/ComplexModule.o

Ld /Volumes/DeveloperStorage/BuildScratch/throttle-convergence-20260920/DerivedData/Build/Products/Debug/ArgumentParser.o normal (in target 'ArgumentParser' from project 'swift-argument-parser')
    cd /Volumes/DeveloperStorage/BuildScratch/throttle-convergence-20260920/SourcePackages/checkouts/swift-argument-parser
    /Applications/Xcode.app/Contents/Developer/Toolchains/XcodeDefault.xctoolchain/usr/bin/clang -Xlinker -reproducible -target arm64-apple-macos12.0 -r -isysroot /Applications/Xcode.app/Contents/Developer/Platforms/MacOSX.platform/Developer/SDKs/MacOSX27.0.sdk -O0 -w -Xlinker -no_warn_duplicate_libraries -F/Volumes/DeveloperStorage/BuildScratch/throttle-convergence-20260920/DerivedData/Build/Intermediates.noindex/EagerLinkingTBDs/Debug -F/Volumes/DeveloperStorage/BuildScratch/throttle-convergence-20260920/DerivedData/Build/Products/Debug/PackageFrameworks -F/Volumes/DeveloperStorage/BuildScratch/throttle-convergence-20260920/DerivedData/Build/Products/Debug -iframework /Applications/Xcode.app/Contents/Developer/Platforms/MacOSX.platform/Developer/Library/Frameworks -filelist /Volumes/DeveloperStorage/BuildScratch/throttle-convergence-20260920/DerivedData/Build/Intermediates.noindex/swift-argument-parser.build/Debug/ArgumentParser-t.build/Objects-normal/arm64/ArgumentParser.LinkFileList -nostdlib -Xlinker -object_path_lto -Xlinker /Volumes/DeveloperStorage/BuildScratch/throttle-convergence-20260920/DerivedData/Build/Intermediates.noindex/swift-argument-parser.build/Debug/ArgumentParser-t.build/Objects-normal/arm64/ArgumentParser_lto.o -Xlinker -no_deduplicate -Xlinker -debug_variant -Xlinker -dependency_info -Xlinker /Volumes/DeveloperStorage/BuildScratch/throttle-convergence-20260920/DerivedData/Build/Intermediates.noindex/swift-argument-parser.build/Debug/ArgumentParser-t.build/Objects-normal/arm64/ArgumentParser_dependency_info.dat -fobjc-link-runtime -L/Applications/Xcode.app/Contents/Developer/Toolchains/XcodeDefault.xctoolchain/usr/lib/swift/macosx -L/usr/lib/swift -Xlinker -add_ast_path -Xlinker /Volumes/DeveloperStorage/BuildScratch/throttle-convergence-20260920/DerivedData/Build/Intermediates.noindex/swift-argument-parser.build/Debug/ArgumentParser-t.build/Objects-normal/arm64/ArgumentParser.swiftmodule -o /Volumes/DeveloperStorage/BuildScratch/throttle-convergence-20260920/DerivedData/Build/Products/Debug/ArgumentParser.o

ExtractAppIntentsMetadata (in target 'OrderedCollections' from project 'swift-collections')
    cd /Volumes/DeveloperStorage/BuildScratch/throttle-convergence-20260920/SourcePackages/checkouts/swift-collections
    /Applications/Xcode.app/Contents/Developer/Toolchains/XcodeDefault.xctoolchain/usr/bin/appintentsmetadataprocessor --toolchain-dir /var/run/com.apple.security.cryptexd/mnt/com.apple.MobileAsset.MetalToolchain-v27.1.266.1.s263Mc/Metal.xctoolchain --module-name OrderedCollections --sdk-root /Applications/Xcode.app/Contents/Developer/Platforms/MacOSX.platform/Developer/SDKs/MacOSX27.0.sdk --xcode-version 27A266a --platform-family macOS --deployment-target 12.0 --bundle-identifier swift-collections.OrderedCollections --output /Volumes/DeveloperStorage/BuildScratch/throttle-convergence-20260920/DerivedData/Build/Products/Debug/OrderedCollections.appintents --target-triple arm64-apple-macos12.0 --binary-file /Volumes/DeveloperStorage/BuildScratch/throttle-convergence-20260920/DerivedData/Build/Products/Debug/OrderedCollections.o --dependency-file /Volumes/DeveloperStorage/BuildScratch/throttle-convergence-20260920/DerivedData/Build/Intermediates.noindex/swift-collections.build/Debug/OrderedCollections-t.build/Objects-normal/arm64/OrderedCollections_dependency_info.dat --stringsdata-file /Volumes/DeveloperStorage/BuildScratch/throttle-convergence-20260920/DerivedData/Build/Intermediates.noindex/swift-collections.build/Debug/OrderedCollections-t.build/Objects-normal/arm64/ExtractedAppShortcutsMetadata.stringsdata --source-file-list /Volumes/DeveloperStorage/BuildScratch/throttle-convergence-20260920/DerivedData/Build/Intermediates.noindex/swift-collections.build/Debug/OrderedCollections-t.build/Objects-normal/arm64/OrderedCollections.SwiftFileList --metadata-file-list /Volumes/DeveloperStorage/BuildScratch/throttle-convergence-20260920/DerivedData/Build/Intermediates.noindex/swift-collections.build/Debug/OrderedCollections-t.build/OrderedCollections.DependencyMetadataFileList --static-metadata-file-list /Volumes/DeveloperStorage/BuildScratch/throttle-convergence-20260920/DerivedData/Build/Intermediates.noindex/swift-collections.build/Debug/OrderedCollections-t.build/OrderedCollections.DependencyStaticMetadataFileList --swift-const-vals-list /Volumes/DeveloperStorage/BuildScratch/throttle-convergence-20260920/DerivedData/Build/Intermediates.noindex/swift-collections.build/Debug/OrderedCollections-t.build/Objects-normal/arm64/OrderedCollections.SwiftConstValuesFileList --force --compile-time-extraction --deployment-aware-processing --no-app-shortcuts-localization
2026-09-21 10:05:02.847 appintentsmetadataprocessor[61857:2174554] Starting appintentsmetadataprocessor export
2026-09-21 10:05:02.892 appintentsmetadataprocessor[61857:2174554] Extracted no relevant App Intents symbols, skipping writing output

Ld /Volumes/DeveloperStorage/BuildScratch/throttle-convergence-20260920/DerivedData/Build/Products/Debug/ResearchVaultReasoning.o normal (in target 'ResearchVaultReasoning' from project 'ResearchVaultKit')
    cd /Users/kevinnadjarian/GitHub/Throttle/build/convergence-recovery-20260920/Packages/ResearchVaultKit
    /Applications/Xcode.app/Contents/Developer/Toolchains/XcodeDefault.xctoolchain/usr/bin/clang -Xlinker -reproducible -target arm64-apple-macos14.0 -r -isysroot /Applications/Xcode.app/Contents/Developer/Platforms/MacOSX.platform/Developer/SDKs/MacOSX27.0.sdk -O0 -Xlinker -no_warn_duplicate_libraries -F/Volumes/DeveloperStorage/BuildScratch/throttle-convergence-20260920/DerivedData/Build/Intermediates.noindex/EagerLinkingTBDs/Debug -F/Volumes/DeveloperStorage/BuildScratch/throttle-convergence-20260920/DerivedData/Build/Products/Debug/PackageFrameworks -F/Volumes/DeveloperStorage/BuildScratch/throttle-convergence-20260920/DerivedData/Build/Products/Debug -iframework /Applications/Xcode.app/Contents/Developer/Platforms/MacOSX.platform/Developer/Library/Frameworks -filelist /Volumes/DeveloperStorage/BuildScratch/throttle-convergence-20260920/DerivedData/Build/Intermediates.noindex/ResearchVaultKit.build/Debug/ResearchVaultReasoning-t.build/Objects-normal/arm64/ResearchVaultReasoning.LinkFileList -nostdlib -Xlinker -object_path_lto -Xlinker /Volumes/DeveloperStorage/BuildScratch/throttle-convergence-20260920/DerivedData/Build/Intermediates.noindex/ResearchVaultKit.build/Debug/ResearchVaultReasoning-t.build/Objects-normal/arm64/ResearchVaultReasoning_lto.o -Xlinker -no_deduplicate -Xlinker -debug_variant -Xlinker -dependency_info -Xlinker /Volumes/DeveloperStorage/BuildScratch/throttle-convergence-20260920/DerivedData/Build/Intermediates.noindex/ResearchVaultKit.build/Debug/ResearchVaultReasoning-t.build/Objects-normal/arm64/ResearchVaultReasoning_dependency_info.dat -fobjc-link-runtime -L/Applications/Xcode.app/Contents/Developer/Toolchains/XcodeDefault.xctoolchain/usr/lib/swift/macosx -L/usr/lib/swift -Xlinker -add_ast_path -Xlinker /Volumes/DeveloperStorage/BuildScratch/throttle-convergence-20260920/DerivedData/Build/Intermediates.noindex/ResearchVaultKit.build/Debug/ResearchVaultReasoning-t.build/Objects-normal/arm64/ResearchVaultReasoning.swiftmodule -o /Volumes/DeveloperStorage/BuildScratch/throttle-convergence-20260920/DerivedData/Build/Products/Debug/ResearchVaultReasoning.o

Ld /Volumes/DeveloperStorage/BuildScratch/throttle-convergence-20260920/DerivedData/Build/Products/Debug/ResearchVaultIPCModel.o normal (in target 'ResearchVaultIPCModel' from project 'ResearchVaultKit')
    cd /Users/kevinnadjarian/GitHub/Throttle/build/convergence-recovery-20260920/Packages/ResearchVaultKit
    /Applications/Xcode.app/Contents/Developer/Toolchains/XcodeDefault.xctoolchain/usr/bin/clang -Xlinker -reproducible -target arm64-apple-macos14.0 -r -isysroot /Applications/Xcode.app/Contents/Developer/Platforms/MacOSX.platform/Developer/SDKs/MacOSX27.0.sdk -O0 -Xlinker -no_warn_duplicate_libraries -F/Volumes/DeveloperStorage/BuildScratch/throttle-convergence-20260920/DerivedData/Build/Intermediates.noindex/EagerLinkingTBDs/Debug -F/Volumes/DeveloperStorage/BuildScratch/throttle-convergence-20260920/DerivedData/Build/Products/Debug/PackageFrameworks -F/Volumes/DeveloperStorage/BuildScratch/throttle-convergence-20260920/DerivedData/Build/Products/Debug -iframework /Applications/Xcode.app/Contents/Developer/Platforms/MacOSX.platform/Developer/Library/Frameworks -filelist /Volumes/DeveloperStorage/BuildScratch/throttle-convergence-20260920/DerivedData/Build/Intermediates.noindex/ResearchVaultKit.build/Debug/ResearchVaultIPCModel-t.build/Objects-normal/arm64/ResearchVaultIPCModel.LinkFileList -nostdlib -Xlinker -object_path_lto -Xlinker /Volumes/DeveloperStorage/BuildScratch/throttle-convergence-20260920/DerivedData/Build/Intermediates.noindex/ResearchVaultKit.build/Debug/ResearchVaultIPCModel-t.build/Objects-normal/arm64/ResearchVaultIPCModel_lto.o -Xlinker -no_deduplicate -Xlinker -debug_variant -Xlinker -dependency_info -Xlinker /Volumes/DeveloperStorage/BuildScratch/throttle-convergence-20260920/DerivedData/Build/Intermediates.noindex/ResearchVaultKit.build/Debug/ResearchVaultIPCModel-t.build/Objects-normal/arm64/ResearchVaultIPCModel_dependency_info.dat -fobjc-link-runtime -L/Applications/Xcode.app/Contents/Developer/Toolchains/XcodeDefault.xctoolchain/usr/lib/swift/macosx -L/usr/lib/swift -Xlinker -add_ast_path -Xlinker /Volumes/DeveloperStorage/BuildScratch/throttle-convergence-20260920/DerivedData/Build/Intermediates.noindex/ResearchVaultKit.build/Debug/ResearchVaultIPCModel-t.build/Objects-normal/arm64/ResearchVaultIPCModel.swiftmodule -o /Volumes/DeveloperStorage/BuildScratch/throttle-convergence-20260920/DerivedData/Build/Products/Debug/ResearchVaultIPCModel.o

ExtractAppIntentsMetadata (in target 'ContainersPreview' from project 'swift-collections')
    cd /Volumes/DeveloperStorage/BuildScratch/throttle-convergence-20260920/SourcePackages/checkouts/swift-collections
    /Applications/Xcode.app/Contents/Developer/Toolchains/XcodeDefault.xctoolchain/usr/bin/appintentsmetadataprocessor --toolchain-dir /var/run/com.apple.security.cryptexd/mnt/com.apple.MobileAsset.MetalToolchain-v27.1.266.1.s263Mc/Metal.xctoolchain --module-name ContainersPreview --sdk-root /Applications/Xcode.app/Contents/Developer/Platforms/MacOSX.platform/Developer/SDKs/MacOSX27.0.sdk --xcode-version 27A266a --platform-family macOS --deployment-target 12.0 --bundle-identifier swift-collections.ContainersPreview --output /Volumes/DeveloperStorage/BuildScratch/throttle-convergence-20260920/DerivedData/Build/Products/Debug/ContainersPreview.appintents --target-triple arm64-apple-macos12.0 --binary-file /Volumes/DeveloperStorage/BuildScratch/throttle-convergence-20260920/DerivedData/Build/Products/Debug/ContainersPreview.o --dependency-file /Volumes/DeveloperStorage/BuildScratch/throttle-convergence-20260920/DerivedData/Build/Intermediates.noindex/swift-collections.build/Debug/ContainersPreview-t.build/Objects-normal/arm64/ContainersPreview_dependency_info.dat --stringsdata-file /Volumes/DeveloperStorage/BuildScratch/throttle-convergence-20260920/DerivedData/Build/Intermediates.noindex/swift-collections.build/Debug/ContainersPreview-t.build/Objects-normal/arm64/ExtractedAppShortcutsMetadata.stringsdata --source-file-list /Volumes/DeveloperStorage/BuildScratch/throttle-convergence-20260920/DerivedData/Build/Intermediates.noindex/swift-collections.build/Debug/ContainersPreview-t.build/Objects-normal/arm64/ContainersPreview.SwiftFileList --metadata-file-list /Volumes/DeveloperStorage/BuildScratch/throttle-convergence-20260920/DerivedData/Build/Intermediates.noindex/swift-collections.build/Debug/ContainersPreview-t.build/ContainersPreview.DependencyMetadataFileList --static-metadata-file-list /Volumes/DeveloperStorage/BuildScratch/throttle-convergence-20260920/DerivedData/Build/Intermediates.noindex/swift-collections.build/Debug/ContainersPreview-t.build/ContainersPreview.DependencyStaticMetadataFileList --swift-const-vals-list /Volumes/DeveloperStorage/BuildScratch/throttle-convergence-20260920/DerivedData/Build/Intermediates.noindex/swift-collections.build/Debug/ContainersPreview-t.build/Objects-normal/arm64/ContainersPreview.SwiftConstValuesFileList --force --compile-time-extraction --deployment-aware-processing --no-app-shortcuts-localization
2026-09-21 10:05:02.906 appintentsmetadataprocessor[61862:2174589] Starting appintentsmetadataprocessor export
2026-09-21 10:05:02.945 appintentsmetadataprocessor[61862:2174589] Extracted no relevant App Intents symbols, skipping writing output

ExtractAppIntentsMetadata (in target 'ThrottlePeerProtocol' from project 'ThrottlePeerProtocol')
    cd /Users/kevinnadjarian/GitHub/Throttle/build/convergence-recovery-20260920/Packages/ThrottlePeerProtocol
    /Applications/Xcode.app/Contents/Developer/Toolchains/XcodeDefault.xctoolchain/usr/bin/appintentsmetadataprocessor --toolchain-dir /var/run/com.apple.security.cryptexd/mnt/com.apple.MobileAsset.MetalToolchain-v27.1.266.1.s263Mc/Metal.xctoolchain --module-name ThrottlePeerProtocol --sdk-root /Applications/Xcode.app/Contents/Developer/Platforms/MacOSX.platform/Developer/SDKs/MacOSX27.0.sdk --xcode-version 27A266a --platform-family macOS --deployment-target 14.0 --bundle-identifier throttlepeerprotocol.ThrottlePeerProtocol --output /Volumes/DeveloperStorage/BuildScratch/throttle-convergence-20260920/DerivedData/Build/Products/Debug/ThrottlePeerProtocol.appintents --target-triple arm64-apple-macos14.0 --binary-file /Volumes/DeveloperStorage/BuildScratch/throttle-convergence-20260920/DerivedData/Build/Products/Debug/ThrottlePeerProtocol.o --dependency-file /Volumes/DeveloperStorage/BuildScratch/throttle-convergence-20260920/DerivedData/Build/Intermediates.noindex/ThrottlePeerProtocol.build/Debug/ThrottlePeerProtocol-t.build/Objects-normal/arm64/ThrottlePeerProtocol_dependency_info.dat --stringsdata-file /Volumes/DeveloperStorage/BuildScratch/throttle-convergence-20260920/DerivedData/Build/Intermediates.noindex/ThrottlePeerProtocol.build/Debug/ThrottlePeerProtocol-t.build/Objects-normal/arm64/ExtractedAppShortcutsMetadata.stringsdata --source-file-list /Volumes/DeveloperStorage/BuildScratch/throttle-convergence-20260920/DerivedData/Build/Intermediates.noindex/ThrottlePeerProtocol.build/Debug/ThrottlePeerProtocol-t.build/Objects-normal/arm64/ThrottlePeerProtocol.SwiftFileList --metadata-file-list /Volumes/DeveloperStorage/BuildScratch/throttle-convergence-20260920/DerivedData/Build/Intermediates.noindex/ThrottlePeerProtocol.build/Debug/ThrottlePeerProtocol-t.build/ThrottlePeerProtocol.DependencyMetadataFileList --static-metadata-file-list /Volumes/DeveloperStorage/BuildScratch/throttle-convergence-20260920/DerivedData/Build/Intermediates.noindex/ThrottlePeerProtocol.build/Debug/ThrottlePeerProtocol-t.build/ThrottlePeerProtocol.DependencyStaticMetadataFileList --swift-const-vals-list /Volumes/DeveloperStorage/BuildScratch/throttle-convergence-20260920/DerivedData/Build/Intermediates.noindex/ThrottlePeerProtocol.build/Debug/ThrottlePeerProtocol-t.build/Objects-normal/arm64/ThrottlePeerProtocol.SwiftConstValuesFileList --force --compile-time-extraction --deployment-aware-processing --no-app-shortcuts-localization
2026-09-21 10:05:02.905 appintentsmetadataprocessor[61863:2174590] Starting appintentsmetadataprocessor export
2026-09-21 10:05:02.939 appintentsmetadataprocessor[61863:2174590] Extracted no relevant App Intents symbols, skipping writing output

ExtractAppIntentsMetadata (in target 'SwiftSyntax600' from project 'swift-syntax')
    cd /Volumes/DeveloperStorage/BuildScratch/throttle-convergence-20260920/SourcePackages/checkouts/swift-syntax
    /Applications/Xcode.app/Contents/Developer/Toolchains/XcodeDefault.xctoolchain/usr/bin/appintentsmetadataprocessor --toolchain-dir /var/run/com.apple.security.cryptexd/mnt/com.apple.MobileAsset.MetalToolchain-v27.1.266.1.s263Mc/Metal.xctoolchain --module-name SwiftSyntax600 --sdk-root /Applications/Xcode.app/Contents/Developer/Platforms/MacOSX.platform/Developer/SDKs/MacOSX27.0.sdk --xcode-version 27A266a --platform-family macOS --deployment-target 12.0 --bundle-identifier swift-syntax.SwiftSyntax600 --output /Volumes/DeveloperStorage/BuildScratch/throttle-convergence-20260920/DerivedData/Build/Products/Debug/SwiftSyntax600.appintents --target-triple arm64-apple-macos12.0 --binary-file /Volumes/DeveloperStorage/BuildScratch/throttle-convergence-20260920/DerivedData/Build/Products/Debug/SwiftSyntax600.o --dependency-file /Volumes/DeveloperStorage/BuildScratch/throttle-convergence-20260920/DerivedData/Build/Intermediates.noindex/swift-syntax.build/Debug/SwiftSyntax600-t.build/Objects-normal/arm64/SwiftSyntax600_dependency_info.dat --stringsdata-file /Volumes/DeveloperStorage/BuildScratch/throttle-convergence-20260920/DerivedData/Build/Intermediates.noindex/swift-syntax.build/Debug/SwiftSyntax600-t.build/Objects-normal/arm64/ExtractedAppShortcutsMetadata.stringsdata --source-file-list /Volumes/DeveloperStorage/BuildScratch/throttle-convergence-20260920/DerivedData/Build/Intermediates.noindex/swift-syntax.build/Debug/SwiftSyntax600-t.build/Objects-normal/arm64/SwiftSyntax600.SwiftFileList --metadata-file-list /Volumes/DeveloperStorage/BuildScratch/throttle-convergence-20260920/DerivedData/Build/Intermediates.noindex/swift-syntax.build/Debug/SwiftSyntax600-t.build/SwiftSyntax600.DependencyMetadataFileList --static-metadata-file-list /Volumes/DeveloperStorage/BuildScratch/throttle-convergence-20260920/DerivedData/Build/Intermediates.noindex/swift-syntax.build/Debug/SwiftSyntax600-t.build/SwiftSyntax600.DependencyStaticMetadataFileList --swift-const-vals-list /Volumes/DeveloperStorage/BuildScratch/throttle-convergence-20260920/DerivedData/Build/Intermediates.noindex/swift-syntax.build/Debug/SwiftSyntax600-t.build/Objects-normal/arm64/SwiftSyntax600.SwiftConstValuesFileList --force --compile-time-extraction --deployment-aware-processing --no-app-shortcuts-localization
2026-09-21 10:05:02.953 appintentsmetadataprocessor[61864:2174595] Starting appintentsmetadataprocessor export
2026-09-21 10:05:02.986 appintentsmetadataprocessor[61864:2174595] Extracted no relevant App Intents symbols, skipping writing output

ExtractAppIntentsMetadata (in target 'ComplexModule' from project 'swift-numerics')
    cd /Volumes/DeveloperStorage/BuildScratch/throttle-convergence-20260920/SourcePackages/checkouts/swift-numerics
    /Applications/Xcode.app/Contents/Developer/Toolchains/XcodeDefault.xctoolchain/usr/bin/appintentsmetadataprocessor --toolchain-dir /var/run/com.apple.security.cryptexd/mnt/com.apple.MobileAsset.MetalToolchain-v27.1.266.1.s263Mc/Metal.xctoolchain --module-name ComplexModule --sdk-root /Applications/Xcode.app/Contents/Developer/Platforms/MacOSX.platform/Developer/SDKs/MacOSX27.0.sdk --xcode-version 27A266a --platform-family macOS --deployment-target 12.0 --bundle-identifier swift-numerics.ComplexModule --output /Volumes/DeveloperStorage/BuildScratch/throttle-convergence-20260920/DerivedData/Build/Products/Debug/ComplexModule.appintents --target-triple arm64-apple-macos12.0 --binary-file /Volumes/DeveloperStorage/BuildScratch/throttle-convergence-20260920/DerivedData/Build/Products/Debug/ComplexModule.o --dependency-file /Volumes/DeveloperStorage/BuildScratch/throttle-convergence-20260920/DerivedData/Build/Intermediates.noindex/swift-numerics.build/Debug/ComplexModule-t.build/Objects-normal/arm64/ComplexModule_dependency_info.dat --stringsdata-file /Volumes/DeveloperStorage/BuildScratch/throttle-convergence-20260920/DerivedData/Build/Intermediates.noindex/swift-numerics.build/Debug/ComplexModule-t.build/Objects-normal/arm64/ExtractedAppShortcutsMetadata.stringsdata --source-file-list /Volumes/DeveloperStorage/BuildScratch/throttle-convergence-20260920/DerivedData/Build/Intermediates.noindex/swift-numerics.build/Debug/ComplexModule-t.build/Objects-normal/arm64/ComplexModule.SwiftFileList --metadata-file-list /Volumes/DeveloperStorage/BuildScratch/throttle-convergence-20260920/DerivedData/Build/Intermediates.noindex/swift-numerics.build/Debug/ComplexModule-t.build/ComplexModule.DependencyMetadataFileList --static-metadata-file-list /Volumes/DeveloperStorage/BuildScratch/throttle-convergence-20260920/DerivedData/Build/Intermediates.noindex/swift-numerics.build/Debug/ComplexModule-t.build/ComplexModule.DependencyStaticMetadataFileList --swift-const-vals-list /Volumes/DeveloperStorage/BuildScratch/throttle-convergence-20260920/DerivedData/Build/Intermediates.noindex/swift-numerics.build/Debug/ComplexModule-t.build/Objects-normal/arm64/ComplexModule.SwiftConstValuesFileList --force --compile-time-extraction --deployment-aware-processing --no-app-shortcuts-localization
2026-09-21 10:05:02.959 appintentsmetadataprocessor[61865:2174596] Starting appintentsmetadataprocessor export
2026-09-21 10:05:02.994 appintentsmetadataprocessor[61865:2174596] Extracted no relevant App Intents symbols, skipping writing output

Ld /Volumes/DeveloperStorage/BuildScratch/throttle-convergence-20260920/DerivedData/Build/Products/Debug/Jinja.o normal (in target 'Jinja' from project 'Jinja')
    cd /Volumes/DeveloperStorage/BuildScratch/throttle-convergence-20260920/SourcePackages/checkouts/swift-jinja
    /Applications/Xcode.app/Contents/Developer/Toolchains/XcodeDefault.xctoolchain/usr/bin/clang -Xlinker -reproducible -target arm64-apple-macos13.0 -r -isysroot /Applications/Xcode.app/Contents/Developer/Platforms/MacOSX.platform/Developer/SDKs/MacOSX27.0.sdk -O0 -w -Xlinker -no_warn_duplicate_libraries -F/Volumes/DeveloperStorage/BuildScratch/throttle-convergence-20260920/DerivedData/Build/Intermediates.noindex/EagerLinkingTBDs/Debug -F/Volumes/DeveloperStorage/BuildScratch/throttle-convergence-20260920/DerivedData/Build/Products/Debug/PackageFrameworks -F/Volumes/DeveloperStorage/BuildScratch/throttle-convergence-20260920/DerivedData/Build/Products/Debug -iframework /Applications/Xcode.app/Contents/Developer/Platforms/MacOSX.platform/Developer/Library/Frameworks -filelist /Volumes/DeveloperStorage/BuildScratch/throttle-convergence-20260920/DerivedData/Build/Intermediates.noindex/Jinja.build/Debug/Jinja-t.build/Objects-normal/arm64/Jinja.LinkFileList -nostdlib -Xlinker -object_path_lto -Xlinker /Volumes/DeveloperStorage/BuildScratch/throttle-convergence-20260920/DerivedData/Build/Intermediates.noindex/Jinja.build/Debug/Jinja-t.build/Objects-normal/arm64/Jinja_lto.o -Xlinker -no_deduplicate -Xlinker -debug_variant -Xlinker -dependency_info -Xlinker /Volumes/DeveloperStorage/BuildScratch/throttle-convergence-20260920/DerivedData/Build/Intermediates.noindex/Jinja.build/Debug/Jinja-t.build/Objects-normal/arm64/Jinja_dependency_info.dat -fobjc-link-runtime -L/Applications/Xcode.app/Contents/Developer/Toolchains/XcodeDefault.xctoolchain/usr/lib/swift/macosx -L/usr/lib/swift -Xlinker -add_ast_path -Xlinker /Volumes/DeveloperStorage/BuildScratch/throttle-convergence-20260920/DerivedData/Build/Intermediates.noindex/Jinja.build/Debug/Jinja-t.build/Objects-normal/arm64/Jinja.swiftmodule -o /Volumes/DeveloperStorage/BuildScratch/throttle-convergence-20260920/DerivedData/Build/Products/Debug/Jinja.o

ExtractAppIntentsMetadata (in target 'ArgumentParser' from project 'swift-argument-parser')
    cd /Volumes/DeveloperStorage/BuildScratch/throttle-convergence-20260920/SourcePackages/checkouts/swift-argument-parser
    /Applications/Xcode.app/Contents/Developer/Toolchains/XcodeDefault.xctoolchain/usr/bin/appintentsmetadataprocessor --toolchain-dir /var/run/com.apple.security.cryptexd/mnt/com.apple.MobileAsset.MetalToolchain-v27.1.266.1.s263Mc/Metal.xctoolchain --module-name ArgumentParser --sdk-root /Applications/Xcode.app/Contents/Developer/Platforms/MacOSX.platform/Developer/SDKs/MacOSX27.0.sdk --xcode-version 27A266a --platform-family macOS --deployment-target 12.0 --bundle-identifier swift-argument-parser.ArgumentParser --output /Volumes/DeveloperStorage/BuildScratch/throttle-convergence-20260920/DerivedData/Build/Products/Debug/ArgumentParser.appintents --target-triple arm64-apple-macos12.0 --binary-file /Volumes/DeveloperStorage/BuildScratch/throttle-convergence-20260920/DerivedData/Build/Products/Debug/ArgumentParser.o --dependency-file /Volumes/DeveloperStorage/BuildScratch/throttle-convergence-20260920/DerivedData/Build/Intermediates.noindex/swift-argument-parser.build/Debug/ArgumentParser-t.build/Objects-normal/arm64/ArgumentParser_dependency_info.dat --stringsdata-file /Volumes/DeveloperStorage/BuildScratch/throttle-convergence-20260920/DerivedData/Build/Intermediates.noindex/swift-argument-parser.build/Debug/ArgumentParser-t.build/Objects-normal/arm64/ExtractedAppShortcutsMetadata.stringsdata --source-file-list /Volumes/DeveloperStorage/BuildScratch/throttle-convergence-20260920/DerivedData/Build/Intermediates.noindex/swift-argument-parser.build/Debug/ArgumentParser-t.build/Objects-normal/arm64/ArgumentParser.SwiftFileList --metadata-file-list /Volumes/DeveloperStorage/BuildScratch/throttle-convergence-20260920/DerivedData/Build/Intermediates.noindex/swift-argument-parser.build/Debug/ArgumentParser-t.build/ArgumentParser.DependencyMetadataFileList --static-metadata-file-list /Volumes/DeveloperStorage/BuildScratch/throttle-convergence-20260920/DerivedData/Build/Intermediates.noindex/swift-argument-parser.build/Debug/ArgumentParser-t.build/ArgumentParser.DependencyStaticMetadataFileList --swift-const-vals-list /Volumes/DeveloperStorage/BuildScratch/throttle-convergence-20260920/DerivedData/Build/Intermediates.noindex/swift-argument-parser.build/Debug/ArgumentParser-t.build/Objects-normal/arm64/ArgumentParser.SwiftConstValuesFileList --force --compile-time-extraction --deployment-aware-processing --no-app-shortcuts-localization
2026-09-21 10:05:03.008 appintentsmetadataprocessor[61868:2174603] Starting appintentsmetadataprocessor export
2026-09-21 10:05:03.052 appintentsmetadataprocessor[61868:2174603] Extracted no relevant App Intents symbols, skipping writing output

Ld /Volumes/DeveloperStorage/BuildScratch/throttle-convergence-20260920/DerivedData/Build/Products/Debug/ThrottlePeer.o normal (in target 'ThrottlePeer' from project 'ThrottleShared')
    cd /Users/kevinnadjarian/GitHub/Throttle/build/convergence-recovery-20260920/ThrottleShared
    /Applications/Xcode.app/Contents/Developer/Toolchains/XcodeDefault.xctoolchain/usr/bin/clang -Xlinker -reproducible -target arm64-apple-macos14.0 -r -isysroot /Applications/Xcode.app/Contents/Developer/Platforms/MacOSX.platform/Developer/SDKs/MacOSX27.0.sdk -O0 -Xlinker -no_warn_duplicate_libraries -F/Volumes/DeveloperStorage/BuildScratch/throttle-convergence-20260920/DerivedData/Build/Intermediates.noindex/EagerLinkingTBDs/Debug -F/Volumes/DeveloperStorage/BuildScratch/throttle-convergence-20260920/DerivedData/Build/Products/Debug/PackageFrameworks -F/Volumes/DeveloperStorage/BuildScratch/throttle-convergence-20260920/DerivedData/Build/Products/Debug -iframework /Applications/Xcode.app/Contents/Developer/Platforms/MacOSX.platform/Developer/Library/Frameworks -filelist /Volumes/DeveloperStorage/BuildScratch/throttle-convergence-20260920/DerivedData/Build/Intermediates.noindex/ThrottleShared.build/Debug/ThrottlePeer-t.build/Objects-normal/arm64/ThrottlePeer.LinkFileList -nostdlib -Xlinker -object_path_lto -Xlinker /Volumes/DeveloperStorage/BuildScratch/throttle-convergence-20260920/DerivedData/Build/Intermediates.noindex/ThrottleShared.build/Debug/ThrottlePeer-t.build/Objects-normal/arm64/ThrottlePeer_lto.o -Xlinker -no_deduplicate -Xlinker -debug_variant -Xlinker -dependency_info -Xlinker /Volumes/DeveloperStorage/BuildScratch/throttle-convergence-20260920/DerivedData/Build/Intermediates.noindex/ThrottleShared.build/Debug/ThrottlePeer-t.build/Objects-normal/arm64/ThrottlePeer_dependency_info.dat -fobjc-link-runtime -L/Applications/Xcode.app/Contents/Developer/Toolchains/XcodeDefault.xctoolchain/usr/lib/swift/macosx -L/usr/lib/swift -Xlinker -add_ast_path -Xlinker /Volumes/DeveloperStorage/BuildScratch/throttle-convergence-20260920/DerivedData/Build/Intermediates.noindex/ThrottleShared.build/Debug/ThrottlePeer-t.build/Objects-normal/arm64/ThrottlePeer.swiftmodule -o /Volumes/DeveloperStorage/BuildScratch/throttle-convergence-20260920/DerivedData/Build/Products/Debug/ThrottlePeer.o

Ld /Volumes/DeveloperStorage/BuildScratch/throttle-convergence-20260920/DerivedData/Build/Products/Debug/SwiftSyntax.o normal (in target 'SwiftSyntax' from project 'swift-syntax')
    cd /Volumes/DeveloperStorage/BuildScratch/throttle-convergence-20260920/SourcePackages/checkouts/swift-syntax
    /Applications/Xcode.app/Contents/Developer/Toolchains/XcodeDefault.xctoolchain/usr/bin/clang -Xlinker -reproducible -target arm64-apple-macos12.0 -r -isysroot /Applications/Xcode.app/Contents/Developer/Platforms/MacOSX.platform/Developer/SDKs/MacOSX27.0.sdk -O0 -w -Xlinker -no_warn_duplicate_libraries -F/Volumes/DeveloperStorage/BuildScratch/throttle-convergence-20260920/DerivedData/Build/Intermediates.noindex/EagerLinkingTBDs/Debug -F/Volumes/DeveloperStorage/BuildScratch/throttle-convergence-20260920/DerivedData/Build/Products/Debug/PackageFrameworks -F/Volumes/DeveloperStorage/BuildScratch/throttle-convergence-20260920/DerivedData/Build/Products/Debug -iframework /Applications/Xcode.app/Contents/Developer/Platforms/MacOSX.platform/Developer/Library/Frameworks -filelist /Volumes/DeveloperStorage/BuildScratch/throttle-convergence-20260920/DerivedData/Build/Intermediates.noindex/swift-syntax.build/Debug/SwiftSyntax-t.build/Objects-normal/arm64/SwiftSyntax.LinkFileList -nostdlib -Xlinker -object_path_lto -Xlinker /Volumes/DeveloperStorage/BuildScratch/throttle-convergence-20260920/DerivedData/Build/Intermediates.noindex/swift-syntax.build/Debug/SwiftSyntax-t.build/Objects-normal/arm64/SwiftSyntax_lto.o -Xlinker -no_deduplicate -Xlinker -debug_variant -Xlinker -dependency_info -Xlinker /Volumes/DeveloperStorage/BuildScratch/throttle-convergence-20260920/DerivedData/Build/Intermediates.noindex/swift-syntax.build/Debug/SwiftSyntax-t.build/Objects-normal/arm64/SwiftSyntax_dependency_info.dat -fobjc-link-runtime -L/Applications/Xcode.app/Contents/Developer/Toolchains/XcodeDefault.xctoolchain/usr/lib/swift/macosx -L/usr/lib/swift -Xlinker -add_ast_path -Xlinker /Volumes/DeveloperStorage/BuildScratch/throttle-convergence-20260920/DerivedData/Build/Intermediates.noindex/swift-syntax.build/Debug/SwiftSyntax-t.build/Objects-normal/arm64/SwiftSyntax.swiftmodule -o /Volumes/DeveloperStorage/BuildScratch/throttle-convergence-20260920/DerivedData/Build/Products/Debug/SwiftSyntax.o

Ld /Volumes/DeveloperStorage/BuildScratch/throttle-convergence-20260920/DerivedData/Build/Products/Debug/DequeModule.o normal (in target 'DequeModule' from project 'swift-collections')
    cd /Volumes/DeveloperStorage/BuildScratch/throttle-convergence-20260920/SourcePackages/checkouts/swift-collections
    /Applications/Xcode.app/Contents/Developer/Toolchains/XcodeDefault.xctoolchain/usr/bin/clang -Xlinker -reproducible -target arm64-apple-macos12.0 -r -isysroot /Applications/Xcode.app/Contents/Developer/Platforms/MacOSX.platform/Developer/SDKs/MacOSX27.0.sdk -O0 -w -Xlinker -no_warn_duplicate_libraries -F/Volumes/DeveloperStorage/BuildScratch/throttle-convergence-20260920/DerivedData/Build/Intermediates.noindex/EagerLinkingTBDs/Debug -F/Volumes/DeveloperStorage/BuildScratch/throttle-convergence-20260920/DerivedData/Build/Products/Debug/PackageFrameworks -F/Volumes/DeveloperStorage/BuildScratch/throttle-convergence-20260920/DerivedData/Build/Products/Debug -iframework /Applications/Xcode.app/Contents/Developer/Platforms/MacOSX.platform/Developer/Library/Frameworks -filelist /Volumes/DeveloperStorage/BuildScratch/throttle-convergence-20260920/DerivedData/Build/Intermediates.noindex/swift-collections.build/Debug/DequeModule-t.build/Objects-normal/arm64/DequeModule.LinkFileList -nostdlib -Xlinker -object_path_lto -Xlinker /Volumes/DeveloperStorage/BuildScratch/throttle-convergence-20260920/DerivedData/Build/Intermediates.noindex/swift-collections.build/Debug/DequeModule-t.build/Objects-normal/arm64/DequeModule_lto.o -Xlinker -no_deduplicate -Xlinker -debug_variant -Xlinker -dependency_info -Xlinker /Volumes/DeveloperStorage/BuildScratch/throttle-convergence-20260920/DerivedData/Build/Intermediates.noindex/swift-collections.build/Debug/DequeModule-t.build/Objects-normal/arm64/DequeModule_dependency_info.dat -fobjc-link-runtime -L/Applications/Xcode.app/Contents/Developer/Toolchains/XcodeDefault.xctoolchain/usr/lib/swift/macosx -L/usr/lib/swift -Xlinker -add_ast_path -Xlinker /Volumes/DeveloperStorage/BuildScratch/throttle-convergence-20260920/DerivedData/Build/Intermediates.noindex/swift-collections.build/Debug/DequeModule-t.build/Objects-normal/arm64/DequeModule.swiftmodule -o /Volumes/DeveloperStorage/BuildScratch/throttle-convergence-20260920/DerivedData/Build/Products/Debug/DequeModule.o

ExtractAppIntentsMetadata (in target '_NIOBase64' from project 'swift-nio')
    cd /Volumes/DeveloperStorage/BuildScratch/throttle-convergence-20260920/SourcePackages/checkouts/swift-nio
    /Applications/Xcode.app/Contents/Developer/Toolchains/XcodeDefault.xctoolchain/usr/bin/appintentsmetadataprocessor --toolchain-dir /var/run/com.apple.security.cryptexd/mnt/com.apple.MobileAsset.MetalToolchain-v27.1.266.1.s263Mc/Metal.xctoolchain --module-name _NIOBase64 --sdk-root /Applications/Xcode.app/Contents/Developer/Platforms/MacOSX.platform/Developer/SDKs/MacOSX27.0.sdk --xcode-version 27A266a --platform-family macOS --deployment-target 12.0 --bundle-identifier swift-nio.-NIOBase64 --output /Volumes/DeveloperStorage/BuildScratch/throttle-convergence-20260920/DerivedData/Build/Products/Debug/_NIOBase64.appintents --target-triple arm64-apple-macos12.0 --binary-file /Volumes/DeveloperStorage/BuildScratch/throttle-convergence-20260920/DerivedData/Build/Products/Debug/_NIOBase64.o --dependency-file /Volumes/DeveloperStorage/BuildScratch/throttle-convergence-20260920/DerivedData/Build/Intermediates.noindex/swift-nio.build/Debug/_NIOBase64-t.build/Objects-normal/arm64/_NIOBase64_dependency_info.dat --stringsdata-file /Volumes/DeveloperStorage/BuildScratch/throttle-convergence-20260920/DerivedData/Build/Intermediates.noindex/swift-nio.build/Debug/_NIOBase64-t.build/Objects-normal/arm64/ExtractedAppShortcutsMetadata.stringsdata --source-file-list /Volumes/DeveloperStorage/BuildScratch/throttle-convergence-20260920/DerivedData/Build/Intermediates.noindex/swift-nio.build/Debug/_NIOBase64-t.build/Objects-normal/arm64/_NIOBase64.SwiftFileList --metadata-file-list /Volumes/DeveloperStorage/BuildScratch/throttle-convergence-20260920/DerivedData/Build/Intermediates.noindex/swift-nio.build/Debug/_NIOBase64-t.build/_NIOBase64.DependencyMetadataFileList --static-metadata-file-list /Volumes/DeveloperStorage/BuildScratch/throttle-convergence-20260920/DerivedData/Build/Intermediates.noindex/swift-nio.build/Debug/_NIOBase64-t.build/_NIOBase64.DependencyStaticMetadataFileList --swift-const-vals-list /Volumes/DeveloperStorage/BuildScratch/throttle-convergence-20260920/DerivedData/Build/Intermediates.noindex/swift-nio.build/Debug/_NIOBase64-t.build/Objects-normal/arm64/_NIOBase64.SwiftConstValuesFileList --force --compile-time-extraction --deployment-aware-processing --no-app-shortcuts-localization
2026-09-21 10:05:03.118 appintentsmetadataprocessor[61876:2174655] Starting appintentsmetadataprocessor export
2026-09-21 10:05:03.158 appintentsmetadataprocessor[61876:2174655] Extracted no relevant App Intents symbols, skipping writing output

ExtractAppIntentsMetadata (in target 'ResearchVaultIPCModel' from project 'ResearchVaultKit')
    cd /Users/kevinnadjarian/GitHub/Throttle/build/convergence-recovery-20260920/Packages/ResearchVaultKit
    /Applications/Xcode.app/Contents/Developer/Toolchains/XcodeDefault.xctoolchain/usr/bin/appintentsmetadataprocessor --toolchain-dir /var/run/com.apple.security.cryptexd/mnt/com.apple.MobileAsset.MetalToolchain-v27.1.266.1.s263Mc/Metal.xctoolchain --module-name ResearchVaultIPCModel --sdk-root /Applications/Xcode.app/Contents/Developer/Platforms/MacOSX.platform/Developer/SDKs/MacOSX27.0.sdk --xcode-version 27A266a --platform-family macOS --deployment-target 14.0 --bundle-identifier researchvaultkit.ResearchVaultIPCModel --output /Volumes/DeveloperStorage/BuildScratch/throttle-convergence-20260920/DerivedData/Build/Products/Debug/ResearchVaultIPCModel.appintents --target-triple arm64-apple-macos14.0 --binary-file /Volumes/DeveloperStorage/BuildScratch/throttle-convergence-20260920/DerivedData/Build/Products/Debug/ResearchVaultIPCModel.o --dependency-file /Volumes/DeveloperStorage/BuildScratch/throttle-convergence-20260920/DerivedData/Build/Intermediates.noindex/ResearchVaultKit.build/Debug/ResearchVaultIPCModel-t.build/Objects-normal/arm64/ResearchVaultIPCModel_dependency_info.dat --stringsdata-file /Volumes/DeveloperStorage/BuildScratch/throttle-convergence-20260920/DerivedData/Build/Intermediates.noindex/ResearchVaultKit.build/Debug/ResearchVaultIPCModel-t.build/Objects-normal/arm64/ExtractedAppShortcutsMetadata.stringsdata --source-file-list /Volumes/DeveloperStorage/BuildScratch/throttle-convergence-20260920/DerivedData/Build/Intermediates.noindex/ResearchVaultKit.build/Debug/ResearchVaultIPCModel-t.build/Objects-normal/arm64/ResearchVaultIPCModel.SwiftFileList --metadata-file-list /Volumes/DeveloperStorage/BuildScratch/throttle-convergence-20260920/DerivedData/Build/Intermediates.noindex/ResearchVaultKit.build/Debug/ResearchVaultIPCModel-t.build/ResearchVaultIPCModel.DependencyMetadataFileList --static-metadata-file-list /Volumes/DeveloperStorage/BuildScratch/throttle-convergence-20260920/DerivedData/Build/Intermediates.noindex/ResearchVaultKit.build/Debug/ResearchVaultIPCModel-t.build/ResearchVaultIPCModel.DependencyStaticMetadataFileList --swift-const-vals-list /Volumes/DeveloperStorage/BuildScratch/throttle-convergence-20260920/DerivedData/Build/Intermediates.noindex/ResearchVaultKit.build/Debug/ResearchVaultIPCModel-t.build/Objects-normal/arm64/ResearchVaultIPCModel.SwiftConstValuesFileList --force --compile-time-extraction --deployment-aware-processing --no-app-shortcuts-localization
2026-09-21 10:05:03.174 appintentsmetadataprocessor[61877:2174658] Starting appintentsmetadataprocessor export
2026-09-21 10:05:03.210 appintentsmetadataprocessor[61877:2174658] Extracted no relevant App Intents symbols, skipping writing output

ExtractAppIntentsMetadata (in target 'Jinja' from project 'Jinja')
    cd /Volumes/DeveloperStorage/BuildScratch/throttle-convergence-20260920/SourcePackages/checkouts/swift-jinja
    /Applications/Xcode.app/Contents/Developer/Toolchains/XcodeDefault.xctoolchain/usr/bin/appintentsmetadataprocessor --toolchain-dir /var/run/com.apple.security.cryptexd/mnt/com.apple.MobileAsset.MetalToolchain-v27.1.266.1.s263Mc/Metal.xctoolchain --module-name Jinja --sdk-root /Applications/Xcode.app/Contents/Developer/Platforms/MacOSX.platform/Developer/SDKs/MacOSX27.0.sdk --xcode-version 27A266a --platform-family macOS --deployment-target 13.0 --bundle-identifier swift-jinja.Jinja --output /Volumes/DeveloperStorage/BuildScratch/throttle-convergence-20260920/DerivedData/Build/Products/Debug/Jinja.appintents --target-triple arm64-apple-macos13.0 --binary-file /Volumes/DeveloperStorage/BuildScratch/throttle-convergence-20260920/DerivedData/Build/Products/Debug/Jinja.o --dependency-file /Volumes/DeveloperStorage/BuildScratch/throttle-convergence-20260920/DerivedData/Build/Intermediates.noindex/Jinja.build/Debug/Jinja-t.build/Objects-normal/arm64/Jinja_dependency_info.dat --stringsdata-file /Volumes/DeveloperStorage/BuildScratch/throttle-convergence-20260920/DerivedData/Build/Intermediates.noindex/Jinja.build/Debug/Jinja-t.build/Objects-normal/arm64/ExtractedAppShortcutsMetadata.stringsdata --source-file-list /Volumes/DeveloperStorage/BuildScratch/throttle-convergence-20260920/DerivedData/Build/Intermediates.noindex/Jinja.build/Debug/Jinja-t.build/Objects-normal/arm64/Jinja.SwiftFileList --metadata-file-list /Volumes/DeveloperStorage/BuildScratch/throttle-convergence-20260920/DerivedData/Build/Intermediates.noindex/Jinja.build/Debug/Jinja-t.build/Jinja.DependencyMetadataFileList --static-metadata-file-list /Volumes/DeveloperStorage/BuildScratch/throttle-convergence-20260920/DerivedData/Build/Intermediates.noindex/Jinja.build/Debug/Jinja-t.build/Jinja.DependencyStaticMetadataFileList --swift-const-vals-list /Volumes/DeveloperStorage/BuildScratch/throttle-convergence-20260920/DerivedData/Build/Intermediates.noindex/Jinja.build/Debug/Jinja-t.build/Objects-normal/arm64/Jinja.SwiftConstValuesFileList --force --compile-time-extraction --deployment-aware-processing --no-app-shortcuts-localization
2026-09-21 10:05:03.217 appintentsmetadataprocessor[61878:2174661] Starting appintentsmetadataprocessor export
2026-09-21 10:05:03.254 appintentsmetadataprocessor[61878:2174661] Extracted no relevant App Intents symbols, skipping writing output

Ld /Volumes/DeveloperStorage/BuildScratch/throttle-convergence-20260920/DerivedData/Build/Products/Debug/Numerics.o normal (in target 'Numerics' from project 'swift-numerics')
    cd /Volumes/DeveloperStorage/BuildScratch/throttle-convergence-20260920/SourcePackages/checkouts/swift-numerics
    /Applications/Xcode.app/Contents/Developer/Toolchains/XcodeDefault.xctoolchain/usr/bin/clang -Xlinker -reproducible -target arm64-apple-macos12.0 -r -isysroot /Applications/Xcode.app/Contents/Developer/Platforms/MacOSX.platform/Developer/SDKs/MacOSX27.0.sdk -O0 -w -Xlinker -no_warn_duplicate_libraries -F/Volumes/DeveloperStorage/BuildScratch/throttle-convergence-20260920/DerivedData/Build/Intermediates.noindex/EagerLinkingTBDs/Debug -F/Volumes/DeveloperStorage/BuildScratch/throttle-convergence-20260920/DerivedData/Build/Products/Debug/PackageFrameworks -F/Volumes/DeveloperStorage/BuildScratch/throttle-convergence-20260920/DerivedData/Build/Products/Debug -iframework /Applications/Xcode.app/Contents/Developer/Platforms/MacOSX.platform/Developer/Library/Frameworks -filelist /Volumes/DeveloperStorage/BuildScratch/throttle-convergence-20260920/DerivedData/Build/Intermediates.noindex/swift-numerics.build/Debug/Numerics-t.build/Objects-normal/arm64/Numerics.LinkFileList -nostdlib -Xlinker -object_path_lto -Xlinker /Volumes/DeveloperStorage/BuildScratch/throttle-convergence-20260920/DerivedData/Build/Intermediates.noindex/swift-numerics.build/Debug/Numerics-t.build/Objects-normal/arm64/Numerics_lto.o -Xlinker -no_deduplicate -Xlinker -debug_variant -Xlinker -dependency_info -Xlinker /Volumes/DeveloperStorage/BuildScratch/throttle-convergence-20260920/DerivedData/Build/Intermediates.noindex/swift-numerics.build/Debug/Numerics-t.build/Objects-normal/arm64/Numerics_dependency_info.dat -fobjc-link-runtime -L/Applications/Xcode.app/Contents/Developer/Toolchains/XcodeDefault.xctoolchain/usr/lib/swift/macosx -L/usr/lib/swift -Xlinker -add_ast_path -Xlinker /Volumes/DeveloperStorage/BuildScratch/throttle-convergence-20260920/DerivedData/Build/Intermediates.noindex/swift-numerics.build/Debug/Numerics-t.build/Objects-normal/arm64/Numerics.swiftmodule -o /Volumes/DeveloperStorage/BuildScratch/throttle-convergence-20260920/DerivedData/Build/Products/Debug/Numerics.o

ExtractAppIntentsMetadata (in target 'SwiftSyntax' from project 'swift-syntax')
    cd /Volumes/DeveloperStorage/BuildScratch/throttle-convergence-20260920/SourcePackages/checkouts/swift-syntax
    /Applications/Xcode.app/Contents/Developer/Toolchains/XcodeDefault.xctoolchain/usr/bin/appintentsmetadataprocessor --toolchain-dir /var/run/com.apple.security.cryptexd/mnt/com.apple.MobileAsset.MetalToolchain-v27.1.266.1.s263Mc/Metal.xctoolchain --module-name SwiftSyntax --sdk-root /Applications/Xcode.app/Contents/Developer/Platforms/MacOSX.platform/Developer/SDKs/MacOSX27.0.sdk --xcode-version 27A266a --platform-family macOS --deployment-target 12.0 --bundle-identifier swift-syntax.SwiftSyntax --output /Volumes/DeveloperStorage/BuildScratch/throttle-convergence-20260920/DerivedData/Build/Products/Debug/SwiftSyntax.appintents --target-triple arm64-apple-macos12.0 --binary-file /Volumes/DeveloperStorage/BuildScratch/throttle-convergence-20260920/DerivedData/Build/Products/Debug/SwiftSyntax.o --dependency-file /Volumes/DeveloperStorage/BuildScratch/throttle-convergence-20260920/DerivedData/Build/Intermediates.noindex/swift-syntax.build/Debug/SwiftSyntax-t.build/Objects-normal/arm64/SwiftSyntax_dependency_info.dat --stringsdata-file /Volumes/DeveloperStorage/BuildScratch/throttle-convergence-20260920/DerivedData/Build/Intermediates.noindex/swift-syntax.build/Debug/SwiftSyntax-t.build/Objects-normal/arm64/ExtractedAppShortcutsMetadata.stringsdata --source-file-list /Volumes/DeveloperStorage/BuildScratch/throttle-convergence-20260920/DerivedData/Build/Intermediates.noindex/swift-syntax.build/Debug/SwiftSyntax-t.build/Objects-normal/arm64/SwiftSyntax.SwiftFileList --metadata-file-list /Volumes/DeveloperStorage/BuildScratch/throttle-convergence-20260920/DerivedData/Build/Intermediates.noindex/swift-syntax.build/Debug/SwiftSyntax-t.build/SwiftSyntax.DependencyMetadataFileList --static-metadata-file-list /Volumes/DeveloperStorage/BuildScratch/throttle-convergence-20260920/DerivedData/Build/Intermediates.noindex/swift-syntax.build/Debug/SwiftSyntax-t.build/SwiftSyntax.DependencyStaticMetadataFileList --swift-const-vals-list /Volumes/DeveloperStorage/BuildScratch/throttle-convergence-20260920/DerivedData/Build/Intermediates.noindex/swift-syntax.build/Debug/SwiftSyntax-t.build/Objects-normal/arm64/SwiftSyntax.SwiftConstValuesFileList --force --compile-time-extraction --deployment-aware-processing --no-app-shortcuts-localization
2026-09-21 10:05:03.238 appintentsmetadataprocessor[61881:2174673] Starting appintentsmetadataprocessor export
2026-09-21 10:05:03.284 appintentsmetadataprocessor[61881:2174673] Extracted no relevant App Intents symbols, skipping writing output

Ld /Volumes/DeveloperStorage/BuildScratch/throttle-convergence-20260920/DerivedData/Build/Products/Debug/ResearchVaultSynthesis.o normal (in target 'ResearchVaultSynthesis' from project 'ResearchVaultKit')
    cd /Users/kevinnadjarian/GitHub/Throttle/build/convergence-recovery-20260920/Packages/ResearchVaultKit
    /Applications/Xcode.app/Contents/Developer/Toolchains/XcodeDefault.xctoolchain/usr/bin/clang -Xlinker -reproducible -target arm64-apple-macos14.0 -r -isysroot /Applications/Xcode.app/Contents/Developer/Platforms/MacOSX.platform/Developer/SDKs/MacOSX27.0.sdk -O0 -Xlinker -no_warn_duplicate_libraries -F/Volumes/DeveloperStorage/BuildScratch/throttle-convergence-20260920/DerivedData/Build/Intermediates.noindex/EagerLinkingTBDs/Debug -F/Volumes/DeveloperStorage/BuildScratch/throttle-convergence-20260920/DerivedData/Build/Products/Debug/PackageFrameworks -F/Volumes/DeveloperStorage/BuildScratch/throttle-convergence-20260920/DerivedData/Build/Products/Debug -iframework /Applications/Xcode.app/Contents/Developer/Platforms/MacOSX.platform/Developer/Library/Frameworks -filelist /Volumes/DeveloperStorage/BuildScratch/throttle-convergence-20260920/DerivedData/Build/Intermediates.noindex/ResearchVaultKit.build/Debug/ResearchVaultSynthesis-t.build/Objects-normal/arm64/ResearchVaultSynthesis.LinkFileList -nostdlib -Xlinker -object_path_lto -Xlinker /Volumes/DeveloperStorage/BuildScratch/throttle-convergence-20260920/DerivedData/Build/Intermediates.noindex/ResearchVaultKit.build/Debug/ResearchVaultSynthesis-t.build/Objects-normal/arm64/ResearchVaultSynthesis_lto.o -Xlinker -no_deduplicate -Xlinker -debug_variant -Xlinker -dependency_info -Xlinker /Volumes/DeveloperStorage/BuildScratch/throttle-convergence-20260920/DerivedData/Build/Intermediates.noindex/ResearchVaultKit.build/Debug/ResearchVaultSynthesis-t.build/Objects-normal/arm64/ResearchVaultSynthesis_dependency_info.dat -fobjc-link-runtime -L/Applications/Xcode.app/Contents/Developer/Toolchains/XcodeDefault.xctoolchain/usr/lib/swift/macosx -L/usr/lib/swift -Xlinker -add_ast_path -Xlinker /Volumes/DeveloperStorage/BuildScratch/throttle-convergence-20260920/DerivedData/Build/Intermediates.noindex/ResearchVaultKit.build/Debug/ResearchVaultSynthesis-t.build/Objects-normal/arm64/ResearchVaultSynthesis.swiftmodule -o /Volumes/DeveloperStorage/BuildScratch/throttle-convergence-20260920/DerivedData/Build/Products/Debug/ResearchVaultSynthesis.o

Ld /Volumes/DeveloperStorage/BuildScratch/throttle-convergence-20260920/DerivedData/Build/Products/Debug/encuda normal (in target 'encuda-product' from project 'mlx-swift')
    cd /Volumes/DeveloperStorage/BuildScratch/throttle-convergence-20260920/SourcePackages/checkouts/mlx-swift
    /Applications/Xcode.app/Contents/Developer/Toolchains/XcodeDefault.xctoolchain/usr/bin/swiftc -Xlinker -reproducible -target arm64-apple-macos14.0 -emit-executable -sdk /Applications/Xcode.app/Contents/Developer/Platforms/MacOSX.platform/Developer/SDKs/MacOSX27.0.sdk -suppress-warnings -Xlinker -no_warn_duplicate_libraries -L/Volumes/DeveloperStorage/BuildScratch/throttle-convergence-20260920/DerivedData/Build/Intermediates.noindex/EagerLinkingTBDs/Debug -L/Volumes/DeveloperStorage/BuildScratch/throttle-convergence-20260920/DerivedData/Build/Products/Debug -L/Applications/Xcode.app/Contents/Developer/Platforms/MacOSX.platform/Developer/usr/lib -F/Volumes/DeveloperStorage/BuildScratch/throttle-convergence-20260920/DerivedData/Build/Intermediates.noindex/EagerLinkingTBDs/Debug -F/Volumes/DeveloperStorage/BuildScratch/throttle-convergence-20260920/DerivedData/Build/Products/Debug/PackageFrameworks -F/Volumes/DeveloperStorage/BuildScratch/throttle-convergence-20260920/DerivedData/Build/Products/Debug -Fsystem /Applications/Xcode.app/Contents/Developer/Platforms/MacOSX.platform/Developer/Library/Frameworks @/Volumes/DeveloperStorage/BuildScratch/throttle-convergence-20260920/DerivedData/Build/Intermediates.noindex/mlx-swift.build/Debug/encuda-p.build/Objects-normal/arm64/encuda.LinkFileList -Xlinker -rpath -Xlinker /usr/lib/swift -Xlinker -rpath -Xlinker @loader_path -Xlinker -rpath -Xlinker /Volumes/DeveloperStorage/BuildScratch/throttle-convergence-20260920/DerivedData/Build/Products/Debug/PackageFrameworks -Xlinker -object_path_lto -Xlinker /Volumes/DeveloperStorage/BuildScratch/throttle-convergence-20260920/DerivedData/Build/Intermediates.noindex/mlx-swift.build/Debug/encuda-p.build/Objects-normal/arm64/encuda_lto.o -Xclang-linker -rdynamic -Xlinker -no_deduplicate -Xlinker -debug_variant -Xlinker -dependency_info -Xlinker /Volumes/DeveloperStorage/BuildScratch/throttle-convergence-20260920/DerivedData/Build/Intermediates.noindex/mlx-swift.build/Debug/encuda-p.build/Objects-normal/arm64/encuda_dependency_info.dat -link-objc-runtime -profile-generate -L/Applications/Xcode.app/Contents/Developer/Toolchains/XcodeDefault.xctoolchain/usr/lib/swift/macosx -L/usr/lib/swift -Xlinker -add_ast_path -Xlinker /Volumes/DeveloperStorage/BuildScratch/throttle-convergence-20260920/DerivedData/Build/Intermediates.noindex/mlx-swift.build/Debug/encuda-p.build/Objects-normal/arm64/encuda.swiftmodule -o /Volumes/DeveloperStorage/BuildScratch/throttle-convergence-20260920/DerivedData/Build/Products/Debug/encuda -no-stdlib-rpath

Ld /Volumes/DeveloperStorage/BuildScratch/throttle-convergence-20260920/DerivedData/Build/Products/Debug/ResearchVaultIngestion.o normal (in target 'ResearchVaultIngestion' from project 'ResearchVaultKit')
    cd /Users/kevinnadjarian/GitHub/Throttle/build/convergence-recovery-20260920/Packages/ResearchVaultKit
    /Applications/Xcode.app/Contents/Developer/Toolchains/XcodeDefault.xctoolchain/usr/bin/clang -Xlinker -reproducible -target arm64-apple-macos14.0 -r -isysroot /Applications/Xcode.app/Contents/Developer/Platforms/MacOSX.platform/Developer/SDKs/MacOSX27.0.sdk -O0 -Xlinker -no_warn_duplicate_libraries -F/Volumes/DeveloperStorage/BuildScratch/throttle-convergence-20260920/DerivedData/Build/Intermediates.noindex/EagerLinkingTBDs/Debug -F/Volumes/DeveloperStorage/BuildScratch/throttle-convergence-20260920/DerivedData/Build/Products/Debug/PackageFrameworks -F/Volumes/DeveloperStorage/BuildScratch/throttle-convergence-20260920/DerivedData/Build/Products/Debug -iframework /Applications/Xcode.app/Contents/Developer/Platforms/MacOSX.platform/Developer/Library/Frameworks -filelist /Volumes/DeveloperStorage/BuildScratch/throttle-convergence-20260920/DerivedData/Build/Intermediates.noindex/ResearchVaultKit.build/Debug/ResearchVaultIngestion-t.build/Objects-normal/arm64/ResearchVaultIngestion.LinkFileList -nostdlib -Xlinker -object_path_lto -Xlinker /Volumes/DeveloperStorage/BuildScratch/throttle-convergence-20260920/DerivedData/Build/Intermediates.noindex/ResearchVaultKit.build/Debug/ResearchVaultIngestion-t.build/Objects-normal/arm64/ResearchVaultIngestion_lto.o -Xlinker -no_deduplicate -Xlinker -debug_variant -Xlinker -dependency_info -Xlinker /Volumes/DeveloperStorage/BuildScratch/throttle-convergence-20260920/DerivedData/Build/Intermediates.noindex/ResearchVaultKit.build/Debug/ResearchVaultIngestion-t.build/Objects-normal/arm64/ResearchVaultIngestion_dependency_info.dat -fobjc-link-runtime -L/Applications/Xcode.app/Contents/Developer/Toolchains/XcodeDefault.xctoolchain/usr/lib/swift/macosx -L/usr/lib/swift -Xlinker -add_ast_path -Xlinker /Volumes/DeveloperStorage/BuildScratch/throttle-convergence-20260920/DerivedData/Build/Intermediates.noindex/ResearchVaultKit.build/Debug/ResearchVaultIngestion-t.build/Objects-normal/arm64/ResearchVaultIngestion.swiftmodule -o /Volumes/DeveloperStorage/BuildScratch/throttle-convergence-20260920/DerivedData/Build/Products/Debug/ResearchVaultIngestion.o

ExtractAppIntentsMetadata (in target 'ThrottleVaultClient' from project 'ThrottleVaultClient')
    cd /Users/kevinnadjarian/GitHub/Throttle/build/convergence-recovery-20260920/Packages/ThrottleVaultClient
    /Applications/Xcode.app/Contents/Developer/Toolchains/XcodeDefault.xctoolchain/usr/bin/appintentsmetadataprocessor --toolchain-dir /var/run/com.apple.security.cryptexd/mnt/com.apple.MobileAsset.MetalToolchain-v27.1.266.1.s263Mc/Metal.xctoolchain --module-name ThrottleVaultClient --sdk-root /Applications/Xcode.app/Contents/Developer/Platforms/MacOSX.platform/Developer/SDKs/MacOSX27.0.sdk --xcode-version 27A266a --platform-family macOS --deployment-target 14.0 --bundle-identifier throttlevaultclient.ThrottleVaultClient --output /Volumes/DeveloperStorage/BuildScratch/throttle-convergence-20260920/DerivedData/Build/Products/Debug/ThrottleVaultClient.appintents --target-triple arm64-apple-macos14.0 --binary-file /Volumes/DeveloperStorage/BuildScratch/throttle-convergence-20260920/DerivedData/Build/Products/Debug/ThrottleVaultClient.o --dependency-file /Volumes/DeveloperStorage/BuildScratch/throttle-convergence-20260920/DerivedData/Build/Intermediates.noindex/ThrottleVaultClient.build/Debug/ThrottleVaultClient-t.build/Objects-normal/arm64/ThrottleVaultClient_dependency_info.dat --stringsdata-file /Volumes/DeveloperStorage/BuildScratch/throttle-convergence-20260920/DerivedData/Build/Intermediates.noindex/ThrottleVaultClient.build/Debug/ThrottleVaultClient-t.build/Objects-normal/arm64/ExtractedAppShortcutsMetadata.stringsdata --source-file-list /Volumes/DeveloperStorage/BuildScratch/throttle-convergence-20260920/DerivedData/Build/Intermediates.noindex/ThrottleVaultClient.build/Debug/ThrottleVaultClient-t.build/Objects-normal/arm64/ThrottleVaultClient.SwiftFileList --metadata-file-list /Volumes/DeveloperStorage/BuildScratch/throttle-convergence-20260920/DerivedData/Build/Intermediates.noindex/ThrottleVaultClient.build/Debug/ThrottleVaultClient-t.build/ThrottleVaultClient.DependencyMetadataFileList --static-metadata-file-list /Volumes/DeveloperStorage/BuildScratch/throttle-convergence-20260920/DerivedData/Build/Intermediates.noindex/ThrottleVaultClient.build/Debug/ThrottleVaultClient-t.build/ThrottleVaultClient.DependencyStaticMetadataFileList --swift-const-vals-list /Volumes/DeveloperStorage/BuildScratch/throttle-convergence-20260920/DerivedData/Build/Intermediates.noindex/ThrottleVaultClient.build/Debug/ThrottleVaultClient-t.build/Objects-normal/arm64/ThrottleVaultClient.SwiftConstValuesFileList --force --compile-time-extraction --deployment-aware-processing --no-app-shortcuts-localization
2026-09-21 10:05:03.323 appintentsmetadataprocessor[61887:2174702] Starting appintentsmetadataprocessor export
2026-09-21 10:05:03.358 appintentsmetadataprocessor[61887:2174702] Extracted no relevant App Intents symbols, skipping writing output

Ld /Volumes/DeveloperStorage/BuildScratch/throttle-convergence-20260920/DerivedData/Build/Products/Debug/SwiftParser.o normal (in target 'SwiftParser' from project 'swift-syntax')
    cd /Volumes/DeveloperStorage/BuildScratch/throttle-convergence-20260920/SourcePackages/checkouts/swift-syntax
    /Applications/Xcode.app/Contents/Developer/Toolchains/XcodeDefault.xctoolchain/usr/bin/clang -Xlinker -reproducible -target arm64-apple-macos12.0 -r -isysroot /Applications/Xcode.app/Contents/Developer/Platforms/MacOSX.platform/Developer/SDKs/MacOSX27.0.sdk -O0 -w -Xlinker -no_warn_duplicate_libraries -F/Volumes/DeveloperStorage/BuildScratch/throttle-convergence-20260920/DerivedData/Build/Intermediates.noindex/EagerLinkingTBDs/Debug -F/Volumes/DeveloperStorage/BuildScratch/throttle-convergence-20260920/DerivedData/Build/Products/Debug/PackageFrameworks -F/Volumes/DeveloperStorage/BuildScratch/throttle-convergence-20260920/DerivedData/Build/Products/Debug -iframework /Applications/Xcode.app/Contents/Developer/Platforms/MacOSX.platform/Developer/Library/Frameworks -filelist /Volumes/DeveloperStorage/BuildScratch/throttle-convergence-20260920/DerivedData/Build/Intermediates.noindex/swift-syntax.build/Debug/SwiftParser-t.build/Objects-normal/arm64/SwiftParser.LinkFileList -nostdlib -Xlinker -object_path_lto -Xlinker /Volumes/DeveloperStorage/BuildScratch/throttle-convergence-20260920/DerivedData/Build/Intermediates.noindex/swift-syntax.build/Debug/SwiftParser-t.build/Objects-normal/arm64/SwiftParser_lto.o -Xlinker -no_deduplicate -Xlinker -debug_variant -Xlinker -dependency_info -Xlinker /Volumes/DeveloperStorage/BuildScratch/throttle-convergence-20260920/DerivedData/Build/Intermediates.noindex/swift-syntax.build/Debug/SwiftParser-t.build/Objects-normal/arm64/SwiftParser_dependency_info.dat -fobjc-link-runtime -L/Applications/Xcode.app/Contents/Developer/Toolchains/XcodeDefault.xctoolchain/usr/lib/swift/macosx -L/usr/lib/swift -Xlinker -add_ast_path -Xlinker /Volumes/DeveloperStorage/BuildScratch/throttle-convergence-20260920/DerivedData/Build/Intermediates.noindex/swift-syntax.build/Debug/SwiftParser-t.build/Objects-normal/arm64/SwiftParser.swiftmodule -o /Volumes/DeveloperStorage/BuildScratch/throttle-convergence-20260920/DerivedData/Build/Products/Debug/SwiftParser.o

Ld /Volumes/DeveloperStorage/BuildScratch/throttle-convergence-20260920/DerivedData/Build/Products/Debug/SwiftDiagnostics.o normal (in target 'SwiftDiagnostics' from project 'swift-syntax')
    cd /Volumes/DeveloperStorage/BuildScratch/throttle-convergence-20260920/SourcePackages/checkouts/swift-syntax
    /Applications/Xcode.app/Contents/Developer/Toolchains/XcodeDefault.xctoolchain/usr/bin/clang -Xlinker -reproducible -target arm64-apple-macos12.0 -r -isysroot /Applications/Xcode.app/Contents/Developer/Platforms/MacOSX.platform/Developer/SDKs/MacOSX27.0.sdk -O0 -w -Xlinker -no_warn_duplicate_libraries -F/Volumes/DeveloperStorage/BuildScratch/throttle-convergence-20260920/DerivedData/Build/Intermediates.noindex/EagerLinkingTBDs/Debug -F/Volumes/DeveloperStorage/BuildScratch/throttle-convergence-20260920/DerivedData/Build/Products/Debug/PackageFrameworks -F/Volumes/DeveloperStorage/BuildScratch/throttle-convergence-20260920/DerivedData/Build/Products/Debug -iframework /Applications/Xcode.app/Contents/Developer/Platforms/MacOSX.platform/Developer/Library/Frameworks -filelist /Volumes/DeveloperStorage/BuildScratch/throttle-convergence-20260920/DerivedData/Build/Intermediates.noindex/swift-syntax.build/Debug/SwiftDiagnostics-t.build/Objects-normal/arm64/SwiftDiagnostics.LinkFileList -nostdlib -Xlinker -object_path_lto -Xlinker /Volumes/DeveloperStorage/BuildScratch/throttle-convergence-20260920/DerivedData/Build/Intermediates.noindex/swift-syntax.build/Debug/SwiftDiagnostics-t.build/Objects-normal/arm64/SwiftDiagnostics_lto.o -Xlinker -no_deduplicate -Xlinker -debug_variant -Xlinker -dependency_info -Xlinker /Volumes/DeveloperStorage/BuildScratch/throttle-convergence-20260920/DerivedData/Build/Intermediates.noindex/swift-syntax.build/Debug/SwiftDiagnostics-t.build/Objects-normal/arm64/SwiftDiagnostics_dependency_info.dat -fobjc-link-runtime -L/Applications/Xcode.app/Contents/Developer/Toolchains/XcodeDefault.xctoolchain/usr/lib/swift/macosx -L/usr/lib/swift -Xlinker -add_ast_path -Xlinker /Volumes/DeveloperStorage/BuildScratch/throttle-convergence-20260920/DerivedData/Build/Intermediates.noindex/swift-syntax.build/Debug/SwiftDiagnostics-t.build/Objects-normal/arm64/SwiftDiagnostics.swiftmodule -o /Volumes/DeveloperStorage/BuildScratch/throttle-convergence-20260920/DerivedData/Build/Products/Debug/SwiftDiagnostics.o

Ld /Volumes/DeveloperStorage/BuildScratch/throttle-convergence-20260920/DerivedData/Build/Products/Debug/SwiftBasicFormat.o normal (in target 'SwiftBasicFormat' from project 'swift-syntax')
    cd /Volumes/DeveloperStorage/BuildScratch/throttle-convergence-20260920/SourcePackages/checkouts/swift-syntax
    /Applications/Xcode.app/Contents/Developer/Toolchains/XcodeDefault.xctoolchain/usr/bin/clang -Xlinker -reproducible -target arm64-apple-macos12.0 -r -isysroot /Applications/Xcode.app/Contents/Developer/Platforms/MacOSX.platform/Developer/SDKs/MacOSX27.0.sdk -O0 -w -Xlinker -no_warn_duplicate_libraries -F/Volumes/DeveloperStorage/BuildScratch/throttle-convergence-20260920/DerivedData/Build/Intermediates.noindex/EagerLinkingTBDs/Debug -F/Volumes/DeveloperStorage/BuildScratch/throttle-convergence-20260920/DerivedData/Build/Products/Debug/PackageFrameworks -F/Volumes/DeveloperStorage/BuildScratch/throttle-convergence-20260920/DerivedData/Build/Products/Debug -iframework /Applications/Xcode.app/Contents/Developer/Platforms/MacOSX.platform/Developer/Library/Frameworks -filelist /Volumes/DeveloperStorage/BuildScratch/throttle-convergence-20260920/DerivedData/Build/Intermediates.noindex/swift-syntax.build/Debug/SwiftBasicFormat-t.build/Objects-normal/arm64/SwiftBasicFormat.LinkFileList -nostdlib -Xlinker -object_path_lto -Xlinker /Volumes/DeveloperStorage/BuildScratch/throttle-convergence-20260920/DerivedData/Build/Intermediates.noindex/swift-syntax.build/Debug/SwiftBasicFormat-t.build/Objects-normal/arm64/SwiftBasicFormat_lto.o -Xlinker -no_deduplicate -Xlinker -debug_variant -Xlinker -dependency_info -Xlinker /Volumes/DeveloperStorage/BuildScratch/throttle-convergence-20260920/DerivedData/Build/Intermediates.noindex/swift-syntax.build/Debug/SwiftBasicFormat-t.build/Objects-normal/arm64/SwiftBasicFormat_dependency_info.dat -fobjc-link-runtime -L/Applications/Xcode.app/Contents/Developer/Toolchains/XcodeDefault.xctoolchain/usr/lib/swift/macosx -L/usr/lib/swift -Xlinker -add_ast_path -Xlinker /Volumes/DeveloperStorage/BuildScratch/throttle-convergence-20260920/DerivedData/Build/Intermediates.noindex/swift-syntax.build/Debug/SwiftBasicFormat-t.build/Objects-normal/arm64/SwiftBasicFormat.swiftmodule -o /Volumes/DeveloperStorage/BuildScratch/throttle-convergence-20260920/DerivedData/Build/Products/Debug/SwiftBasicFormat.o

Ld /Volumes/DeveloperStorage/BuildScratch/throttle-convergence-20260920/DerivedData/Build/Products/Debug/ResearchVaultXPCClient.o normal (in target 'ResearchVaultXPCClient' from project 'ResearchVaultKit')
    cd /Users/kevinnadjarian/GitHub/Throttle/build/convergence-recovery-20260920/Packages/ResearchVaultKit
    /Applications/Xcode.app/Contents/Developer/Toolchains/XcodeDefault.xctoolchain/usr/bin/clang -Xlinker -reproducible -target arm64-apple-macos14.0 -r -isysroot /Applications/Xcode.app/Contents/Developer/Platforms/MacOSX.platform/Developer/SDKs/MacOSX27.0.sdk -O0 -Xlinker -no_warn_duplicate_libraries -F/Volumes/DeveloperStorage/BuildScratch/throttle-convergence-20260920/DerivedData/Build/Intermediates.noindex/EagerLinkingTBDs/Debug -F/Volumes/DeveloperStorage/BuildScratch/throttle-convergence-20260920/DerivedData/Build/Products/Debug/PackageFrameworks -F/Volumes/DeveloperStorage/BuildScratch/throttle-convergence-20260920/DerivedData/Build/Products/Debug -iframework /Applications/Xcode.app/Contents/Developer/Platforms/MacOSX.platform/Developer/Library/Frameworks -filelist /Volumes/DeveloperStorage/BuildScratch/throttle-convergence-20260920/DerivedData/Build/Intermediates.noindex/ResearchVaultKit.build/Debug/ResearchVaultXPCClient-t.build/Objects-normal/arm64/ResearchVaultXPCClient.LinkFileList -nostdlib -Xlinker -object_path_lto -Xlinker /Volumes/DeveloperStorage/BuildScratch/throttle-convergence-20260920/DerivedData/Build/Intermediates.noindex/ResearchVaultKit.build/Debug/ResearchVaultXPCClient-t.build/Objects-normal/arm64/ResearchVaultXPCClient_lto.o -Xlinker -no_deduplicate -Xlinker -debug_variant -Xlinker -dependency_info -Xlinker /Volumes/DeveloperStorage/BuildScratch/throttle-convergence-20260920/DerivedData/Build/Intermediates.noindex/ResearchVaultKit.build/Debug/ResearchVaultXPCClient-t.build/Objects-normal/arm64/ResearchVaultXPCClient_dependency_info.dat -fobjc-link-runtime -L/Applications/Xcode.app/Contents/Developer/Toolchains/XcodeDefault.xctoolchain/usr/lib/swift/macosx -L/usr/lib/swift -Xlinker -add_ast_path -Xlinker /Volumes/DeveloperStorage/BuildScratch/throttle-convergence-20260920/DerivedData/Build/Intermediates.noindex/ResearchVaultKit.build/Debug/ResearchVaultXPCClient-t.build/Objects-normal/arm64/ResearchVaultXPCClient.swiftmodule -o /Volumes/DeveloperStorage/BuildScratch/throttle-convergence-20260920/DerivedData/Build/Products/Debug/ResearchVaultXPCClient.o

ExtractAppIntentsMetadata (in target 'SwiftDiagnostics' from project 'swift-syntax')
    cd /Volumes/DeveloperStorage/BuildScratch/throttle-convergence-20260920/SourcePackages/checkouts/swift-syntax
    /Applications/Xcode.app/Contents/Developer/Toolchains/XcodeDefault.xctoolchain/usr/bin/appintentsmetadataprocessor --toolchain-dir /var/run/com.apple.security.cryptexd/mnt/com.apple.MobileAsset.MetalToolchain-v27.1.266.1.s263Mc/Metal.xctoolchain --module-name SwiftDiagnostics --sdk-root /Applications/Xcode.app/Contents/Developer/Platforms/MacOSX.platform/Developer/SDKs/MacOSX27.0.sdk --xcode-version 27A266a --platform-family macOS --deployment-target 12.0 --bundle-identifier swift-syntax.SwiftDiagnostics --output /Volumes/DeveloperStorage/BuildScratch/throttle-convergence-20260920/DerivedData/Build/Products/Debug/SwiftDiagnostics.appintents --target-triple arm64-apple-macos12.0 --binary-file /Volumes/DeveloperStorage/BuildScratch/throttle-convergence-20260920/DerivedData/Build/Products/Debug/SwiftDiagnostics.o --dependency-file /Volumes/DeveloperStorage/BuildScratch/throttle-convergence-20260920/DerivedData/Build/Intermediates.noindex/swift-syntax.build/Debug/SwiftDiagnostics-t.build/Objects-normal/arm64/SwiftDiagnostics_dependency_info.dat --stringsdata-file /Volumes/DeveloperStorage/BuildScratch/throttle-convergence-20260920/DerivedData/Build/Intermediates.noindex/swift-syntax.build/Debug/SwiftDiagnostics-t.build/Objects-normal/arm64/ExtractedAppShortcutsMetadata.stringsdata --source-file-list /Volumes/DeveloperStorage/BuildScratch/throttle-convergence-20260920/DerivedData/Build/Intermediates.noindex/swift-syntax.build/Debug/SwiftDiagnostics-t.build/Objects-normal/arm64/SwiftDiagnostics.SwiftFileList --metadata-file-list /Volumes/DeveloperStorage/BuildScratch/throttle-convergence-20260920/DerivedData/Build/Intermediates.noindex/swift-syntax.build/Debug/SwiftDiagnostics-t.build/SwiftDiagnostics.DependencyMetadataFileList --static-metadata-file-list /Volumes/DeveloperStorage/BuildScratch/throttle-convergence-20260920/DerivedData/Build/Intermediates.noindex/swift-syntax.build/Debug/SwiftDiagnostics-t.build/SwiftDiagnostics.DependencyStaticMetadataFileList --swift-const-vals-list /Volumes/DeveloperStorage/BuildScratch/throttle-convergence-20260920/DerivedData/Build/Intermediates.noindex/swift-syntax.build/Debug/SwiftDiagnostics-t.build/Objects-normal/arm64/SwiftDiagnostics.SwiftConstValuesFileList --force --compile-time-extraction --deployment-aware-processing --no-app-shortcuts-localization
2026-09-21 10:05:03.466 appintentsmetadataprocessor[61916:2174784] Starting appintentsmetadataprocessor export
2026-09-21 10:05:03.502 appintentsmetadataprocessor[61916:2174784] Extracted no relevant App Intents symbols, skipping writing output

ExtractAppIntentsMetadata (in target 'ResearchVaultXPCClient' from project 'ResearchVaultKit')
    cd /Users/kevinnadjarian/GitHub/Throttle/build/convergence-recovery-20260920/Packages/ResearchVaultKit
    /Applications/Xcode.app/Contents/Developer/Toolchains/XcodeDefault.xctoolchain/usr/bin/appintentsmetadataprocessor --toolchain-dir /var/run/com.apple.security.cryptexd/mnt/com.apple.MobileAsset.MetalToolchain-v27.1.266.1.s263Mc/Metal.xctoolchain --module-name ResearchVaultXPCClient --sdk-root /Applications/Xcode.app/Contents/Developer/Platforms/MacOSX.platform/Developer/SDKs/MacOSX27.0.sdk --xcode-version 27A266a --platform-family macOS --deployment-target 14.0 --bundle-identifier researchvaultkit.ResearchVaultXPCClient --output /Volumes/DeveloperStorage/BuildScratch/throttle-convergence-20260920/DerivedData/Build/Products/Debug/ResearchVaultXPCClient.appintents --target-triple arm64-apple-macos14.0 --binary-file /Volumes/DeveloperStorage/BuildScratch/throttle-convergence-20260920/DerivedData/Build/Products/Debug/ResearchVaultXPCClient.o --dependency-file /Volumes/DeveloperStorage/BuildScratch/throttle-convergence-20260920/DerivedData/Build/Intermediates.noindex/ResearchVaultKit.build/Debug/ResearchVaultXPCClient-t.build/Objects-normal/arm64/ResearchVaultXPCClient_dependency_info.dat --stringsdata-file /Volumes/DeveloperStorage/BuildScratch/throttle-convergence-20260920/DerivedData/Build/Intermediates.noindex/ResearchVaultKit.build/Debug/ResearchVaultXPCClient-t.build/Objects-normal/arm64/ExtractedAppShortcutsMetadata.stringsdata --source-file-list /Volumes/DeveloperStorage/BuildScratch/throttle-convergence-20260920/DerivedData/Build/Intermediates.noindex/ResearchVaultKit.build/Debug/ResearchVaultXPCClient-t.build/Objects-normal/arm64/ResearchVaultXPCClient.SwiftFileList --metadata-file-list /Volumes/DeveloperStorage/BuildScratch/throttle-convergence-20260920/DerivedData/Build/Intermediates.noindex/ResearchVaultKit.build/Debug/ResearchVaultXPCClient-t.build/ResearchVaultXPCClient.DependencyMetadataFileList --static-metadata-file-list /Volumes/DeveloperStorage/BuildScratch/throttle-convergence-20260920/DerivedData/Build/Intermediates.noindex/ResearchVaultKit.build/Debug/ResearchVaultXPCClient-t.build/ResearchVaultXPCClient.DependencyStaticMetadataFileList --swift-const-vals-list /Volumes/DeveloperStorage/BuildScratch/throttle-convergence-20260920/DerivedData/Build/Intermediates.noindex/ResearchVaultKit.build/Debug/ResearchVaultXPCClient-t.build/Objects-normal/arm64/ResearchVaultXPCClient.SwiftConstValuesFileList --force --compile-time-extraction --deployment-aware-processing --no-app-shortcuts-localization
2026-09-21 10:05:03.470 appintentsmetadataprocessor[61917:2174789] Starting appintentsmetadataprocessor export
2026-09-21 10:05:03.503 appintentsmetadataprocessor[61917:2174789] Extracted no relevant App Intents symbols, skipping writing output

RegisterExecutionPolicyException /Volumes/DeveloperStorage/BuildScratch/throttle-convergence-20260920/DerivedData/Build/Products/Debug/encuda (in target 'encuda-product' from project 'mlx-swift')
    cd /Volumes/DeveloperStorage/BuildScratch/throttle-convergence-20260920/SourcePackages/checkouts/mlx-swift
    builtin-RegisterExecutionPolicyException /Volumes/DeveloperStorage/BuildScratch/throttle-convergence-20260920/DerivedData/Build/Products/Debug/encuda

ExtractAppIntentsMetadata (in target 'SwiftBasicFormat' from project 'swift-syntax')
    cd /Volumes/DeveloperStorage/BuildScratch/throttle-convergence-20260920/SourcePackages/checkouts/swift-syntax
    /Applications/Xcode.app/Contents/Developer/Toolchains/XcodeDefault.xctoolchain/usr/bin/appintentsmetadataprocessor --toolchain-dir /var/run/com.apple.security.cryptexd/mnt/com.apple.MobileAsset.MetalToolchain-v27.1.266.1.s263Mc/Metal.xctoolchain --module-name SwiftBasicFormat --sdk-root /Applications/Xcode.app/Contents/Developer/Platforms/MacOSX.platform/Developer/SDKs/MacOSX27.0.sdk --xcode-version 27A266a --platform-family macOS --deployment-target 12.0 --bundle-identifier swift-syntax.SwiftBasicFormat --output /Volumes/DeveloperStorage/BuildScratch/throttle-convergence-20260920/DerivedData/Build/Products/Debug/SwiftBasicFormat.appintents --target-triple arm64-apple-macos12.0 --binary-file /Volumes/DeveloperStorage/BuildScratch/throttle-convergence-20260920/DerivedData/Build/Products/Debug/SwiftBasicFormat.o --dependency-file /Volumes/DeveloperStorage/BuildScratch/throttle-convergence-20260920/DerivedData/Build/Intermediates.noindex/swift-syntax.build/Debug/SwiftBasicFormat-t.build/Objects-normal/arm64/SwiftBasicFormat_dependency_info.dat --stringsdata-file /Volumes/DeveloperStorage/BuildScratch/throttle-convergence-20260920/DerivedData/Build/Intermediates.noindex/swift-syntax.build/Debug/SwiftBasicFormat-t.build/Objects-normal/arm64/ExtractedAppShortcutsMetadata.stringsdata --source-file-list /Volumes/DeveloperStorage/BuildScratch/throttle-convergence-20260920/DerivedData/Build/Intermediates.noindex/swift-syntax.build/Debug/SwiftBasicFormat-t.build/Objects-normal/arm64/SwiftBasicFormat.SwiftFileList --metadata-file-list /Volumes/DeveloperStorage/BuildScratch/throttle-convergence-20260920/DerivedData/Build/Intermediates.noindex/swift-syntax.build/Debug/SwiftBasicFormat-t.build/SwiftBasicFormat.DependencyMetadataFileList --static-metadata-file-list /Volumes/DeveloperStorage/BuildScratch/throttle-convergence-20260920/DerivedData/Build/Intermediates.noindex/swift-syntax.build/Debug/SwiftBasicFormat-t.build/SwiftBasicFormat.DependencyStaticMetadataFileList --swift-const-vals-list /Volumes/DeveloperStorage/BuildScratch/throttle-convergence-20260920/DerivedData/Build/Intermediates.noindex/swift-syntax.build/Debug/SwiftBasicFormat-t.build/Objects-normal/arm64/SwiftBasicFormat.SwiftConstValuesFileList --force --compile-time-extraction --deployment-aware-processing --no-app-shortcuts-localization
2026-09-21 10:05:03.519 appintentsmetadataprocessor[61918:2174794] Starting appintentsmetadataprocessor export
2026-09-21 10:05:03.553 appintentsmetadataprocessor[61918:2174794] Extracted no relevant App Intents symbols, skipping writing output

ExtractAppIntentsMetadata (in target 'SwiftParser' from project 'swift-syntax')
    cd /Volumes/DeveloperStorage/BuildScratch/throttle-convergence-20260920/SourcePackages/checkouts/swift-syntax
    /Applications/Xcode.app/Contents/Developer/Toolchains/XcodeDefault.xctoolchain/usr/bin/appintentsmetadataprocessor --toolchain-dir /var/run/com.apple.security.cryptexd/mnt/com.apple.MobileAsset.MetalToolchain-v27.1.266.1.s263Mc/Metal.xctoolchain --module-name SwiftParser --sdk-root /Applications/Xcode.app/Contents/Developer/Platforms/MacOSX.platform/Developer/SDKs/MacOSX27.0.sdk --xcode-version 27A266a --platform-family macOS --deployment-target 12.0 --bundle-identifier swift-syntax.SwiftParser --output /Volumes/DeveloperStorage/BuildScratch/throttle-convergence-20260920/DerivedData/Build/Products/Debug/SwiftParser.appintents --target-triple arm64-apple-macos12.0 --binary-file /Volumes/DeveloperStorage/BuildScratch/throttle-convergence-20260920/DerivedData/Build/Products/Debug/SwiftParser.o --dependency-file /Volumes/DeveloperStorage/BuildScratch/throttle-convergence-20260920/DerivedData/Build/Intermediates.noindex/swift-syntax.build/Debug/SwiftParser-t.build/Objects-normal/arm64/SwiftParser_dependency_info.dat --stringsdata-file /Volumes/DeveloperStorage/BuildScratch/throttle-convergence-20260920/DerivedData/Build/Intermediates.noindex/swift-syntax.build/Debug/SwiftParser-t.build/Objects-normal/arm64/ExtractedAppShortcutsMetadata.stringsdata --source-file-list /Volumes/DeveloperStorage/BuildScratch/throttle-convergence-20260920/DerivedData/Build/Intermediates.noindex/swift-syntax.build/Debug/SwiftParser-t.build/Objects-normal/arm64/SwiftParser.SwiftFileList --metadata-file-list /Volumes/DeveloperStorage/BuildScratch/throttle-convergence-20260920/DerivedData/Build/Intermediates.noindex/swift-syntax.build/Debug/SwiftParser-t.build/SwiftParser.DependencyMetadataFileList --static-metadata-file-list /Volumes/DeveloperStorage/BuildScratch/throttle-convergence-20260920/DerivedData/Build/Intermediates.noindex/swift-syntax.build/Debug/SwiftParser-t.build/SwiftParser.DependencyStaticMetadataFileList --swift-const-vals-list /Volumes/DeveloperStorage/BuildScratch/throttle-convergence-20260920/DerivedData/Build/Intermediates.noindex/swift-syntax.build/Debug/SwiftParser-t.build/Objects-normal/arm64/SwiftParser.SwiftConstValuesFileList --force --compile-time-extraction --deployment-aware-processing --no-app-shortcuts-localization
2026-09-21 10:05:03.524 appintentsmetadataprocessor[61919:2174797] Starting appintentsmetadataprocessor export
2026-09-21 10:05:03.565 appintentsmetadataprocessor[61919:2174797] Extracted no relevant App Intents symbols, skipping writing output

ExtractAppIntentsMetadata (in target 'ResearchVaultIngestion' from project 'ResearchVaultKit')
    cd /Users/kevinnadjarian/GitHub/Throttle/build/convergence-recovery-20260920/Packages/ResearchVaultKit
    /Applications/Xcode.app/Contents/Developer/Toolchains/XcodeDefault.xctoolchain/usr/bin/appintentsmetadataprocessor --toolchain-dir /var/run/com.apple.security.cryptexd/mnt/com.apple.MobileAsset.MetalToolchain-v27.1.266.1.s263Mc/Metal.xctoolchain --module-name ResearchVaultIngestion --sdk-root /Applications/Xcode.app/Contents/Developer/Platforms/MacOSX.platform/Developer/SDKs/MacOSX27.0.sdk --xcode-version 27A266a --platform-family macOS --deployment-target 14.0 --bundle-identifier researchvaultkit.ResearchVaultIngestion --output /Volumes/DeveloperStorage/BuildScratch/throttle-convergence-20260920/DerivedData/Build/Products/Debug/ResearchVaultIngestion.appintents --target-triple arm64-apple-macos14.0 --binary-file /Volumes/DeveloperStorage/BuildScratch/throttle-convergence-20260920/DerivedData/Build/Products/Debug/ResearchVaultIngestion.o --dependency-file /Volumes/DeveloperStorage/BuildScratch/throttle-convergence-20260920/DerivedData/Build/Intermediates.noindex/ResearchVaultKit.build/Debug/ResearchVaultIngestion-t.build/Objects-normal/arm64/ResearchVaultIngestion_dependency_info.dat --stringsdata-file /Volumes/DeveloperStorage/BuildScratch/throttle-convergence-20260920/DerivedData/Build/Intermediates.noindex/ResearchVaultKit.build/Debug/ResearchVaultIngestion-t.build/Objects-normal/arm64/ExtractedAppShortcutsMetadata.stringsdata --source-file-list /Volumes/DeveloperStorage/BuildScratch/throttle-convergence-20260920/DerivedData/Build/Intermediates.noindex/ResearchVaultKit.build/Debug/ResearchVaultIngestion-t.build/Objects-normal/arm64/ResearchVaultIngestion.SwiftFileList --metadata-file-list /Volumes/DeveloperStorage/BuildScratch/throttle-convergence-20260920/DerivedData/Build/Intermediates.noindex/ResearchVaultKit.build/Debug/ResearchVaultIngestion-t.build/ResearchVaultIngestion.DependencyMetadataFileList --static-metadata-file-list /Volumes/DeveloperStorage/BuildScratch/throttle-convergence-20260920/DerivedData/Build/Intermediates.noindex/ResearchVaultKit.build/Debug/ResearchVaultIngestion-t.build/ResearchVaultIngestion.DependencyStaticMetadataFileList --swift-const-vals-list /Volumes/DeveloperStorage/BuildScratch/throttle-convergence-20260920/DerivedData/Build/Intermediates.noindex/ResearchVaultKit.build/Debug/ResearchVaultIngestion-t.build/Objects-normal/arm64/ResearchVaultIngestion.SwiftConstValuesFileList --force --compile-time-extraction --deployment-aware-processing --no-app-shortcuts-localization
2026-09-21 10:05:03.569 appintentsmetadataprocessor[61920:2174803] Starting appintentsmetadataprocessor export
2026-09-21 10:05:03.606 appintentsmetadataprocessor[61920:2174803] Extracted no relevant App Intents symbols, skipping writing output

ProcessInfoPlistFile /Volumes/DeveloperStorage/BuildScratch/throttle-convergence-20260920/DerivedData/Build/Products/Debug/mlx-swift_Cmlx.bundle/Contents/Info.plist /Volumes/DeveloperStorage/BuildScratch/throttle-convergence-20260920/DerivedData/Build/Intermediates.noindex/mlx-swift.build/Debug/mlx-swift_Cmlx-b.build/empty-mlx-swift_Cmlx.plist (in target 'mlx-swift_Cmlx' from project 'mlx-swift')
    cd /Volumes/DeveloperStorage/BuildScratch/throttle-convergence-20260920/SourcePackages/checkouts/mlx-swift
    builtin-infoPlistUtility /Volumes/DeveloperStorage/BuildScratch/throttle-convergence-20260920/DerivedData/Build/Intermediates.noindex/mlx-swift.build/Debug/mlx-swift_Cmlx-b.build/empty-mlx-swift_Cmlx.plist -producttype com.apple.product-type.bundle -expandbuildsettings -platform macosx -o /Volumes/DeveloperStorage/BuildScratch/throttle-convergence-20260920/DerivedData/Build/Products/Debug/mlx-swift_Cmlx.bundle/Contents/Info.plist

Ld /Volumes/DeveloperStorage/BuildScratch/throttle-convergence-20260920/DerivedData/Build/Products/Debug/Cmlx.o normal (in target 'Cmlx' from project 'mlx-swift')
    cd /Volumes/DeveloperStorage/BuildScratch/throttle-convergence-20260920/SourcePackages/checkouts/mlx-swift
    /Applications/Xcode.app/Contents/Developer/Toolchains/XcodeDefault.xctoolchain/usr/bin/clang++ -Xlinker -reproducible -target arm64-apple-macos14.0 -r -isysroot /Applications/Xcode.app/Contents/Developer/Platforms/MacOSX.platform/Developer/SDKs/MacOSX27.0.sdk -O0 -w -Xlinker -no_warn_duplicate_libraries -F/Volumes/DeveloperStorage/BuildScratch/throttle-convergence-20260920/DerivedData/Build/Intermediates.noindex/EagerLinkingTBDs/Debug -F/Volumes/DeveloperStorage/BuildScratch/throttle-convergence-20260920/DerivedData/Build/Products/Debug -iframework /Applications/Xcode.app/Contents/Developer/Platforms/MacOSX.platform/Developer/Library/Frameworks -filelist /Volumes/DeveloperStorage/BuildScratch/throttle-convergence-20260920/DerivedData/Build/Intermediates.noindex/mlx-swift.build/Debug/Cmlx-t.build/Objects-normal/arm64/Cmlx.LinkFileList -nostdlib -Xlinker -object_path_lto -Xlinker /Volumes/DeveloperStorage/BuildScratch/throttle-convergence-20260920/DerivedData/Build/Intermediates.noindex/mlx-swift.build/Debug/Cmlx-t.build/Objects-normal/arm64/Cmlx_lto.o -Xlinker -no_deduplicate -Xlinker -debug_variant -Xlinker -dependency_info -Xlinker /Volumes/DeveloperStorage/BuildScratch/throttle-convergence-20260920/DerivedData/Build/Intermediates.noindex/mlx-swift.build/Debug/Cmlx-t.build/Objects-normal/arm64/Cmlx_dependency_info.dat -fobjc-arc -fobjc-link-runtime -o /Volumes/DeveloperStorage/BuildScratch/throttle-convergence-20260920/DerivedData/Build/Products/Debug/Cmlx.o

Ld /Volumes/DeveloperStorage/BuildScratch/throttle-convergence-20260920/DerivedData/Build/Products/Debug/SwiftParserDiagnostics.o normal (in target 'SwiftParserDiagnostics' from project 'swift-syntax')
    cd /Volumes/DeveloperStorage/BuildScratch/throttle-convergence-20260920/SourcePackages/checkouts/swift-syntax
    /Applications/Xcode.app/Contents/Developer/Toolchains/XcodeDefault.xctoolchain/usr/bin/clang -Xlinker -reproducible -target arm64-apple-macos12.0 -r -isysroot /Applications/Xcode.app/Contents/Developer/Platforms/MacOSX.platform/Developer/SDKs/MacOSX27.0.sdk -O0 -w -Xlinker -no_warn_duplicate_libraries -F/Volumes/DeveloperStorage/BuildScratch/throttle-convergence-20260920/DerivedData/Build/Intermediates.noindex/EagerLinkingTBDs/Debug -F/Volumes/DeveloperStorage/BuildScratch/throttle-convergence-20260920/DerivedData/Build/Products/Debug/PackageFrameworks -F/Volumes/DeveloperStorage/BuildScratch/throttle-convergence-20260920/DerivedData/Build/Products/Debug -iframework /Applications/Xcode.app/Contents/Developer/Platforms/MacOSX.platform/Developer/Library/Frameworks -filelist /Volumes/DeveloperStorage/BuildScratch/throttle-convergence-20260920/DerivedData/Build/Intermediates.noindex/swift-syntax.build/Debug/SwiftParserDiagnostics-t.build/Objects-normal/arm64/SwiftParserDiagnostics.LinkFileList -nostdlib -Xlinker -object_path_lto -Xlinker /Volumes/DeveloperStorage/BuildScratch/throttle-convergence-20260920/DerivedData/Build/Intermediates.noindex/swift-syntax.build/Debug/SwiftParserDiagnostics-t.build/Objects-normal/arm64/SwiftParserDiagnostics_lto.o -Xlinker -no_deduplicate -Xlinker -debug_variant -Xlinker -dependency_info -Xlinker /Volumes/DeveloperStorage/BuildScratch/throttle-convergence-20260920/DerivedData/Build/Intermediates.noindex/swift-syntax.build/Debug/SwiftParserDiagnostics-t.build/Objects-normal/arm64/SwiftParserDiagnostics_dependency_info.dat -fobjc-link-runtime -L/Applications/Xcode.app/Contents/Developer/Toolchains/XcodeDefault.xctoolchain/usr/lib/swift/macosx -L/usr/lib/swift -Xlinker -add_ast_path -Xlinker /Volumes/DeveloperStorage/BuildScratch/throttle-convergence-20260920/DerivedData/Build/Intermediates.noindex/swift-syntax.build/Debug/SwiftParserDiagnostics-t.build/Objects-normal/arm64/SwiftParserDiagnostics.swiftmodule -o /Volumes/DeveloperStorage/BuildScratch/throttle-convergence-20260920/DerivedData/Build/Products/Debug/SwiftParserDiagnostics.o

Ld /Volumes/DeveloperStorage/BuildScratch/throttle-convergence-20260920/DerivedData/Build/Products/Debug/SwiftOperators.o normal (in target 'SwiftOperators' from project 'swift-syntax')
    cd /Volumes/DeveloperStorage/BuildScratch/throttle-convergence-20260920/SourcePackages/checkouts/swift-syntax
    /Applications/Xcode.app/Contents/Developer/Toolchains/XcodeDefault.xctoolchain/usr/bin/clang -Xlinker -reproducible -target arm64-apple-macos12.0 -r -isysroot /Applications/Xcode.app/Contents/Developer/Platforms/MacOSX.platform/Developer/SDKs/MacOSX27.0.sdk -O0 -w -Xlinker -no_warn_duplicate_libraries -F/Volumes/DeveloperStorage/BuildScratch/throttle-convergence-20260920/DerivedData/Build/Intermediates.noindex/EagerLinkingTBDs/Debug -F/Volumes/DeveloperStorage/BuildScratch/throttle-convergence-20260920/DerivedData/Build/Products/Debug/PackageFrameworks -F/Volumes/DeveloperStorage/BuildScratch/throttle-convergence-20260920/DerivedData/Build/Products/Debug -iframework /Applications/Xcode.app/Contents/Developer/Platforms/MacOSX.platform/Developer/Library/Frameworks -filelist /Volumes/DeveloperStorage/BuildScratch/throttle-convergence-20260920/DerivedData/Build/Intermediates.noindex/swift-syntax.build/Debug/SwiftOperators-t.build/Objects-normal/arm64/SwiftOperators.LinkFileList -nostdlib -Xlinker -object_path_lto -Xlinker /Volumes/DeveloperStorage/BuildScratch/throttle-convergence-20260920/DerivedData/Build/Intermediates.noindex/swift-syntax.build/Debug/SwiftOperators-t.build/Objects-normal/arm64/SwiftOperators_lto.o -Xlinker -no_deduplicate -Xlinker -debug_variant -Xlinker -dependency_info -Xlinker /Volumes/DeveloperStorage/BuildScratch/throttle-convergence-20260920/DerivedData/Build/Intermediates.noindex/swift-syntax.build/Debug/SwiftOperators-t.build/Objects-normal/arm64/SwiftOperators_dependency_info.dat -fobjc-link-runtime -L/Applications/Xcode.app/Contents/Developer/Toolchains/XcodeDefault.xctoolchain/usr/lib/swift/macosx -L/usr/lib/swift -Xlinker -add_ast_path -Xlinker /Volumes/DeveloperStorage/BuildScratch/throttle-convergence-20260920/DerivedData/Build/Intermediates.noindex/swift-syntax.build/Debug/SwiftOperators-t.build/Objects-normal/arm64/SwiftOperators.swiftmodule -o /Volumes/DeveloperStorage/BuildScratch/throttle-convergence-20260920/DerivedData/Build/Products/Debug/SwiftOperators.o

ExtractAppIntentsMetadata (in target 'SwiftParserDiagnostics' from project 'swift-syntax')
    cd /Volumes/DeveloperStorage/BuildScratch/throttle-convergence-20260920/SourcePackages/checkouts/swift-syntax
    /Applications/Xcode.app/Contents/Developer/Toolchains/XcodeDefault.xctoolchain/usr/bin/appintentsmetadataprocessor --toolchain-dir /var/run/com.apple.security.cryptexd/mnt/com.apple.MobileAsset.MetalToolchain-v27.1.266.1.s263Mc/Metal.xctoolchain --module-name SwiftParserDiagnostics --sdk-root /Applications/Xcode.app/Contents/Developer/Platforms/MacOSX.platform/Developer/SDKs/MacOSX27.0.sdk --xcode-version 27A266a --platform-family macOS --deployment-target 12.0 --bundle-identifier swift-syntax.SwiftParserDiagnostics --output /Volumes/DeveloperStorage/BuildScratch/throttle-convergence-20260920/DerivedData/Build/Products/Debug/SwiftParserDiagnostics.appintents --target-triple arm64-apple-macos12.0 --binary-file /Volumes/DeveloperStorage/BuildScratch/throttle-convergence-20260920/DerivedData/Build/Products/Debug/SwiftParserDiagnostics.o --dependency-file /Volumes/DeveloperStorage/BuildScratch/throttle-convergence-20260920/DerivedData/Build/Intermediates.noindex/swift-syntax.build/Debug/SwiftParserDiagnostics-t.build/Objects-normal/arm64/SwiftParserDiagnostics_dependency_info.dat --stringsdata-file /Volumes/DeveloperStorage/BuildScratch/throttle-convergence-20260920/DerivedData/Build/Intermediates.noindex/swift-syntax.build/Debug/SwiftParserDiagnostics-t.build/Objects-normal/arm64/ExtractedAppShortcutsMetadata.stringsdata --source-file-list /Volumes/DeveloperStorage/BuildScratch/throttle-convergence-20260920/DerivedData/Build/Intermediates.noindex/swift-syntax.build/Debug/SwiftParserDiagnostics-t.build/Objects-normal/arm64/SwiftParserDiagnostics.SwiftFileList --metadata-file-list /Volumes/DeveloperStorage/BuildScratch/throttle-convergence-20260920/DerivedData/Build/Intermediates.noindex/swift-syntax.build/Debug/SwiftParserDiagnostics-t.build/SwiftParserDiagnostics.DependencyMetadataFileList --static-metadata-file-list /Volumes/DeveloperStorage/BuildScratch/throttle-convergence-20260920/DerivedData/Build/Intermediates.noindex/swift-syntax.build/Debug/SwiftParserDiagnostics-t.build/SwiftParserDiagnostics.DependencyStaticMetadataFileList --swift-const-vals-list /Volumes/DeveloperStorage/BuildScratch/throttle-convergence-20260920/DerivedData/Build/Intermediates.noindex/swift-syntax.build/Debug/SwiftParserDiagnostics-t.build/Objects-normal/arm64/SwiftParserDiagnostics.SwiftConstValuesFileList --force --compile-time-extraction --deployment-aware-processing --no-app-shortcuts-localization
2026-09-21 10:05:03.694 appintentsmetadataprocessor[61927:2174842] Starting appintentsmetadataprocessor export
2026-09-21 10:05:03.739 appintentsmetadataprocessor[61927:2174842] Extracted no relevant App Intents symbols, skipping writing output

ExtractAppIntentsMetadata (in target 'SwiftOperators' from project 'swift-syntax')
    cd /Volumes/DeveloperStorage/BuildScratch/throttle-convergence-20260920/SourcePackages/checkouts/swift-syntax
    /Applications/Xcode.app/Contents/Developer/Toolchains/XcodeDefault.xctoolchain/usr/bin/appintentsmetadataprocessor --toolchain-dir /var/run/com.apple.security.cryptexd/mnt/com.apple.MobileAsset.MetalToolchain-v27.1.266.1.s263Mc/Metal.xctoolchain --module-name SwiftOperators --sdk-root /Applications/Xcode.app/Contents/Developer/Platforms/MacOSX.platform/Developer/SDKs/MacOSX27.0.sdk --xcode-version 27A266a --platform-family macOS --deployment-target 12.0 --bundle-identifier swift-syntax.SwiftOperators --output /Volumes/DeveloperStorage/BuildScratch/throttle-convergence-20260920/DerivedData/Build/Products/Debug/SwiftOperators.appintents --target-triple arm64-apple-macos12.0 --binary-file /Volumes/DeveloperStorage/BuildScratch/throttle-convergence-20260920/DerivedData/Build/Products/Debug/SwiftOperators.o --dependency-file /Volumes/DeveloperStorage/BuildScratch/throttle-convergence-20260920/DerivedData/Build/Intermediates.noindex/swift-syntax.build/Debug/SwiftOperators-t.build/Objects-normal/arm64/SwiftOperators_dependency_info.dat --stringsdata-file /Volumes/DeveloperStorage/BuildScratch/throttle-convergence-20260920/DerivedData/Build/Intermediates.noindex/swift-syntax.build/Debug/SwiftOperators-t.build/Objects-normal/arm64/ExtractedAppShortcutsMetadata.stringsdata --source-file-list /Volumes/DeveloperStorage/BuildScratch/throttle-convergence-20260920/DerivedData/Build/Intermediates.noindex/swift-syntax.build/Debug/SwiftOperators-t.build/Objects-normal/arm64/SwiftOperators.SwiftFileList --metadata-file-list /Volumes/DeveloperStorage/BuildScratch/throttle-convergence-20260920/DerivedData/Build/Intermediates.noindex/swift-syntax.build/Debug/SwiftOperators-t.build/SwiftOperators.DependencyMetadataFileList --static-metadata-file-list /Volumes/DeveloperStorage/BuildScratch/throttle-convergence-20260920/DerivedData/Build/Intermediates.noindex/swift-syntax.build/Debug/SwiftOperators-t.build/SwiftOperators.DependencyStaticMetadataFileList --swift-const-vals-list /Volumes/DeveloperStorage/BuildScratch/throttle-convergence-20260920/DerivedData/Build/Intermediates.noindex/swift-syntax.build/Debug/SwiftOperators-t.build/Objects-normal/arm64/SwiftOperators.SwiftConstValuesFileList --force --compile-time-extraction --deployment-aware-processing --no-app-shortcuts-localization
2026-09-21 10:05:03.755 appintentsmetadataprocessor[61928:2174845] Starting appintentsmetadataprocessor export
2026-09-21 10:05:03.796 appintentsmetadataprocessor[61928:2174845] Extracted no relevant App Intents symbols, skipping writing output

ExtractAppIntentsMetadata (in target 'ResearchVaultReasoning' from project 'ResearchVaultKit')
    cd /Users/kevinnadjarian/GitHub/Throttle/build/convergence-recovery-20260920/Packages/ResearchVaultKit
    /Applications/Xcode.app/Contents/Developer/Toolchains/XcodeDefault.xctoolchain/usr/bin/appintentsmetadataprocessor --toolchain-dir /var/run/com.apple.security.cryptexd/mnt/com.apple.MobileAsset.MetalToolchain-v27.1.266.1.s263Mc/Metal.xctoolchain --module-name ResearchVaultReasoning --sdk-root /Applications/Xcode.app/Contents/Developer/Platforms/MacOSX.platform/Developer/SDKs/MacOSX27.0.sdk --xcode-version 27A266a --platform-family macOS --deployment-target 14.0 --bundle-identifier researchvaultkit.ResearchVaultReasoning --output /Volumes/DeveloperStorage/BuildScratch/throttle-convergence-20260920/DerivedData/Build/Products/Debug/ResearchVaultReasoning.appintents --target-triple arm64-apple-macos14.0 --binary-file /Volumes/DeveloperStorage/BuildScratch/throttle-convergence-20260920/DerivedData/Build/Products/Debug/ResearchVaultReasoning.o --dependency-file /Volumes/DeveloperStorage/BuildScratch/throttle-convergence-20260920/DerivedData/Build/Intermediates.noindex/ResearchVaultKit.build/Debug/ResearchVaultReasoning-t.build/Objects-normal/arm64/ResearchVaultReasoning_dependency_info.dat --stringsdata-file /Volumes/DeveloperStorage/BuildScratch/throttle-convergence-20260920/DerivedData/Build/Intermediates.noindex/ResearchVaultKit.build/Debug/ResearchVaultReasoning-t.build/Objects-normal/arm64/ExtractedAppShortcutsMetadata.stringsdata --source-file-list /Volumes/DeveloperStorage/BuildScratch/throttle-convergence-20260920/DerivedData/Build/Intermediates.noindex/ResearchVaultKit.build/Debug/ResearchVaultReasoning-t.build/Objects-normal/arm64/ResearchVaultReasoning.SwiftFileList --metadata-file-list /Volumes/DeveloperStorage/BuildScratch/throttle-convergence-20260920/DerivedData/Build/Intermediates.noindex/ResearchVaultKit.build/Debug/ResearchVaultReasoning-t.build/ResearchVaultReasoning.DependencyMetadataFileList --static-metadata-file-list /Volumes/DeveloperStorage/BuildScratch/throttle-convergence-20260920/DerivedData/Build/Intermediates.noindex/ResearchVaultKit.build/Debug/ResearchVaultReasoning-t.build/ResearchVaultReasoning.DependencyStaticMetadataFileList --swift-const-vals-list /Volumes/DeveloperStorage/BuildScratch/throttle-convergence-20260920/DerivedData/Build/Intermediates.noindex/ResearchVaultKit.build/Debug/ResearchVaultReasoning-t.build/Objects-normal/arm64/ResearchVaultReasoning.SwiftConstValuesFileList --force --compile-time-extraction --deployment-aware-processing --no-app-shortcuts-localization
2026-09-21 10:05:03.812 appintentsmetadataprocessor[61931:2174852] Starting appintentsmetadataprocessor export
2026-09-21 10:05:03.851 appintentsmetadataprocessor[61931:2174852] Extracted no relevant App Intents symbols, skipping writing output

Ld /Volumes/DeveloperStorage/BuildScratch/throttle-convergence-20260920/DerivedData/Build/Products/Debug/SwiftSyntaxBuilder.o normal (in target 'SwiftSyntaxBuilder' from project 'swift-syntax')
    cd /Volumes/DeveloperStorage/BuildScratch/throttle-convergence-20260920/SourcePackages/checkouts/swift-syntax
    /Applications/Xcode.app/Contents/Developer/Toolchains/XcodeDefault.xctoolchain/usr/bin/clang -Xlinker -reproducible -target arm64-apple-macos12.0 -r -isysroot /Applications/Xcode.app/Contents/Developer/Platforms/MacOSX.platform/Developer/SDKs/MacOSX27.0.sdk -O0 -w -Xlinker -no_warn_duplicate_libraries -F/Volumes/DeveloperStorage/BuildScratch/throttle-convergence-20260920/DerivedData/Build/Intermediates.noindex/EagerLinkingTBDs/Debug -F/Volumes/DeveloperStorage/BuildScratch/throttle-convergence-20260920/DerivedData/Build/Products/Debug/PackageFrameworks -F/Volumes/DeveloperStorage/BuildScratch/throttle-convergence-20260920/DerivedData/Build/Products/Debug -iframework /Applications/Xcode.app/Contents/Developer/Platforms/MacOSX.platform/Developer/Library/Frameworks -filelist /Volumes/DeveloperStorage/BuildScratch/throttle-convergence-20260920/DerivedData/Build/Intermediates.noindex/swift-syntax.build/Debug/SwiftSyntaxBuilder-t.build/Objects-normal/arm64/SwiftSyntaxBuilder.LinkFileList -nostdlib -Xlinker -object_path_lto -Xlinker /Volumes/DeveloperStorage/BuildScratch/throttle-convergence-20260920/DerivedData/Build/Intermediates.noindex/swift-syntax.build/Debug/SwiftSyntaxBuilder-t.build/Objects-normal/arm64/SwiftSyntaxBuilder_lto.o -Xlinker -no_deduplicate -Xlinker -debug_variant -Xlinker -dependency_info -Xlinker /Volumes/DeveloperStorage/BuildScratch/throttle-convergence-20260920/DerivedData/Build/Intermediates.noindex/swift-syntax.build/Debug/SwiftSyntaxBuilder-t.build/Objects-normal/arm64/SwiftSyntaxBuilder_dependency_info.dat -fobjc-link-runtime -L/Applications/Xcode.app/Contents/Developer/Toolchains/XcodeDefault.xctoolchain/usr/lib/swift/macosx -L/usr/lib/swift -Xlinker -add_ast_path -Xlinker /Volumes/DeveloperStorage/BuildScratch/throttle-convergence-20260920/DerivedData/Build/Intermediates.noindex/swift-syntax.build/Debug/SwiftSyntaxBuilder-t.build/Objects-normal/arm64/SwiftSyntaxBuilder.swiftmodule -o /Volumes/DeveloperStorage/BuildScratch/throttle-convergence-20260920/DerivedData/Build/Products/Debug/SwiftSyntaxBuilder.o

ExtractAppIntentsMetadata (in target 'SwiftSyntaxBuilder' from project 'swift-syntax')
    cd /Volumes/DeveloperStorage/BuildScratch/throttle-convergence-20260920/SourcePackages/checkouts/swift-syntax
    /Applications/Xcode.app/Contents/Developer/Toolchains/XcodeDefault.xctoolchain/usr/bin/appintentsmetadataprocessor --toolchain-dir /var/run/com.apple.security.cryptexd/mnt/com.apple.MobileAsset.MetalToolchain-v27.1.266.1.s263Mc/Metal.xctoolchain --module-name SwiftSyntaxBuilder --sdk-root /Applications/Xcode.app/Contents/Developer/Platforms/MacOSX.platform/Developer/SDKs/MacOSX27.0.sdk --xcode-version 27A266a --platform-family macOS --deployment-target 12.0 --bundle-identifier swift-syntax.SwiftSyntaxBuilder --output /Volumes/DeveloperStorage/BuildScratch/throttle-convergence-20260920/DerivedData/Build/Products/Debug/SwiftSyntaxBuilder.appintents --target-triple arm64-apple-macos12.0 --binary-file /Volumes/DeveloperStorage/BuildScratch/throttle-convergence-20260920/DerivedData/Build/Products/Debug/SwiftSyntaxBuilder.o --dependency-file /Volumes/DeveloperStorage/BuildScratch/throttle-convergence-20260920/DerivedData/Build/Intermediates.noindex/swift-syntax.build/Debug/SwiftSyntaxBuilder-t.build/Objects-normal/arm64/SwiftSyntaxBuilder_dependency_info.dat --stringsdata-file /Volumes/DeveloperStorage/BuildScratch/throttle-convergence-20260920/DerivedData/Build/Intermediates.noindex/swift-syntax.build/Debug/SwiftSyntaxBuilder-t.build/Objects-normal/arm64/ExtractedAppShortcutsMetadata.stringsdata --source-file-list /Volumes/DeveloperStorage/BuildScratch/throttle-convergence-20260920/DerivedData/Build/Intermediates.noindex/swift-syntax.build/Debug/SwiftSyntaxBuilder-t.build/Objects-normal/arm64/SwiftSyntaxBuilder.SwiftFileList --metadata-file-list /Volumes/DeveloperStorage/BuildScratch/throttle-convergence-20260920/DerivedData/Build/Intermediates.noindex/swift-syntax.build/Debug/SwiftSyntaxBuilder-t.build/SwiftSyntaxBuilder.DependencyMetadataFileList --static-metadata-file-list /Volumes/DeveloperStorage/BuildScratch/throttle-convergence-20260920/DerivedData/Build/Intermediates.noindex/swift-syntax.build/Debug/SwiftSyntaxBuilder-t.build/SwiftSyntaxBuilder.DependencyStaticMetadataFileList --swift-const-vals-list /Volumes/DeveloperStorage/BuildScratch/throttle-convergence-20260920/DerivedData/Build/Intermediates.noindex/swift-syntax.build/Debug/SwiftSyntaxBuilder-t.build/Objects-normal/arm64/SwiftSyntaxBuilder.SwiftConstValuesFileList --force --compile-time-extraction --deployment-aware-processing --no-app-shortcuts-localization
2026-09-21 10:05:03.893 appintentsmetadataprocessor[61934:2174868] Starting appintentsmetadataprocessor export
2026-09-21 10:05:03.932 appintentsmetadataprocessor[61934:2174868] Extracted no relevant App Intents symbols, skipping writing output

Ld /Volumes/DeveloperStorage/BuildScratch/throttle-convergence-20260920/DerivedData/Build/Products/Debug/ResearchVaultStore.o normal (in target 'ResearchVaultStore' from project 'ResearchVaultKit')
    cd /Users/kevinnadjarian/GitHub/Throttle/build/convergence-recovery-20260920/Packages/ResearchVaultKit
    /Applications/Xcode.app/Contents/Developer/Toolchains/XcodeDefault.xctoolchain/usr/bin/clang -Xlinker -reproducible -target arm64-apple-macos14.0 -r -isysroot /Applications/Xcode.app/Contents/Developer/Platforms/MacOSX.platform/Developer/SDKs/MacOSX27.0.sdk -O0 -Xlinker -no_warn_duplicate_libraries -F/Volumes/DeveloperStorage/BuildScratch/throttle-convergence-20260920/DerivedData/Build/Intermediates.noindex/EagerLinkingTBDs/Debug -F/Volumes/DeveloperStorage/BuildScratch/throttle-convergence-20260920/DerivedData/Build/Products/Debug/PackageFrameworks -F/Volumes/DeveloperStorage/BuildScratch/throttle-convergence-20260920/DerivedData/Build/Products/Debug -iframework /Applications/Xcode.app/Contents/Developer/Platforms/MacOSX.platform/Developer/Library/Frameworks -filelist /Volumes/DeveloperStorage/BuildScratch/throttle-convergence-20260920/DerivedData/Build/Intermediates.noindex/ResearchVaultKit.build/Debug/ResearchVaultStore-t.build/Objects-normal/arm64/ResearchVaultStore.LinkFileList -nostdlib -Xlinker -object_path_lto -Xlinker /Volumes/DeveloperStorage/BuildScratch/throttle-convergence-20260920/DerivedData/Build/Intermediates.noindex/ResearchVaultKit.build/Debug/ResearchVaultStore-t.build/Objects-normal/arm64/ResearchVaultStore_lto.o -Xlinker -no_deduplicate -Xlinker -debug_variant -Xlinker -dependency_info -Xlinker /Volumes/DeveloperStorage/BuildScratch/throttle-convergence-20260920/DerivedData/Build/Intermediates.noindex/ResearchVaultKit.build/Debug/ResearchVaultStore-t.build/Objects-normal/arm64/ResearchVaultStore_dependency_info.dat -fobjc-link-runtime -L/Applications/Xcode.app/Contents/Developer/Toolchains/XcodeDefault.xctoolchain/usr/lib/swift/macosx -L/usr/lib/swift -Xlinker -add_ast_path -Xlinker /Volumes/DeveloperStorage/BuildScratch/throttle-convergence-20260920/DerivedData/Build/Intermediates.noindex/ResearchVaultKit.build/Debug/ResearchVaultStore-t.build/Objects-normal/arm64/ResearchVaultStore.swiftmodule -o /Volumes/DeveloperStorage/BuildScratch/throttle-convergence-20260920/DerivedData/Build/Products/Debug/ResearchVaultStore.o

Ld /Volumes/DeveloperStorage/BuildScratch/throttle-convergence-20260920/DerivedData/Build/Products/Debug/SwiftSyntaxMacros.o normal (in target 'SwiftSyntaxMacros' from project 'swift-syntax')
    cd /Volumes/DeveloperStorage/BuildScratch/throttle-convergence-20260920/SourcePackages/checkouts/swift-syntax
    /Applications/Xcode.app/Contents/Developer/Toolchains/XcodeDefault.xctoolchain/usr/bin/clang -Xlinker -reproducible -target arm64-apple-macos12.0 -r -isysroot /Applications/Xcode.app/Contents/Developer/Platforms/MacOSX.platform/Developer/SDKs/MacOSX27.0.sdk -O0 -w -Xlinker -no_warn_duplicate_libraries -F/Volumes/DeveloperStorage/BuildScratch/throttle-convergence-20260920/DerivedData/Build/Intermediates.noindex/EagerLinkingTBDs/Debug -F/Volumes/DeveloperStorage/BuildScratch/throttle-convergence-20260920/DerivedData/Build/Products/Debug/PackageFrameworks -F/Volumes/DeveloperStorage/BuildScratch/throttle-convergence-20260920/DerivedData/Build/Products/Debug -iframework /Applications/Xcode.app/Contents/Developer/Platforms/MacOSX.platform/Developer/Library/Frameworks -filelist /Volumes/DeveloperStorage/BuildScratch/throttle-convergence-20260920/DerivedData/Build/Intermediates.noindex/swift-syntax.build/Debug/SwiftSyntaxMacros-t.build/Objects-normal/arm64/SwiftSyntaxMacros.LinkFileList -nostdlib -Xlinker -object_path_lto -Xlinker /Volumes/DeveloperStorage/BuildScratch/throttle-convergence-20260920/DerivedData/Build/Intermediates.noindex/swift-syntax.build/Debug/SwiftSyntaxMacros-t.build/Objects-normal/arm64/SwiftSyntaxMacros_lto.o -Xlinker -no_deduplicate -Xlinker -debug_variant -Xlinker -dependency_info -Xlinker /Volumes/DeveloperStorage/BuildScratch/throttle-convergence-20260920/DerivedData/Build/Intermediates.noindex/swift-syntax.build/Debug/SwiftSyntaxMacros-t.build/Objects-normal/arm64/SwiftSyntaxMacros_dependency_info.dat -fobjc-link-runtime -L/Applications/Xcode.app/Contents/Developer/Toolchains/XcodeDefault.xctoolchain/usr/lib/swift/macosx -L/usr/lib/swift -Xlinker -add_ast_path -Xlinker /Volumes/DeveloperStorage/BuildScratch/throttle-convergence-20260920/DerivedData/Build/Intermediates.noindex/swift-syntax.build/Debug/SwiftSyntaxMacros-t.build/Objects-normal/arm64/SwiftSyntaxMacros.swiftmodule -o /Volumes/DeveloperStorage/BuildScratch/throttle-convergence-20260920/DerivedData/Build/Products/Debug/SwiftSyntaxMacros.o

ExtractAppIntentsMetadata (in target 'ResearchVaultStore' from project 'ResearchVaultKit')
    cd /Users/kevinnadjarian/GitHub/Throttle/build/convergence-recovery-20260920/Packages/ResearchVaultKit
    /Applications/Xcode.app/Contents/Developer/Toolchains/XcodeDefault.xctoolchain/usr/bin/appintentsmetadataprocessor --toolchain-dir /var/run/com.apple.security.cryptexd/mnt/com.apple.MobileAsset.MetalToolchain-v27.1.266.1.s263Mc/Metal.xctoolchain --module-name ResearchVaultStore --sdk-root /Applications/Xcode.app/Contents/Developer/Platforms/MacOSX.platform/Developer/SDKs/MacOSX27.0.sdk --xcode-version 27A266a --platform-family macOS --deployment-target 14.0 --bundle-identifier researchvaultkit.ResearchVaultStore --output /Volumes/DeveloperStorage/BuildScratch/throttle-convergence-20260920/DerivedData/Build/Products/Debug/ResearchVaultStore.appintents --target-triple arm64-apple-macos14.0 --binary-file /Volumes/DeveloperStorage/BuildScratch/throttle-convergence-20260920/DerivedData/Build/Products/Debug/ResearchVaultStore.o --dependency-file /Volumes/DeveloperStorage/BuildScratch/throttle-convergence-20260920/DerivedData/Build/Intermediates.noindex/ResearchVaultKit.build/Debug/ResearchVaultStore-t.build/Objects-normal/arm64/ResearchVaultStore_dependency_info.dat --stringsdata-file /Volumes/DeveloperStorage/BuildScratch/throttle-convergence-20260920/DerivedData/Build/Intermediates.noindex/ResearchVaultKit.build/Debug/ResearchVaultStore-t.build/Objects-normal/arm64/ExtractedAppShortcutsMetadata.stringsdata --source-file-list /Volumes/DeveloperStorage/BuildScratch/throttle-convergence-20260920/DerivedData/Build/Intermediates.noindex/ResearchVaultKit.build/Debug/ResearchVaultStore-t.build/Objects-normal/arm64/ResearchVaultStore.SwiftFileList --metadata-file-list /Volumes/DeveloperStorage/BuildScratch/throttle-convergence-20260920/DerivedData/Build/Intermediates.noindex/ResearchVaultKit.build/Debug/ResearchVaultStore-t.build/ResearchVaultStore.DependencyMetadataFileList --static-metadata-file-list /Volumes/DeveloperStorage/BuildScratch/throttle-convergence-20260920/DerivedData/Build/Intermediates.noindex/ResearchVaultKit.build/Debug/ResearchVaultStore-t.build/ResearchVaultStore.DependencyStaticMetadataFileList --swift-const-vals-list /Volumes/DeveloperStorage/BuildScratch/throttle-convergence-20260920/DerivedData/Build/Intermediates.noindex/ResearchVaultKit.build/Debug/ResearchVaultStore-t.build/Objects-normal/arm64/ResearchVaultStore.SwiftConstValuesFileList --force --compile-time-extraction --deployment-aware-processing --no-app-shortcuts-localization
2026-09-21 10:05:03.983 appintentsmetadataprocessor[61939:2174895] Starting appintentsmetadataprocessor export
2026-09-21 10:05:04.022 appintentsmetadataprocessor[61939:2174895] Extracted no relevant App Intents symbols, skipping writing output

ExtractAppIntentsMetadata (in target 'SwiftSyntaxMacros' from project 'swift-syntax')
    cd /Volumes/DeveloperStorage/BuildScratch/throttle-convergence-20260920/SourcePackages/checkouts/swift-syntax
    /Applications/Xcode.app/Contents/Developer/Toolchains/XcodeDefault.xctoolchain/usr/bin/appintentsmetadataprocessor --toolchain-dir /var/run/com.apple.security.cryptexd/mnt/com.apple.MobileAsset.MetalToolchain-v27.1.266.1.s263Mc/Metal.xctoolchain --module-name SwiftSyntaxMacros --sdk-root /Applications/Xcode.app/Contents/Developer/Platforms/MacOSX.platform/Developer/SDKs/MacOSX27.0.sdk --xcode-version 27A266a --platform-family macOS --deployment-target 12.0 --bundle-identifier swift-syntax.SwiftSyntaxMacros --output /Volumes/DeveloperStorage/BuildScratch/throttle-convergence-20260920/DerivedData/Build/Products/Debug/SwiftSyntaxMacros.appintents --target-triple arm64-apple-macos12.0 --binary-file /Volumes/DeveloperStorage/BuildScratch/throttle-convergence-20260920/DerivedData/Build/Products/Debug/SwiftSyntaxMacros.o --dependency-file /Volumes/DeveloperStorage/BuildScratch/throttle-convergence-20260920/DerivedData/Build/Intermediates.noindex/swift-syntax.build/Debug/SwiftSyntaxMacros-t.build/Objects-normal/arm64/SwiftSyntaxMacros_dependency_info.dat --stringsdata-file /Volumes/DeveloperStorage/BuildScratch/throttle-convergence-20260920/DerivedData/Build/Intermediates.noindex/swift-syntax.build/Debug/SwiftSyntaxMacros-t.build/Objects-normal/arm64/ExtractedAppShortcutsMetadata.stringsdata --source-file-list /Volumes/DeveloperStorage/BuildScratch/throttle-convergence-20260920/DerivedData/Build/Intermediates.noindex/swift-syntax.build/Debug/SwiftSyntaxMacros-t.build/Objects-normal/arm64/SwiftSyntaxMacros.SwiftFileList --metadata-file-list /Volumes/DeveloperStorage/BuildScratch/throttle-convergence-20260920/DerivedData/Build/Intermediates.noindex/swift-syntax.build/Debug/SwiftSyntaxMacros-t.build/SwiftSyntaxMacros.DependencyMetadataFileList --static-metadata-file-list /Volumes/DeveloperStorage/BuildScratch/throttle-convergence-20260920/DerivedData/Build/Intermediates.noindex/swift-syntax.build/Debug/SwiftSyntaxMacros-t.build/SwiftSyntaxMacros.DependencyStaticMetadataFileList --swift-const-vals-list /Volumes/DeveloperStorage/BuildScratch/throttle-convergence-20260920/DerivedData/Build/Intermediates.noindex/swift-syntax.build/Debug/SwiftSyntaxMacros-t.build/Objects-normal/arm64/SwiftSyntaxMacros.SwiftConstValuesFileList --force --compile-time-extraction --deployment-aware-processing --no-app-shortcuts-localization
2026-09-21 10:05:04.027 appintentsmetadataprocessor[61940:2174900] Starting appintentsmetadataprocessor export
2026-09-21 10:05:04.064 appintentsmetadataprocessor[61940:2174900] Extracted no relevant App Intents symbols, skipping writing output

ExtractAppIntentsMetadata (in target '_NIODataStructures' from project 'swift-nio')
    cd /Volumes/DeveloperStorage/BuildScratch/throttle-convergence-20260920/SourcePackages/checkouts/swift-nio
    /Applications/Xcode.app/Contents/Developer/Toolchains/XcodeDefault.xctoolchain/usr/bin/appintentsmetadataprocessor --toolchain-dir /var/run/com.apple.security.cryptexd/mnt/com.apple.MobileAsset.MetalToolchain-v27.1.266.1.s263Mc/Metal.xctoolchain --module-name _NIODataStructures --sdk-root /Applications/Xcode.app/Contents/Developer/Platforms/MacOSX.platform/Developer/SDKs/MacOSX27.0.sdk --xcode-version 27A266a --platform-family macOS --deployment-target 12.0 --bundle-identifier swift-nio.-NIODataStructures --output /Volumes/DeveloperStorage/BuildScratch/throttle-convergence-20260920/DerivedData/Build/Products/Debug/_NIODataStructures.appintents --target-triple arm64-apple-macos12.0 --binary-file /Volumes/DeveloperStorage/BuildScratch/throttle-convergence-20260920/DerivedData/Build/Products/Debug/_NIODataStructures.o --dependency-file /Volumes/DeveloperStorage/BuildScratch/throttle-convergence-20260920/DerivedData/Build/Intermediates.noindex/swift-nio.build/Debug/_NIODataStructures-t.build/Objects-normal/arm64/_NIODataStructures_dependency_info.dat --stringsdata-file /Volumes/DeveloperStorage/BuildScratch/throttle-convergence-20260920/DerivedData/Build/Intermediates.noindex/swift-nio.build/Debug/_NIODataStructures-t.build/Objects-normal/arm64/ExtractedAppShortcutsMetadata.stringsdata --source-file-list /Volumes/DeveloperStorage/BuildScratch/throttle-convergence-20260920/DerivedData/Build/Intermediates.noindex/swift-nio.build/Debug/_NIODataStructures-t.build/Objects-normal/arm64/_NIODataStructures.SwiftFileList --metadata-file-list /Volumes/DeveloperStorage/BuildScratch/throttle-convergence-20260920/DerivedData/Build/Intermediates.noindex/swift-nio.build/Debug/_NIODataStructures-t.build/_NIODataStructures.DependencyMetadataFileList --static-metadata-file-list /Volumes/DeveloperStorage/BuildScratch/throttle-convergence-20260920/DerivedData/Build/Intermediates.noindex/swift-nio.build/Debug/_NIODataStructures-t.build/_NIODataStructures.DependencyStaticMetadataFileList --swift-const-vals-list /Volumes/DeveloperStorage/BuildScratch/throttle-convergence-20260920/DerivedData/Build/Intermediates.noindex/swift-nio.build/Debug/_NIODataStructures-t.build/Objects-normal/arm64/_NIODataStructures.SwiftConstValuesFileList --force --compile-time-extraction --deployment-aware-processing --no-app-shortcuts-localization
2026-09-21 10:05:04.037 appintentsmetadataprocessor[61941:2174901] Starting appintentsmetadataprocessor export
2026-09-21 10:05:04.070 appintentsmetadataprocessor[61941:2174901] Extracted no relevant App Intents symbols, skipping writing output

Ld /Volumes/DeveloperStorage/BuildScratch/throttle-convergence-20260920/DerivedData/Build/Products/Debug/ResearchVaultSQLCipher.o normal (in target 'ResearchVaultSQLCipher' from project 'ResearchVaultKit')
    cd /Users/kevinnadjarian/GitHub/Throttle/build/convergence-recovery-20260920/Packages/ResearchVaultKit
    /Applications/Xcode.app/Contents/Developer/Toolchains/XcodeDefault.xctoolchain/usr/bin/clang -Xlinker -reproducible -target arm64-apple-macos14.0 -r -isysroot /Applications/Xcode.app/Contents/Developer/Platforms/MacOSX.platform/Developer/SDKs/MacOSX27.0.sdk -O0 -Xlinker -no_warn_duplicate_libraries -F/Volumes/DeveloperStorage/BuildScratch/throttle-convergence-20260920/DerivedData/Build/Intermediates.noindex/EagerLinkingTBDs/Debug -F/Volumes/DeveloperStorage/BuildScratch/throttle-convergence-20260920/DerivedData/Build/Products/Debug/PackageFrameworks -F/Volumes/DeveloperStorage/BuildScratch/throttle-convergence-20260920/DerivedData/Build/Products/Debug -iframework /Applications/Xcode.app/Contents/Developer/Platforms/MacOSX.platform/Developer/Library/Frameworks -filelist /Volumes/DeveloperStorage/BuildScratch/throttle-convergence-20260920/DerivedData/Build/Intermediates.noindex/ResearchVaultKit.build/Debug/ResearchVaultSQLCipher-t.build/Objects-normal/arm64/ResearchVaultSQLCipher.LinkFileList -nostdlib -Xlinker -object_path_lto -Xlinker /Volumes/DeveloperStorage/BuildScratch/throttle-convergence-20260920/DerivedData/Build/Intermediates.noindex/ResearchVaultKit.build/Debug/ResearchVaultSQLCipher-t.build/Objects-normal/arm64/ResearchVaultSQLCipher_lto.o -Xlinker -no_deduplicate -Xlinker -debug_variant -Xlinker -dependency_info -Xlinker /Volumes/DeveloperStorage/BuildScratch/throttle-convergence-20260920/DerivedData/Build/Intermediates.noindex/ResearchVaultKit.build/Debug/ResearchVaultSQLCipher-t.build/Objects-normal/arm64/ResearchVaultSQLCipher_dependency_info.dat -fobjc-link-runtime -L/Applications/Xcode.app/Contents/Developer/Toolchains/XcodeDefault.xctoolchain/usr/lib/swift/macosx -L/usr/lib/swift -Xlinker -add_ast_path -Xlinker /Volumes/DeveloperStorage/BuildScratch/throttle-convergence-20260920/DerivedData/Build/Intermediates.noindex/ResearchVaultKit.build/Debug/ResearchVaultSQLCipher-t.build/Objects-normal/arm64/ResearchVaultSQLCipher.swiftmodule -o /Volumes/DeveloperStorage/BuildScratch/throttle-convergence-20260920/DerivedData/Build/Products/Debug/ResearchVaultSQLCipher.o

Ld /Volumes/DeveloperStorage/BuildScratch/throttle-convergence-20260920/DerivedData/Build/Products/Debug/SwiftSyntaxMacroExpansion.o normal (in target 'SwiftSyntaxMacroExpansion' from project 'swift-syntax')
    cd /Volumes/DeveloperStorage/BuildScratch/throttle-convergence-20260920/SourcePackages/checkouts/swift-syntax
    /Applications/Xcode.app/Contents/Developer/Toolchains/XcodeDefault.xctoolchain/usr/bin/clang -Xlinker -reproducible -target arm64-apple-macos12.0 -r -isysroot /Applications/Xcode.app/Contents/Developer/Platforms/MacOSX.platform/Developer/SDKs/MacOSX27.0.sdk -O0 -w -Xlinker -no_warn_duplicate_libraries -F/Volumes/DeveloperStorage/BuildScratch/throttle-convergence-20260920/DerivedData/Build/Intermediates.noindex/EagerLinkingTBDs/Debug -F/Volumes/DeveloperStorage/BuildScratch/throttle-convergence-20260920/DerivedData/Build/Products/Debug/PackageFrameworks -F/Volumes/DeveloperStorage/BuildScratch/throttle-convergence-20260920/DerivedData/Build/Products/Debug -iframework /Applications/Xcode.app/Contents/Developer/Platforms/MacOSX.platform/Developer/Library/Frameworks -filelist /Volumes/DeveloperStorage/BuildScratch/throttle-convergence-20260920/DerivedData/Build/Intermediates.noindex/swift-syntax.build/Debug/SwiftSyntaxMacroExpansion-t.build/Objects-normal/arm64/SwiftSyntaxMacroExpansion.LinkFileList -nostdlib -Xlinker -object_path_lto -Xlinker /Volumes/DeveloperStorage/BuildScratch/throttle-convergence-20260920/DerivedData/Build/Intermediates.noindex/swift-syntax.build/Debug/SwiftSyntaxMacroExpansion-t.build/Objects-normal/arm64/SwiftSyntaxMacroExpansion_lto.o -Xlinker -no_deduplicate -Xlinker -debug_variant -Xlinker -dependency_info -Xlinker /Volumes/DeveloperStorage/BuildScratch/throttle-convergence-20260920/DerivedData/Build/Intermediates.noindex/swift-syntax.build/Debug/SwiftSyntaxMacroExpansion-t.build/Objects-normal/arm64/SwiftSyntaxMacroExpansion_dependency_info.dat -fobjc-link-runtime -L/Applications/Xcode.app/Contents/Developer/Toolchains/XcodeDefault.xctoolchain/usr/lib/swift/macosx -L/usr/lib/swift -Xlinker -add_ast_path -Xlinker /Volumes/DeveloperStorage/BuildScratch/throttle-convergence-20260920/DerivedData/Build/Intermediates.noindex/swift-syntax.build/Debug/SwiftSyntaxMacroExpansion-t.build/Objects-normal/arm64/SwiftSyntaxMacroExpansion.swiftmodule -o /Volumes/DeveloperStorage/BuildScratch/throttle-convergence-20260920/DerivedData/Build/Products/Debug/SwiftSyntaxMacroExpansion.o

ExtractAppIntentsMetadata (in target 'Numerics' from project 'swift-numerics')
    cd /Volumes/DeveloperStorage/BuildScratch/throttle-convergence-20260920/SourcePackages/checkouts/swift-numerics
    /Applications/Xcode.app/Contents/Developer/Toolchains/XcodeDefault.xctoolchain/usr/bin/appintentsmetadataprocessor --toolchain-dir /var/run/com.apple.security.cryptexd/mnt/com.apple.MobileAsset.MetalToolchain-v27.1.266.1.s263Mc/Metal.xctoolchain --module-name Numerics --sdk-root /Applications/Xcode.app/Contents/Developer/Platforms/MacOSX.platform/Developer/SDKs/MacOSX27.0.sdk --xcode-version 27A266a --platform-family macOS --deployment-target 12.0 --bundle-identifier swift-numerics.Numerics --output /Volumes/DeveloperStorage/BuildScratch/throttle-convergence-20260920/DerivedData/Build/Products/Debug/Numerics.appintents --target-triple arm64-apple-macos12.0 --binary-file /Volumes/DeveloperStorage/BuildScratch/throttle-convergence-20260920/DerivedData/Build/Products/Debug/Numerics.o --dependency-file /Volumes/DeveloperStorage/BuildScratch/throttle-convergence-20260920/DerivedData/Build/Intermediates.noindex/swift-numerics.build/Debug/Numerics-t.build/Objects-normal/arm64/Numerics_dependency_info.dat --stringsdata-file /Volumes/DeveloperStorage/BuildScratch/throttle-convergence-20260920/DerivedData/Build/Intermediates.noindex/swift-numerics.build/Debug/Numerics-t.build/Objects-normal/arm64/ExtractedAppShortcutsMetadata.stringsdata --source-file-list /Volumes/DeveloperStorage/BuildScratch/throttle-convergence-20260920/DerivedData/Build/Intermediates.noindex/swift-numerics.build/Debug/Numerics-t.build/Objects-normal/arm64/Numerics.SwiftFileList --metadata-file-list /Volumes/DeveloperStorage/BuildScratch/throttle-convergence-20260920/DerivedData/Build/Intermediates.noindex/swift-numerics.build/Debug/Numerics-t.build/Numerics.DependencyMetadataFileList --static-metadata-file-list /Volumes/DeveloperStorage/BuildScratch/throttle-convergence-20260920/DerivedData/Build/Intermediates.noindex/swift-numerics.build/Debug/Numerics-t.build/Numerics.DependencyStaticMetadataFileList --swift-const-vals-list /Volumes/DeveloperStorage/BuildScratch/throttle-convergence-20260920/DerivedData/Build/Intermediates.noindex/swift-numerics.build/Debug/Numerics-t.build/Objects-normal/arm64/Numerics.SwiftConstValuesFileList --force --compile-time-extraction --deployment-aware-processing --no-app-shortcuts-localization
2026-09-21 10:05:04.104 appintentsmetadataprocessor[61946:2174929] Starting appintentsmetadataprocessor export
2026-09-21 10:05:04.138 appintentsmetadataprocessor[61946:2174929] Extracted no relevant App Intents symbols, skipping writing output

ExtractAppIntentsMetadata (in target 'ResearchVaultSQLCipher' from project 'ResearchVaultKit')
    cd /Users/kevinnadjarian/GitHub/Throttle/build/convergence-recovery-20260920/Packages/ResearchVaultKit
    /Applications/Xcode.app/Contents/Developer/Toolchains/XcodeDefault.xctoolchain/usr/bin/appintentsmetadataprocessor --toolchain-dir /var/run/com.apple.security.cryptexd/mnt/com.apple.MobileAsset.MetalToolchain-v27.1.266.1.s263Mc/Metal.xctoolchain --module-name ResearchVaultSQLCipher --sdk-root /Applications/Xcode.app/Contents/Developer/Platforms/MacOSX.platform/Developer/SDKs/MacOSX27.0.sdk --xcode-version 27A266a --platform-family macOS --deployment-target 14.0 --bundle-identifier researchvaultkit.ResearchVaultSQLCipher --output /Volumes/DeveloperStorage/BuildScratch/throttle-convergence-20260920/DerivedData/Build/Products/Debug/ResearchVaultSQLCipher.appintents --target-triple arm64-apple-macos14.0 --binary-file /Volumes/DeveloperStorage/BuildScratch/throttle-convergence-20260920/DerivedData/Build/Products/Debug/ResearchVaultSQLCipher.o --dependency-file /Volumes/DeveloperStorage/BuildScratch/throttle-convergence-20260920/DerivedData/Build/Intermediates.noindex/ResearchVaultKit.build/Debug/ResearchVaultSQLCipher-t.build/Objects-normal/arm64/ResearchVaultSQLCipher_dependency_info.dat --stringsdata-file /Volumes/DeveloperStorage/BuildScratch/throttle-convergence-20260920/DerivedData/Build/Intermediates.noindex/ResearchVaultKit.build/Debug/ResearchVaultSQLCipher-t.build/Objects-normal/arm64/ExtractedAppShortcutsMetadata.stringsdata --source-file-list /Volumes/DeveloperStorage/BuildScratch/throttle-convergence-20260920/DerivedData/Build/Intermediates.noindex/ResearchVaultKit.build/Debug/ResearchVaultSQLCipher-t.build/Objects-normal/arm64/ResearchVaultSQLCipher.SwiftFileList --metadata-file-list /Volumes/DeveloperStorage/BuildScratch/throttle-convergence-20260920/DerivedData/Build/Intermediates.noindex/ResearchVaultKit.build/Debug/ResearchVaultSQLCipher-t.build/ResearchVaultSQLCipher.DependencyMetadataFileList --static-metadata-file-list /Volumes/DeveloperStorage/BuildScratch/throttle-convergence-20260920/DerivedData/Build/Intermediates.noindex/ResearchVaultKit.build/Debug/ResearchVaultSQLCipher-t.build/ResearchVaultSQLCipher.DependencyStaticMetadataFileList --swift-const-vals-list /Volumes/DeveloperStorage/BuildScratch/throttle-convergence-20260920/DerivedData/Build/Intermediates.noindex/ResearchVaultKit.build/Debug/ResearchVaultSQLCipher-t.build/Objects-normal/arm64/ResearchVaultSQLCipher.SwiftConstValuesFileList --force --compile-time-extraction --deployment-aware-processing --no-app-shortcuts-localization
2026-09-21 10:05:04.111 appintentsmetadataprocessor[61947:2174930] Starting appintentsmetadataprocessor export
2026-09-21 10:05:04.148 appintentsmetadataprocessor[61947:2174930] Extracted no relevant App Intents symbols, skipping writing output

ExtractAppIntentsMetadata (in target 'DequeModule' from project 'swift-collections')
    cd /Volumes/DeveloperStorage/BuildScratch/throttle-convergence-20260920/SourcePackages/checkouts/swift-collections
    /Applications/Xcode.app/Contents/Developer/Toolchains/XcodeDefault.xctoolchain/usr/bin/appintentsmetadataprocessor --toolchain-dir /var/run/com.apple.security.cryptexd/mnt/com.apple.MobileAsset.MetalToolchain-v27.1.266.1.s263Mc/Metal.xctoolchain --module-name DequeModule --sdk-root /Applications/Xcode.app/Contents/Developer/Platforms/MacOSX.platform/Developer/SDKs/MacOSX27.0.sdk --xcode-version 27A266a --platform-family macOS --deployment-target 12.0 --bundle-identifier swift-collections.DequeModule --output /Volumes/DeveloperStorage/BuildScratch/throttle-convergence-20260920/DerivedData/Build/Products/Debug/DequeModule.appintents --target-triple arm64-apple-macos12.0 --binary-file /Volumes/DeveloperStorage/BuildScratch/throttle-convergence-20260920/DerivedData/Build/Products/Debug/DequeModule.o --dependency-file /Volumes/DeveloperStorage/BuildScratch/throttle-convergence-20260920/DerivedData/Build/Intermediates.noindex/swift-collections.build/Debug/DequeModule-t.build/Objects-normal/arm64/DequeModule_dependency_info.dat --stringsdata-file /Volumes/DeveloperStorage/BuildScratch/throttle-convergence-20260920/DerivedData/Build/Intermediates.noindex/swift-collections.build/Debug/DequeModule-t.build/Objects-normal/arm64/ExtractedAppShortcutsMetadata.stringsdata --source-file-list /Volumes/DeveloperStorage/BuildScratch/throttle-convergence-20260920/DerivedData/Build/Intermediates.noindex/swift-collections.build/Debug/DequeModule-t.build/Objects-normal/arm64/DequeModule.SwiftFileList --metadata-file-list /Volumes/DeveloperStorage/BuildScratch/throttle-convergence-20260920/DerivedData/Build/Intermediates.noindex/swift-collections.build/Debug/DequeModule-t.build/DequeModule.DependencyMetadataFileList --static-metadata-file-list /Volumes/DeveloperStorage/BuildScratch/throttle-convergence-20260920/DerivedData/Build/Intermediates.noindex/swift-collections.build/Debug/DequeModule-t.build/DequeModule.DependencyStaticMetadataFileList --swift-const-vals-list /Volumes/DeveloperStorage/BuildScratch/throttle-convergence-20260920/DerivedData/Build/Intermediates.noindex/swift-collections.build/Debug/DequeModule-t.build/Objects-normal/arm64/DequeModule.SwiftConstValuesFileList --force --compile-time-extraction --deployment-aware-processing --no-app-shortcuts-localization
2026-09-21 10:05:04.153 appintentsmetadataprocessor[61948:2174937] Starting appintentsmetadataprocessor export
2026-09-21 10:05:04.193 appintentsmetadataprocessor[61948:2174937] Extracted no relevant App Intents symbols, skipping writing output

ExtractAppIntentsMetadata (in target 'SwiftSyntaxMacroExpansion' from project 'swift-syntax')
    cd /Volumes/DeveloperStorage/BuildScratch/throttle-convergence-20260920/SourcePackages/checkouts/swift-syntax
    /Applications/Xcode.app/Contents/Developer/Toolchains/XcodeDefault.xctoolchain/usr/bin/appintentsmetadataprocessor --toolchain-dir /var/run/com.apple.security.cryptexd/mnt/com.apple.MobileAsset.MetalToolchain-v27.1.266.1.s263Mc/Metal.xctoolchain --module-name SwiftSyntaxMacroExpansion --sdk-root /Applications/Xcode.app/Contents/Developer/Platforms/MacOSX.platform/Developer/SDKs/MacOSX27.0.sdk --xcode-version 27A266a --platform-family macOS --deployment-target 12.0 --bundle-identifier swift-syntax.SwiftSyntaxMacroExpansion --output /Volumes/DeveloperStorage/BuildScratch/throttle-convergence-20260920/DerivedData/Build/Products/Debug/SwiftSyntaxMacroExpansion.appintents --target-triple arm64-apple-macos12.0 --binary-file /Volumes/DeveloperStorage/BuildScratch/throttle-convergence-20260920/DerivedData/Build/Products/Debug/SwiftSyntaxMacroExpansion.o --dependency-file /Volumes/DeveloperStorage/BuildScratch/throttle-convergence-20260920/DerivedData/Build/Intermediates.noindex/swift-syntax.build/Debug/SwiftSyntaxMacroExpansion-t.build/Objects-normal/arm64/SwiftSyntaxMacroExpansion_dependency_info.dat --stringsdata-file /Volumes/DeveloperStorage/BuildScratch/throttle-convergence-20260920/DerivedData/Build/Intermediates.noindex/swift-syntax.build/Debug/SwiftSyntaxMacroExpansion-t.build/Objects-normal/arm64/ExtractedAppShortcutsMetadata.stringsdata --source-file-list /Volumes/DeveloperStorage/BuildScratch/throttle-convergence-20260920/DerivedData/Build/Intermediates.noindex/swift-syntax.build/Debug/SwiftSyntaxMacroExpansion-t.build/Objects-normal/arm64/SwiftSyntaxMacroExpansion.SwiftFileList --metadata-file-list /Volumes/DeveloperStorage/BuildScratch/throttle-convergence-20260920/DerivedData/Build/Intermediates.noindex/swift-syntax.build/Debug/SwiftSyntaxMacroExpansion-t.build/SwiftSyntaxMacroExpansion.DependencyMetadataFileList --static-metadata-file-list /Volumes/DeveloperStorage/BuildScratch/throttle-convergence-20260920/DerivedData/Build/Intermediates.noindex/swift-syntax.build/Debug/SwiftSyntaxMacroExpansion-t.build/SwiftSyntaxMacroExpansion.DependencyStaticMetadataFileList --swift-const-vals-list /Volumes/DeveloperStorage/BuildScratch/throttle-convergence-20260920/DerivedData/Build/Intermediates.noindex/swift-syntax.build/Debug/SwiftSyntaxMacroExpansion-t.build/Objects-normal/arm64/SwiftSyntaxMacroExpansion.SwiftConstValuesFileList --force --compile-time-extraction --deployment-aware-processing --no-app-shortcuts-localization
2026-09-21 10:05:04.161 appintentsmetadataprocessor[61949:2174938] Starting appintentsmetadataprocessor export
2026-09-21 10:05:04.196 appintentsmetadataprocessor[61949:2174938] Extracted no relevant App Intents symbols, skipping writing output

Ld /Volumes/DeveloperStorage/BuildScratch/throttle-convergence-20260920/DerivedData/Build/Products/Debug/MLX.o normal (in target 'MLX' from project 'mlx-swift')
    cd /Volumes/DeveloperStorage/BuildScratch/throttle-convergence-20260920/SourcePackages/checkouts/mlx-swift
    /Applications/Xcode.app/Contents/Developer/Toolchains/XcodeDefault.xctoolchain/usr/bin/clang -Xlinker -reproducible -target arm64-apple-macos14.0 -r -isysroot /Applications/Xcode.app/Contents/Developer/Platforms/MacOSX.platform/Developer/SDKs/MacOSX27.0.sdk -O0 -w -Xlinker -no_warn_duplicate_libraries -F/Volumes/DeveloperStorage/BuildScratch/throttle-convergence-20260920/DerivedData/Build/Intermediates.noindex/EagerLinkingTBDs/Debug -F/Volumes/DeveloperStorage/BuildScratch/throttle-convergence-20260920/DerivedData/Build/Products/Debug/PackageFrameworks -F/Volumes/DeveloperStorage/BuildScratch/throttle-convergence-20260920/DerivedData/Build/Products/Debug -iframework /Applications/Xcode.app/Contents/Developer/Platforms/MacOSX.platform/Developer/Library/Frameworks -filelist /Volumes/DeveloperStorage/BuildScratch/throttle-convergence-20260920/DerivedData/Build/Intermediates.noindex/mlx-swift.build/Debug/MLX-t.build/Objects-normal/arm64/MLX.LinkFileList -nostdlib -Xlinker -object_path_lto -Xlinker /Volumes/DeveloperStorage/BuildScratch/throttle-convergence-20260920/DerivedData/Build/Intermediates.noindex/mlx-swift.build/Debug/MLX-t.build/Objects-normal/arm64/MLX_lto.o -Xlinker -no_deduplicate -Xlinker -debug_variant -Xlinker -dependency_info -Xlinker /Volumes/DeveloperStorage/BuildScratch/throttle-convergence-20260920/DerivedData/Build/Intermediates.noindex/mlx-swift.build/Debug/MLX-t.build/Objects-normal/arm64/MLX_dependency_info.dat -fobjc-link-runtime -L/Applications/Xcode.app/Contents/Developer/Toolchains/XcodeDefault.xctoolchain/usr/lib/swift/macosx -L/usr/lib/swift -Xlinker -add_ast_path -Xlinker /Volumes/DeveloperStorage/BuildScratch/throttle-convergence-20260920/DerivedData/Build/Intermediates.noindex/mlx-swift.build/Debug/MLX-t.build/Objects-normal/arm64/MLX.swiftmodule -o /Volumes/DeveloperStorage/BuildScratch/throttle-convergence-20260920/DerivedData/Build/Products/Debug/MLX.o

Ld /Volumes/DeveloperStorage/BuildScratch/throttle-convergence-20260920/DerivedData/Build/Products/Debug/ResearchVaultGateway.o normal (in target 'ResearchVaultGateway' from project 'ResearchVaultKit')
    cd /Users/kevinnadjarian/GitHub/Throttle/build/convergence-recovery-20260920/Packages/ResearchVaultKit
    /Applications/Xcode.app/Contents/Developer/Toolchains/XcodeDefault.xctoolchain/usr/bin/clang -Xlinker -reproducible -target arm64-apple-macos14.0 -r -isysroot /Applications/Xcode.app/Contents/Developer/Platforms/MacOSX.platform/Developer/SDKs/MacOSX27.0.sdk -O0 -Xlinker -no_warn_duplicate_libraries -F/Volumes/DeveloperStorage/BuildScratch/throttle-convergence-20260920/DerivedData/Build/Intermediates.noindex/EagerLinkingTBDs/Debug -F/Volumes/DeveloperStorage/BuildScratch/throttle-convergence-20260920/DerivedData/Build/Products/Debug/PackageFrameworks -F/Volumes/DeveloperStorage/BuildScratch/throttle-convergence-20260920/DerivedData/Build/Products/Debug -iframework /Applications/Xcode.app/Contents/Developer/Platforms/MacOSX.platform/Developer/Library/Frameworks -filelist /Volumes/DeveloperStorage/BuildScratch/throttle-convergence-20260920/DerivedData/Build/Intermediates.noindex/ResearchVaultKit.build/Debug/ResearchVaultGateway-t.build/Objects-normal/arm64/ResearchVaultGateway.LinkFileList -nostdlib -Xlinker -object_path_lto -Xlinker /Volumes/DeveloperStorage/BuildScratch/throttle-convergence-20260920/DerivedData/Build/Intermediates.noindex/ResearchVaultKit.build/Debug/ResearchVaultGateway-t.build/Objects-normal/arm64/ResearchVaultGateway_lto.o -Xlinker -no_deduplicate -Xlinker -debug_variant -Xlinker -dependency_info -Xlinker /Volumes/DeveloperStorage/BuildScratch/throttle-convergence-20260920/DerivedData/Build/Intermediates.noindex/ResearchVaultKit.build/Debug/ResearchVaultGateway-t.build/Objects-normal/arm64/ResearchVaultGateway_dependency_info.dat -fobjc-link-runtime -L/Applications/Xcode.app/Contents/Developer/Toolchains/XcodeDefault.xctoolchain/usr/lib/swift/macosx -L/usr/lib/swift -Xlinker -add_ast_path -Xlinker /Volumes/DeveloperStorage/BuildScratch/throttle-convergence-20260920/DerivedData/Build/Intermediates.noindex/ResearchVaultKit.build/Debug/ResearchVaultGateway-t.build/Objects-normal/arm64/ResearchVaultGateway.swiftmodule -o /Volumes/DeveloperStorage/BuildScratch/throttle-convergence-20260920/DerivedData/Build/Products/Debug/ResearchVaultGateway.o

Ld /Volumes/DeveloperStorage/BuildScratch/throttle-convergence-20260920/DerivedData/Build/Products/Debug/SwiftCompilerPluginMessageHandling.o normal (in target 'SwiftCompilerPluginMessageHandling' from project 'swift-syntax')
    cd /Volumes/DeveloperStorage/BuildScratch/throttle-convergence-20260920/SourcePackages/checkouts/swift-syntax
    /Applications/Xcode.app/Contents/Developer/Toolchains/XcodeDefault.xctoolchain/usr/bin/clang -Xlinker -reproducible -target arm64-apple-macos12.0 -r -isysroot /Applications/Xcode.app/Contents/Developer/Platforms/MacOSX.platform/Developer/SDKs/MacOSX27.0.sdk -O0 -w -Xlinker -no_warn_duplicate_libraries -F/Volumes/DeveloperStorage/BuildScratch/throttle-convergence-20260920/DerivedData/Build/Intermediates.noindex/EagerLinkingTBDs/Debug -F/Volumes/DeveloperStorage/BuildScratch/throttle-convergence-20260920/DerivedData/Build/Products/Debug/PackageFrameworks -F/Volumes/DeveloperStorage/BuildScratch/throttle-convergence-20260920/DerivedData/Build/Products/Debug -iframework /Applications/Xcode.app/Contents/Developer/Platforms/MacOSX.platform/Developer/Library/Frameworks -filelist /Volumes/DeveloperStorage/BuildScratch/throttle-convergence-20260920/DerivedData/Build/Intermediates.noindex/swift-syntax.build/Debug/SwiftCompilerPluginMessageHandling-t.build/Objects-normal/arm64/SwiftCompilerPluginMessageHandling.LinkFileList -nostdlib -Xlinker -object_path_lto -Xlinker /Volumes/DeveloperStorage/BuildScratch/throttle-convergence-20260920/DerivedData/Build/Intermediates.noindex/swift-syntax.build/Debug/SwiftCompilerPluginMessageHandling-t.build/Objects-normal/arm64/SwiftCompilerPluginMessageHandling_lto.o -Xlinker -no_deduplicate -Xlinker -debug_variant -Xlinker -dependency_info -Xlinker /Volumes/DeveloperStorage/BuildScratch/throttle-convergence-20260920/DerivedData/Build/Intermediates.noindex/swift-syntax.build/Debug/SwiftCompilerPluginMessageHandling-t.build/Objects-normal/arm64/SwiftCompilerPluginMessageHandling_dependency_info.dat -fobjc-link-runtime -L/Applications/Xcode.app/Contents/Developer/Toolchains/XcodeDefault.xctoolchain/usr/lib/swift/macosx -L/usr/lib/swift -Xlinker -add_ast_path -Xlinker /Volumes/DeveloperStorage/BuildScratch/throttle-convergence-20260920/DerivedData/Build/Intermediates.noindex/swift-syntax.build/Debug/SwiftCompilerPluginMessageHandling-t.build/Objects-normal/arm64/SwiftCompilerPluginMessageHandling.swiftmodule -o /Volumes/DeveloperStorage/BuildScratch/throttle-convergence-20260920/DerivedData/Build/Products/Debug/SwiftCompilerPluginMessageHandling.o

ExtractAppIntentsMetadata (in target 'ResearchVaultGateway' from project 'ResearchVaultKit')
    cd /Users/kevinnadjarian/GitHub/Throttle/build/convergence-recovery-20260920/Packages/ResearchVaultKit
    /Applications/Xcode.app/Contents/Developer/Toolchains/XcodeDefault.xctoolchain/usr/bin/appintentsmetadataprocessor --toolchain-dir /var/run/com.apple.security.cryptexd/mnt/com.apple.MobileAsset.MetalToolchain-v27.1.266.1.s263Mc/Metal.xctoolchain --module-name ResearchVaultGateway --sdk-root /Applications/Xcode.app/Contents/Developer/Platforms/MacOSX.platform/Developer/SDKs/MacOSX27.0.sdk --xcode-version 27A266a --platform-family macOS --deployment-target 14.0 --bundle-identifier researchvaultkit.ResearchVaultGateway --output /Volumes/DeveloperStorage/BuildScratch/throttle-convergence-20260920/DerivedData/Build/Products/Debug/ResearchVaultGateway.appintents --target-triple arm64-apple-macos14.0 --binary-file /Volumes/DeveloperStorage/BuildScratch/throttle-convergence-20260920/DerivedData/Build/Products/Debug/ResearchVaultGateway.o --dependency-file /Volumes/DeveloperStorage/BuildScratch/throttle-convergence-20260920/DerivedData/Build/Intermediates.noindex/ResearchVaultKit.build/Debug/ResearchVaultGateway-t.build/Objects-normal/arm64/ResearchVaultGateway_dependency_info.dat --stringsdata-file /Volumes/DeveloperStorage/BuildScratch/throttle-convergence-20260920/DerivedData/Build/Intermediates.noindex/ResearchVaultKit.build/Debug/ResearchVaultGateway-t.build/Objects-normal/arm64/ExtractedAppShortcutsMetadata.stringsdata --source-file-list /Volumes/DeveloperStorage/BuildScratch/throttle-convergence-20260920/DerivedData/Build/Intermediates.noindex/ResearchVaultKit.build/Debug/ResearchVaultGateway-t.build/Objects-normal/arm64/ResearchVaultGateway.SwiftFileList --metadata-file-list /Volumes/DeveloperStorage/BuildScratch/throttle-convergence-20260920/DerivedData/Build/Intermediates.noindex/ResearchVaultKit.build/Debug/ResearchVaultGateway-t.build/ResearchVaultGateway.DependencyMetadataFileList --static-metadata-file-list /Volumes/DeveloperStorage/BuildScratch/throttle-convergence-20260920/DerivedData/Build/Intermediates.noindex/ResearchVaultKit.build/Debug/ResearchVaultGateway-t.build/ResearchVaultGateway.DependencyStaticMetadataFileList --swift-const-vals-list /Volumes/DeveloperStorage/BuildScratch/throttle-convergence-20260920/DerivedData/Build/Intermediates.noindex/ResearchVaultKit.build/Debug/ResearchVaultGateway-t.build/Objects-normal/arm64/ResearchVaultGateway.SwiftConstValuesFileList --force --compile-time-extraction --deployment-aware-processing --no-app-shortcuts-localization
2026-09-21 10:05:04.249 appintentsmetadataprocessor[61956:2174968] Starting appintentsmetadataprocessor export
2026-09-21 10:05:04.283 appintentsmetadataprocessor[61956:2174968] Extracted no relevant App Intents symbols, skipping writing output

ExtractAppIntentsMetadata (in target 'MLX' from project 'mlx-swift')
    cd /Volumes/DeveloperStorage/BuildScratch/throttle-convergence-20260920/SourcePackages/checkouts/mlx-swift
    /Applications/Xcode.app/Contents/Developer/Toolchains/XcodeDefault.xctoolchain/usr/bin/appintentsmetadataprocessor --toolchain-dir /var/run/com.apple.security.cryptexd/mnt/com.apple.MobileAsset.MetalToolchain-v27.1.266.1.s263Mc/Metal.xctoolchain --module-name MLX --sdk-root /Applications/Xcode.app/Contents/Developer/Platforms/MacOSX.platform/Developer/SDKs/MacOSX27.0.sdk --xcode-version 27A266a --platform-family macOS --deployment-target 14.0 --bundle-identifier mlx-swift.MLX --output /Volumes/DeveloperStorage/BuildScratch/throttle-convergence-20260920/DerivedData/Build/Products/Debug/MLX.appintents --target-triple arm64-apple-macos14.0 --binary-file /Volumes/DeveloperStorage/BuildScratch/throttle-convergence-20260920/DerivedData/Build/Products/Debug/MLX.o --dependency-file /Volumes/DeveloperStorage/BuildScratch/throttle-convergence-20260920/DerivedData/Build/Intermediates.noindex/mlx-swift.build/Debug/MLX-t.build/Objects-normal/arm64/MLX_dependency_info.dat --stringsdata-file /Volumes/DeveloperStorage/BuildScratch/throttle-convergence-20260920/DerivedData/Build/Intermediates.noindex/mlx-swift.build/Debug/MLX-t.build/Objects-normal/arm64/ExtractedAppShortcutsMetadata.stringsdata --source-file-list /Volumes/DeveloperStorage/BuildScratch/throttle-convergence-20260920/DerivedData/Build/Intermediates.noindex/mlx-swift.build/Debug/MLX-t.build/Objects-normal/arm64/MLX.SwiftFileList --metadata-file-list /Volumes/DeveloperStorage/BuildScratch/throttle-convergence-20260920/DerivedData/Build/Intermediates.noindex/mlx-swift.build/Debug/MLX-t.build/MLX.DependencyMetadataFileList --static-metadata-file-list /Volumes/DeveloperStorage/BuildScratch/throttle-convergence-20260920/DerivedData/Build/Intermediates.noindex/mlx-swift.build/Debug/MLX-t.build/MLX.DependencyStaticMetadataFileList --swift-const-vals-list /Volumes/DeveloperStorage/BuildScratch/throttle-convergence-20260920/DerivedData/Build/Intermediates.noindex/mlx-swift.build/Debug/MLX-t.build/Objects-normal/arm64/MLX.SwiftConstValuesFileList --force --compile-time-extraction --deployment-aware-processing --no-app-shortcuts-localization
2026-09-21 10:05:04.265 appintentsmetadataprocessor[61957:2174981] Starting appintentsmetadataprocessor export
2026-09-21 10:05:04.306 appintentsmetadataprocessor[61957:2174981] Extracted no relevant App Intents symbols, skipping writing output

ExtractAppIntentsMetadata (in target 'Atomics' from project 'swift-atomics')
    cd /Volumes/DeveloperStorage/BuildScratch/throttle-convergence-20260920/SourcePackages/checkouts/swift-atomics
    /Applications/Xcode.app/Contents/Developer/Toolchains/XcodeDefault.xctoolchain/usr/bin/appintentsmetadataprocessor --toolchain-dir /var/run/com.apple.security.cryptexd/mnt/com.apple.MobileAsset.MetalToolchain-v27.1.266.1.s263Mc/Metal.xctoolchain --module-name Atomics --sdk-root /Applications/Xcode.app/Contents/Developer/Platforms/MacOSX.platform/Developer/SDKs/MacOSX27.0.sdk --xcode-version 27A266a --platform-family macOS --deployment-target 12.0 --bundle-identifier swift-atomics.Atomics --output /Volumes/DeveloperStorage/BuildScratch/throttle-convergence-20260920/DerivedData/Build/Products/Debug/Atomics.appintents --target-triple arm64-apple-macos12.0 --binary-file /Volumes/DeveloperStorage/BuildScratch/throttle-convergence-20260920/DerivedData/Build/Products/Debug/Atomics.o --dependency-file /Volumes/DeveloperStorage/BuildScratch/throttle-convergence-20260920/DerivedData/Build/Intermediates.noindex/swift-atomics.build/Debug/Atomics-t.build/Objects-normal/arm64/Atomics_dependency_info.dat --stringsdata-file /Volumes/DeveloperStorage/BuildScratch/throttle-convergence-20260920/DerivedData/Build/Intermediates.noindex/swift-atomics.build/Debug/Atomics-t.build/Objects-normal/arm64/ExtractedAppShortcutsMetadata.stringsdata --source-file-list /Volumes/DeveloperStorage/BuildScratch/throttle-convergence-20260920/DerivedData/Build/Intermediates.noindex/swift-atomics.build/Debug/Atomics-t.build/Objects-normal/arm64/Atomics.SwiftFileList --metadata-file-list /Volumes/DeveloperStorage/BuildScratch/throttle-convergence-20260920/DerivedData/Build/Intermediates.noindex/swift-atomics.build/Debug/Atomics-t.build/Atomics.DependencyMetadataFileList --static-metadata-file-list /Volumes/DeveloperStorage/BuildScratch/throttle-convergence-20260920/DerivedData/Build/Intermediates.noindex/swift-atomics.build/Debug/Atomics-t.build/Atomics.DependencyStaticMetadataFileList --swift-const-vals-list /Volumes/DeveloperStorage/BuildScratch/throttle-convergence-20260920/DerivedData/Build/Intermediates.noindex/swift-atomics.build/Debug/Atomics-t.build/Objects-normal/arm64/Atomics.SwiftConstValuesFileList --force --compile-time-extraction --deployment-aware-processing --no-app-shortcuts-localization
2026-09-21 10:05:04.297 appintentsmetadataprocessor[61958:2174985] Starting appintentsmetadataprocessor export
2026-09-21 10:05:04.334 appintentsmetadataprocessor[61958:2174985] Extracted no relevant App Intents symbols, skipping writing output

ExtractAppIntentsMetadata (in target 'SwiftCompilerPluginMessageHandling' from project 'swift-syntax')
    cd /Volumes/DeveloperStorage/BuildScratch/throttle-convergence-20260920/SourcePackages/checkouts/swift-syntax
    /Applications/Xcode.app/Contents/Developer/Toolchains/XcodeDefault.xctoolchain/usr/bin/appintentsmetadataprocessor --toolchain-dir /var/run/com.apple.security.cryptexd/mnt/com.apple.MobileAsset.MetalToolchain-v27.1.266.1.s263Mc/Metal.xctoolchain --module-name SwiftCompilerPluginMessageHandling --sdk-root /Applications/Xcode.app/Contents/Developer/Platforms/MacOSX.platform/Developer/SDKs/MacOSX27.0.sdk --xcode-version 27A266a --platform-family macOS --deployment-target 12.0 --bundle-identifier swift-syntax.SwiftCompilerPluginMessageHandling --output /Volumes/DeveloperStorage/BuildScratch/throttle-convergence-20260920/DerivedData/Build/Products/Debug/SwiftCompilerPluginMessageHandling.appintents --target-triple arm64-apple-macos12.0 --binary-file /Volumes/DeveloperStorage/BuildScratch/throttle-convergence-20260920/DerivedData/Build/Products/Debug/SwiftCompilerPluginMessageHandling.o --dependency-file /Volumes/DeveloperStorage/BuildScratch/throttle-convergence-20260920/DerivedData/Build/Intermediates.noindex/swift-syntax.build/Debug/SwiftCompilerPluginMessageHandling-t.build/Objects-normal/arm64/SwiftCompilerPluginMessageHandling_dependency_info.dat --stringsdata-file /Volumes/DeveloperStorage/BuildScratch/throttle-convergence-20260920/DerivedData/Build/Intermediates.noindex/swift-syntax.build/Debug/SwiftCompilerPluginMessageHandling-t.build/Objects-normal/arm64/ExtractedAppShortcutsMetadata.stringsdata --source-file-list /Volumes/DeveloperStorage/BuildScratch/throttle-convergence-20260920/DerivedData/Build/Intermediates.noindex/swift-syntax.build/Debug/SwiftCompilerPluginMessageHandling-t.build/Objects-normal/arm64/SwiftCompilerPluginMessageHandling.SwiftFileList --metadata-file-list /Volumes/DeveloperStorage/BuildScratch/throttle-convergence-20260920/DerivedData/Build/Intermediates.noindex/swift-syntax.build/Debug/SwiftCompilerPluginMessageHandling-t.build/SwiftCompilerPluginMessageHandling.DependencyMetadataFileList --static-metadata-file-list /Volumes/DeveloperStorage/BuildScratch/throttle-convergence-20260920/DerivedData/Build/Intermediates.noindex/swift-syntax.build/Debug/SwiftCompilerPluginMessageHandling-t.build/SwiftCompilerPluginMessageHandling.DependencyStaticMetadataFileList --swift-const-vals-list /Volumes/DeveloperStorage/BuildScratch/throttle-convergence-20260920/DerivedData/Build/Intermediates.noindex/swift-syntax.build/Debug/SwiftCompilerPluginMessageHandling-t.build/Objects-normal/arm64/SwiftCompilerPluginMessageHandling.SwiftConstValuesFileList --force --compile-time-extraction --deployment-aware-processing --no-app-shortcuts-localization
2026-09-21 10:05:04.320 appintentsmetadataprocessor[61959:2174989] Starting appintentsmetadataprocessor export
2026-09-21 10:05:04.356 appintentsmetadataprocessor[61959:2174989] Extracted no relevant App Intents symbols, skipping writing output

Ld /Volumes/DeveloperStorage/BuildScratch/throttle-convergence-20260920/DerivedData/Build/Products/Debug/ResearchVaultXPC.o normal (in target 'ResearchVaultXPC' from project 'ResearchVaultKit')
    cd /Users/kevinnadjarian/GitHub/Throttle/build/convergence-recovery-20260920/Packages/ResearchVaultKit
    /Applications/Xcode.app/Contents/Developer/Toolchains/XcodeDefault.xctoolchain/usr/bin/clang -Xlinker -reproducible -target arm64-apple-macos14.0 -r -isysroot /Applications/Xcode.app/Contents/Developer/Platforms/MacOSX.platform/Developer/SDKs/MacOSX27.0.sdk -O0 -Xlinker -no_warn_duplicate_libraries -F/Volumes/DeveloperStorage/BuildScratch/throttle-convergence-20260920/DerivedData/Build/Intermediates.noindex/EagerLinkingTBDs/Debug -F/Volumes/DeveloperStorage/BuildScratch/throttle-convergence-20260920/DerivedData/Build/Products/Debug/PackageFrameworks -F/Volumes/DeveloperStorage/BuildScratch/throttle-convergence-20260920/DerivedData/Build/Products/Debug -iframework /Applications/Xcode.app/Contents/Developer/Platforms/MacOSX.platform/Developer/Library/Frameworks -filelist /Volumes/DeveloperStorage/BuildScratch/throttle-convergence-20260920/DerivedData/Build/Intermediates.noindex/ResearchVaultKit.build/Debug/ResearchVaultXPC-t.build/Objects-normal/arm64/ResearchVaultXPC.LinkFileList -nostdlib -Xlinker -object_path_lto -Xlinker /Volumes/DeveloperStorage/BuildScratch/throttle-convergence-20260920/DerivedData/Build/Intermediates.noindex/ResearchVaultKit.build/Debug/ResearchVaultXPC-t.build/Objects-normal/arm64/ResearchVaultXPC_lto.o -Xlinker -no_deduplicate -Xlinker -debug_variant -Xlinker -dependency_info -Xlinker /Volumes/DeveloperStorage/BuildScratch/throttle-convergence-20260920/DerivedData/Build/Intermediates.noindex/ResearchVaultKit.build/Debug/ResearchVaultXPC-t.build/Objects-normal/arm64/ResearchVaultXPC_dependency_info.dat -fobjc-link-runtime -L/Applications/Xcode.app/Contents/Developer/Toolchains/XcodeDefault.xctoolchain/usr/lib/swift/macosx -L/usr/lib/swift -Xlinker -add_ast_path -Xlinker /Volumes/DeveloperStorage/BuildScratch/throttle-convergence-20260920/DerivedData/Build/Intermediates.noindex/ResearchVaultKit.build/Debug/ResearchVaultXPC-t.build/Objects-normal/arm64/ResearchVaultXPC.swiftmodule -o /Volumes/DeveloperStorage/BuildScratch/throttle-convergence-20260920/DerivedData/Build/Products/Debug/ResearchVaultXPC.o

Ld /Volumes/DeveloperStorage/BuildScratch/throttle-convergence-20260920/DerivedData/Build/Products/Debug/MLXNN.o normal (in target 'MLXNN' from project 'mlx-swift')
    cd /Volumes/DeveloperStorage/BuildScratch/throttle-convergence-20260920/SourcePackages/checkouts/mlx-swift
    /Applications/Xcode.app/Contents/Developer/Toolchains/XcodeDefault.xctoolchain/usr/bin/clang -Xlinker -reproducible -target arm64-apple-macos14.0 -r -isysroot /Applications/Xcode.app/Contents/Developer/Platforms/MacOSX.platform/Developer/SDKs/MacOSX27.0.sdk -O0 -w -Xlinker -no_warn_duplicate_libraries -F/Volumes/DeveloperStorage/BuildScratch/throttle-convergence-20260920/DerivedData/Build/Intermediates.noindex/EagerLinkingTBDs/Debug -F/Volumes/DeveloperStorage/BuildScratch/throttle-convergence-20260920/DerivedData/Build/Products/Debug/PackageFrameworks -F/Volumes/DeveloperStorage/BuildScratch/throttle-convergence-20260920/DerivedData/Build/Products/Debug -iframework /Applications/Xcode.app/Contents/Developer/Platforms/MacOSX.platform/Developer/Library/Frameworks -filelist /Volumes/DeveloperStorage/BuildScratch/throttle-convergence-20260920/DerivedData/Build/Intermediates.noindex/mlx-swift.build/Debug/MLXNN-t.build/Objects-normal/arm64/MLXNN.LinkFileList -nostdlib -Xlinker -object_path_lto -Xlinker /Volumes/DeveloperStorage/BuildScratch/throttle-convergence-20260920/DerivedData/Build/Intermediates.noindex/mlx-swift.build/Debug/MLXNN-t.build/Objects-normal/arm64/MLXNN_lto.o -Xlinker -no_deduplicate -Xlinker -debug_variant -Xlinker -dependency_info -Xlinker /Volumes/DeveloperStorage/BuildScratch/throttle-convergence-20260920/DerivedData/Build/Intermediates.noindex/mlx-swift.build/Debug/MLXNN-t.build/Objects-normal/arm64/MLXNN_dependency_info.dat -fobjc-link-runtime -L/Applications/Xcode.app/Contents/Developer/Toolchains/XcodeDefault.xctoolchain/usr/lib/swift/macosx -L/usr/lib/swift -Xlinker -add_ast_path -Xlinker /Volumes/DeveloperStorage/BuildScratch/throttle-convergence-20260920/DerivedData/Build/Intermediates.noindex/mlx-swift.build/Debug/MLXNN-t.build/Objects-normal/arm64/MLXNN.swiftmodule -o /Volumes/DeveloperStorage/BuildScratch/throttle-convergence-20260920/DerivedData/Build/Products/Debug/MLXNN.o

Ld /Volumes/DeveloperStorage/BuildScratch/throttle-convergence-20260920/DerivedData/Build/Products/Debug/NIOCore.o normal (in target 'NIOCore' from project 'swift-nio')
    cd /Volumes/DeveloperStorage/BuildScratch/throttle-convergence-20260920/SourcePackages/checkouts/swift-nio
    /Applications/Xcode.app/Contents/Developer/Toolchains/XcodeDefault.xctoolchain/usr/bin/clang -Xlinker -reproducible -target arm64-apple-macos12.0 -r -isysroot /Applications/Xcode.app/Contents/Developer/Platforms/MacOSX.platform/Developer/SDKs/MacOSX27.0.sdk -O0 -w -Xlinker -no_warn_duplicate_libraries -F/Volumes/DeveloperStorage/BuildScratch/throttle-convergence-20260920/DerivedData/Build/Intermediates.noindex/EagerLinkingTBDs/Debug -F/Volumes/DeveloperStorage/BuildScratch/throttle-convergence-20260920/DerivedData/Build/Products/Debug/PackageFrameworks -F/Volumes/DeveloperStorage/BuildScratch/throttle-convergence-20260920/DerivedData/Build/Products/Debug -iframework /Applications/Xcode.app/Contents/Developer/Platforms/MacOSX.platform/Developer/Library/Frameworks -filelist /Volumes/DeveloperStorage/BuildScratch/throttle-convergence-20260920/DerivedData/Build/Intermediates.noindex/swift-nio.build/Debug/NIOCore-t.build/Objects-normal/arm64/NIOCore.LinkFileList -nostdlib -Xlinker -object_path_lto -Xlinker /Volumes/DeveloperStorage/BuildScratch/throttle-convergence-20260920/DerivedData/Build/Intermediates.noindex/swift-nio.build/Debug/NIOCore-t.build/Objects-normal/arm64/NIOCore_lto.o -Xlinker -no_deduplicate -Xlinker -debug_variant -Xlinker -dependency_info -Xlinker /Volumes/DeveloperStorage/BuildScratch/throttle-convergence-20260920/DerivedData/Build/Intermediates.noindex/swift-nio.build/Debug/NIOCore-t.build/Objects-normal/arm64/NIOCore_dependency_info.dat -fobjc-link-runtime -L/Applications/Xcode.app/Contents/Developer/Toolchains/XcodeDefault.xctoolchain/usr/lib/swift/macosx -L/usr/lib/swift -Xlinker -add_ast_path -Xlinker /Volumes/DeveloperStorage/BuildScratch/throttle-convergence-20260920/DerivedData/Build/Intermediates.noindex/swift-nio.build/Debug/NIOCore-t.build/Objects-normal/arm64/NIOCore.swiftmodule -o /Volumes/DeveloperStorage/BuildScratch/throttle-convergence-20260920/DerivedData/Build/Products/Debug/NIOCore.o

ExtractAppIntentsMetadata (in target 'ResearchVaultXPC' from project 'ResearchVaultKit')
    cd /Users/kevinnadjarian/GitHub/Throttle/build/convergence-recovery-20260920/Packages/ResearchVaultKit
    /Applications/Xcode.app/Contents/Developer/Toolchains/XcodeDefault.xctoolchain/usr/bin/appintentsmetadataprocessor --toolchain-dir /var/run/com.apple.security.cryptexd/mnt/com.apple.MobileAsset.MetalToolchain-v27.1.266.1.s263Mc/Metal.xctoolchain --module-name ResearchVaultXPC --sdk-root /Applications/Xcode.app/Contents/Developer/Platforms/MacOSX.platform/Developer/SDKs/MacOSX27.0.sdk --xcode-version 27A266a --platform-family macOS --deployment-target 14.0 --bundle-identifier researchvaultkit.ResearchVaultXPC --output /Volumes/DeveloperStorage/BuildScratch/throttle-convergence-20260920/DerivedData/Build/Products/Debug/ResearchVaultXPC.appintents --target-triple arm64-apple-macos14.0 --binary-file /Volumes/DeveloperStorage/BuildScratch/throttle-convergence-20260920/DerivedData/Build/Products/Debug/ResearchVaultXPC.o --dependency-file /Volumes/DeveloperStorage/BuildScratch/throttle-convergence-20260920/DerivedData/Build/Intermediates.noindex/ResearchVaultKit.build/Debug/ResearchVaultXPC-t.build/Objects-normal/arm64/ResearchVaultXPC_dependency_info.dat --stringsdata-file /Volumes/DeveloperStorage/BuildScratch/throttle-convergence-20260920/DerivedData/Build/Intermediates.noindex/ResearchVaultKit.build/Debug/ResearchVaultXPC-t.build/Objects-normal/arm64/ExtractedAppShortcutsMetadata.stringsdata --source-file-list /Volumes/DeveloperStorage/BuildScratch/throttle-convergence-20260920/DerivedData/Build/Intermediates.noindex/ResearchVaultKit.build/Debug/ResearchVaultXPC-t.build/Objects-normal/arm64/ResearchVaultXPC.SwiftFileList --metadata-file-list /Volumes/DeveloperStorage/BuildScratch/throttle-convergence-20260920/DerivedData/Build/Intermediates.noindex/ResearchVaultKit.build/Debug/ResearchVaultXPC-t.build/ResearchVaultXPC.DependencyMetadataFileList --static-metadata-file-list /Volumes/DeveloperStorage/BuildScratch/throttle-convergence-20260920/DerivedData/Build/Intermediates.noindex/ResearchVaultKit.build/Debug/ResearchVaultXPC-t.build/ResearchVaultXPC.DependencyStaticMetadataFileList --swift-const-vals-list /Volumes/DeveloperStorage/BuildScratch/throttle-convergence-20260920/DerivedData/Build/Intermediates.noindex/ResearchVaultKit.build/Debug/ResearchVaultXPC-t.build/Objects-normal/arm64/ResearchVaultXPC.SwiftConstValuesFileList --force --compile-time-extraction --deployment-aware-processing --no-app-shortcuts-localization
2026-09-21 10:05:04.399 appintentsmetadataprocessor[61966:2175029] Starting appintentsmetadataprocessor export
2026-09-21 10:05:04.435 appintentsmetadataprocessor[61966:2175029] Extracted no relevant App Intents symbols, skipping writing output

Ld /Volumes/DeveloperStorage/BuildScratch/throttle-convergence-20260920/DerivedData/Build/Products/Debug/SwiftCompilerPlugin.o normal (in target 'SwiftCompilerPlugin' from project 'swift-syntax')
    cd /Volumes/DeveloperStorage/BuildScratch/throttle-convergence-20260920/SourcePackages/checkouts/swift-syntax
    /Applications/Xcode.app/Contents/Developer/Toolchains/XcodeDefault.xctoolchain/usr/bin/clang -Xlinker -reproducible -target arm64-apple-macos12.0 -r -isysroot /Applications/Xcode.app/Contents/Developer/Platforms/MacOSX.platform/Developer/SDKs/MacOSX27.0.sdk -O0 -w -Xlinker -no_warn_duplicate_libraries -F/Volumes/DeveloperStorage/BuildScratch/throttle-convergence-20260920/DerivedData/Build/Intermediates.noindex/EagerLinkingTBDs/Debug -F/Volumes/DeveloperStorage/BuildScratch/throttle-convergence-20260920/DerivedData/Build/Products/Debug/PackageFrameworks -F/Volumes/DeveloperStorage/BuildScratch/throttle-convergence-20260920/DerivedData/Build/Products/Debug -iframework /Applications/Xcode.app/Contents/Developer/Platforms/MacOSX.platform/Developer/Library/Frameworks -filelist /Volumes/DeveloperStorage/BuildScratch/throttle-convergence-20260920/DerivedData/Build/Intermediates.noindex/swift-syntax.build/Debug/SwiftCompilerPlugin-t.build/Objects-normal/arm64/SwiftCompilerPlugin.LinkFileList -nostdlib -Xlinker -object_path_lto -Xlinker /Volumes/DeveloperStorage/BuildScratch/throttle-convergence-20260920/DerivedData/Build/Intermediates.noindex/swift-syntax.build/Debug/SwiftCompilerPlugin-t.build/Objects-normal/arm64/SwiftCompilerPlugin_lto.o -Xlinker -no_deduplicate -Xlinker -debug_variant -Xlinker -dependency_info -Xlinker /Volumes/DeveloperStorage/BuildScratch/throttle-convergence-20260920/DerivedData/Build/Intermediates.noindex/swift-syntax.build/Debug/SwiftCompilerPlugin-t.build/Objects-normal/arm64/SwiftCompilerPlugin_dependency_info.dat -fobjc-link-runtime -L/Applications/Xcode.app/Contents/Developer/Toolchains/XcodeDefault.xctoolchain/usr/lib/swift/macosx -L/usr/lib/swift -Xlinker -add_ast_path -Xlinker /Volumes/DeveloperStorage/BuildScratch/throttle-convergence-20260920/DerivedData/Build/Intermediates.noindex/swift-syntax.build/Debug/SwiftCompilerPlugin-t.build/Objects-normal/arm64/SwiftCompilerPlugin.swiftmodule -o /Volumes/DeveloperStorage/BuildScratch/throttle-convergence-20260920/DerivedData/Build/Products/Debug/SwiftCompilerPlugin.o

ExtractAppIntentsMetadata (in target 'MLXNN' from project 'mlx-swift')
    cd /Volumes/DeveloperStorage/BuildScratch/throttle-convergence-20260920/SourcePackages/checkouts/mlx-swift
    /Applications/Xcode.app/Contents/Developer/Toolchains/XcodeDefault.xctoolchain/usr/bin/appintentsmetadataprocessor --toolchain-dir /var/run/com.apple.security.cryptexd/mnt/com.apple.MobileAsset.MetalToolchain-v27.1.266.1.s263Mc/Metal.xctoolchain --module-name MLXNN --sdk-root /Applications/Xcode.app/Contents/Developer/Platforms/MacOSX.platform/Developer/SDKs/MacOSX27.0.sdk --xcode-version 27A266a --platform-family macOS --deployment-target 14.0 --bundle-identifier mlx-swift.MLXNN --output /Volumes/DeveloperStorage/BuildScratch/throttle-convergence-20260920/DerivedData/Build/Products/Debug/MLXNN.appintents --target-triple arm64-apple-macos14.0 --binary-file /Volumes/DeveloperStorage/BuildScratch/throttle-convergence-20260920/DerivedData/Build/Products/Debug/MLXNN.o --dependency-file /Volumes/DeveloperStorage/BuildScratch/throttle-convergence-20260920/DerivedData/Build/Intermediates.noindex/mlx-swift.build/Debug/MLXNN-t.build/Objects-normal/arm64/MLXNN_dependency_info.dat --stringsdata-file /Volumes/DeveloperStorage/BuildScratch/throttle-convergence-20260920/DerivedData/Build/Intermediates.noindex/mlx-swift.build/Debug/MLXNN-t.build/Objects-normal/arm64/ExtractedAppShortcutsMetadata.stringsdata --source-file-list /Volumes/DeveloperStorage/BuildScratch/throttle-convergence-20260920/DerivedData/Build/Intermediates.noindex/mlx-swift.build/Debug/MLXNN-t.build/Objects-normal/arm64/MLXNN.SwiftFileList --metadata-file-list /Volumes/DeveloperStorage/BuildScratch/throttle-convergence-20260920/DerivedData/Build/Intermediates.noindex/mlx-swift.build/Debug/MLXNN-t.build/MLXNN.DependencyMetadataFileList --static-metadata-file-list /Volumes/DeveloperStorage/BuildScratch/throttle-convergence-20260920/DerivedData/Build/Intermediates.noindex/mlx-swift.build/Debug/MLXNN-t.build/MLXNN.DependencyStaticMetadataFileList --swift-const-vals-list /Volumes/DeveloperStorage/BuildScratch/throttle-convergence-20260920/DerivedData/Build/Intermediates.noindex/mlx-swift.build/Debug/MLXNN-t.build/Objects-normal/arm64/MLXNN.SwiftConstValuesFileList --force --compile-time-extraction --deployment-aware-processing --no-app-shortcuts-localization
2026-09-21 10:05:04.444 appintentsmetadataprocessor[61969:2175043] Starting appintentsmetadataprocessor export
2026-09-21 10:05:04.481 appintentsmetadataprocessor[61969:2175043] Extracted no relevant App Intents symbols, skipping writing output

ExtractAppIntentsMetadata (in target 'SwiftCompilerPlugin' from project 'swift-syntax')
    cd /Volumes/DeveloperStorage/BuildScratch/throttle-convergence-20260920/SourcePackages/checkouts/swift-syntax
    /Applications/Xcode.app/Contents/Developer/Toolchains/XcodeDefault.xctoolchain/usr/bin/appintentsmetadataprocessor --toolchain-dir /var/run/com.apple.security.cryptexd/mnt/com.apple.MobileAsset.MetalToolchain-v27.1.266.1.s263Mc/Metal.xctoolchain --module-name SwiftCompilerPlugin --sdk-root /Applications/Xcode.app/Contents/Developer/Platforms/MacOSX.platform/Developer/SDKs/MacOSX27.0.sdk --xcode-version 27A266a --platform-family macOS --deployment-target 12.0 --bundle-identifier swift-syntax.SwiftCompilerPlugin --output /Volumes/DeveloperStorage/BuildScratch/throttle-convergence-20260920/DerivedData/Build/Products/Debug/SwiftCompilerPlugin.appintents --target-triple arm64-apple-macos12.0 --binary-file /Volumes/DeveloperStorage/BuildScratch/throttle-convergence-20260920/DerivedData/Build/Products/Debug/SwiftCompilerPlugin.o --dependency-file /Volumes/DeveloperStorage/BuildScratch/throttle-convergence-20260920/DerivedData/Build/Intermediates.noindex/swift-syntax.build/Debug/SwiftCompilerPlugin-t.build/Objects-normal/arm64/SwiftCompilerPlugin_dependency_info.dat --stringsdata-file /Volumes/DeveloperStorage/BuildScratch/throttle-convergence-20260920/DerivedData/Build/Intermediates.noindex/swift-syntax.build/Debug/SwiftCompilerPlugin-t.build/Objects-normal/arm64/ExtractedAppShortcutsMetadata.stringsdata --source-file-list /Volumes/DeveloperStorage/BuildScratch/throttle-convergence-20260920/DerivedData/Build/Intermediates.noindex/swift-syntax.build/Debug/SwiftCompilerPlugin-t.build/Objects-normal/arm64/SwiftCompilerPlugin.SwiftFileList --metadata-file-list /Volumes/DeveloperStorage/BuildScratch/throttle-convergence-20260920/DerivedData/Build/Intermediates.noindex/swift-syntax.build/Debug/SwiftCompilerPlugin-t.build/SwiftCompilerPlugin.DependencyMetadataFileList --static-metadata-file-list /Volumes/DeveloperStorage/BuildScratch/throttle-convergence-20260920/DerivedData/Build/Intermediates.noindex/swift-syntax.build/Debug/SwiftCompilerPlugin-t.build/SwiftCompilerPlugin.DependencyStaticMetadataFileList --swift-const-vals-list /Volumes/DeveloperStorage/BuildScratch/throttle-convergence-20260920/DerivedData/Build/Intermediates.noindex/swift-syntax.build/Debug/SwiftCompilerPlugin-t.build/Objects-normal/arm64/SwiftCompilerPlugin.SwiftConstValuesFileList --force --compile-time-extraction --deployment-aware-processing --no-app-shortcuts-localization
2026-09-21 10:05:04.449 appintentsmetadataprocessor[61970:2175044] Starting appintentsmetadataprocessor export
2026-09-21 10:05:04.482 appintentsmetadataprocessor[61970:2175044] Extracted no relevant App Intents symbols, skipping writing output

ExtractAppIntentsMetadata (in target 'NIOCore' from project 'swift-nio')
    cd /Volumes/DeveloperStorage/BuildScratch/throttle-convergence-20260920/SourcePackages/checkouts/swift-nio
    /Applications/Xcode.app/Contents/Developer/Toolchains/XcodeDefault.xctoolchain/usr/bin/appintentsmetadataprocessor --toolchain-dir /var/run/com.apple.security.cryptexd/mnt/com.apple.MobileAsset.MetalToolchain-v27.1.266.1.s263Mc/Metal.xctoolchain --module-name NIOCore --sdk-root /Applications/Xcode.app/Contents/Developer/Platforms/MacOSX.platform/Developer/SDKs/MacOSX27.0.sdk --xcode-version 27A266a --platform-family macOS --deployment-target 12.0 --bundle-identifier swift-nio.NIOCore --output /Volumes/DeveloperStorage/BuildScratch/throttle-convergence-20260920/DerivedData/Build/Products/Debug/NIOCore.appintents --target-triple arm64-apple-macos12.0 --binary-file /Volumes/DeveloperStorage/BuildScratch/throttle-convergence-20260920/DerivedData/Build/Products/Debug/NIOCore.o --dependency-file /Volumes/DeveloperStorage/BuildScratch/throttle-convergence-20260920/DerivedData/Build/Intermediates.noindex/swift-nio.build/Debug/NIOCore-t.build/Objects-normal/arm64/NIOCore_dependency_info.dat --stringsdata-file /Volumes/DeveloperStorage/BuildScratch/throttle-convergence-20260920/DerivedData/Build/Intermediates.noindex/swift-nio.build/Debug/NIOCore-t.build/Objects-normal/arm64/ExtractedAppShortcutsMetadata.stringsdata --source-file-list /Volumes/DeveloperStorage/BuildScratch/throttle-convergence-20260920/DerivedData/Build/Intermediates.noindex/swift-nio.build/Debug/NIOCore-t.build/Objects-normal/arm64/NIOCore.SwiftFileList --metadata-file-list /Volumes/DeveloperStorage/BuildScratch/throttle-convergence-20260920/DerivedData/Build/Intermediates.noindex/swift-nio.build/Debug/NIOCore-t.build/NIOCore.DependencyMetadataFileList --static-metadata-file-list /Volumes/DeveloperStorage/BuildScratch/throttle-convergence-20260920/DerivedData/Build/Intermediates.noindex/swift-nio.build/Debug/NIOCore-t.build/NIOCore.DependencyStaticMetadataFileList --swift-const-vals-list /Volumes/DeveloperStorage/BuildScratch/throttle-convergence-20260920/DerivedData/Build/Intermediates.noindex/swift-nio.build/Debug/NIOCore-t.build/Objects-normal/arm64/NIOCore.SwiftConstValuesFileList --force --compile-time-extraction --deployment-aware-processing --no-app-shortcuts-localization
2026-09-21 10:05:04.496 appintentsmetadataprocessor[61971:2175049] Starting appintentsmetadataprocessor export
2026-09-21 10:05:04.541 appintentsmetadataprocessor[61971:2175049] Extracted no relevant App Intents symbols, skipping writing output

Ld /Volumes/DeveloperStorage/BuildScratch/throttle-convergence-20260920/DerivedData/Build/Products/Debug/ResearchVaultKeychain.o normal (in target 'ResearchVaultKeychain' from project 'ResearchVaultKit')
    cd /Users/kevinnadjarian/GitHub/Throttle/build/convergence-recovery-20260920/Packages/ResearchVaultKit
    /Applications/Xcode.app/Contents/Developer/Toolchains/XcodeDefault.xctoolchain/usr/bin/clang -Xlinker -reproducible -target arm64-apple-macos14.0 -r -isysroot /Applications/Xcode.app/Contents/Developer/Platforms/MacOSX.platform/Developer/SDKs/MacOSX27.0.sdk -O0 -Xlinker -no_warn_duplicate_libraries -F/Volumes/DeveloperStorage/BuildScratch/throttle-convergence-20260920/DerivedData/Build/Intermediates.noindex/EagerLinkingTBDs/Debug -F/Volumes/DeveloperStorage/BuildScratch/throttle-convergence-20260920/DerivedData/Build/Products/Debug -iframework /Applications/Xcode.app/Contents/Developer/Platforms/MacOSX.platform/Developer/Library/Frameworks -filelist /Volumes/DeveloperStorage/BuildScratch/throttle-convergence-20260920/DerivedData/Build/Intermediates.noindex/ResearchVaultKit.build/Debug/ResearchVaultKeychain-t.build/Objects-normal/arm64/ResearchVaultKeychain.LinkFileList -nostdlib -Xlinker -object_path_lto -Xlinker /Volumes/DeveloperStorage/BuildScratch/throttle-convergence-20260920/DerivedData/Build/Intermediates.noindex/ResearchVaultKit.build/Debug/ResearchVaultKeychain-t.build/Objects-normal/arm64/ResearchVaultKeychain_lto.o -Xlinker -no_deduplicate -Xlinker -debug_variant -Xlinker -dependency_info -Xlinker /Volumes/DeveloperStorage/BuildScratch/throttle-convergence-20260920/DerivedData/Build/Intermediates.noindex/ResearchVaultKit.build/Debug/ResearchVaultKeychain-t.build/Objects-normal/arm64/ResearchVaultKeychain_dependency_info.dat -fobjc-link-runtime -L/Applications/Xcode.app/Contents/Developer/Toolchains/XcodeDefault.xctoolchain/usr/lib/swift/macosx -L/usr/lib/swift -Xlinker -add_ast_path -Xlinker /Volumes/DeveloperStorage/BuildScratch/throttle-convergence-20260920/DerivedData/Build/Intermediates.noindex/ResearchVaultKit.build/Debug/ResearchVaultKeychain-t.build/Objects-normal/arm64/ResearchVaultKeychain.swiftmodule -o /Volumes/DeveloperStorage/BuildScratch/throttle-convergence-20260920/DerivedData/Build/Products/Debug/ResearchVaultKeychain.o

Ld /Volumes/DeveloperStorage/BuildScratch/throttle-convergence-20260920/DerivedData/Build/Products/Debug/MLXOptimizers.o normal (in target 'MLXOptimizers' from project 'mlx-swift')
    cd /Volumes/DeveloperStorage/BuildScratch/throttle-convergence-20260920/SourcePackages/checkouts/mlx-swift
    /Applications/Xcode.app/Contents/Developer/Toolchains/XcodeDefault.xctoolchain/usr/bin/clang -Xlinker -reproducible -target arm64-apple-macos14.0 -r -isysroot /Applications/Xcode.app/Contents/Developer/Platforms/MacOSX.platform/Developer/SDKs/MacOSX27.0.sdk -O0 -w -Xlinker -no_warn_duplicate_libraries -F/Volumes/DeveloperStorage/BuildScratch/throttle-convergence-20260920/DerivedData/Build/Intermediates.noindex/EagerLinkingTBDs/Debug -F/Volumes/DeveloperStorage/BuildScratch/throttle-convergence-20260920/DerivedData/Build/Products/Debug/PackageFrameworks -F/Volumes/DeveloperStorage/BuildScratch/throttle-convergence-20260920/DerivedData/Build/Products/Debug -iframework /Applications/Xcode.app/Contents/Developer/Platforms/MacOSX.platform/Developer/Library/Frameworks -filelist /Volumes/DeveloperStorage/BuildScratch/throttle-convergence-20260920/DerivedData/Build/Intermediates.noindex/mlx-swift.build/Debug/MLXOptimizers-t.build/Objects-normal/arm64/MLXOptimizers.LinkFileList -nostdlib -Xlinker -object_path_lto -Xlinker /Volumes/DeveloperStorage/BuildScratch/throttle-convergence-20260920/DerivedData/Build/Intermediates.noindex/mlx-swift.build/Debug/MLXOptimizers-t.build/Objects-normal/arm64/MLXOptimizers_lto.o -Xlinker -no_deduplicate -Xlinker -debug_variant -Xlinker -dependency_info -Xlinker /Volumes/DeveloperStorage/BuildScratch/throttle-convergence-20260920/DerivedData/Build/Intermediates.noindex/mlx-swift.build/Debug/MLXOptimizers-t.build/Objects-normal/arm64/MLXOptimizers_dependency_info.dat -fobjc-link-runtime -L/Applications/Xcode.app/Contents/Developer/Toolchains/XcodeDefault.xctoolchain/usr/lib/swift/macosx -L/usr/lib/swift -Xlinker -add_ast_path -Xlinker /Volumes/DeveloperStorage/BuildScratch/throttle-convergence-20260920/DerivedData/Build/Intermediates.noindex/mlx-swift.build/Debug/MLXOptimizers-t.build/Objects-normal/arm64/MLXOptimizers.swiftmodule -o /Volumes/DeveloperStorage/BuildScratch/throttle-convergence-20260920/DerivedData/Build/Products/Debug/MLXOptimizers.o

Ld /Volumes/DeveloperStorage/BuildScratch/throttle-convergence-20260920/DerivedData/Build/Products/Debug/MLXHuggingFaceMacros normal (in target 'MLXHuggingFaceMacros' from project 'mlx-swift-lm')
    cd /Volumes/DeveloperStorage/BuildScratch/throttle-convergence-20260920/SourcePackages/checkouts/mlx-swift-lm
    /Applications/Xcode.app/Contents/Developer/Toolchains/XcodeDefault.xctoolchain/usr/bin/swiftc -Xlinker -reproducible -target arm64-apple-macos14.0 -emit-executable -sdk /Applications/Xcode.app/Contents/Developer/Platforms/MacOSX.platform/Developer/SDKs/MacOSX27.0.sdk -suppress-warnings -Xlinker -no_warn_duplicate_libraries -L/Volumes/DeveloperStorage/BuildScratch/throttle-convergence-20260920/DerivedData/Build/Intermediates.noindex/EagerLinkingTBDs/Debug -L/Volumes/DeveloperStorage/BuildScratch/throttle-convergence-20260920/DerivedData/Build/Products/Debug -L/Applications/Xcode.app/Contents/Developer/Platforms/MacOSX.platform/Developer/usr/lib -F/Volumes/DeveloperStorage/BuildScratch/throttle-convergence-20260920/DerivedData/Build/Intermediates.noindex/EagerLinkingTBDs/Debug -F/Volumes/DeveloperStorage/BuildScratch/throttle-convergence-20260920/DerivedData/Build/Products/Debug/PackageFrameworks -F/Volumes/DeveloperStorage/BuildScratch/throttle-convergence-20260920/DerivedData/Build/Products/Debug -Fsystem /Applications/Xcode.app/Contents/Developer/Platforms/MacOSX.platform/Developer/Library/Frameworks @/Volumes/DeveloperStorage/BuildScratch/throttle-convergence-20260920/DerivedData/Build/Intermediates.noindex/mlx-swift-lm.build/Debug/MLXHuggingFaceMacros-t.build/Objects-normal/arm64/MLXHuggingFaceMacros.LinkFileList -Xlinker -rpath -Xlinker /usr/lib/swift -Xlinker -rpath -Xlinker @loader_path -Xlinker -rpath -Xlinker /Volumes/DeveloperStorage/BuildScratch/throttle-convergence-20260920/DerivedData/Build/Products/Debug/PackageFrameworks -Xlinker -object_path_lto -Xlinker /Volumes/DeveloperStorage/BuildScratch/throttle-convergence-20260920/DerivedData/Build/Intermediates.noindex/mlx-swift-lm.build/Debug/MLXHuggingFaceMacros-t.build/Objects-normal/arm64/MLXHuggingFaceMacros_lto.o -Xclang-linker -rdynamic -Xlinker -no_deduplicate -Xlinker -debug_variant -Xlinker -dependency_info -Xlinker /Volumes/DeveloperStorage/BuildScratch/throttle-convergence-20260920/DerivedData/Build/Intermediates.noindex/mlx-swift-lm.build/Debug/MLXHuggingFaceMacros-t.build/Objects-normal/arm64/MLXHuggingFaceMacros_dependency_info.dat -link-objc-runtime -profile-generate -L/Applications/Xcode.app/Contents/Developer/Toolchains/XcodeDefault.xctoolchain/usr/lib/swift/macosx -L/usr/lib/swift -Xlinker -add_ast_path -Xlinker /Volumes/DeveloperStorage/BuildScratch/throttle-convergence-20260920/DerivedData/Build/Intermediates.noindex/mlx-swift-lm.build/Debug/MLXHuggingFaceMacros-t.build/Objects-normal/arm64/MLXHuggingFaceMacros.swiftmodule -o /Volumes/DeveloperStorage/BuildScratch/throttle-convergence-20260920/DerivedData/Build/Products/Debug/MLXHuggingFaceMacros -no-stdlib-rpath

ExtractAppIntentsMetadata (in target 'ResearchVaultKeychain' from project 'ResearchVaultKit')
    cd /Users/kevinnadjarian/GitHub/Throttle/build/convergence-recovery-20260920/Packages/ResearchVaultKit
    /Applications/Xcode.app/Contents/Developer/Toolchains/XcodeDefault.xctoolchain/usr/bin/appintentsmetadataprocessor --toolchain-dir /var/run/com.apple.security.cryptexd/mnt/com.apple.MobileAsset.MetalToolchain-v27.1.266.1.s263Mc/Metal.xctoolchain --module-name ResearchVaultKeychain --sdk-root /Applications/Xcode.app/Contents/Developer/Platforms/MacOSX.platform/Developer/SDKs/MacOSX27.0.sdk --xcode-version 27A266a --platform-family macOS --deployment-target 14.0 --bundle-identifier researchvaultkit.ResearchVaultKeychain --output /Volumes/DeveloperStorage/BuildScratch/throttle-convergence-20260920/DerivedData/Build/Products/Debug/ResearchVaultKeychain.appintents --target-triple arm64-apple-macos14.0 --binary-file /Volumes/DeveloperStorage/BuildScratch/throttle-convergence-20260920/DerivedData/Build/Products/Debug/ResearchVaultKeychain.o --dependency-file /Volumes/DeveloperStorage/BuildScratch/throttle-convergence-20260920/DerivedData/Build/Intermediates.noindex/ResearchVaultKit.build/Debug/ResearchVaultKeychain-t.build/Objects-normal/arm64/ResearchVaultKeychain_dependency_info.dat --stringsdata-file /Volumes/DeveloperStorage/BuildScratch/throttle-convergence-20260920/DerivedData/Build/Intermediates.noindex/ResearchVaultKit.build/Debug/ResearchVaultKeychain-t.build/Objects-normal/arm64/ExtractedAppShortcutsMetadata.stringsdata --source-file-list /Volumes/DeveloperStorage/BuildScratch/throttle-convergence-20260920/DerivedData/Build/Intermediates.noindex/ResearchVaultKit.build/Debug/ResearchVaultKeychain-t.build/Objects-normal/arm64/ResearchVaultKeychain.SwiftFileList --metadata-file-list /Volumes/DeveloperStorage/BuildScratch/throttle-convergence-20260920/DerivedData/Build/Intermediates.noindex/ResearchVaultKit.build/Debug/ResearchVaultKeychain-t.build/ResearchVaultKeychain.DependencyMetadataFileList --static-metadata-file-list /Volumes/DeveloperStorage/BuildScratch/throttle-convergence-20260920/DerivedData/Build/Intermediates.noindex/ResearchVaultKit.build/Debug/ResearchVaultKeychain-t.build/ResearchVaultKeychain.DependencyStaticMetadataFileList --swift-const-vals-list /Volumes/DeveloperStorage/BuildScratch/throttle-convergence-20260920/DerivedData/Build/Intermediates.noindex/ResearchVaultKit.build/Debug/ResearchVaultKeychain-t.build/Objects-normal/arm64/ResearchVaultKeychain.SwiftConstValuesFileList --force --compile-time-extraction --deployment-aware-processing --no-app-shortcuts-localization
2026-09-21 10:05:04.553 appintentsmetadataprocessor[61977:2175078] Starting appintentsmetadataprocessor export
2026-09-21 10:05:04.588 appintentsmetadataprocessor[61977:2175078] Extracted no relevant App Intents symbols, skipping writing output

ExtractAppIntentsMetadata (in target 'MLXOptimizers' from project 'mlx-swift')
    cd /Volumes/DeveloperStorage/BuildScratch/throttle-convergence-20260920/SourcePackages/checkouts/mlx-swift
    /Applications/Xcode.app/Contents/Developer/Toolchains/XcodeDefault.xctoolchain/usr/bin/appintentsmetadataprocessor --toolchain-dir /var/run/com.apple.security.cryptexd/mnt/com.apple.MobileAsset.MetalToolchain-v27.1.266.1.s263Mc/Metal.xctoolchain --module-name MLXOptimizers --sdk-root /Applications/Xcode.app/Contents/Developer/Platforms/MacOSX.platform/Developer/SDKs/MacOSX27.0.sdk --xcode-version 27A266a --platform-family macOS --deployment-target 14.0 --bundle-identifier mlx-swift.MLXOptimizers --output /Volumes/DeveloperStorage/BuildScratch/throttle-convergence-20260920/DerivedData/Build/Products/Debug/MLXOptimizers.appintents --target-triple arm64-apple-macos14.0 --binary-file /Volumes/DeveloperStorage/BuildScratch/throttle-convergence-20260920/DerivedData/Build/Products/Debug/MLXOptimizers.o --dependency-file /Volumes/DeveloperStorage/BuildScratch/throttle-convergence-20260920/DerivedData/Build/Intermediates.noindex/mlx-swift.build/Debug/MLXOptimizers-t.build/Objects-normal/arm64/MLXOptimizers_dependency_info.dat --stringsdata-file /Volumes/DeveloperStorage/BuildScratch/throttle-convergence-20260920/DerivedData/Build/Intermediates.noindex/mlx-swift.build/Debug/MLXOptimizers-t.build/Objects-normal/arm64/ExtractedAppShortcutsMetadata.stringsdata --source-file-list /Volumes/DeveloperStorage/BuildScratch/throttle-convergence-20260920/DerivedData/Build/Intermediates.noindex/mlx-swift.build/Debug/MLXOptimizers-t.build/Objects-normal/arm64/MLXOptimizers.SwiftFileList --metadata-file-list /Volumes/DeveloperStorage/BuildScratch/throttle-convergence-20260920/DerivedData/Build/Intermediates.noindex/mlx-swift.build/Debug/MLXOptimizers-t.build/MLXOptimizers.DependencyMetadataFileList --static-metadata-file-list /Volumes/DeveloperStorage/BuildScratch/throttle-convergence-20260920/DerivedData/Build/Intermediates.noindex/mlx-swift.build/Debug/MLXOptimizers-t.build/MLXOptimizers.DependencyStaticMetadataFileList --swift-const-vals-list /Volumes/DeveloperStorage/BuildScratch/throttle-convergence-20260920/DerivedData/Build/Intermediates.noindex/mlx-swift.build/Debug/MLXOptimizers-t.build/Objects-normal/arm64/MLXOptimizers.SwiftConstValuesFileList --force --compile-time-extraction --deployment-aware-processing --no-app-shortcuts-localization
2026-09-21 10:05:04.604 appintentsmetadataprocessor[61997:2175106] Starting appintentsmetadataprocessor export
2026-09-21 10:05:04.645 appintentsmetadataprocessor[61997:2175106] Extracted no relevant App Intents symbols, skipping writing output

Ld /Volumes/DeveloperStorage/BuildScratch/throttle-convergence-20260920/DerivedData/Build/Products/Debug/ResearchVaultServiceRuntime.o normal (in target 'ResearchVaultServiceRuntime' from project 'ResearchVaultKit')
    cd /Users/kevinnadjarian/GitHub/Throttle/build/convergence-recovery-20260920/Packages/ResearchVaultKit
    /Applications/Xcode.app/Contents/Developer/Toolchains/XcodeDefault.xctoolchain/usr/bin/clang -Xlinker -reproducible -target arm64-apple-macos14.0 -r -isysroot /Applications/Xcode.app/Contents/Developer/Platforms/MacOSX.platform/Developer/SDKs/MacOSX27.0.sdk -O0 -Xlinker -no_warn_duplicate_libraries -F/Volumes/DeveloperStorage/BuildScratch/throttle-convergence-20260920/DerivedData/Build/Intermediates.noindex/EagerLinkingTBDs/Debug -F/Volumes/DeveloperStorage/BuildScratch/throttle-convergence-20260920/DerivedData/Build/Products/Debug/PackageFrameworks -F/Volumes/DeveloperStorage/BuildScratch/throttle-convergence-20260920/DerivedData/Build/Products/Debug -iframework /Applications/Xcode.app/Contents/Developer/Platforms/MacOSX.platform/Developer/Library/Frameworks -filelist /Volumes/DeveloperStorage/BuildScratch/throttle-convergence-20260920/DerivedData/Build/Intermediates.noindex/ResearchVaultKit.build/Debug/ResearchVaultServiceRuntime-t.build/Objects-normal/arm64/ResearchVaultServiceRuntime.LinkFileList -nostdlib -Xlinker -object_path_lto -Xlinker /Volumes/DeveloperStorage/BuildScratch/throttle-convergence-20260920/DerivedData/Build/Intermediates.noindex/ResearchVaultKit.build/Debug/ResearchVaultServiceRuntime-t.build/Objects-normal/arm64/ResearchVaultServiceRuntime_lto.o -Xlinker -no_deduplicate -Xlinker -debug_variant -Xlinker -dependency_info -Xlinker /Volumes/DeveloperStorage/BuildScratch/throttle-convergence-20260920/DerivedData/Build/Intermediates.noindex/ResearchVaultKit.build/Debug/ResearchVaultServiceRuntime-t.build/Objects-normal/arm64/ResearchVaultServiceRuntime_dependency_info.dat -fobjc-link-runtime -L/Applications/Xcode.app/Contents/Developer/Toolchains/XcodeDefault.xctoolchain/usr/lib/swift/macosx -L/usr/lib/swift -Xlinker -add_ast_path -Xlinker /Volumes/DeveloperStorage/BuildScratch/throttle-convergence-20260920/DerivedData/Build/Intermediates.noindex/ResearchVaultKit.build/Debug/ResearchVaultServiceRuntime-t.build/Objects-normal/arm64/ResearchVaultServiceRuntime.swiftmodule -o /Volumes/DeveloperStorage/BuildScratch/throttle-convergence-20260920/DerivedData/Build/Products/Debug/ResearchVaultServiceRuntime.o

Ld /Volumes/DeveloperStorage/BuildScratch/throttle-convergence-20260920/DerivedData/Build/Products/Debug/EventSource.o normal (in target 'EventSource' from project 'EventSource')
    cd /Volumes/DeveloperStorage/BuildScratch/throttle-convergence-20260920/SourcePackages/checkouts/EventSource
    /Applications/Xcode.app/Contents/Developer/Toolchains/XcodeDefault.xctoolchain/usr/bin/clang -Xlinker -reproducible -target arm64-apple-macos12.0 -r -isysroot /Applications/Xcode.app/Contents/Developer/Platforms/MacOSX.platform/Developer/SDKs/MacOSX27.0.sdk -O0 -w -Xlinker -no_warn_duplicate_libraries -F/Volumes/DeveloperStorage/BuildScratch/throttle-convergence-20260920/DerivedData/Build/Intermediates.noindex/EagerLinkingTBDs/Debug -F/Volumes/DeveloperStorage/BuildScratch/throttle-convergence-20260920/DerivedData/Build/Products/Debug/PackageFrameworks -F/Volumes/DeveloperStorage/BuildScratch/throttle-convergence-20260920/DerivedData/Build/Products/Debug -iframework /Applications/Xcode.app/Contents/Developer/Platforms/MacOSX.platform/Developer/Library/Frameworks -filelist /Volumes/DeveloperStorage/BuildScratch/throttle-convergence-20260920/DerivedData/Build/Intermediates.noindex/EventSource.build/Debug/EventSource-t.build/Objects-normal/arm64/EventSource.LinkFileList -nostdlib -Xlinker -object_path_lto -Xlinker /Volumes/DeveloperStorage/BuildScratch/throttle-convergence-20260920/DerivedData/Build/Intermediates.noindex/EventSource.build/Debug/EventSource-t.build/Objects-normal/arm64/EventSource_lto.o -Xlinker -no_deduplicate -Xlinker -debug_variant -Xlinker -dependency_info -Xlinker /Volumes/DeveloperStorage/BuildScratch/throttle-convergence-20260920/DerivedData/Build/Intermediates.noindex/EventSource.build/Debug/EventSource-t.build/Objects-normal/arm64/EventSource_dependency_info.dat -fobjc-link-runtime -L/Applications/Xcode.app/Contents/Developer/Toolchains/XcodeDefault.xctoolchain/usr/lib/swift/macosx -L/usr/lib/swift -Xlinker -add_ast_path -Xlinker /Volumes/DeveloperStorage/BuildScratch/throttle-convergence-20260920/DerivedData/Build/Intermediates.noindex/EventSource.build/Debug/EventSource-t.build/Objects-normal/arm64/EventSource.swiftmodule -o /Volumes/DeveloperStorage/BuildScratch/throttle-convergence-20260920/DerivedData/Build/Products/Debug/EventSource.o

ExtractAppIntentsMetadata (in target 'ResearchVaultServiceRuntime' from project 'ResearchVaultKit')
    cd /Users/kevinnadjarian/GitHub/Throttle/build/convergence-recovery-20260920/Packages/ResearchVaultKit
    /Applications/Xcode.app/Contents/Developer/Toolchains/XcodeDefault.xctoolchain/usr/bin/appintentsmetadataprocessor --toolchain-dir /var/run/com.apple.security.cryptexd/mnt/com.apple.MobileAsset.MetalToolchain-v27.1.266.1.s263Mc/Metal.xctoolchain --module-name ResearchVaultServiceRuntime --sdk-root /Applications/Xcode.app/Contents/Developer/Platforms/MacOSX.platform/Developer/SDKs/MacOSX27.0.sdk --xcode-version 27A266a --platform-family macOS --deployment-target 14.0 --bundle-identifier researchvaultkit.ResearchVaultServiceRuntime --output /Volumes/DeveloperStorage/BuildScratch/throttle-convergence-20260920/DerivedData/Build/Products/Debug/ResearchVaultServiceRuntime.appintents --target-triple arm64-apple-macos14.0 --binary-file /Volumes/DeveloperStorage/BuildScratch/throttle-convergence-20260920/DerivedData/Build/Products/Debug/ResearchVaultServiceRuntime.o --dependency-file /Volumes/DeveloperStorage/BuildScratch/throttle-convergence-20260920/DerivedData/Build/Intermediates.noindex/ResearchVaultKit.build/Debug/ResearchVaultServiceRuntime-t.build/Objects-normal/arm64/ResearchVaultServiceRuntime_dependency_info.dat --stringsdata-file /Volumes/DeveloperStorage/BuildScratch/throttle-convergence-20260920/DerivedData/Build/Intermediates.noindex/ResearchVaultKit.build/Debug/ResearchVaultServiceRuntime-t.build/Objects-normal/arm64/ExtractedAppShortcutsMetadata.stringsdata --source-file-list /Volumes/DeveloperStorage/BuildScratch/throttle-convergence-20260920/DerivedData/Build/Intermediates.noindex/ResearchVaultKit.build/Debug/ResearchVaultServiceRuntime-t.build/Objects-normal/arm64/ResearchVaultServiceRuntime.SwiftFileList --metadata-file-list /Volumes/DeveloperStorage/BuildScratch/throttle-convergence-20260920/DerivedData/Build/Intermediates.noindex/ResearchVaultKit.build/Debug/ResearchVaultServiceRuntime-t.build/ResearchVaultServiceRuntime.DependencyMetadataFileList --static-metadata-file-list /Volumes/DeveloperStorage/BuildScratch/throttle-convergence-20260920/DerivedData/Build/Intermediates.noindex/ResearchVaultKit.build/Debug/ResearchVaultServiceRuntime-t.build/ResearchVaultServiceRuntime.DependencyStaticMetadataFileList --swift-const-vals-list /Volumes/DeveloperStorage/BuildScratch/throttle-convergence-20260920/DerivedData/Build/Intermediates.noindex/ResearchVaultKit.build/Debug/ResearchVaultServiceRuntime-t.build/Objects-normal/arm64/ResearchVaultServiceRuntime.SwiftConstValuesFileList --force --compile-time-extraction --deployment-aware-processing --no-app-shortcuts-localization
2026-09-21 10:05:04.709 appintentsmetadataprocessor[62003:2175142] Starting appintentsmetadataprocessor export
2026-09-21 10:05:04.761 appintentsmetadataprocessor[62003:2175142] Extracted no relevant App Intents symbols, skipping writing output

Ld /Volumes/DeveloperStorage/BuildScratch/throttle-convergence-20260920/DerivedData/Build/Products/Debug/MLXLMCommon.o normal (in target 'MLXLMCommon' from project 'mlx-swift-lm')
    cd /Volumes/DeveloperStorage/BuildScratch/throttle-convergence-20260920/SourcePackages/checkouts/mlx-swift-lm
    /Applications/Xcode.app/Contents/Developer/Toolchains/XcodeDefault.xctoolchain/usr/bin/clang -Xlinker -reproducible -target arm64-apple-macos14.0 -r -isysroot /Applications/Xcode.app/Contents/Developer/Platforms/MacOSX.platform/Developer/SDKs/MacOSX27.0.sdk -O0 -w -Xlinker -no_warn_duplicate_libraries -F/Volumes/DeveloperStorage/BuildScratch/throttle-convergence-20260920/DerivedData/Build/Intermediates.noindex/EagerLinkingTBDs/Debug -F/Volumes/DeveloperStorage/BuildScratch/throttle-convergence-20260920/DerivedData/Build/Products/Debug/PackageFrameworks -F/Volumes/DeveloperStorage/BuildScratch/throttle-convergence-20260920/DerivedData/Build/Products/Debug -iframework /Applications/Xcode.app/Contents/Developer/Platforms/MacOSX.platform/Developer/Library/Frameworks -filelist /Volumes/DeveloperStorage/BuildScratch/throttle-convergence-20260920/DerivedData/Build/Intermediates.noindex/mlx-swift-lm.build/Debug/MLXLMCommon-t.build/Objects-normal/arm64/MLXLMCommon.LinkFileList -nostdlib -Xlinker -object_path_lto -Xlinker /Volumes/DeveloperStorage/BuildScratch/throttle-convergence-20260920/DerivedData/Build/Intermediates.noindex/mlx-swift-lm.build/Debug/MLXLMCommon-t.build/Objects-normal/arm64/MLXLMCommon_lto.o -Xlinker -no_deduplicate -Xlinker -debug_variant -Xlinker -dependency_info -Xlinker /Volumes/DeveloperStorage/BuildScratch/throttle-convergence-20260920/DerivedData/Build/Intermediates.noindex/mlx-swift-lm.build/Debug/MLXLMCommon-t.build/Objects-normal/arm64/MLXLMCommon_dependency_info.dat -fobjc-link-runtime -L/Applications/Xcode.app/Contents/Developer/Toolchains/XcodeDefault.xctoolchain/usr/lib/swift/macosx -L/usr/lib/swift -Xlinker -add_ast_path -Xlinker /Volumes/DeveloperStorage/BuildScratch/throttle-convergence-20260920/DerivedData/Build/Intermediates.noindex/mlx-swift-lm.build/Debug/MLXLMCommon-t.build/Objects-normal/arm64/MLXLMCommon.swiftmodule -o /Volumes/DeveloperStorage/BuildScratch/throttle-convergence-20260920/DerivedData/Build/Products/Debug/MLXLMCommon.o

ExtractAppIntentsMetadata (in target 'EventSource' from project 'EventSource')
    cd /Volumes/DeveloperStorage/BuildScratch/throttle-convergence-20260920/SourcePackages/checkouts/EventSource
    /Applications/Xcode.app/Contents/Developer/Toolchains/XcodeDefault.xctoolchain/usr/bin/appintentsmetadataprocessor --toolchain-dir /var/run/com.apple.security.cryptexd/mnt/com.apple.MobileAsset.MetalToolchain-v27.1.266.1.s263Mc/Metal.xctoolchain --module-name EventSource --sdk-root /Applications/Xcode.app/Contents/Developer/Platforms/MacOSX.platform/Developer/SDKs/MacOSX27.0.sdk --xcode-version 27A266a --platform-family macOS --deployment-target 12.0 --bundle-identifier eventsource.EventSource --output /Volumes/DeveloperStorage/BuildScratch/throttle-convergence-20260920/DerivedData/Build/Products/Debug/EventSource.appintents --target-triple arm64-apple-macos12.0 --binary-file /Volumes/DeveloperStorage/BuildScratch/throttle-convergence-20260920/DerivedData/Build/Products/Debug/EventSource.o --dependency-file /Volumes/DeveloperStorage/BuildScratch/throttle-convergence-20260920/DerivedData/Build/Intermediates.noindex/EventSource.build/Debug/EventSource-t.build/Objects-normal/arm64/EventSource_dependency_info.dat --stringsdata-file /Volumes/DeveloperStorage/BuildScratch/throttle-convergence-20260920/DerivedData/Build/Intermediates.noindex/EventSource.build/Debug/EventSource-t.build/Objects-normal/arm64/ExtractedAppShortcutsMetadata.stringsdata --source-file-list /Volumes/DeveloperStorage/BuildScratch/throttle-convergence-20260920/DerivedData/Build/Intermediates.noindex/EventSource.build/Debug/EventSource-t.build/Objects-normal/arm64/EventSource.SwiftFileList --metadata-file-list /Volumes/DeveloperStorage/BuildScratch/throttle-convergence-20260920/DerivedData/Build/Intermediates.noindex/EventSource.build/Debug/EventSource-t.build/EventSource.DependencyMetadataFileList --static-metadata-file-list /Volumes/DeveloperStorage/BuildScratch/throttle-convergence-20260920/DerivedData/Build/Intermediates.noindex/EventSource.build/Debug/EventSource-t.build/EventSource.DependencyStaticMetadataFileList --swift-const-vals-list /Volumes/DeveloperStorage/BuildScratch/throttle-convergence-20260920/DerivedData/Build/Intermediates.noindex/EventSource.build/Debug/EventSource-t.build/Objects-normal/arm64/EventSource.SwiftConstValuesFileList --force --compile-time-extraction --deployment-aware-processing --no-app-shortcuts-localization
2026-09-21 10:05:04.785 appintentsmetadataprocessor[62005:2175160] Starting appintentsmetadataprocessor export
2026-09-21 10:05:04.823 appintentsmetadataprocessor[62005:2175160] Extracted no relevant App Intents symbols, skipping writing output

Ld /Volumes/DeveloperStorage/BuildScratch/throttle-convergence-20260920/DerivedData/Build/Products/Debug/ResearchVaultAgent.app/Contents/MacOS/ResearchVaultAgent.debug.dylib normal (in target 'ResearchVaultAgent' from project 'Throttle')
    cd /Users/kevinnadjarian/GitHub/Throttle/build/convergence-recovery-20260920
    /Applications/Xcode.app/Contents/Developer/Toolchains/XcodeDefault.xctoolchain/usr/bin/clang -Xlinker -reproducible -target arm64-apple-macos14.0 -dynamiclib -isysroot /Applications/Xcode.app/Contents/Developer/Platforms/MacOSX.platform/Developer/SDKs/MacOSX27.0.sdk -O0 -Xlinker -no_warn_duplicate_libraries -L/Volumes/DeveloperStorage/BuildScratch/throttle-convergence-20260920/DerivedData/Build/Intermediates.noindex/EagerLinkingTBDs/Debug -L/Volumes/DeveloperStorage/BuildScratch/throttle-convergence-20260920/DerivedData/Build/Products/Debug -F/Volumes/DeveloperStorage/BuildScratch/throttle-convergence-20260920/DerivedData/Build/Intermediates.noindex/EagerLinkingTBDs/Debug -F/Volumes/DeveloperStorage/BuildScratch/throttle-convergence-20260920/DerivedData/Build/Products/Debug/PackageFrameworks -F/Volumes/DeveloperStorage/BuildScratch/throttle-convergence-20260920/DerivedData/Build/Products/Debug -filelist /Volumes/DeveloperStorage/BuildScratch/throttle-convergence-20260920/DerivedData/Build/Intermediates.noindex/Throttle.build/Debug/ResearchVaultAgent.build/Objects-normal/arm64/ResearchVaultAgent.LinkFileList -install_name @rpath/ResearchVaultAgent.debug.dylib -Xlinker -rpath -Xlinker /usr/lib/swift -Xlinker -rpath -Xlinker @loader_path -Xlinker -rpath -Xlinker /Volumes/DeveloperStorage/BuildScratch/throttle-convergence-20260920/DerivedData/Build/Products/Debug/PackageFrameworks -Xlinker -rpath -Xlinker @executable_path/../Frameworks -Xlinker -object_path_lto -Xlinker /Volumes/DeveloperStorage/BuildScratch/throttle-convergence-20260920/DerivedData/Build/Intermediates.noindex/Throttle.build/Debug/ResearchVaultAgent.build/Objects-normal/arm64/ResearchVaultAgent_lto.o -rdynamic -Xlinker -no_deduplicate -Xlinker -debug_variant -Xlinker -dependency_info -Xlinker /Volumes/DeveloperStorage/BuildScratch/throttle-convergence-20260920/DerivedData/Build/Intermediates.noindex/Throttle.build/Debug/ResearchVaultAgent.build/Objects-normal/arm64/ResearchVaultAgent_dependency_info.dat -fobjc-link-runtime -fprofile-instr-generate -L/Applications/Xcode.app/Contents/Developer/Toolchains/XcodeDefault.xctoolchain/usr/lib/swift/macosx -L/usr/lib/swift -Xlinker -add_ast_path -Xlinker /Volumes/DeveloperStorage/BuildScratch/throttle-convergence-20260920/DerivedData/Build/Intermediates.noindex/Throttle.build/Debug/ResearchVaultAgent.build/Objects-normal/arm64/ResearchVaultAgent.swiftmodule -framework Security -framework Security -framework Security -Xlinker -alias -Xlinker _main -Xlinker ___debug_main_executable_dylib_entry_point -framework SQLCipher -framework SQLCipher -o /Volumes/DeveloperStorage/BuildScratch/throttle-convergence-20260920/DerivedData/Build/Products/Debug/ResearchVaultAgent.app/Contents/MacOS/ResearchVaultAgent.debug.dylib

RegisterExecutionPolicyException /Volumes/DeveloperStorage/BuildScratch/throttle-convergence-20260920/DerivedData/Build/Products/Debug/MLXHuggingFaceMacros (in target 'MLXHuggingFaceMacros' from project 'mlx-swift-lm')
    cd /Volumes/DeveloperStorage/BuildScratch/throttle-convergence-20260920/SourcePackages/checkouts/mlx-swift-lm
    builtin-RegisterExecutionPolicyException /Volumes/DeveloperStorage/BuildScratch/throttle-convergence-20260920/DerivedData/Build/Products/Debug/MLXHuggingFaceMacros

ExtractAppIntentsMetadata (in target 'MLXLMCommon' from project 'mlx-swift-lm')
    cd /Volumes/DeveloperStorage/BuildScratch/throttle-convergence-20260920/SourcePackages/checkouts/mlx-swift-lm
    /Applications/Xcode.app/Contents/Developer/Toolchains/XcodeDefault.xctoolchain/usr/bin/appintentsmetadataprocessor --toolchain-dir /var/run/com.apple.security.cryptexd/mnt/com.apple.MobileAsset.MetalToolchain-v27.1.266.1.s263Mc/Metal.xctoolchain --module-name MLXLMCommon --sdk-root /Applications/Xcode.app/Contents/Developer/Platforms/MacOSX.platform/Developer/SDKs/MacOSX27.0.sdk --xcode-version 27A266a --platform-family macOS --deployment-target 14.0 --bundle-identifier mlx-swift-lm.MLXLMCommon --output /Volumes/DeveloperStorage/BuildScratch/throttle-convergence-20260920/DerivedData/Build/Products/Debug/MLXLMCommon.appintents --target-triple arm64-apple-macos14.0 --binary-file /Volumes/DeveloperStorage/BuildScratch/throttle-convergence-20260920/DerivedData/Build/Products/Debug/MLXLMCommon.o --dependency-file /Volumes/DeveloperStorage/BuildScratch/throttle-convergence-20260920/DerivedData/Build/Intermediates.noindex/mlx-swift-lm.build/Debug/MLXLMCommon-t.build/Objects-normal/arm64/MLXLMCommon_dependency_info.dat --stringsdata-file /Volumes/DeveloperStorage/BuildScratch/throttle-convergence-20260920/DerivedData/Build/Intermediates.noindex/mlx-swift-lm.build/Debug/MLXLMCommon-t.build/Objects-normal/arm64/ExtractedAppShortcutsMetadata.stringsdata --source-file-list /Volumes/DeveloperStorage/BuildScratch/throttle-convergence-20260920/DerivedData/Build/Intermediates.noindex/mlx-swift-lm.build/Debug/MLXLMCommon-t.build/Objects-normal/arm64/MLXLMCommon.SwiftFileList --metadata-file-list /Volumes/DeveloperStorage/BuildScratch/throttle-convergence-20260920/DerivedData/Build/Intermediates.noindex/mlx-swift-lm.build/Debug/MLXLMCommon-t.build/MLXLMCommon.DependencyMetadataFileList --static-metadata-file-list /Volumes/DeveloperStorage/BuildScratch/throttle-convergence-20260920/DerivedData/Build/Intermediates.noindex/mlx-swift-lm.build/Debug/MLXLMCommon-t.build/MLXLMCommon.DependencyStaticMetadataFileList --swift-const-vals-list /Volumes/DeveloperStorage/BuildScratch/throttle-convergence-20260920/DerivedData/Build/Intermediates.noindex/mlx-swift-lm.build/Debug/MLXLMCommon-t.build/Objects-normal/arm64/MLXLMCommon.SwiftConstValuesFileList --force --compile-time-extraction --deployment-aware-processing --no-app-shortcuts-localization
2026-09-21 10:05:04.849 appintentsmetadataprocessor[62010:2175192] Starting appintentsmetadataprocessor export
2026-09-21 10:05:04.907 appintentsmetadataprocessor[62010:2175192] Extracted no relevant App Intents symbols, skipping writing output

SwiftDriver MLXHuggingFace normal arm64 com.apple.xcode.tools.swift.compiler (in target 'MLXHuggingFace' from project 'mlx-swift-lm')
    cd /Users/kevinnadjarian/GitHub/Throttle/build/convergence-recovery-20260920/Throttle.xcodeproj
    builtin-SwiftDriver -- /Applications/Xcode.app/Contents/Developer/Toolchains/XcodeDefault.xctoolchain/usr/bin/swiftc -parse-as-library -module-name MLXHuggingFace -Onone @/Volumes/DeveloperStorage/BuildScratch/throttle-convergence-20260920/DerivedData/Build/Intermediates.noindex/mlx-swift-lm.build/Debug/MLXHuggingFace-t.build/Objects-normal/arm64/MLXHuggingFace.SwiftFileList -DSWIFT_PACKAGE -DDEBUG -DSWIFT_MODULE_RESOURCE_BUNDLE_UNAVAILABLE -Xcc -fmodule-map-file\=/Volumes/DeveloperStorage/BuildScratch/throttle-convergence-20260920/SourcePackages/checkouts/swift-numerics/Sources/_NumericsShims/include/module.modulemap -Xcc -fmodule-map-file\=/Volumes/DeveloperStorage/BuildScratch/throttle-convergence-20260920/SourcePackages/checkouts/mlx-swift/Source/Cmlx/include/module.modulemap -DXcode -plugin-path /Applications/Xcode.app/Contents/Developer/Toolchains/XcodeDefault.xctoolchain/usr/lib/swift/host/plugins/testing -enable-experimental-feature DebugDescriptionMacro -sdk /Applications/Xcode.app/Contents/Developer/Platforms/MacOSX.platform/Developer/SDKs/MacOSX27.0.sdk -target arm64-apple-macos14.0 -g -module-cache-path /Volumes/DeveloperStorage/BuildScratch/throttle-convergence-20260920/DerivedData/ModuleCache.noindex -Xfrontend -serialize-debugging-options -profile-coverage-mapping -profile-generate -enable-testing -suppress-warnings -index-store-path /Volumes/DeveloperStorage/BuildScratch/throttle-convergence-20260920/DerivedData/Index.noindex/DataStore -Xcc -D_LIBCPP_HARDENING_MODE\=_LIBCPP_HARDENING_MODE_DEBUG -swift-version 6 -I /Volumes/DeveloperStorage/BuildScratch/throttle-convergence-20260920/DerivedData/Build/Products/Debug -Isystem /Applications/Xcode.app/Contents/Developer/Platforms/MacOSX.platform/Developer/usr/lib -F /Volumes/DeveloperStorage/BuildScratch/throttle-convergence-20260920/DerivedData/Build/Products/Debug/PackageFrameworks -F /Volumes/DeveloperStorage/BuildScratch/throttle-convergence-20260920/DerivedData/Build/Products/Debug -F /Applications/Xcode.app/Contents/Developer/Platforms/MacOSX.platform/Developer/Library/Frameworks -Xfrontend -load-plugin-executable -Xfrontend /Volumes/DeveloperStorage/BuildScratch/throttle-convergence-20260920/DerivedData/Build/Products/Debug/MLXHuggingFaceMacros\#MLXHuggingFaceMacros -c -j10 -enable-batch-mode -incremental -Xcc -ivfsstatcache -Xcc /Volumes/DeveloperStorage/BuildScratch/throttle-convergence-20260920/DerivedData/SDKStatCaches.noindex/macosx27.0-26A425-e829b21a6f8c9b70876ba0858053c0447231f6df4def33e022ae2eb8f782df1a.sdkstatcache -output-file-map /Volumes/DeveloperStorage/BuildScratch/throttle-convergence-20260920/DerivedData/Build/Intermediates.noindex/mlx-swift-lm.build/Debug/MLXHuggingFace-t.build/Objects-normal/arm64/MLXHuggingFace-OutputFileMap.json -save-temps -no-color-diagnostics -explicit-module-build -module-cache-path /Volumes/DeveloperStorage/BuildScratch/throttle-convergence-20260920/DerivedData/Build/Intermediates.noindex/SwiftExplicitPrecompiledModules -clang-scanner-module-cache-path /Volumes/DeveloperStorage/BuildScratch/throttle-convergence-20260920/DerivedData/ModuleCache.noindex -sdk-module-cache-path /Volumes/DeveloperStorage/BuildScratch/throttle-convergence-20260920/DerivedData/SDKExplicitPrecompiledModules -emit-dependencies -emit-module -emit-module-path /Volumes/DeveloperStorage/BuildScratch/throttle-convergence-20260920/DerivedData/Build/Intermediates.noindex/mlx-swift-lm.build/Debug/MLXHuggingFace-t.build/Objects-normal/arm64/MLXHuggingFace.swiftmodule -serialize-diagnostics -dependency-scan-serialize-diagnostics-path /Volumes/DeveloperStorage/BuildScratch/throttle-convergence-20260920/DerivedData/Build/Intermediates.noindex/mlx-swift-lm.build/Debug/MLXHuggingFace-t.build/Objects-normal/arm64/MLXHuggingFace-dependency-scan.dia -user-module-version 3.31.3 -validate-clang-modules-once -clang-build-session-file /Volumes/DeveloperStorage/BuildScratch/throttle-convergence-20260920/DerivedData/ModuleCache.noindex/Session.modulevalidation -Xcc -fmodules-prune-interval\=86400 -Xcc -fmodules-prune-after\=345600 -package-name mlx_swift_lm -emit-const-values -const-gather-protocols-list /Volumes/DeveloperStorage/BuildScratch/throttle-convergence-20260920/DerivedData/Build/Intermediates.noindex/mlx-swift-lm.build/Debug/MLXHuggingFace-t.build/Objects-normal/arm64/MLXHuggingFace_const_extract_protocols.json -Xcc -I/Volumes/DeveloperStorage/BuildScratch/throttle-convergence-20260920/SourcePackages/checkouts/swift-numerics/Sources/_NumericsShims/include -Xcc -I/Volumes/DeveloperStorage/BuildScratch/throttle-convergence-20260920/SourcePackages/checkouts/mlx-swift/Source/Cmlx/include -Xcc -I/Volumes/DeveloperStorage/BuildScratch/throttle-convergence-20260920/DerivedData/Build/Products/Debug/include -Xcc -I/Volumes/DeveloperStorage/BuildScratch/throttle-convergence-20260920/DerivedData/Build/Intermediates.noindex/mlx-swift-lm.build/Debug/MLXHuggingFace-t.build/DerivedSources-normal/arm64 -Xcc -I/Volumes/DeveloperStorage/BuildScratch/throttle-convergence-20260920/DerivedData/Build/Intermediates.noindex/mlx-swift-lm.build/Debug/MLXHuggingFace-t.build/DerivedSources/arm64 -Xcc -I/Volumes/DeveloperStorage/BuildScratch/throttle-convergence-20260920/DerivedData/Build/Intermediates.noindex/mlx-swift-lm.build/Debug/MLXHuggingFace-t.build/DerivedSources -Xcc -DSWIFT_PACKAGE -Xcc -DDEBUG\=1 -emit-objc-header -emit-objc-header-path /Volumes/DeveloperStorage/BuildScratch/throttle-convergence-20260920/DerivedData/Build/Intermediates.noindex/mlx-swift-lm.build/Debug/MLXHuggingFace-t.build/Objects-normal/arm64/MLXHuggingFace-Swift.h -working-directory /Users/kevinnadjarian/GitHub/Throttle/build/convergence-recovery-20260920/Throttle.xcodeproj -experimental-emit-module-separately -disable-cmo

ConstructStubExecutorLinkFileList /Volumes/DeveloperStorage/BuildScratch/throttle-convergence-20260920/DerivedData/Build/Intermediates.noindex/Throttle.build/Debug/ResearchVaultAgent.build/ResearchVaultAgent-ExecutorLinkFileList-normal-arm64.txt (in target 'ResearchVaultAgent' from project 'Throttle')
    cd /Users/kevinnadjarian/GitHub/Throttle/build/convergence-recovery-20260920
    construct-stub-executor-link-file-list /Volumes/DeveloperStorage/BuildScratch/throttle-convergence-20260920/DerivedData/Build/Products/Debug/ResearchVaultAgent.app/Contents/MacOS/ResearchVaultAgent.debug.dylib /Applications/Xcode.app/Contents/Developer/Platforms/MacOSX.platform/Developer/usr/lib/libPreviewsJITStubExecutor_no_swift_entry_point.a /Applications/Xcode.app/Contents/Developer/Platforms/MacOSX.platform/Developer/usr/lib/libPreviewsJITStubExecutor.a --output /Volumes/DeveloperStorage/BuildScratch/throttle-convergence-20260920/DerivedData/Build/Intermediates.noindex/Throttle.build/Debug/ResearchVaultAgent.build/ResearchVaultAgent-ExecutorLinkFileList-normal-arm64.txt
note: Using stub executor library with Swift entry point. (in target 'ResearchVaultAgent' from project 'Throttle')

Ld /Volumes/DeveloperStorage/BuildScratch/throttle-convergence-20260920/DerivedData/Build/Products/Debug/MLXLLM.o normal (in target 'MLXLLM' from project 'mlx-swift-lm')
    cd /Volumes/DeveloperStorage/BuildScratch/throttle-convergence-20260920/SourcePackages/checkouts/mlx-swift-lm
    /Applications/Xcode.app/Contents/Developer/Toolchains/XcodeDefault.xctoolchain/usr/bin/clang -Xlinker -reproducible -target arm64-apple-macos14.0 -r -isysroot /Applications/Xcode.app/Contents/Developer/Platforms/MacOSX.platform/Developer/SDKs/MacOSX27.0.sdk -O0 -w -Xlinker -no_warn_duplicate_libraries -F/Volumes/DeveloperStorage/BuildScratch/throttle-convergence-20260920/DerivedData/Build/Intermediates.noindex/EagerLinkingTBDs/Debug -F/Volumes/DeveloperStorage/BuildScratch/throttle-convergence-20260920/DerivedData/Build/Products/Debug/PackageFrameworks -F/Volumes/DeveloperStorage/BuildScratch/throttle-convergence-20260920/DerivedData/Build/Products/Debug -iframework /Applications/Xcode.app/Contents/Developer/Platforms/MacOSX.platform/Developer/Library/Frameworks -filelist /Volumes/DeveloperStorage/BuildScratch/throttle-convergence-20260920/DerivedData/Build/Intermediates.noindex/mlx-swift-lm.build/Debug/MLXLLM-t.build/Objects-normal/arm64/MLXLLM.LinkFileList -nostdlib -Xlinker -object_path_lto -Xlinker /Volumes/DeveloperStorage/BuildScratch/throttle-convergence-20260920/DerivedData/Build/Intermediates.noindex/mlx-swift-lm.build/Debug/MLXLLM-t.build/Objects-normal/arm64/MLXLLM_lto.o -Xlinker -no_deduplicate -Xlinker -debug_variant -Xlinker -dependency_info -Xlinker /Volumes/DeveloperStorage/BuildScratch/throttle-convergence-20260920/DerivedData/Build/Intermediates.noindex/mlx-swift-lm.build/Debug/MLXLLM-t.build/Objects-normal/arm64/MLXLLM_dependency_info.dat -fobjc-link-runtime -L/Applications/Xcode.app/Contents/Developer/Toolchains/XcodeDefault.xctoolchain/usr/lib/swift/macosx -L/usr/lib/swift -Xlinker -add_ast_path -Xlinker /Volumes/DeveloperStorage/BuildScratch/throttle-convergence-20260920/DerivedData/Build/Intermediates.noindex/mlx-swift-lm.build/Debug/MLXLLM-t.build/Objects-normal/arm64/MLXLLM.swiftmodule -o /Volumes/DeveloperStorage/BuildScratch/throttle-convergence-20260920/DerivedData/Build/Products/Debug/MLXLLM.o

Ld /Volumes/DeveloperStorage/BuildScratch/throttle-convergence-20260920/DerivedData/Build/Products/Debug/ResearchVaultAgent.app/Contents/MacOS/__preview.dylib normal (in target 'ResearchVaultAgent' from project 'Throttle')
    cd /Users/kevinnadjarian/GitHub/Throttle/build/convergence-recovery-20260920
    /Applications/Xcode.app/Contents/Developer/Toolchains/XcodeDefault.xctoolchain/usr/bin/clang -Xlinker -reproducible -target arm64-apple-macos14.0 -dynamiclib -isysroot /Applications/Xcode.app/Contents/Developer/Platforms/MacOSX.platform/Developer/SDKs/MacOSX27.0.sdk -O0 -Xlinker -no_warn_duplicate_libraries -L/Volumes/DeveloperStorage/BuildScratch/throttle-convergence-20260920/DerivedData/Build/Products/Debug -F/Volumes/DeveloperStorage/BuildScratch/throttle-convergence-20260920/DerivedData/Build/Products/Debug/PackageFrameworks -F/Volumes/DeveloperStorage/BuildScratch/throttle-convergence-20260920/DerivedData/Build/Products/Debug -install_name @rpath/ResearchVaultAgent.debug.dylib -rdynamic -Xlinker -no_deduplicate -Xlinker -debug_variant -Xlinker -dependency_info -Xlinker /Volumes/DeveloperStorage/BuildScratch/throttle-convergence-20260920/DerivedData/Build/Intermediates.noindex/Throttle.build/Debug/ResearchVaultAgent.build/Objects-normal/arm64/ResearchVaultAgent_dependency_info.dat -o /Volumes/DeveloperStorage/BuildScratch/throttle-convergence-20260920/DerivedData/Build/Products/Debug/ResearchVaultAgent.app/Contents/MacOS/__preview.dylib

Ld /Volumes/DeveloperStorage/BuildScratch/throttle-convergence-20260920/DerivedData/Build/Products/Debug/ResearchVaultAgent.app/Contents/MacOS/ResearchVaultAgent normal (in target 'ResearchVaultAgent' from project 'Throttle')
    cd /Users/kevinnadjarian/GitHub/Throttle/build/convergence-recovery-20260920
    /Applications/Xcode.app/Contents/Developer/Toolchains/XcodeDefault.xctoolchain/usr/bin/clang -Xlinker -reproducible -target arm64-apple-macos14.0 -isysroot /Applications/Xcode.app/Contents/Developer/Platforms/MacOSX.platform/Developer/SDKs/MacOSX27.0.sdk -O0 -Xlinker -no_warn_duplicate_libraries -L/Volumes/DeveloperStorage/BuildScratch/throttle-convergence-20260920/DerivedData/Build/Products/Debug -F/Volumes/DeveloperStorage/BuildScratch/throttle-convergence-20260920/DerivedData/Build/Products/Debug/PackageFrameworks -F/Volumes/DeveloperStorage/BuildScratch/throttle-convergence-20260920/DerivedData/Build/Products/Debug -Xlinker -rpath -Xlinker @executable_path -Xlinker -rpath -Xlinker @loader_path -Xlinker -rpath -Xlinker /Volumes/DeveloperStorage/BuildScratch/throttle-convergence-20260920/DerivedData/Build/Products/Debug/PackageFrameworks -Xlinker -rpath -Xlinker @executable_path/../Frameworks -rdynamic -Xlinker -no_deduplicate -Xlinker -debug_variant -e ___debug_blank_executor_main -Xlinker -sectcreate -Xlinker __TEXT -Xlinker __debug_dylib -Xlinker /Volumes/DeveloperStorage/BuildScratch/throttle-convergence-20260920/DerivedData/Build/Intermediates.noindex/Throttle.build/Debug/ResearchVaultAgent.build/ResearchVaultAgent-DebugDylibPath-normal-arm64.txt -Xlinker -sectcreate -Xlinker __TEXT -Xlinker __debug_instlnm -Xlinker /Volumes/DeveloperStorage/BuildScratch/throttle-convergence-20260920/DerivedData/Build/Intermediates.noindex/Throttle.build/Debug/ResearchVaultAgent.build/ResearchVaultAgent-DebugDylibInstallName-normal-arm64.txt -Xlinker -filelist -Xlinker /Volumes/DeveloperStorage/BuildScratch/throttle-convergence-20260920/DerivedData/Build/Intermediates.noindex/Throttle.build/Debug/ResearchVaultAgent.build/ResearchVaultAgent-ExecutorLinkFileList-normal-arm64.txt /Volumes/DeveloperStorage/BuildScratch/throttle-convergence-20260920/DerivedData/Build/Products/Debug/ResearchVaultAgent.app/Contents/MacOS/ResearchVaultAgent.debug.dylib -o /Volumes/DeveloperStorage/BuildScratch/throttle-convergence-20260920/DerivedData/Build/Products/Debug/ResearchVaultAgent.app/Contents/MacOS/ResearchVaultAgent

CopySwiftLibs /Volumes/DeveloperStorage/BuildScratch/throttle-convergence-20260920/DerivedData/Build/Products/Debug/ResearchVaultAgent.app (in target 'ResearchVaultAgent' from project 'Throttle')
    cd /Users/kevinnadjarian/GitHub/Throttle/build/convergence-recovery-20260920
    builtin-swiftStdLibTool --copy --verbose --scan-executable /Volumes/DeveloperStorage/BuildScratch/throttle-convergence-20260920/DerivedData/Build/Products/Debug/ResearchVaultAgent.app/Contents/MacOS/ResearchVaultAgent.debug.dylib --scan-folder /Volumes/DeveloperStorage/BuildScratch/throttle-convergence-20260920/DerivedData/Build/Products/Debug/ResearchVaultAgent.app/Contents/Frameworks --scan-folder /Volumes/DeveloperStorage/BuildScratch/throttle-convergence-20260920/DerivedData/Build/Products/Debug/ResearchVaultAgent.app/Contents/PlugIns --scan-folder /Volumes/DeveloperStorage/BuildScratch/throttle-convergence-20260920/DerivedData/Build/Products/Debug/ResearchVaultAgent.app/Contents/Library/SystemExtensions --scan-folder /Volumes/DeveloperStorage/BuildScratch/throttle-convergence-20260920/DerivedData/Build/Products/Debug/ResearchVaultAgent.app/Contents/Extensions --platform macosx --toolchain /var/run/com.apple.security.cryptexd/mnt/com.apple.MobileAsset.MetalToolchain-v27.1.266.1.s263Mc/Metal.xctoolchain --toolchain /Applications/Xcode.app/Contents/Developer/Toolchains/XcodeDefault.xctoolchain --destination /Volumes/DeveloperStorage/BuildScratch/throttle-convergence-20260920/DerivedData/Build/Products/Debug/ResearchVaultAgent.app/Contents/Frameworks --strip-bitcode --strip-bitcode-tool /Applications/Xcode.app/Contents/Developer/Toolchains/XcodeDefault.xctoolchain/usr/bin/bitcode_strip --emit-dependency-info /Volumes/DeveloperStorage/BuildScratch/throttle-convergence-20260920/DerivedData/Build/Intermediates.noindex/Throttle.build/Debug/ResearchVaultAgent.build/SwiftStdLibToolInputDependencies.dep --filter-for-swift-os --back-deploy-swift-span
Ignoring --strip-bitcode because --sign was not passed

ExtractAppIntentsMetadata (in target 'Crypto' from project 'swift-crypto')
    cd /Volumes/DeveloperStorage/BuildScratch/throttle-convergence-20260920/SourcePackages/checkouts/swift-crypto
    /Applications/Xcode.app/Contents/Developer/Toolchains/XcodeDefault.xctoolchain/usr/bin/appintentsmetadataprocessor --toolchain-dir /var/run/com.apple.security.cryptexd/mnt/com.apple.MobileAsset.MetalToolchain-v27.1.266.1.s263Mc/Metal.xctoolchain --module-name Crypto --sdk-root /Applications/Xcode.app/Contents/Developer/Platforms/MacOSX.platform/Developer/SDKs/MacOSX27.0.sdk --xcode-version 27A266a --platform-family macOS --deployment-target 12.0 --bundle-identifier swift-crypto.Crypto --output /Volumes/DeveloperStorage/BuildScratch/throttle-convergence-20260920/DerivedData/Build/Products/Debug/Crypto.appintents --target-triple arm64-apple-macos12.0 --binary-file /Volumes/DeveloperStorage/BuildScratch/throttle-convergence-20260920/DerivedData/Build/Products/Debug/Crypto.o --dependency-file /Volumes/DeveloperStorage/BuildScratch/throttle-convergence-20260920/DerivedData/Build/Intermediates.noindex/swift-crypto.build/Debug/Crypto-t.build/Objects-normal/arm64/Crypto_dependency_info.dat --stringsdata-file /Volumes/DeveloperStorage/BuildScratch/throttle-convergence-20260920/DerivedData/Build/Intermediates.noindex/swift-crypto.build/Debug/Crypto-t.build/Objects-normal/arm64/ExtractedAppShortcutsMetadata.stringsdata --source-file-list /Volumes/DeveloperStorage/BuildScratch/throttle-convergence-20260920/DerivedData/Build/Intermediates.noindex/swift-crypto.build/Debug/Crypto-t.build/Objects-normal/arm64/Crypto.SwiftFileList --metadata-file-list /Volumes/DeveloperStorage/BuildScratch/throttle-convergence-20260920/DerivedData/Build/Intermediates.noindex/swift-crypto.build/Debug/Crypto-t.build/Crypto.DependencyMetadataFileList --static-metadata-file-list /Volumes/DeveloperStorage/BuildScratch/throttle-convergence-20260920/DerivedData/Build/Intermediates.noindex/swift-crypto.build/Debug/Crypto-t.build/Crypto.DependencyStaticMetadataFileList --swift-const-vals-list /Volumes/DeveloperStorage/BuildScratch/throttle-convergence-20260920/DerivedData/Build/Intermediates.noindex/swift-crypto.build/Debug/Crypto-t.build/Objects-normal/arm64/Crypto.SwiftConstValuesFileList --force --compile-time-extraction --deployment-aware-processing --no-app-shortcuts-localization
2026-09-21 10:05:05.188 appintentsmetadataprocessor[62018:2175257] Starting appintentsmetadataprocessor export
2026-09-21 10:05:05.239 appintentsmetadataprocessor[62018:2175257] Extracted no relevant App Intents symbols, skipping writing output

ExtractAppIntentsMetadata (in target 'ResearchVaultAgent' from project 'Throttle')
    cd /Users/kevinnadjarian/GitHub/Throttle/build/convergence-recovery-20260920
    /Applications/Xcode.app/Contents/Developer/Toolchains/XcodeDefault.xctoolchain/usr/bin/appintentsmetadataprocessor --toolchain-dir /var/run/com.apple.security.cryptexd/mnt/com.apple.MobileAsset.MetalToolchain-v27.1.266.1.s263Mc/Metal.xctoolchain --module-name ResearchVaultAgent --sdk-root /Applications/Xcode.app/Contents/Developer/Platforms/MacOSX.platform/Developer/SDKs/MacOSX27.0.sdk --xcode-version 27A266a --platform-family macOS --deployment-target 14.0 --bundle-identifier com.lorislab.throttle.research-vault-agent --output /Volumes/DeveloperStorage/BuildScratch/throttle-convergence-20260920/DerivedData/Build/Products/Debug/ResearchVaultAgent.app/Contents/Resources --target-triple arm64-apple-macos14.0 --binary-file /Volumes/DeveloperStorage/BuildScratch/throttle-convergence-20260920/DerivedData/Build/Products/Debug/ResearchVaultAgent.app/Contents/MacOS/ResearchVaultAgent --dependency-file /Volumes/DeveloperStorage/BuildScratch/throttle-convergence-20260920/DerivedData/Build/Intermediates.noindex/Throttle.build/Debug/ResearchVaultAgent.build/Objects-normal/arm64/ResearchVaultAgent_dependency_info.dat --stringsdata-file /Volumes/DeveloperStorage/BuildScratch/throttle-convergence-20260920/DerivedData/Build/Intermediates.noindex/Throttle.build/Debug/ResearchVaultAgent.build/Objects-normal/arm64/ExtractedAppShortcutsMetadata.stringsdata --source-file-list /Volumes/DeveloperStorage/BuildScratch/throttle-convergence-20260920/DerivedData/Build/Intermediates.noindex/Throttle.build/Debug/ResearchVaultAgent.build/Objects-normal/arm64/ResearchVaultAgent.SwiftFileList --metadata-file-list /Volumes/DeveloperStorage/BuildScratch/throttle-convergence-20260920/DerivedData/Build/Intermediates.noindex/Throttle.build/Debug/ResearchVaultAgent.build/ResearchVaultAgent.DependencyMetadataFileList --static-metadata-file-list /Volumes/DeveloperStorage/BuildScratch/throttle-convergence-20260920/DerivedData/Build/Intermediates.noindex/Throttle.build/Debug/ResearchVaultAgent.build/ResearchVaultAgent.DependencyStaticMetadataFileList --swift-const-vals-list /Volumes/DeveloperStorage/BuildScratch/throttle-convergence-20260920/DerivedData/Build/Intermediates.noindex/Throttle.build/Debug/ResearchVaultAgent.build/Objects-normal/arm64/ResearchVaultAgent.SwiftConstValuesFileList --compile-time-extraction --deployment-aware-processing --no-app-shortcuts-localization
2026-09-21 10:05:05.253 appintentsmetadataprocessor[62019:2175260] Starting appintentsmetadataprocessor export
2026-09-21 10:05:05.253 appintentsmetadataprocessor[62019:2175260] warning: Metadata extraction skipped, no AppIntents.framework dependency found

ProcessInfoPlistFile /Volumes/DeveloperStorage/BuildScratch/throttle-convergence-20260920/DerivedData/Build/Products/Debug/ResearchVaultAgent.app/Contents/Info.plist /Users/kevinnadjarian/GitHub/Throttle/build/convergence-recovery-20260920/ResearchVaultAgent/Info.plist (in target 'ResearchVaultAgent' from project 'Throttle')
    cd /Users/kevinnadjarian/GitHub/Throttle/build/convergence-recovery-20260920
    builtin-infoPlistUtility /Users/kevinnadjarian/GitHub/Throttle/build/convergence-recovery-20260920/ResearchVaultAgent/Info.plist -producttype com.apple.product-type.application -genpkginfo /Volumes/DeveloperStorage/BuildScratch/throttle-convergence-20260920/DerivedData/Build/Products/Debug/ResearchVaultAgent.app/Contents/PkgInfo -expandbuildsettings -platform macosx -scanforprivacyfile /Volumes/DeveloperStorage/BuildScratch/throttle-convergence-20260920/DerivedData/Build/Products/Debug/ResearchVaultAgent.app/Contents/Frameworks/SQLCipher.framework -o /Volumes/DeveloperStorage/BuildScratch/throttle-convergence-20260920/DerivedData/Build/Products/Debug/ResearchVaultAgent.app/Contents/Info.plist

Ld /Volumes/DeveloperStorage/BuildScratch/throttle-convergence-20260920/DerivedData/Build/Products/Debug/HuggingFace.o normal (in target 'HuggingFace' from project 'swift-huggingface')
    cd /Volumes/DeveloperStorage/BuildScratch/throttle-convergence-20260920/SourcePackages/checkouts/swift-huggingface
    /Applications/Xcode.app/Contents/Developer/Toolchains/XcodeDefault.xctoolchain/usr/bin/clang -Xlinker -reproducible -target arm64-apple-macos13.0 -r -isysroot /Applications/Xcode.app/Contents/Developer/Platforms/MacOSX.platform/Developer/SDKs/MacOSX27.0.sdk -O0 -w -Xlinker -no_warn_duplicate_libraries -F/Volumes/DeveloperStorage/BuildScratch/throttle-convergence-20260920/DerivedData/Build/Intermediates.noindex/EagerLinkingTBDs/Debug -F/Volumes/DeveloperStorage/BuildScratch/throttle-convergence-20260920/DerivedData/Build/Products/Debug/PackageFrameworks -F/Volumes/DeveloperStorage/BuildScratch/throttle-convergence-20260920/DerivedData/Build/Products/Debug -iframework /Applications/Xcode.app/Contents/Developer/Platforms/MacOSX.platform/Developer/Library/Frameworks -filelist /Volumes/DeveloperStorage/BuildScratch/throttle-convergence-20260920/DerivedData/Build/Intermediates.noindex/swift-huggingface.build/Debug/HuggingFace-t.build/Objects-normal/arm64/HuggingFace.LinkFileList -nostdlib -Xlinker -object_path_lto -Xlinker /Volumes/DeveloperStorage/BuildScratch/throttle-convergence-20260920/DerivedData/Build/Intermediates.noindex/swift-huggingface.build/Debug/HuggingFace-t.build/Objects-normal/arm64/HuggingFace_lto.o -Xlinker -no_deduplicate -Xlinker -debug_variant -Xlinker -dependency_info -Xlinker /Volumes/DeveloperStorage/BuildScratch/throttle-convergence-20260920/DerivedData/Build/Intermediates.noindex/swift-huggingface.build/Debug/HuggingFace-t.build/Objects-normal/arm64/HuggingFace_dependency_info.dat -fobjc-link-runtime -L/Applications/Xcode.app/Contents/Developer/Toolchains/XcodeDefault.xctoolchain/usr/lib/swift/macosx -L/usr/lib/swift -Xlinker -add_ast_path -Xlinker /Volumes/DeveloperStorage/BuildScratch/throttle-convergence-20260920/DerivedData/Build/Intermediates.noindex/swift-huggingface.build/Debug/HuggingFace-t.build/Objects-normal/arm64/HuggingFace.swiftmodule -o /Volumes/DeveloperStorage/BuildScratch/throttle-convergence-20260920/DerivedData/Build/Products/Debug/HuggingFace.o

SwiftEmitModule normal arm64 Emitting\ module\ for\ MLXHuggingFace (in target 'MLXHuggingFace' from project 'mlx-swift-lm')

SwiftCompile normal arm64 (in target 'MLXHuggingFace' from project 'mlx-swift-lm')
    cd /Users/kevinnadjarian/GitHub/Throttle/build/convergence-recovery-20260920/Throttle.xcodeproj
    

SwiftCompile normal arm64 Compiling\ Macros.swift /Volumes/DeveloperStorage/BuildScratch/throttle-convergence-20260920/SourcePackages/checkouts/mlx-swift-lm/Libraries/MLXHuggingFace/Macros.swift (in target 'MLXHuggingFace' from project 'mlx-swift-lm')

SwiftCompile normal arm64 /Volumes/DeveloperStorage/BuildScratch/throttle-convergence-20260920/SourcePackages/checkouts/mlx-swift-lm/Libraries/MLXHuggingFace/Macros.swift (in target 'MLXHuggingFace' from project 'mlx-swift-lm')
    cd /Users/kevinnadjarian/GitHub/Throttle/build/convergence-recovery-20260920/Throttle.xcodeproj
    builtin-SwiftPerFileCompile Macros.swift

SwiftDriverJobDiscovery normal arm64 Emitting module for MLXHuggingFace (in target 'MLXHuggingFace' from project 'mlx-swift-lm')

SwiftDriver\ Compilation\ Requirements MLXHuggingFace normal arm64 com.apple.xcode.tools.swift.compiler (in target 'MLXHuggingFace' from project 'mlx-swift-lm')
    cd /Users/kevinnadjarian/GitHub/Throttle/build/convergence-recovery-20260920/Throttle.xcodeproj
    builtin-Swift-Compilation-Requirements -- /Applications/Xcode.app/Contents/Developer/Toolchains/XcodeDefault.xctoolchain/usr/bin/swiftc -parse-as-library -module-name MLXHuggingFace -Onone @/Volumes/DeveloperStorage/BuildScratch/throttle-convergence-20260920/DerivedData/Build/Intermediates.noindex/mlx-swift-lm.build/Debug/MLXHuggingFace-t.build/Objects-normal/arm64/MLXHuggingFace.SwiftFileList -DSWIFT_PACKAGE -DDEBUG -DSWIFT_MODULE_RESOURCE_BUNDLE_UNAVAILABLE -Xcc -fmodule-map-file\=/Volumes/DeveloperStorage/BuildScratch/throttle-convergence-20260920/SourcePackages/checkouts/swift-numerics/Sources/_NumericsShims/include/module.modulemap -Xcc -fmodule-map-file\=/Volumes/DeveloperStorage/BuildScratch/throttle-convergence-20260920/SourcePackages/checkouts/mlx-swift/Source/Cmlx/include/module.modulemap -DXcode -plugin-path /Applications/Xcode.app/Contents/Developer/Toolchains/XcodeDefault.xctoolchain/usr/lib/swift/host/plugins/testing -enable-experimental-feature DebugDescriptionMacro -sdk /Applications/Xcode.app/Contents/Developer/Platforms/MacOSX.platform/Developer/SDKs/MacOSX27.0.sdk -target arm64-apple-macos14.0 -g -module-cache-path /Volumes/DeveloperStorage/BuildScratch/throttle-convergence-20260920/DerivedData/ModuleCache.noindex -Xfrontend -serialize-debugging-options -profile-coverage-mapping -profile-generate -enable-testing -suppress-warnings -index-store-path /Volumes/DeveloperStorage/BuildScratch/throttle-convergence-20260920/DerivedData/Index.noindex/DataStore -Xcc -D_LIBCPP_HARDENING_MODE\=_LIBCPP_HARDENING_MODE_DEBUG -swift-version 6 -I /Volumes/DeveloperStorage/BuildScratch/throttle-convergence-20260920/DerivedData/Build/Products/Debug -Isystem /Applications/Xcode.app/Contents/Developer/Platforms/MacOSX.platform/Developer/usr/lib -F /Volumes/DeveloperStorage/BuildScratch/throttle-convergence-20260920/DerivedData/Build/Products/Debug/PackageFrameworks -F /Volumes/DeveloperStorage/BuildScratch/throttle-convergence-20260920/DerivedData/Build/Products/Debug -F /Applications/Xcode.app/Contents/Developer/Platforms/MacOSX.platform/Developer/Library/Frameworks -Xfrontend -load-plugin-executable -Xfrontend /Volumes/DeveloperStorage/BuildScratch/throttle-convergence-20260920/DerivedData/Build/Products/Debug/MLXHuggingFaceMacros\#MLXHuggingFaceMacros -c -j10 -enable-batch-mode -incremental -Xcc -ivfsstatcache -Xcc /Volumes/DeveloperStorage/BuildScratch/throttle-convergence-20260920/DerivedData/SDKStatCaches.noindex/macosx27.0-26A425-e829b21a6f8c9b70876ba0858053c0447231f6df4def33e022ae2eb8f782df1a.sdkstatcache -output-file-map /Volumes/DeveloperStorage/BuildScratch/throttle-convergence-20260920/DerivedData/Build/Intermediates.noindex/mlx-swift-lm.build/Debug/MLXHuggingFace-t.build/Objects-normal/arm64/MLXHuggingFace-OutputFileMap.json -save-temps -no-color-diagnostics -explicit-module-build -module-cache-path /Volumes/DeveloperStorage/BuildScratch/throttle-convergence-20260920/DerivedData/Build/Intermediates.noindex/SwiftExplicitPrecompiledModules -clang-scanner-module-cache-path /Volumes/DeveloperStorage/BuildScratch/throttle-convergence-20260920/DerivedData/ModuleCache.noindex -sdk-module-cache-path /Volumes/DeveloperStorage/BuildScratch/throttle-convergence-20260920/DerivedData/SDKExplicitPrecompiledModules -emit-dependencies -emit-module -emit-module-path /Volumes/DeveloperStorage/BuildScratch/throttle-convergence-20260920/DerivedData/Build/Intermediates.noindex/mlx-swift-lm.build/Debug/MLXHuggingFace-t.build/Objects-normal/arm64/MLXHuggingFace.swiftmodule -serialize-diagnostics -dependency-scan-serialize-diagnostics-path /Volumes/DeveloperStorage/BuildScratch/throttle-convergence-20260920/DerivedData/Build/Intermediates.noindex/mlx-swift-lm.build/Debug/MLXHuggingFace-t.build/Objects-normal/arm64/MLXHuggingFace-dependency-scan.dia -user-module-version 3.31.3 -validate-clang-modules-once -clang-build-session-file /Volumes/DeveloperStorage/BuildScratch/throttle-convergence-20260920/DerivedData/ModuleCache.noindex/Session.modulevalidation -Xcc -fmodules-prune-interval\=86400 -Xcc -fmodules-prune-after\=345600 -package-name mlx_swift_lm -emit-const-values -const-gather-protocols-list /Volumes/DeveloperStorage/BuildScratch/throttle-convergence-20260920/DerivedData/Build/Intermediates.noindex/mlx-swift-lm.build/Debug/MLXHuggingFace-t.build/Objects-normal/arm64/MLXHuggingFace_const_extract_protocols.json -Xcc -I/Volumes/DeveloperStorage/BuildScratch/throttle-convergence-20260920/SourcePackages/checkouts/swift-numerics/Sources/_NumericsShims/include -Xcc -I/Volumes/DeveloperStorage/BuildScratch/throttle-convergence-20260920/SourcePackages/checkouts/mlx-swift/Source/Cmlx/include -Xcc -I/Volumes/DeveloperStorage/BuildScratch/throttle-convergence-20260920/DerivedData/Build/Products/Debug/include -Xcc -I/Volumes/DeveloperStorage/BuildScratch/throttle-convergence-20260920/DerivedData/Build/Intermediates.noindex/mlx-swift-lm.build/Debug/MLXHuggingFace-t.build/DerivedSources-normal/arm64 -Xcc -I/Volumes/DeveloperStorage/BuildScratch/throttle-convergence-20260920/DerivedData/Build/Intermediates.noindex/mlx-swift-lm.build/Debug/MLXHuggingFace-t.build/DerivedSources/arm64 -Xcc -I/Volumes/DeveloperStorage/BuildScratch/throttle-convergence-20260920/DerivedData/Build/Intermediates.noindex/mlx-swift-lm.build/Debug/MLXHuggingFace-t.build/DerivedSources -Xcc -DSWIFT_PACKAGE -Xcc -DDEBUG\=1 -emit-objc-header -emit-objc-header-path /Volumes/DeveloperStorage/BuildScratch/throttle-convergence-20260920/DerivedData/Build/Intermediates.noindex/mlx-swift-lm.build/Debug/MLXHuggingFace-t.build/Objects-normal/arm64/MLXHuggingFace-Swift.h -working-directory /Users/kevinnadjarian/GitHub/Throttle/build/convergence-recovery-20260920/Throttle.xcodeproj -experimental-emit-module-separately -disable-cmo

ExtractAppIntentsMetadata (in target 'HuggingFace' from project 'swift-huggingface')
    cd /Volumes/DeveloperStorage/BuildScratch/throttle-convergence-20260920/SourcePackages/checkouts/swift-huggingface
    /Applications/Xcode.app/Contents/Developer/Toolchains/XcodeDefault.xctoolchain/usr/bin/appintentsmetadataprocessor --toolchain-dir /var/run/com.apple.security.cryptexd/mnt/com.apple.MobileAsset.MetalToolchain-v27.1.266.1.s263Mc/Metal.xctoolchain --module-name HuggingFace --sdk-root /Applications/Xcode.app/Contents/Developer/Platforms/MacOSX.platform/Developer/SDKs/MacOSX27.0.sdk --xcode-version 27A266a --platform-family macOS --deployment-target 13.0 --bundle-identifier swift-huggingface.HuggingFace --output /Volumes/DeveloperStorage/BuildScratch/throttle-convergence-20260920/DerivedData/Build/Products/Debug/HuggingFace.appintents --target-triple arm64-apple-macos13.0 --binary-file /Volumes/DeveloperStorage/BuildScratch/throttle-convergence-20260920/DerivedData/Build/Products/Debug/HuggingFace.o --dependency-file /Volumes/DeveloperStorage/BuildScratch/throttle-convergence-20260920/DerivedData/Build/Intermediates.noindex/swift-huggingface.build/Debug/HuggingFace-t.build/Objects-normal/arm64/HuggingFace_dependency_info.dat --stringsdata-file /Volumes/DeveloperStorage/BuildScratch/throttle-convergence-20260920/DerivedData/Build/Intermediates.noindex/swift-huggingface.build/Debug/HuggingFace-t.build/Objects-normal/arm64/ExtractedAppShortcutsMetadata.stringsdata --source-file-list /Volumes/DeveloperStorage/BuildScratch/throttle-convergence-20260920/DerivedData/Build/Intermediates.noindex/swift-huggingface.build/Debug/HuggingFace-t.build/Objects-normal/arm64/HuggingFace.SwiftFileList --metadata-file-list /Volumes/DeveloperStorage/BuildScratch/throttle-convergence-20260920/DerivedData/Build/Intermediates.noindex/swift-huggingface.build/Debug/HuggingFace-t.build/HuggingFace.DependencyMetadataFileList --static-metadata-file-list /Volumes/DeveloperStorage/BuildScratch/throttle-convergence-20260920/DerivedData/Build/Intermediates.noindex/swift-huggingface.build/Debug/HuggingFace-t.build/HuggingFace.DependencyStaticMetadataFileList --swift-const-vals-list /Volumes/DeveloperStorage/BuildScratch/throttle-convergence-20260920/DerivedData/Build/Intermediates.noindex/swift-huggingface.build/Debug/HuggingFace-t.build/Objects-normal/arm64/HuggingFace.SwiftConstValuesFileList --force --compile-time-extraction --deployment-aware-processing --no-app-shortcuts-localization
2026-09-21 10:05:06.249 appintentsmetadataprocessor[62031:2175320] Starting appintentsmetadataprocessor export
2026-09-21 10:05:06.294 appintentsmetadataprocessor[62031:2175320] Extracted no relevant App Intents symbols, skipping writing output

Copy /Volumes/DeveloperStorage/BuildScratch/throttle-convergence-20260920/DerivedData/Build/Products/Debug/MLXHuggingFace.swiftmodule/arm64-apple-macos.abi.json /Volumes/DeveloperStorage/BuildScratch/throttle-convergence-20260920/DerivedData/Build/Intermediates.noindex/mlx-swift-lm.build/Debug/MLXHuggingFace-t.build/Objects-normal/arm64/MLXHuggingFace.abi.json (in target 'MLXHuggingFace' from project 'mlx-swift-lm')
    cd /Volumes/DeveloperStorage/BuildScratch/throttle-convergence-20260920/SourcePackages/checkouts/mlx-swift-lm
    builtin-copy -exclude .DS_Store -exclude CVS -exclude .svn -exclude .git -exclude .hg -resolve-src-symlinks -rename /Volumes/DeveloperStorage/BuildScratch/throttle-convergence-20260920/DerivedData/Build/Intermediates.noindex/mlx-swift-lm.build/Debug/MLXHuggingFace-t.build/Objects-normal/arm64/MLXHuggingFace.abi.json /Volumes/DeveloperStorage/BuildScratch/throttle-convergence-20260920/DerivedData/Build/Products/Debug/MLXHuggingFace.swiftmodule/arm64-apple-macos.abi.json

SwiftDriverJobDiscovery normal arm64 Compiling Macros.swift (in target 'MLXHuggingFace' from project 'mlx-swift-lm')

SwiftDriver\ Compilation MLXHuggingFace normal arm64 com.apple.xcode.tools.swift.compiler (in target 'MLXHuggingFace' from project 'mlx-swift-lm')
    cd /Users/kevinnadjarian/GitHub/Throttle/build/convergence-recovery-20260920/Throttle.xcodeproj
    builtin-Swift-Compilation -- /Applications/Xcode.app/Contents/Developer/Toolchains/XcodeDefault.xctoolchain/usr/bin/swiftc -parse-as-library -module-name MLXHuggingFace -Onone @/Volumes/DeveloperStorage/BuildScratch/throttle-convergence-20260920/DerivedData/Build/Intermediates.noindex/mlx-swift-lm.build/Debug/MLXHuggingFace-t.build/Objects-normal/arm64/MLXHuggingFace.SwiftFileList -DSWIFT_PACKAGE -DDEBUG -DSWIFT_MODULE_RESOURCE_BUNDLE_UNAVAILABLE -Xcc -fmodule-map-file\=/Volumes/DeveloperStorage/BuildScratch/throttle-convergence-20260920/SourcePackages/checkouts/swift-numerics/Sources/_NumericsShims/include/module.modulemap -Xcc -fmodule-map-file\=/Volumes/DeveloperStorage/BuildScratch/throttle-convergence-20260920/SourcePackages/checkouts/mlx-swift/Source/Cmlx/include/module.modulemap -DXcode -plugin-path /Applications/Xcode.app/Contents/Developer/Toolchains/XcodeDefault.xctoolchain/usr/lib/swift/host/plugins/testing -enable-experimental-feature DebugDescriptionMacro -sdk /Applications/Xcode.app/Contents/Developer/Platforms/MacOSX.platform/Developer/SDKs/MacOSX27.0.sdk -target arm64-apple-macos14.0 -g -module-cache-path /Volumes/DeveloperStorage/BuildScratch/throttle-convergence-20260920/DerivedData/ModuleCache.noindex -Xfrontend -serialize-debugging-options -profile-coverage-mapping -profile-generate -enable-testing -suppress-warnings -index-store-path /Volumes/DeveloperStorage/BuildScratch/throttle-convergence-20260920/DerivedData/Index.noindex/DataStore -Xcc -D_LIBCPP_HARDENING_MODE\=_LIBCPP_HARDENING_MODE_DEBUG -swift-version 6 -I /Volumes/DeveloperStorage/BuildScratch/throttle-convergence-20260920/DerivedData/Build/Products/Debug -Isystem /Applications/Xcode.app/Contents/Developer/Platforms/MacOSX.platform/Developer/usr/lib -F /Volumes/DeveloperStorage/BuildScratch/throttle-convergence-20260920/DerivedData/Build/Products/Debug/PackageFrameworks -F /Volumes/DeveloperStorage/BuildScratch/throttle-convergence-20260920/DerivedData/Build/Products/Debug -F /Applications/Xcode.app/Contents/Developer/Platforms/MacOSX.platform/Developer/Library/Frameworks -Xfrontend -load-plugin-executable -Xfrontend /Volumes/DeveloperStorage/BuildScratch/throttle-convergence-20260920/DerivedData/Build/Products/Debug/MLXHuggingFaceMacros\#MLXHuggingFaceMacros -c -j10 -enable-batch-mode -incremental -Xcc -ivfsstatcache -Xcc /Volumes/DeveloperStorage/BuildScratch/throttle-convergence-20260920/DerivedData/SDKStatCaches.noindex/macosx27.0-26A425-e829b21a6f8c9b70876ba0858053c0447231f6df4def33e022ae2eb8f782df1a.sdkstatcache -output-file-map /Volumes/DeveloperStorage/BuildScratch/throttle-convergence-20260920/DerivedData/Build/Intermediates.noindex/mlx-swift-lm.build/Debug/MLXHuggingFace-t.build/Objects-normal/arm64/MLXHuggingFace-OutputFileMap.json -save-temps -no-color-diagnostics -explicit-module-build -module-cache-path /Volumes/DeveloperStorage/BuildScratch/throttle-convergence-20260920/DerivedData/Build/Intermediates.noindex/SwiftExplicitPrecompiledModules -clang-scanner-module-cache-path /Volumes/DeveloperStorage/BuildScratch/throttle-convergence-20260920/DerivedData/ModuleCache.noindex -sdk-module-cache-path /Volumes/DeveloperStorage/BuildScratch/throttle-convergence-20260920/DerivedData/SDKExplicitPrecompiledModules -emit-dependencies -emit-module -emit-module-path /Volumes/DeveloperStorage/BuildScratch/throttle-convergence-20260920/DerivedData/Build/Intermediates.noindex/mlx-swift-lm.build/Debug/MLXHuggingFace-t.build/Objects-normal/arm64/MLXHuggingFace.swiftmodule -serialize-diagnostics -dependency-scan-serialize-diagnostics-path /Volumes/DeveloperStorage/BuildScratch/throttle-convergence-20260920/DerivedData/Build/Intermediates.noindex/mlx-swift-lm.build/Debug/MLXHuggingFace-t.build/Objects-normal/arm64/MLXHuggingFace-dependency-scan.dia -user-module-version 3.31.3 -validate-clang-modules-once -clang-build-session-file /Volumes/DeveloperStorage/BuildScratch/throttle-convergence-20260920/DerivedData/ModuleCache.noindex/Session.modulevalidation -Xcc -fmodules-prune-interval\=86400 -Xcc -fmodules-prune-after\=345600 -package-name mlx_swift_lm -emit-const-values -const-gather-protocols-list /Volumes/DeveloperStorage/BuildScratch/throttle-convergence-20260920/DerivedData/Build/Intermediates.noindex/mlx-swift-lm.build/Debug/MLXHuggingFace-t.build/Objects-normal/arm64/MLXHuggingFace_const_extract_protocols.json -Xcc -I/Volumes/DeveloperStorage/BuildScratch/throttle-convergence-20260920/SourcePackages/checkouts/swift-numerics/Sources/_NumericsShims/include -Xcc -I/Volumes/DeveloperStorage/BuildScratch/throttle-convergence-20260920/SourcePackages/checkouts/mlx-swift/Source/Cmlx/include -Xcc -I/Volumes/DeveloperStorage/BuildScratch/throttle-convergence-20260920/DerivedData/Build/Products/Debug/include -Xcc -I/Volumes/DeveloperStorage/BuildScratch/throttle-convergence-20260920/DerivedData/Build/Intermediates.noindex/mlx-swift-lm.build/Debug/MLXHuggingFace-t.build/DerivedSources-normal/arm64 -Xcc -I/Volumes/DeveloperStorage/BuildScratch/throttle-convergence-20260920/DerivedData/Build/Intermediates.noindex/mlx-swift-lm.build/Debug/MLXHuggingFace-t.build/DerivedSources/arm64 -Xcc -I/Volumes/DeveloperStorage/BuildScratch/throttle-convergence-20260920/DerivedData/Build/Intermediates.noindex/mlx-swift-lm.build/Debug/MLXHuggingFace-t.build/DerivedSources -Xcc -DSWIFT_PACKAGE -Xcc -DDEBUG\=1 -emit-objc-header -emit-objc-header-path /Volumes/DeveloperStorage/BuildScratch/throttle-convergence-20260920/DerivedData/Build/Intermediates.noindex/mlx-swift-lm.build/Debug/MLXHuggingFace-t.build/Objects-normal/arm64/MLXHuggingFace-Swift.h -working-directory /Users/kevinnadjarian/GitHub/Throttle/build/convergence-recovery-20260920/Throttle.xcodeproj -experimental-emit-module-separately -disable-cmo

ExtractAppIntentsMetadata (in target 'GRDB' from project 'GRDB')
    cd /Volumes/DeveloperStorage/BuildScratch/throttle-convergence-20260920/SourcePackages/checkouts/GRDB.swift
    /Applications/Xcode.app/Contents/Developer/Toolchains/XcodeDefault.xctoolchain/usr/bin/appintentsmetadataprocessor --toolchain-dir /var/run/com.apple.security.cryptexd/mnt/com.apple.MobileAsset.MetalToolchain-v27.1.266.1.s263Mc/Metal.xctoolchain --module-name GRDB --sdk-root /Applications/Xcode.app/Contents/Developer/Platforms/MacOSX.platform/Developer/SDKs/MacOSX27.0.sdk --xcode-version 27A266a --platform-family macOS --deployment-target 12.0 --bundle-identifier grdb.swift.GRDB --output /Volumes/DeveloperStorage/BuildScratch/throttle-convergence-20260920/DerivedData/Build/Products/Debug/GRDB.appintents --target-triple arm64-apple-macos12.0 --binary-file /Volumes/DeveloperStorage/BuildScratch/throttle-convergence-20260920/DerivedData/Build/Products/Debug/GRDB.o --dependency-file /Volumes/DeveloperStorage/BuildScratch/throttle-convergence-20260920/DerivedData/Build/Intermediates.noindex/GRDB.build/Debug/GRDB-t.build/Objects-normal/arm64/GRDB_dependency_info.dat --stringsdata-file /Volumes/DeveloperStorage/BuildScratch/throttle-convergence-20260920/DerivedData/Build/Intermediates.noindex/GRDB.build/Debug/GRDB-t.build/Objects-normal/arm64/ExtractedAppShortcutsMetadata.stringsdata --source-file-list /Volumes/DeveloperStorage/BuildScratch/throttle-convergence-20260920/DerivedData/Build/Intermediates.noindex/GRDB.build/Debug/GRDB-t.build/Objects-normal/arm64/GRDB.SwiftFileList --metadata-file-list /Volumes/DeveloperStorage/BuildScratch/throttle-convergence-20260920/DerivedData/Build/Intermediates.noindex/GRDB.build/Debug/GRDB-t.build/GRDB.DependencyMetadataFileList --static-metadata-file-list /Volumes/DeveloperStorage/BuildScratch/throttle-convergence-20260920/DerivedData/Build/Intermediates.noindex/GRDB.build/Debug/GRDB-t.build/GRDB.DependencyStaticMetadataFileList --swift-const-vals-list /Volumes/DeveloperStorage/BuildScratch/throttle-convergence-20260920/DerivedData/Build/Intermediates.noindex/GRDB.build/Debug/GRDB-t.build/Objects-normal/arm64/GRDB.SwiftConstValuesFileList --force --compile-time-extraction --deployment-aware-processing --no-app-shortcuts-localization
2026-09-21 10:05:06.289 appintentsmetadataprocessor[62032:2175324] Starting appintentsmetadataprocessor export
2026-09-21 10:05:06.345 appintentsmetadataprocessor[62032:2175324] Extracted no relevant App Intents symbols, skipping writing output

SwiftDriver Throttle normal arm64 com.apple.xcode.tools.swift.compiler (in target 'Throttle' from project 'Throttle')
    cd /Users/kevinnadjarian/GitHub/Throttle/build/convergence-recovery-20260920
    builtin-SwiftDriver -- /Applications/Xcode.app/Contents/Developer/Toolchains/XcodeDefault.xctoolchain/usr/bin/swiftc -module-name Throttle -Onone @/Volumes/DeveloperStorage/BuildScratch/throttle-convergence-20260920/DerivedData/Build/Intermediates.noindex/Throttle.build/Debug/Throttle.build/Objects-normal/arm64/Throttle.SwiftFileList -DDEBUG -Xcc -fmodule-map-file\=/Volumes/DeveloperStorage/BuildScratch/throttle-convergence-20260920/SourcePackages/checkouts/GRDB.swift/Sources/CSQLite/module.modulemap -Xcc -fmodule-map-file\=/Volumes/DeveloperStorage/BuildScratch/throttle-convergence-20260920/SourcePackages/checkouts/swift-numerics/Sources/_NumericsShims/include/module.modulemap -Xcc -fmodule-map-file\=/Volumes/DeveloperStorage/BuildScratch/throttle-convergence-20260920/SourcePackages/checkouts/mlx-swift/Source/Cmlx/include/module.modulemap -Xcc -fmodule-map-file\=/Volumes/DeveloperStorage/BuildScratch/throttle-convergence-20260920/SourcePackages/checkouts/swift-atomics/Sources/_AtomicsShims/include/module.modulemap -Xcc -fmodule-map-file\=/Volumes/DeveloperStorage/BuildScratch/throttle-convergence-20260920/DerivedData/Build/Intermediates.noindex/GeneratedModuleMaps/CNIOWASI.modulemap -Xcc -fmodule-map-file\=/Volumes/DeveloperStorage/BuildScratch/throttle-convergence-20260920/SourcePackages/checkouts/swift-nio/Sources/CNIOWindows/include/module.modulemap -Xcc -fmodule-map-file\=/Volumes/DeveloperStorage/BuildScratch/throttle-convergence-20260920/DerivedData/Build/Intermediates.noindex/GeneratedModuleMaps/CNIOLinux.modulemap -Xcc -fmodule-map-file\=/Volumes/DeveloperStorage/BuildScratch/throttle-convergence-20260920/DerivedData/Build/Intermediates.noindex/GeneratedModuleMaps/CNIODarwin.modulemap -Xcc -fmodule-map-file\=/Volumes/DeveloperStorage/BuildScratch/throttle-convergence-20260920/DerivedData/Build/Intermediates.noindex/GeneratedModuleMaps/CNIOFreeBSD.modulemap -Xcc -fmodule-map-file\=/Volumes/DeveloperStorage/BuildScratch/throttle-convergence-20260920/DerivedData/Build/Intermediates.noindex/GeneratedModuleMaps/CNIOOpenBSD.modulemap -Xcc -fmodule-map-file\=/Volumes/DeveloperStorage/BuildScratch/throttle-convergence-20260920/DerivedData/Build/Intermediates.noindex/GeneratedModuleMaps/CNIOAtomics.modulemap -Xcc -fmodule-map-file\=/Volumes/DeveloperStorage/BuildScratch/throttle-convergence-20260920/DerivedData/Build/Intermediates.noindex/GeneratedModuleMaps/yyjson.modulemap -enable-experimental-feature DebugDescriptionMacro -sdk /Applications/Xcode.app/Contents/Developer/Platforms/MacOSX.platform/Developer/SDKs/MacOSX27.0.sdk -target arm64-apple-macos14.0 -g -module-cache-path /Volumes/DeveloperStorage/BuildScratch/throttle-convergence-20260920/DerivedData/ModuleCache.noindex -Xfrontend -serialize-debugging-options -profile-coverage-mapping -profile-generate -enable-testing -warnings-as-errors -index-store-path /Volumes/DeveloperStorage/BuildScratch/throttle-convergence-20260920/DerivedData/Index.noindex/DataStore -Xcc -D_LIBCPP_HARDENING_MODE\=_LIBCPP_HARDENING_MODE_DEBUG -swift-version 6 -I /Volumes/DeveloperStorage/BuildScratch/throttle-convergence-20260920/DerivedData/Build/Products/Debug -F /Volumes/DeveloperStorage/BuildScratch/throttle-convergence-20260920/DerivedData/Build/Products/Debug/PackageFrameworks -F /Volumes/DeveloperStorage/BuildScratch/throttle-convergence-20260920/DerivedData/Build/Products/Debug -Xfrontend -load-plugin-executable -Xfrontend /Volumes/DeveloperStorage/BuildScratch/throttle-convergence-20260920/DerivedData/Build/Products/Debug/MLXHuggingFaceMacros\#MLXHuggingFaceMacros -c -j10 -enable-batch-mode -incremental -Xcc -ivfsstatcache -Xcc /Volumes/DeveloperStorage/BuildScratch/throttle-convergence-20260920/DerivedData/SDKStatCaches.noindex/macosx27.0-26A425-e829b21a6f8c9b70876ba0858053c0447231f6df4def33e022ae2eb8f782df1a.sdkstatcache -output-file-map /Volumes/DeveloperStorage/BuildScratch/throttle-convergence-20260920/DerivedData/Build/Intermediates.noindex/Throttle.build/Debug/Throttle.build/Objects-normal/arm64/Throttle-OutputFileMap.json -save-temps -no-color-diagnostics -explicit-module-build -module-cache-path /Volumes/DeveloperStorage/BuildScratch/throttle-convergence-20260920/DerivedData/Build/Intermediates.noindex/SwiftExplicitPrecompiledModules -clang-scanner-module-cache-path /Volumes/DeveloperStorage/BuildScratch/throttle-convergence-20260920/DerivedData/ModuleCache.noindex -sdk-module-cache-path /Volumes/DeveloperStorage/BuildScratch/throttle-convergence-20260920/DerivedData/SDKExplicitPrecompiledModules -emit-dependencies -emit-module -emit-module-path /Volumes/DeveloperStorage/BuildScratch/throttle-convergence-20260920/DerivedData/Build/Intermediates.noindex/Throttle.build/Debug/Throttle.build/Objects-normal/arm64/Throttle.swiftmodule -serialize-diagnostics -dependency-scan-serialize-diagnostics-path /Volumes/DeveloperStorage/BuildScratch/throttle-convergence-20260920/DerivedData/Build/Intermediates.noindex/Throttle.build/Debug/Throttle.build/Objects-normal/arm64/Throttle-dependency-scan.dia -validate-clang-modules-once -clang-build-session-file /Volumes/DeveloperStorage/BuildScratch/throttle-convergence-20260920/DerivedData/ModuleCache.noindex/Session.modulevalidation -Xcc -fmodules-prune-interval\=86400 -Xcc -fmodules-prune-after\=345600 -emit-const-values -const-gather-protocols-list /Volumes/DeveloperStorage/BuildScratch/throttle-convergence-20260920/DerivedData/Build/Intermediates.noindex/Throttle.build/Debug/Throttle.build/Objects-normal/arm64/Throttle_const_extract_protocols.json -Xcc -iquote -Xcc /Volumes/DeveloperStorage/BuildScratch/throttle-convergence-20260920/DerivedData/Build/Intermediates.noindex/Throttle.build/Debug/Throttle.build/Throttle-generated-files.hmap -Xcc -I/Volumes/DeveloperStorage/BuildScratch/throttle-convergence-20260920/DerivedData/Build/Intermediates.noindex/Throttle.build/Debug/Throttle.build/Throttle-own-target-headers.hmap -Xcc -I/Volumes/DeveloperStorage/BuildScratch/throttle-convergence-20260920/DerivedData/Build/Intermediates.noindex/Throttle.build/Debug/Throttle.build/Throttle-all-non-framework-target-headers.hmap -Xcc -ivfsoverlay -Xcc /Volumes/DeveloperStorage/BuildScratch/throttle-convergence-20260920/DerivedData/Build/Intermediates.noindex/Throttle.build/Debug/Throttle-c41c58a016fc9f4310c5f27451fa5182-VFS/all-product-headers.yaml -Xcc -iquote -Xcc /Volumes/DeveloperStorage/BuildScratch/throttle-convergence-20260920/DerivedData/Build/Intermediates.noindex/Throttle.build/Debug/Throttle.build/Throttle-project-headers.hmap -Xcc -I/Volumes/DeveloperStorage/BuildScratch/throttle-convergence-20260920/SourcePackages/checkouts/swift-numerics/Sources/_NumericsShims/include -Xcc -I/Volumes/DeveloperStorage/BuildScratch/throttle-convergence-20260920/SourcePackages/checkouts/mlx-swift/Source/Cmlx/include -Xcc -I/Volumes/DeveloperStorage/BuildScratch/throttle-convergence-20260920/SourcePackages/checkouts/swift-atomics/Sources/_AtomicsShims/include -Xcc -I/Volumes/DeveloperStorage/BuildScratch/throttle-convergence-20260920/SourcePackages/checkouts/swift-nio/Sources/CNIOWASI/include -Xcc -I/Volumes/DeveloperStorage/BuildScratch/throttle-convergence-20260920/SourcePackages/checkouts/swift-nio/Sources/CNIOWindows/include -Xcc -I/Volumes/DeveloperStorage/BuildScratch/throttle-convergence-20260920/SourcePackages/checkouts/swift-nio/Sources/CNIOLinux/include -Xcc -I/Volumes/DeveloperStorage/BuildScratch/throttle-convergence-20260920/SourcePackages/checkouts/swift-nio/Sources/CNIODarwin/include -Xcc -I/Volumes/DeveloperStorage/BuildScratch/throttle-convergence-20260920/SourcePackages/checkouts/swift-nio/Sources/CNIOFreeBSD/include -Xcc -I/Volumes/DeveloperStorage/BuildScratch/throttle-convergence-20260920/SourcePackages/checkouts/swift-nio/Sources/CNIOOpenBSD/include -Xcc -I/Volumes/DeveloperStorage/BuildScratch/throttle-convergence-20260920/SourcePackages/checkouts/swift-nio/Sources/CNIOAtomics/include -Xcc -I/Volumes/DeveloperStorage/BuildScratch/throttle-convergence-20260920/SourcePackages/checkouts/yyjson/src -Xcc -I/Volumes/DeveloperStorage/BuildScratch/throttle-convergence-20260920/DerivedData/Build/Products/Debug/include -Xcc -I/Volumes/DeveloperStorage/BuildScratch/throttle-convergence-20260920/DerivedData/Build/Intermediates.noindex/Throttle.build/Debug/Throttle.build/DerivedSources-normal/arm64 -Xcc -I/Volumes/DeveloperStorage/BuildScratch/throttle-convergence-20260920/DerivedData/Build/Intermediates.noindex/Throttle.build/Debug/Throttle.build/DerivedSources/arm64 -Xcc -I/Volumes/DeveloperStorage/BuildScratch/throttle-convergence-20260920/DerivedData/Build/Intermediates.noindex/Throttle.build/Debug/Throttle.build/DerivedSources -Xcc -DDEBUG\=1 -emit-objc-header -emit-objc-header-path /Volumes/DeveloperStorage/BuildScratch/throttle-convergence-20260920/DerivedData/Build/Intermediates.noindex/Throttle.build/Debug/Throttle.build/Objects-normal/arm64/Throttle-Swift.h -working-directory /Users/kevinnadjarian/GitHub/Throttle/build/convergence-recovery-20260920 -experimental-emit-module-separately -disable-cmo

Ld /Volumes/DeveloperStorage/BuildScratch/throttle-convergence-20260920/DerivedData/Build/Products/Debug/MLXHuggingFace.o normal (in target 'MLXHuggingFace' from project 'mlx-swift-lm')
    cd /Volumes/DeveloperStorage/BuildScratch/throttle-convergence-20260920/SourcePackages/checkouts/mlx-swift-lm
    /Applications/Xcode.app/Contents/Developer/Toolchains/XcodeDefault.xctoolchain/usr/bin/clang -Xlinker -reproducible -target arm64-apple-macos14.0 -r -isysroot /Applications/Xcode.app/Contents/Developer/Platforms/MacOSX.platform/Developer/SDKs/MacOSX27.0.sdk -O0 -w -Xlinker -no_warn_duplicate_libraries -F/Volumes/DeveloperStorage/BuildScratch/throttle-convergence-20260920/DerivedData/Build/Intermediates.noindex/EagerLinkingTBDs/Debug -F/Volumes/DeveloperStorage/BuildScratch/throttle-convergence-20260920/DerivedData/Build/Products/Debug/PackageFrameworks -F/Volumes/DeveloperStorage/BuildScratch/throttle-convergence-20260920/DerivedData/Build/Products/Debug -iframework /Applications/Xcode.app/Contents/Developer/Platforms/MacOSX.platform/Developer/Library/Frameworks -filelist /Volumes/DeveloperStorage/BuildScratch/throttle-convergence-20260920/DerivedData/Build/Intermediates.noindex/mlx-swift-lm.build/Debug/MLXHuggingFace-t.build/Objects-normal/arm64/MLXHuggingFace.LinkFileList -nostdlib -Xlinker -object_path_lto -Xlinker /Volumes/DeveloperStorage/BuildScratch/throttle-convergence-20260920/DerivedData/Build/Intermediates.noindex/mlx-swift-lm.build/Debug/MLXHuggingFace-t.build/Objects-normal/arm64/MLXHuggingFace_lto.o -Xlinker -no_deduplicate -Xlinker -debug_variant -Xlinker -dependency_info -Xlinker /Volumes/DeveloperStorage/BuildScratch/throttle-convergence-20260920/DerivedData/Build/Intermediates.noindex/mlx-swift-lm.build/Debug/MLXHuggingFace-t.build/Objects-normal/arm64/MLXHuggingFace_dependency_info.dat -fobjc-link-runtime -L/Applications/Xcode.app/Contents/Developer/Toolchains/XcodeDefault.xctoolchain/usr/lib/swift/macosx -L/usr/lib/swift -Xlinker -add_ast_path -Xlinker /Volumes/DeveloperStorage/BuildScratch/throttle-convergence-20260920/DerivedData/Build/Intermediates.noindex/mlx-swift-lm.build/Debug/MLXHuggingFace-t.build/Objects-normal/arm64/MLXHuggingFace.swiftmodule -o /Volumes/DeveloperStorage/BuildScratch/throttle-convergence-20260920/DerivedData/Build/Products/Debug/MLXHuggingFace.o

ExtractAppIntentsMetadata (in target 'ThrottleMCPContracts' from project 'ThrottleMCPContracts')
    cd /Users/kevinnadjarian/GitHub/Throttle/build/convergence-recovery-20260920/Packages/ThrottleMCPContracts
    /Applications/Xcode.app/Contents/Developer/Toolchains/XcodeDefault.xctoolchain/usr/bin/appintentsmetadataprocessor --toolchain-dir /var/run/com.apple.security.cryptexd/mnt/com.apple.MobileAsset.MetalToolchain-v27.1.266.1.s263Mc/Metal.xctoolchain --module-name ThrottleMCPContracts --sdk-root /Applications/Xcode.app/Contents/Developer/Platforms/MacOSX.platform/Developer/SDKs/MacOSX27.0.sdk --xcode-version 27A266a --platform-family macOS --deployment-target 14.0 --bundle-identifier throttlemcpcontracts.ThrottleMCPContracts --output /Volumes/DeveloperStorage/BuildScratch/throttle-convergence-20260920/DerivedData/Build/Products/Debug/ThrottleMCPContracts.appintents --target-triple arm64-apple-macos14.0 --binary-file /Volumes/DeveloperStorage/BuildScratch/throttle-convergence-20260920/DerivedData/Build/Products/Debug/ThrottleMCPContracts.o --dependency-file /Volumes/DeveloperStorage/BuildScratch/throttle-convergence-20260920/DerivedData/Build/Intermediates.noindex/ThrottleMCPContracts.build/Debug/ThrottleMCPContracts-t.build/Objects-normal/arm64/ThrottleMCPContracts_dependency_info.dat --stringsdata-file /Volumes/DeveloperStorage/BuildScratch/throttle-convergence-20260920/DerivedData/Build/Intermediates.noindex/ThrottleMCPContracts.build/Debug/ThrottleMCPContracts-t.build/Objects-normal/arm64/ExtractedAppShortcutsMetadata.stringsdata --source-file-list /Volumes/DeveloperStorage/BuildScratch/throttle-convergence-20260920/DerivedData/Build/Intermediates.noindex/ThrottleMCPContracts.build/Debug/ThrottleMCPContracts-t.build/Objects-normal/arm64/ThrottleMCPContracts.SwiftFileList --metadata-file-list /Volumes/DeveloperStorage/BuildScratch/throttle-convergence-20260920/DerivedData/Build/Intermediates.noindex/ThrottleMCPContracts.build/Debug/ThrottleMCPContracts-t.build/ThrottleMCPContracts.DependencyMetadataFileList --static-metadata-file-list /Volumes/DeveloperStorage/BuildScratch/throttle-convergence-20260920/DerivedData/Build/Intermediates.noindex/ThrottleMCPContracts.build/Debug/ThrottleMCPContracts-t.build/ThrottleMCPContracts.DependencyStaticMetadataFileList --swift-const-vals-list /Volumes/DeveloperStorage/BuildScratch/throttle-convergence-20260920/DerivedData/Build/Intermediates.noindex/ThrottleMCPContracts.build/Debug/ThrottleMCPContracts-t.build/Objects-normal/arm64/ThrottleMCPContracts.SwiftConstValuesFileList --force --compile-time-extraction --deployment-aware-processing --no-app-shortcuts-localization
2026-09-21 10:05:06.375 appintentsmetadataprocessor[62035:2175339] Starting appintentsmetadataprocessor export
2026-09-21 10:05:06.410 appintentsmetadataprocessor[62035:2175339] Extracted no relevant App Intents symbols, skipping writing output

Ld /Volumes/DeveloperStorage/BuildScratch/throttle-convergence-20260920/DerivedData/Build/Products/Debug/Hub.o normal (in target 'Hub' from project 'swift-transformers')
    cd /Volumes/DeveloperStorage/BuildScratch/throttle-convergence-20260920/SourcePackages/checkouts/swift-transformers
    /Applications/Xcode.app/Contents/Developer/Toolchains/XcodeDefault.xctoolchain/usr/bin/clang -Xlinker -reproducible -target arm64-apple-macos13.0 -r -isysroot /Applications/Xcode.app/Contents/Developer/Platforms/MacOSX.platform/Developer/SDKs/MacOSX27.0.sdk -O0 -w -Xlinker -no_warn_duplicate_libraries -F/Volumes/DeveloperStorage/BuildScratch/throttle-convergence-20260920/DerivedData/Build/Intermediates.noindex/EagerLinkingTBDs/Debug -F/Volumes/DeveloperStorage/BuildScratch/throttle-convergence-20260920/DerivedData/Build/Products/Debug/PackageFrameworks -F/Volumes/DeveloperStorage/BuildScratch/throttle-convergence-20260920/DerivedData/Build/Products/Debug -iframework /Applications/Xcode.app/Contents/Developer/Platforms/MacOSX.platform/Developer/Library/Frameworks -filelist /Volumes/DeveloperStorage/BuildScratch/throttle-convergence-20260920/DerivedData/Build/Intermediates.noindex/swift-transformers.build/Debug/Hub-t.build/Objects-normal/arm64/Hub.LinkFileList -nostdlib -Xlinker -object_path_lto -Xlinker /Volumes/DeveloperStorage/BuildScratch/throttle-convergence-20260920/DerivedData/Build/Intermediates.noindex/swift-transformers.build/Debug/Hub-t.build/Objects-normal/arm64/Hub_lto.o -Xlinker -no_deduplicate -Xlinker -debug_variant -Xlinker -dependency_info -Xlinker /Volumes/DeveloperStorage/BuildScratch/throttle-convergence-20260920/DerivedData/Build/Intermediates.noindex/swift-transformers.build/Debug/Hub-t.build/Objects-normal/arm64/Hub_dependency_info.dat -fobjc-link-runtime -L/Applications/Xcode.app/Contents/Developer/Toolchains/XcodeDefault.xctoolchain/usr/lib/swift/macosx -L/usr/lib/swift -Xlinker -add_ast_path -Xlinker /Volumes/DeveloperStorage/BuildScratch/throttle-convergence-20260920/DerivedData/Build/Intermediates.noindex/swift-transformers.build/Debug/Hub-t.build/Objects-normal/arm64/Hub.swiftmodule -o /Volumes/DeveloperStorage/BuildScratch/throttle-convergence-20260920/DerivedData/Build/Products/Debug/Hub.o

ExtractAppIntentsMetadata (in target 'Hub' from project 'swift-transformers')
    cd /Volumes/DeveloperStorage/BuildScratch/throttle-convergence-20260920/SourcePackages/checkouts/swift-transformers
    /Applications/Xcode.app/Contents/Developer/Toolchains/XcodeDefault.xctoolchain/usr/bin/appintentsmetadataprocessor --toolchain-dir /var/run/com.apple.security.cryptexd/mnt/com.apple.MobileAsset.MetalToolchain-v27.1.266.1.s263Mc/Metal.xctoolchain --module-name Hub --sdk-root /Applications/Xcode.app/Contents/Developer/Platforms/MacOSX.platform/Developer/SDKs/MacOSX27.0.sdk --xcode-version 27A266a --platform-family macOS --deployment-target 13.0 --bundle-identifier swift-transformers.Hub --output /Volumes/DeveloperStorage/BuildScratch/throttle-convergence-20260920/DerivedData/Build/Products/Debug/Hub.appintents --target-triple arm64-apple-macos13.0 --binary-file /Volumes/DeveloperStorage/BuildScratch/throttle-convergence-20260920/DerivedData/Build/Products/Debug/Hub.o --dependency-file /Volumes/DeveloperStorage/BuildScratch/throttle-convergence-20260920/DerivedData/Build/Intermediates.noindex/swift-transformers.build/Debug/Hub-t.build/Objects-normal/arm64/Hub_dependency_info.dat --stringsdata-file /Volumes/DeveloperStorage/BuildScratch/throttle-convergence-20260920/DerivedData/Build/Intermediates.noindex/swift-transformers.build/Debug/Hub-t.build/Objects-normal/arm64/ExtractedAppShortcutsMetadata.stringsdata --source-file-list /Volumes/DeveloperStorage/BuildScratch/throttle-convergence-20260920/DerivedData/Build/Intermediates.noindex/swift-transformers.build/Debug/Hub-t.build/Objects-normal/arm64/Hub.SwiftFileList --metadata-file-list /Volumes/DeveloperStorage/BuildScratch/throttle-convergence-20260920/DerivedData/Build/Intermediates.noindex/swift-transformers.build/Debug/Hub-t.build/Hub.DependencyMetadataFileList --static-metadata-file-list /Volumes/DeveloperStorage/BuildScratch/throttle-convergence-20260920/DerivedData/Build/Intermediates.noindex/swift-transformers.build/Debug/Hub-t.build/Hub.DependencyStaticMetadataFileList --swift-const-vals-list /Volumes/DeveloperStorage/BuildScratch/throttle-convergence-20260920/DerivedData/Build/Intermediates.noindex/swift-transformers.build/Debug/Hub-t.build/Objects-normal/arm64/Hub.SwiftConstValuesFileList --force --compile-time-extraction --deployment-aware-processing --no-app-shortcuts-localization
2026-09-21 10:05:06.462 appintentsmetadataprocessor[62038:2175353] Starting appintentsmetadataprocessor export
2026-09-21 10:05:06.498 appintentsmetadataprocessor[62038:2175353] Extracted no relevant App Intents symbols, skipping writing output

ExtractAppIntentsMetadata (in target 'SwiftTerm' from project 'SwiftTerm')
    cd /Volumes/DeveloperStorage/BuildScratch/throttle-convergence-20260920/SourcePackages/checkouts/SwiftTerm
    /Applications/Xcode.app/Contents/Developer/Toolchains/XcodeDefault.xctoolchain/usr/bin/appintentsmetadataprocessor --toolchain-dir /var/run/com.apple.security.cryptexd/mnt/com.apple.MobileAsset.MetalToolchain-v27.1.266.1.s263Mc/Metal.xctoolchain --module-name SwiftTerm --sdk-root /Applications/Xcode.app/Contents/Developer/Platforms/MacOSX.platform/Developer/SDKs/MacOSX27.0.sdk --xcode-version 27A266a --platform-family macOS --deployment-target 12.0 --bundle-identifier swiftterm.SwiftTerm --output /Volumes/DeveloperStorage/BuildScratch/throttle-convergence-20260920/DerivedData/Build/Products/Debug/SwiftTerm.appintents --target-triple arm64-apple-macos12.0 --binary-file /Volumes/DeveloperStorage/BuildScratch/throttle-convergence-20260920/DerivedData/Build/Products/Debug/SwiftTerm.o --dependency-file /Volumes/DeveloperStorage/BuildScratch/throttle-convergence-20260920/DerivedData/Build/Intermediates.noindex/SwiftTerm.build/Debug/SwiftTerm-t.build/Objects-normal/arm64/SwiftTerm_dependency_info.dat --stringsdata-file /Volumes/DeveloperStorage/BuildScratch/throttle-convergence-20260920/DerivedData/Build/Intermediates.noindex/SwiftTerm.build/Debug/SwiftTerm-t.build/Objects-normal/arm64/ExtractedAppShortcutsMetadata.stringsdata --source-file-list /Volumes/DeveloperStorage/BuildScratch/throttle-convergence-20260920/DerivedData/Build/Intermediates.noindex/SwiftTerm.build/Debug/SwiftTerm-t.build/Objects-normal/arm64/SwiftTerm.SwiftFileList --metadata-file-list /Volumes/DeveloperStorage/BuildScratch/throttle-convergence-20260920/DerivedData/Build/Intermediates.noindex/SwiftTerm.build/Debug/SwiftTerm-t.build/SwiftTerm.DependencyMetadataFileList --static-metadata-file-list /Volumes/DeveloperStorage/BuildScratch/throttle-convergence-20260920/DerivedData/Build/Intermediates.noindex/SwiftTerm.build/Debug/SwiftTerm-t.build/SwiftTerm.DependencyStaticMetadataFileList --swift-const-vals-list /Volumes/DeveloperStorage/BuildScratch/throttle-convergence-20260920/DerivedData/Build/Intermediates.noindex/SwiftTerm.build/Debug/SwiftTerm-t.build/Objects-normal/arm64/SwiftTerm.SwiftConstValuesFileList --force --compile-time-extraction --deployment-aware-processing --no-app-shortcuts-localization
2026-09-21 10:05:06.513 appintentsmetadataprocessor[62039:2175356] Starting appintentsmetadataprocessor export
2026-09-21 10:05:06.559 appintentsmetadataprocessor[62039:2175356] Extracted no relevant App Intents symbols, skipping writing output

Ld /Volumes/DeveloperStorage/BuildScratch/throttle-convergence-20260920/DerivedData/Build/Products/Debug/Tokenizers.o normal (in target 'Tokenizers' from project 'swift-transformers')
    cd /Volumes/DeveloperStorage/BuildScratch/throttle-convergence-20260920/SourcePackages/checkouts/swift-transformers
    /Applications/Xcode.app/Contents/Developer/Toolchains/XcodeDefault.xctoolchain/usr/bin/clang -Xlinker -reproducible -target arm64-apple-macos13.0 -r -isysroot /Applications/Xcode.app/Contents/Developer/Platforms/MacOSX.platform/Developer/SDKs/MacOSX27.0.sdk -O0 -w -Xlinker -no_warn_duplicate_libraries -F/Volumes/DeveloperStorage/BuildScratch/throttle-convergence-20260920/DerivedData/Build/Intermediates.noindex/EagerLinkingTBDs/Debug -F/Volumes/DeveloperStorage/BuildScratch/throttle-convergence-20260920/DerivedData/Build/Products/Debug/PackageFrameworks -F/Volumes/DeveloperStorage/BuildScratch/throttle-convergence-20260920/DerivedData/Build/Products/Debug -iframework /Applications/Xcode.app/Contents/Developer/Platforms/MacOSX.platform/Developer/Library/Frameworks -filelist /Volumes/DeveloperStorage/BuildScratch/throttle-convergence-20260920/DerivedData/Build/Intermediates.noindex/swift-transformers.build/Debug/Tokenizers-t.build/Objects-normal/arm64/Tokenizers.LinkFileList -nostdlib -Xlinker -object_path_lto -Xlinker /Volumes/DeveloperStorage/BuildScratch/throttle-convergence-20260920/DerivedData/Build/Intermediates.noindex/swift-transformers.build/Debug/Tokenizers-t.build/Objects-normal/arm64/Tokenizers_lto.o -Xlinker -no_deduplicate -Xlinker -debug_variant -Xlinker -dependency_info -Xlinker /Volumes/DeveloperStorage/BuildScratch/throttle-convergence-20260920/DerivedData/Build/Intermediates.noindex/swift-transformers.build/Debug/Tokenizers-t.build/Objects-normal/arm64/Tokenizers_dependency_info.dat -fobjc-link-runtime -L/Applications/Xcode.app/Contents/Developer/Toolchains/XcodeDefault.xctoolchain/usr/lib/swift/macosx -L/usr/lib/swift -Xlinker -add_ast_path -Xlinker /Volumes/DeveloperStorage/BuildScratch/throttle-convergence-20260920/DerivedData/Build/Intermediates.noindex/swift-transformers.build/Debug/Tokenizers-t.build/Objects-normal/arm64/Tokenizers.swiftmodule -o /Volumes/DeveloperStorage/BuildScratch/throttle-convergence-20260920/DerivedData/Build/Products/Debug/Tokenizers.o

ExtractAppIntentsMetadata (in target 'MLXLLM' from project 'mlx-swift-lm')
    cd /Volumes/DeveloperStorage/BuildScratch/throttle-convergence-20260920/SourcePackages/checkouts/mlx-swift-lm
    /Applications/Xcode.app/Contents/Developer/Toolchains/XcodeDefault.xctoolchain/usr/bin/appintentsmetadataprocessor --toolchain-dir /var/run/com.apple.security.cryptexd/mnt/com.apple.MobileAsset.MetalToolchain-v27.1.266.1.s263Mc/Metal.xctoolchain --module-name MLXLLM --sdk-root /Applications/Xcode.app/Contents/Developer/Platforms/MacOSX.platform/Developer/SDKs/MacOSX27.0.sdk --xcode-version 27A266a --platform-family macOS --deployment-target 14.0 --bundle-identifier mlx-swift-lm.MLXLLM --output /Volumes/DeveloperStorage/BuildScratch/throttle-convergence-20260920/DerivedData/Build/Products/Debug/MLXLLM.appintents --target-triple arm64-apple-macos14.0 --binary-file /Volumes/DeveloperStorage/BuildScratch/throttle-convergence-20260920/DerivedData/Build/Products/Debug/MLXLLM.o --dependency-file /Volumes/DeveloperStorage/BuildScratch/throttle-convergence-20260920/DerivedData/Build/Intermediates.noindex/mlx-swift-lm.build/Debug/MLXLLM-t.build/Objects-normal/arm64/MLXLLM_dependency_info.dat --stringsdata-file /Volumes/DeveloperStorage/BuildScratch/throttle-convergence-20260920/DerivedData/Build/Intermediates.noindex/mlx-swift-lm.build/Debug/MLXLLM-t.build/Objects-normal/arm64/ExtractedAppShortcutsMetadata.stringsdata --source-file-list /Volumes/DeveloperStorage/BuildScratch/throttle-convergence-20260920/DerivedData/Build/Intermediates.noindex/mlx-swift-lm.build/Debug/MLXLLM-t.build/Objects-normal/arm64/MLXLLM.SwiftFileList --metadata-file-list /Volumes/DeveloperStorage/BuildScratch/throttle-convergence-20260920/DerivedData/Build/Intermediates.noindex/mlx-swift-lm.build/Debug/MLXLLM-t.build/MLXLLM.DependencyMetadataFileList --static-metadata-file-list /Volumes/DeveloperStorage/BuildScratch/throttle-convergence-20260920/DerivedData/Build/Intermediates.noindex/mlx-swift-lm.build/Debug/MLXLLM-t.build/MLXLLM.DependencyStaticMetadataFileList --swift-const-vals-list /Volumes/DeveloperStorage/BuildScratch/throttle-convergence-20260920/DerivedData/Build/Intermediates.noindex/mlx-swift-lm.build/Debug/MLXLLM-t.build/Objects-normal/arm64/MLXLLM.SwiftConstValuesFileList --force --compile-time-extraction --deployment-aware-processing --no-app-shortcuts-localization
2026-09-21 10:05:06.602 appintentsmetadataprocessor[62042:2175371] Starting appintentsmetadataprocessor export
2026-09-21 10:05:06.647 appintentsmetadataprocessor[62042:2175371] Extracted no relevant App Intents symbols, skipping writing output

ExtractAppIntentsMetadata (in target 'MLXHuggingFace' from project 'mlx-swift-lm')
    cd /Volumes/DeveloperStorage/BuildScratch/throttle-convergence-20260920/SourcePackages/checkouts/mlx-swift-lm
    /Applications/Xcode.app/Contents/Developer/Toolchains/XcodeDefault.xctoolchain/usr/bin/appintentsmetadataprocessor --toolchain-dir /var/run/com.apple.security.cryptexd/mnt/com.apple.MobileAsset.MetalToolchain-v27.1.266.1.s263Mc/Metal.xctoolchain --module-name MLXHuggingFace --sdk-root /Applications/Xcode.app/Contents/Developer/Platforms/MacOSX.platform/Developer/SDKs/MacOSX27.0.sdk --xcode-version 27A266a --platform-family macOS --deployment-target 14.0 --bundle-identifier mlx-swift-lm.MLXHuggingFace --output /Volumes/DeveloperStorage/BuildScratch/throttle-convergence-20260920/DerivedData/Build/Products/Debug/MLXHuggingFace.appintents --target-triple arm64-apple-macos14.0 --binary-file /Volumes/DeveloperStorage/BuildScratch/throttle-convergence-20260920/DerivedData/Build/Products/Debug/MLXHuggingFace.o --dependency-file /Volumes/DeveloperStorage/BuildScratch/throttle-convergence-20260920/DerivedData/Build/Intermediates.noindex/mlx-swift-lm.build/Debug/MLXHuggingFace-t.build/Objects-normal/arm64/MLXHuggingFace_dependency_info.dat --stringsdata-file /Volumes/DeveloperStorage/BuildScratch/throttle-convergence-20260920/DerivedData/Build/Intermediates.noindex/mlx-swift-lm.build/Debug/MLXHuggingFace-t.build/Objects-normal/arm64/ExtractedAppShortcutsMetadata.stringsdata --source-file-list /Volumes/DeveloperStorage/BuildScratch/throttle-convergence-20260920/DerivedData/Build/Intermediates.noindex/mlx-swift-lm.build/Debug/MLXHuggingFace-t.build/Objects-normal/arm64/MLXHuggingFace.SwiftFileList --metadata-file-list /Volumes/DeveloperStorage/BuildScratch/throttle-convergence-20260920/DerivedData/Build/Intermediates.noindex/mlx-swift-lm.build/Debug/MLXHuggingFace-t.build/MLXHuggingFace.DependencyMetadataFileList --static-metadata-file-list /Volumes/DeveloperStorage/BuildScratch/throttle-convergence-20260920/DerivedData/Build/Intermediates.noindex/mlx-swift-lm.build/Debug/MLXHuggingFace-t.build/MLXHuggingFace.DependencyStaticMetadataFileList --swift-const-vals-list /Volumes/DeveloperStorage/BuildScratch/throttle-convergence-20260920/DerivedData/Build/Intermediates.noindex/mlx-swift-lm.build/Debug/MLXHuggingFace-t.build/Objects-normal/arm64/MLXHuggingFace.SwiftConstValuesFileList --force --compile-time-extraction --deployment-aware-processing --no-app-shortcuts-localization
2026-09-21 10:05:06.663 appintentsmetadataprocessor[62043:2175374] Starting appintentsmetadataprocessor export
2026-09-21 10:05:06.698 appintentsmetadataprocessor[62043:2175374] Extracted no relevant App Intents symbols, skipping writing output

ExtractAppIntentsMetadata (in target 'Tokenizers' from project 'swift-transformers')
    cd /Volumes/DeveloperStorage/BuildScratch/throttle-convergence-20260920/SourcePackages/checkouts/swift-transformers
    /Applications/Xcode.app/Contents/Developer/Toolchains/XcodeDefault.xctoolchain/usr/bin/appintentsmetadataprocessor --toolchain-dir /var/run/com.apple.security.cryptexd/mnt/com.apple.MobileAsset.MetalToolchain-v27.1.266.1.s263Mc/Metal.xctoolchain --module-name Tokenizers --sdk-root /Applications/Xcode.app/Contents/Developer/Platforms/MacOSX.platform/Developer/SDKs/MacOSX27.0.sdk --xcode-version 27A266a --platform-family macOS --deployment-target 13.0 --bundle-identifier swift-transformers.Tokenizers --output /Volumes/DeveloperStorage/BuildScratch/throttle-convergence-20260920/DerivedData/Build/Products/Debug/Tokenizers.appintents --target-triple arm64-apple-macos13.0 --binary-file /Volumes/DeveloperStorage/BuildScratch/throttle-convergence-20260920/DerivedData/Build/Products/Debug/Tokenizers.o --dependency-file /Volumes/DeveloperStorage/BuildScratch/throttle-convergence-20260920/DerivedData/Build/Intermediates.noindex/swift-transformers.build/Debug/Tokenizers-t.build/Objects-normal/arm64/Tokenizers_dependency_info.dat --stringsdata-file /Volumes/DeveloperStorage/BuildScratch/throttle-convergence-20260920/DerivedData/Build/Intermediates.noindex/swift-transformers.build/Debug/Tokenizers-t.build/Objects-normal/arm64/ExtractedAppShortcutsMetadata.stringsdata --source-file-list /Volumes/DeveloperStorage/BuildScratch/throttle-convergence-20260920/DerivedData/Build/Intermediates.noindex/swift-transformers.build/Debug/Tokenizers-t.build/Objects-normal/arm64/Tokenizers.SwiftFileList --metadata-file-list /Volumes/DeveloperStorage/BuildScratch/throttle-convergence-20260920/DerivedData/Build/Intermediates.noindex/swift-transformers.build/Debug/Tokenizers-t.build/Tokenizers.DependencyMetadataFileList --static-metadata-file-list /Volumes/DeveloperStorage/BuildScratch/throttle-convergence-20260920/DerivedData/Build/Intermediates.noindex/swift-transformers.build/Debug/Tokenizers-t.build/Tokenizers.DependencyStaticMetadataFileList --swift-const-vals-list /Volumes/DeveloperStorage/BuildScratch/throttle-convergence-20260920/DerivedData/Build/Intermediates.noindex/swift-transformers.build/Debug/Tokenizers-t.build/Objects-normal/arm64/Tokenizers.SwiftConstValuesFileList --force --compile-time-extraction --deployment-aware-processing --no-app-shortcuts-localization
2026-09-21 10:05:06.714 appintentsmetadataprocessor[62044:2175377] Starting appintentsmetadataprocessor export
2026-09-21 10:05:06.751 appintentsmetadataprocessor[62044:2175377] Extracted no relevant App Intents symbols, skipping writing output

ExtractAppIntentsMetadata (in target 'ThrottlePeer' from project 'ThrottleShared')
    cd /Users/kevinnadjarian/GitHub/Throttle/build/convergence-recovery-20260920/ThrottleShared
    /Applications/Xcode.app/Contents/Developer/Toolchains/XcodeDefault.xctoolchain/usr/bin/appintentsmetadataprocessor --toolchain-dir /var/run/com.apple.security.cryptexd/mnt/com.apple.MobileAsset.MetalToolchain-v27.1.266.1.s263Mc/Metal.xctoolchain --module-name ThrottlePeer --sdk-root /Applications/Xcode.app/Contents/Developer/Platforms/MacOSX.platform/Developer/SDKs/MacOSX27.0.sdk --xcode-version 27A266a --platform-family macOS --deployment-target 14.0 --bundle-identifier throttleshared.ThrottlePeer --output /Volumes/DeveloperStorage/BuildScratch/throttle-convergence-20260920/DerivedData/Build/Products/Debug/ThrottlePeer.appintents --target-triple arm64-apple-macos14.0 --binary-file /Volumes/DeveloperStorage/BuildScratch/throttle-convergence-20260920/DerivedData/Build/Products/Debug/ThrottlePeer.o --dependency-file /Volumes/DeveloperStorage/BuildScratch/throttle-convergence-20260920/DerivedData/Build/Intermediates.noindex/ThrottleShared.build/Debug/ThrottlePeer-t.build/Objects-normal/arm64/ThrottlePeer_dependency_info.dat --stringsdata-file /Volumes/DeveloperStorage/BuildScratch/throttle-convergence-20260920/DerivedData/Build/Intermediates.noindex/ThrottleShared.build/Debug/ThrottlePeer-t.build/Objects-normal/arm64/ExtractedAppShortcutsMetadata.stringsdata --source-file-list /Volumes/DeveloperStorage/BuildScratch/throttle-convergence-20260920/DerivedData/Build/Intermediates.noindex/ThrottleShared.build/Debug/ThrottlePeer-t.build/Objects-normal/arm64/ThrottlePeer.SwiftFileList --metadata-file-list /Volumes/DeveloperStorage/BuildScratch/throttle-convergence-20260920/DerivedData/Build/Intermediates.noindex/ThrottleShared.build/Debug/ThrottlePeer-t.build/ThrottlePeer.DependencyMetadataFileList --static-metadata-file-list /Volumes/DeveloperStorage/BuildScratch/throttle-convergence-20260920/DerivedData/Build/Intermediates.noindex/ThrottleShared.build/Debug/ThrottlePeer-t.build/ThrottlePeer.DependencyStaticMetadataFileList --swift-const-vals-list /Volumes/DeveloperStorage/BuildScratch/throttle-convergence-20260920/DerivedData/Build/Intermediates.noindex/ThrottleShared.build/Debug/ThrottlePeer-t.build/Objects-normal/arm64/ThrottlePeer.SwiftConstValuesFileList --force --compile-time-extraction --deployment-aware-processing --no-app-shortcuts-localization
2026-09-21 10:05:06.766 appintentsmetadataprocessor[62045:2175380] Starting appintentsmetadataprocessor export
2026-09-21 10:05:06.803 appintentsmetadataprocessor[62045:2175380] Extracted no relevant App Intents symbols, skipping writing output

ExtractAppIntentsMetadata (in target 'ResearchVaultSynthesis' from project 'ResearchVaultKit')
    cd /Users/kevinnadjarian/GitHub/Throttle/build/convergence-recovery-20260920/Packages/ResearchVaultKit
    /Applications/Xcode.app/Contents/Developer/Toolchains/XcodeDefault.xctoolchain/usr/bin/appintentsmetadataprocessor --toolchain-dir /var/run/com.apple.security.cryptexd/mnt/com.apple.MobileAsset.MetalToolchain-v27.1.266.1.s263Mc/Metal.xctoolchain --module-name ResearchVaultSynthesis --sdk-root /Applications/Xcode.app/Contents/Developer/Platforms/MacOSX.platform/Developer/SDKs/MacOSX27.0.sdk --xcode-version 27A266a --platform-family macOS --deployment-target 14.0 --bundle-identifier researchvaultkit.ResearchVaultSynthesis --output /Volumes/DeveloperStorage/BuildScratch/throttle-convergence-20260920/DerivedData/Build/Products/Debug/ResearchVaultSynthesis.appintents --target-triple arm64-apple-macos14.0 --binary-file /Volumes/DeveloperStorage/BuildScratch/throttle-convergence-20260920/DerivedData/Build/Products/Debug/ResearchVaultSynthesis.o --dependency-file /Volumes/DeveloperStorage/BuildScratch/throttle-convergence-20260920/DerivedData/Build/Intermediates.noindex/ResearchVaultKit.build/Debug/ResearchVaultSynthesis-t.build/Objects-normal/arm64/ResearchVaultSynthesis_dependency_info.dat --stringsdata-file /Volumes/DeveloperStorage/BuildScratch/throttle-convergence-20260920/DerivedData/Build/Intermediates.noindex/ResearchVaultKit.build/Debug/ResearchVaultSynthesis-t.build/Objects-normal/arm64/ExtractedAppShortcutsMetadata.stringsdata --source-file-list /Volumes/DeveloperStorage/BuildScratch/throttle-convergence-20260920/DerivedData/Build/Intermediates.noindex/ResearchVaultKit.build/Debug/ResearchVaultSynthesis-t.build/Objects-normal/arm64/ResearchVaultSynthesis.SwiftFileList --metadata-file-list /Volumes/DeveloperStorage/BuildScratch/throttle-convergence-20260920/DerivedData/Build/Intermediates.noindex/ResearchVaultKit.build/Debug/ResearchVaultSynthesis-t.build/ResearchVaultSynthesis.DependencyMetadataFileList --static-metadata-file-list /Volumes/DeveloperStorage/BuildScratch/throttle-convergence-20260920/DerivedData/Build/Intermediates.noindex/ResearchVaultKit.build/Debug/ResearchVaultSynthesis-t.build/ResearchVaultSynthesis.DependencyStaticMetadataFileList --swift-const-vals-list /Volumes/DeveloperStorage/BuildScratch/throttle-convergence-20260920/DerivedData/Build/Intermediates.noindex/ResearchVaultKit.build/Debug/ResearchVaultSynthesis-t.build/Objects-normal/arm64/ResearchVaultSynthesis.SwiftConstValuesFileList --force --compile-time-extraction --deployment-aware-processing --no-app-shortcuts-localization
2026-09-21 10:05:06.818 appintentsmetadataprocessor[62046:2175383] Starting appintentsmetadataprocessor export
2026-09-21 10:05:06.852 appintentsmetadataprocessor[62046:2175383] Extracted no relevant App Intents symbols, skipping writing output

SwiftCompile normal arm64 Compiling\ DroppableTerminalView.swift,\ EdgeDeployService.swift,\ EmbeddedClaudeSession+Navigation.swift /Users/kevinnadjarian/GitHub/Throttle/build/convergence-recovery-20260920/Throttle/UI/Cockpit/DroppableTerminalView.swift /Users/kevinnadjarian/GitHub/Throttle/build/convergence-recovery-20260920/Throttle/Services/EdgeDeployService.swift /Users/kevinnadjarian/GitHub/Throttle/build/convergence-recovery-20260920/Throttle/Network/EmbeddedClaudeSession+Navigation.swift (in target 'Throttle' from project 'Throttle')

SwiftCompile normal arm64 /Users/kevinnadjarian/GitHub/Throttle/build/convergence-recovery-20260920/Throttle/UI/Cockpit/DroppableTerminalView.swift (in target 'Throttle' from project 'Throttle')
    cd /Users/kevinnadjarian/GitHub/Throttle/build/convergence-recovery-20260920
    builtin-SwiftPerFileCompile DroppableTerminalView.swift

SwiftCompile normal arm64 /Users/kevinnadjarian/GitHub/Throttle/build/convergence-recovery-20260920/Throttle/Services/EdgeDeployService.swift (in target 'Throttle' from project 'Throttle')
    cd /Users/kevinnadjarian/GitHub/Throttle/build/convergence-recovery-20260920
    builtin-SwiftPerFileCompile EdgeDeployService.swift

SwiftCompile normal arm64 /Users/kevinnadjarian/GitHub/Throttle/build/convergence-recovery-20260920/Throttle/Network/EmbeddedClaudeSession+Navigation.swift (in target 'Throttle' from project 'Throttle')
    cd /Users/kevinnadjarian/GitHub/Throttle/build/convergence-recovery-20260920
    builtin-SwiftPerFileCompile EmbeddedClaudeSession+Navigation.swift

SwiftEmitModule normal arm64 Emitting\ module\ for\ Throttle (in target 'Throttle' from project 'Throttle')

SwiftCompile normal arm64 (in target 'Throttle' from project 'Throttle')
    cd /Users/kevinnadjarian/GitHub/Throttle/build/convergence-recovery-20260920
    

SwiftCompile normal arm64 Compiling\ DispatchAdvisor.swift,\ DispatchBudget.swift,\ DispatchModels.swift /Users/kevinnadjarian/GitHub/Throttle/build/convergence-recovery-20260920/Throttle/Services/DispatchAdvisor.swift /Users/kevinnadjarian/GitHub/Throttle/build/convergence-recovery-20260920/Throttle/Services/DispatchBudget.swift /Users/kevinnadjarian/GitHub/Throttle/build/convergence-recovery-20260920/Throttle/Models/DispatchModels.swift (in target 'Throttle' from project 'Throttle')

SwiftCompile normal arm64 /Users/kevinnadjarian/GitHub/Throttle/build/convergence-recovery-20260920/Throttle/Services/DispatchAdvisor.swift (in target 'Throttle' from project 'Throttle')
    cd /Users/kevinnadjarian/GitHub/Throttle/build/convergence-recovery-20260920
    builtin-SwiftPerFileCompile DispatchAdvisor.swift

SwiftCompile normal arm64 /Users/kevinnadjarian/GitHub/Throttle/build/convergence-recovery-20260920/Throttle/Services/DispatchBudget.swift (in target 'Throttle' from project 'Throttle')
    cd /Users/kevinnadjarian/GitHub/Throttle/build/convergence-recovery-20260920
    builtin-SwiftPerFileCompile DispatchBudget.swift

SwiftCompile normal arm64 /Users/kevinnadjarian/GitHub/Throttle/build/convergence-recovery-20260920/Throttle/Models/DispatchModels.swift (in target 'Throttle' from project 'Throttle')
    cd /Users/kevinnadjarian/GitHub/Throttle/build/convergence-recovery-20260920
    builtin-SwiftPerFileCompile DispatchModels.swift

SwiftDriverJobDiscovery normal arm64 Compiling DroppableTerminalView.swift, EdgeDeployService.swift, EmbeddedClaudeSession+Navigation.swift (in target 'Throttle' from project 'Throttle')

SwiftCompile normal arm64 Compiling\ DropdownView+Readout.swift,\ DropdownView.swift,\ DroppableTerminalView+ComposedText.swift /Users/kevinnadjarian/GitHub/Throttle/build/convergence-recovery-20260920/Throttle/UI/MenuBar/DropdownView+Readout.swift /Users/kevinnadjarian/GitHub/Throttle/build/convergence-recovery-20260920/Throttle/UI/MenuBar/DropdownView.swift /Users/kevinnadjarian/GitHub/Throttle/build/convergence-recovery-20260920/Throttle/UI/Cockpit/DroppableTerminalView+ComposedText.swift (in target 'Throttle' from project 'Throttle')

SwiftCompile normal arm64 /Users/kevinnadjarian/GitHub/Throttle/build/convergence-recovery-20260920/Throttle/UI/MenuBar/DropdownView+Readout.swift (in target 'Throttle' from project 'Throttle')
    cd /Users/kevinnadjarian/GitHub/Throttle/build/convergence-recovery-20260920
    builtin-SwiftPerFileCompile DropdownView+Readout.swift

SwiftCompile normal arm64 /Users/kevinnadjarian/GitHub/Throttle/build/convergence-recovery-20260920/Throttle/UI/MenuBar/DropdownView.swift (in target 'Throttle' from project 'Throttle')
    cd /Users/kevinnadjarian/GitHub/Throttle/build/convergence-recovery-20260920
    builtin-SwiftPerFileCompile DropdownView.swift

SwiftCompile normal arm64 /Users/kevinnadjarian/GitHub/Throttle/build/convergence-recovery-20260920/Throttle/UI/Cockpit/DroppableTerminalView+ComposedText.swift (in target 'Throttle' from project 'Throttle')
    cd /Users/kevinnadjarian/GitHub/Throttle/build/convergence-recovery-20260920
    builtin-SwiftPerFileCompile DroppableTerminalView+ComposedText.swift

SwiftDriverJobDiscovery normal arm64 Compiling DispatchAdvisor.swift, DispatchBudget.swift, DispatchModels.swift (in target 'Throttle' from project 'Throttle')

SwiftCompile normal arm64 Compiling\ ExactModeService.swift,\ ExactSnapshot.swift /Users/kevinnadjarian/GitHub/Throttle/build/convergence-recovery-20260920/Throttle/Network/ExactModeService.swift /Users/kevinnadjarian/GitHub/Throttle/build/convergence-recovery-20260920/Throttle/State/ExactSnapshot.swift (in target 'Throttle' from project 'Throttle')

SwiftCompile normal arm64 /Users/kevinnadjarian/GitHub/Throttle/build/convergence-recovery-20260920/Throttle/Network/ExactModeService.swift (in target 'Throttle' from project 'Throttle')
    cd /Users/kevinnadjarian/GitHub/Throttle/build/convergence-recovery-20260920
    builtin-SwiftPerFileCompile ExactModeService.swift

SwiftCompile normal arm64 /Users/kevinnadjarian/GitHub/Throttle/build/convergence-recovery-20260920/Throttle/State/ExactSnapshot.swift (in target 'Throttle' from project 'Throttle')
    cd /Users/kevinnadjarian/GitHub/Throttle/build/convergence-recovery-20260920
    builtin-SwiftPerFileCompile ExactSnapshot.swift

SwiftDriverJobDiscovery normal arm64 Compiling DropdownView+Readout.swift, DropdownView.swift, DroppableTerminalView+ComposedText.swift (in target 'Throttle' from project 'Throttle')

SwiftCompile normal arm64 Compiling\ LicenseService.swift,\ TaskIntegrationService.swift /Users/kevinnadjarian/GitHub/Throttle/build/convergence-recovery-20260920/Throttle/Network/LicenseService.swift /Users/kevinnadjarian/GitHub/Throttle/build/convergence-recovery-20260920/Throttle/Services/TaskIntegrationService.swift (in target 'Throttle' from project 'Throttle')

SwiftCompile normal arm64 /Users/kevinnadjarian/GitHub/Throttle/build/convergence-recovery-20260920/Throttle/Network/LicenseService.swift (in target 'Throttle' from project 'Throttle')
    cd /Users/kevinnadjarian/GitHub/Throttle/build/convergence-recovery-20260920
    builtin-SwiftPerFileCompile LicenseService.swift

SwiftCompile normal arm64 /Users/kevinnadjarian/GitHub/Throttle/build/convergence-recovery-20260920/Throttle/Services/TaskIntegrationService.swift (in target 'Throttle' from project 'Throttle')
    cd /Users/kevinnadjarian/GitHub/Throttle/build/convergence-recovery-20260920
    builtin-SwiftPerFileCompile TaskIntegrationService.swift

SwiftDriverJobDiscovery normal arm64 Compiling ExactModeService.swift, ExactSnapshot.swift (in target 'Throttle' from project 'Throttle')

SwiftCompile normal arm64 Compiling\ EmbeddedClaudeSession.swift,\ EmbeddedModelProvider.swift,\ EmbeddingProvider.swift /Users/kevinnadjarian/GitHub/Throttle/build/convergence-recovery-20260920/Throttle/Network/EmbeddedClaudeSession.swift /Users/kevinnadjarian/GitHub/Throttle/build/convergence-recovery-20260920/Throttle/Services/EmbeddedModelProvider.swift /Users/kevinnadjarian/GitHub/Throttle/build/convergence-recovery-20260920/Throttle/Services/EmbeddingProvider.swift (in target 'Throttle' from project 'Throttle')

SwiftCompile normal arm64 /Users/kevinnadjarian/GitHub/Throttle/build/convergence-recovery-20260920/Throttle/Network/EmbeddedClaudeSession.swift (in target 'Throttle' from project 'Throttle')
    cd /Users/kevinnadjarian/GitHub/Throttle/build/convergence-recovery-20260920
    builtin-SwiftPerFileCompile EmbeddedClaudeSession.swift

SwiftCompile normal arm64 /Users/kevinnadjarian/GitHub/Throttle/build/convergence-recovery-20260920/Throttle/Services/EmbeddedModelProvider.swift (in target 'Throttle' from project 'Throttle')
    cd /Users/kevinnadjarian/GitHub/Throttle/build/convergence-recovery-20260920
    builtin-SwiftPerFileCompile EmbeddedModelProvider.swift

SwiftCompile normal arm64 /Users/kevinnadjarian/GitHub/Throttle/build/convergence-recovery-20260920/Throttle/Services/EmbeddingProvider.swift (in target 'Throttle' from project 'Throttle')
    cd /Users/kevinnadjarian/GitHub/Throttle/build/convergence-recovery-20260920
    builtin-SwiftPerFileCompile EmbeddingProvider.swift

SwiftDriverJobDiscovery normal arm64 Compiling LicenseService.swift, TaskIntegrationService.swift (in target 'Throttle' from project 'Throttle')

SwiftCompile normal arm64 Compiling\ TaskIntegrationVerifyChild.swift /Users/kevinnadjarian/GitHub/Throttle/build/convergence-recovery-20260920/Throttle/Services/TaskIntegrationVerifyChild.swift (in target 'Throttle' from project 'Throttle')

SwiftCompile normal arm64 /Users/kevinnadjarian/GitHub/Throttle/build/convergence-recovery-20260920/Throttle/Services/TaskIntegrationVerifyChild.swift (in target 'Throttle' from project 'Throttle')
    cd /Users/kevinnadjarian/GitHub/Throttle/build/convergence-recovery-20260920
    builtin-SwiftPerFileCompile TaskIntegrationVerifyChild.swift

SwiftDriverJobDiscovery normal arm64 Compiling EmbeddedClaudeSession.swift, EmbeddedModelProvider.swift, EmbeddingProvider.swift (in target 'Throttle' from project 'Throttle')

SwiftCompile normal arm64 Compiling\ AppDelegate+License.swift,\ AppDelegateDeepLinks.swift /Users/kevinnadjarian/GitHub/Throttle/build/convergence-recovery-20260920/Throttle/AppDelegate+License.swift /Users/kevinnadjarian/GitHub/Throttle/build/convergence-recovery-20260920/Throttle/AppDelegateDeepLinks.swift (in target 'Throttle' from project 'Throttle')

SwiftCompile normal arm64 /Users/kevinnadjarian/GitHub/Throttle/build/convergence-recovery-20260920/Throttle/AppDelegate+License.swift (in target 'Throttle' from project 'Throttle')
    cd /Users/kevinnadjarian/GitHub/Throttle/build/convergence-recovery-20260920
    builtin-SwiftPerFileCompile AppDelegate+License.swift

SwiftCompile normal arm64 /Users/kevinnadjarian/GitHub/Throttle/build/convergence-recovery-20260920/Throttle/AppDelegateDeepLinks.swift (in target 'Throttle' from project 'Throttle')
    cd /Users/kevinnadjarian/GitHub/Throttle/build/convergence-recovery-20260920
    builtin-SwiftPerFileCompile AppDelegateDeepLinks.swift

SwiftDriverJobDiscovery normal arm64 Compiling TaskIntegrationVerifyChild.swift (in target 'Throttle' from project 'Throttle')

SwiftCompile normal arm64 Compiling\ TaskIntegrationServiceVerify.swift /Users/kevinnadjarian/GitHub/Throttle/build/convergence-recovery-20260920/Throttle/Services/TaskIntegrationServiceVerify.swift (in target 'Throttle' from project 'Throttle')

SwiftCompile normal arm64 /Users/kevinnadjarian/GitHub/Throttle/build/convergence-recovery-20260920/Throttle/Services/TaskIntegrationServiceVerify.swift (in target 'Throttle' from project 'Throttle')
    cd /Users/kevinnadjarian/GitHub/Throttle/build/convergence-recovery-20260920
    builtin-SwiftPerFileCompile TaskIntegrationServiceVerify.swift

SwiftDriverJobDiscovery normal arm64 Compiling AppDelegate+License.swift, AppDelegateDeepLinks.swift (in target 'Throttle' from project 'Throttle')

SwiftCompile normal arm64 Compiling\ AppState.swift,\ DevUnlockService.swift /Users/kevinnadjarian/GitHub/Throttle/build/convergence-recovery-20260920/Throttle/State/AppState.swift /Users/kevinnadjarian/GitHub/Throttle/build/convergence-recovery-20260920/Throttle/Services/DevUnlockService.swift (in target 'Throttle' from project 'Throttle')

SwiftCompile normal arm64 /Users/kevinnadjarian/GitHub/Throttle/build/convergence-recovery-20260920/Throttle/State/AppState.swift (in target 'Throttle' from project 'Throttle')
    cd /Users/kevinnadjarian/GitHub/Throttle/build/convergence-recovery-20260920
    builtin-SwiftPerFileCompile AppState.swift

SwiftCompile normal arm64 /Users/kevinnadjarian/GitHub/Throttle/build/convergence-recovery-20260920/Throttle/Services/DevUnlockService.swift (in target 'Throttle' from project 'Throttle')
    cd /Users/kevinnadjarian/GitHub/Throttle/build/convergence-recovery-20260920
    builtin-SwiftPerFileCompile DevUnlockService.swift

SwiftDriverJobDiscovery normal arm64 Compiling TaskIntegrationServiceVerify.swift (in target 'Throttle' from project 'Throttle')

SwiftCompile normal arm64 Compiling\ PlanIntegrationModel.swift /Users/kevinnadjarian/GitHub/Throttle/build/convergence-recovery-20260920/Throttle/State/PlanIntegrationModel.swift (in target 'Throttle' from project 'Throttle')

SwiftCompile normal arm64 /Users/kevinnadjarian/GitHub/Throttle/build/convergence-recovery-20260920/Throttle/State/PlanIntegrationModel.swift (in target 'Throttle' from project 'Throttle')
    cd /Users/kevinnadjarian/GitHub/Throttle/build/convergence-recovery-20260920
    builtin-SwiftPerFileCompile PlanIntegrationModel.swift

SwiftDriverJobDiscovery normal arm64 Emitting module for Throttle (in target 'Throttle' from project 'Throttle')

SwiftDriver\ Compilation\ Requirements Throttle normal arm64 com.apple.xcode.tools.swift.compiler (in target 'Throttle' from project 'Throttle')
    cd /Users/kevinnadjarian/GitHub/Throttle/build/convergence-recovery-20260920
    builtin-Swift-Compilation-Requirements -- /Applications/Xcode.app/Contents/Developer/Toolchains/XcodeDefault.xctoolchain/usr/bin/swiftc -module-name Throttle -Onone @/Volumes/DeveloperStorage/BuildScratch/throttle-convergence-20260920/DerivedData/Build/Intermediates.noindex/Throttle.build/Debug/Throttle.build/Objects-normal/arm64/Throttle.SwiftFileList -DDEBUG -Xcc -fmodule-map-file\=/Volumes/DeveloperStorage/BuildScratch/throttle-convergence-20260920/SourcePackages/checkouts/GRDB.swift/Sources/CSQLite/module.modulemap -Xcc -fmodule-map-file\=/Volumes/DeveloperStorage/BuildScratch/throttle-convergence-20260920/SourcePackages/checkouts/swift-numerics/Sources/_NumericsShims/include/module.modulemap -Xcc -fmodule-map-file\=/Volumes/DeveloperStorage/BuildScratch/throttle-convergence-20260920/SourcePackages/checkouts/mlx-swift/Source/Cmlx/include/module.modulemap -Xcc -fmodule-map-file\=/Volumes/DeveloperStorage/BuildScratch/throttle-convergence-20260920/SourcePackages/checkouts/swift-atomics/Sources/_AtomicsShims/include/module.modulemap -Xcc -fmodule-map-file\=/Volumes/DeveloperStorage/BuildScratch/throttle-convergence-20260920/DerivedData/Build/Intermediates.noindex/GeneratedModuleMaps/CNIOWASI.modulemap -Xcc -fmodule-map-file\=/Volumes/DeveloperStorage/BuildScratch/throttle-convergence-20260920/SourcePackages/checkouts/swift-nio/Sources/CNIOWindows/include/module.modulemap -Xcc -fmodule-map-file\=/Volumes/DeveloperStorage/BuildScratch/throttle-convergence-20260920/DerivedData/Build/Intermediates.noindex/GeneratedModuleMaps/CNIOLinux.modulemap -Xcc -fmodule-map-file\=/Volumes/DeveloperStorage/BuildScratch/throttle-convergence-20260920/DerivedData/Build/Intermediates.noindex/GeneratedModuleMaps/CNIODarwin.modulemap -Xcc -fmodule-map-file\=/Volumes/DeveloperStorage/BuildScratch/throttle-convergence-20260920/DerivedData/Build/Intermediates.noindex/GeneratedModuleMaps/CNIOFreeBSD.modulemap -Xcc -fmodule-map-file\=/Volumes/DeveloperStorage/BuildScratch/throttle-convergence-20260920/DerivedData/Build/Intermediates.noindex/GeneratedModuleMaps/CNIOOpenBSD.modulemap -Xcc -fmodule-map-file\=/Volumes/DeveloperStorage/BuildScratch/throttle-convergence-20260920/DerivedData/Build/Intermediates.noindex/GeneratedModuleMaps/CNIOAtomics.modulemap -Xcc -fmodule-map-file\=/Volumes/DeveloperStorage/BuildScratch/throttle-convergence-20260920/DerivedData/Build/Intermediates.noindex/GeneratedModuleMaps/yyjson.modulemap -enable-experimental-feature DebugDescriptionMacro -sdk /Applications/Xcode.app/Contents/Developer/Platforms/MacOSX.platform/Developer/SDKs/MacOSX27.0.sdk -target arm64-apple-macos14.0 -g -module-cache-path /Volumes/DeveloperStorage/BuildScratch/throttle-convergence-20260920/DerivedData/ModuleCache.noindex -Xfrontend -serialize-debugging-options -profile-coverage-mapping -profile-generate -enable-testing -warnings-as-errors -index-store-path /Volumes/DeveloperStorage/BuildScratch/throttle-convergence-20260920/DerivedData/Index.noindex/DataStore -Xcc -D_LIBCPP_HARDENING_MODE\=_LIBCPP_HARDENING_MODE_DEBUG -swift-version 6 -I /Volumes/DeveloperStorage/BuildScratch/throttle-convergence-20260920/DerivedData/Build/Products/Debug -F /Volumes/DeveloperStorage/BuildScratch/throttle-convergence-20260920/DerivedData/Build/Products/Debug/PackageFrameworks -F /Volumes/DeveloperStorage/BuildScratch/throttle-convergence-20260920/DerivedData/Build/Products/Debug -Xfrontend -load-plugin-executable -Xfrontend /Volumes/DeveloperStorage/BuildScratch/throttle-convergence-20260920/DerivedData/Build/Products/Debug/MLXHuggingFaceMacros\#MLXHuggingFaceMacros -c -j10 -enable-batch-mode -incremental -Xcc -ivfsstatcache -Xcc /Volumes/DeveloperStorage/BuildScratch/throttle-convergence-20260920/DerivedData/SDKStatCaches.noindex/macosx27.0-26A425-e829b21a6f8c9b70876ba0858053c0447231f6df4def33e022ae2eb8f782df1a.sdkstatcache -output-file-map /Volumes/DeveloperStorage/BuildScratch/throttle-convergence-20260920/DerivedData/Build/Intermediates.noindex/Throttle.build/Debug/Throttle.build/Objects-normal/arm64/Throttle-OutputFileMap.json -save-temps -no-color-diagnostics -explicit-module-build -module-cache-path /Volumes/DeveloperStorage/BuildScratch/throttle-convergence-20260920/DerivedData/Build/Intermediates.noindex/SwiftExplicitPrecompiledModules -clang-scanner-module-cache-path /Volumes/DeveloperStorage/BuildScratch/throttle-convergence-20260920/DerivedData/ModuleCache.noindex -sdk-module-cache-path /Volumes/DeveloperStorage/BuildScratch/throttle-convergence-20260920/DerivedData/SDKExplicitPrecompiledModules -emit-dependencies -emit-module -emit-module-path /Volumes/DeveloperStorage/BuildScratch/throttle-convergence-20260920/DerivedData/Build/Intermediates.noindex/Throttle.build/Debug/Throttle.build/Objects-normal/arm64/Throttle.swiftmodule -serialize-diagnostics -dependency-scan-serialize-diagnostics-path /Volumes/DeveloperStorage/BuildScratch/throttle-convergence-20260920/DerivedData/Build/Intermediates.noindex/Throttle.build/Debug/Throttle.build/Objects-normal/arm64/Throttle-dependency-scan.dia -validate-clang-modules-once -clang-build-session-file /Volumes/DeveloperStorage/BuildScratch/throttle-convergence-20260920/DerivedData/ModuleCache.noindex/Session.modulevalidation -Xcc -fmodules-prune-interval\=86400 -Xcc -fmodules-prune-after\=345600 -emit-const-values -const-gather-protocols-list /Volumes/DeveloperStorage/BuildScratch/throttle-convergence-20260920/DerivedData/Build/Intermediates.noindex/Throttle.build/Debug/Throttle.build/Objects-normal/arm64/Throttle_const_extract_protocols.json -Xcc -iquote -Xcc /Volumes/DeveloperStorage/BuildScratch/throttle-convergence-20260920/DerivedData/Build/Intermediates.noindex/Throttle.build/Debug/Throttle.build/Throttle-generated-files.hmap -Xcc -I/Volumes/DeveloperStorage/BuildScratch/throttle-convergence-20260920/DerivedData/Build/Intermediates.noindex/Throttle.build/Debug/Throttle.build/Throttle-own-target-headers.hmap -Xcc -I/Volumes/DeveloperStorage/BuildScratch/throttle-convergence-20260920/DerivedData/Build/Intermediates.noindex/Throttle.build/Debug/Throttle.build/Throttle-all-non-framework-target-headers.hmap -Xcc -ivfsoverlay -Xcc /Volumes/DeveloperStorage/BuildScratch/throttle-convergence-20260920/DerivedData/Build/Intermediates.noindex/Throttle.build/Debug/Throttle-c41c58a016fc9f4310c5f27451fa5182-VFS/all-product-headers.yaml -Xcc -iquote -Xcc /Volumes/DeveloperStorage/BuildScratch/throttle-convergence-20260920/DerivedData/Build/Intermediates.noindex/Throttle.build/Debug/Throttle.build/Throttle-project-headers.hmap -Xcc -I/Volumes/DeveloperStorage/BuildScratch/throttle-convergence-20260920/SourcePackages/checkouts/swift-numerics/Sources/_NumericsShims/include -Xcc -I/Volumes/DeveloperStorage/BuildScratch/throttle-convergence-20260920/SourcePackages/checkouts/mlx-swift/Source/Cmlx/include -Xcc -I/Volumes/DeveloperStorage/BuildScratch/throttle-convergence-20260920/SourcePackages/checkouts/swift-atomics/Sources/_AtomicsShims/include -Xcc -I/Volumes/DeveloperStorage/BuildScratch/throttle-convergence-20260920/SourcePackages/checkouts/swift-nio/Sources/CNIOWASI/include -Xcc -I/Volumes/DeveloperStorage/BuildScratch/throttle-convergence-20260920/SourcePackages/checkouts/swift-nio/Sources/CNIOWindows/include -Xcc -I/Volumes/DeveloperStorage/BuildScratch/throttle-convergence-20260920/SourcePackages/checkouts/swift-nio/Sources/CNIOLinux/include -Xcc -I/Volumes/DeveloperStorage/BuildScratch/throttle-convergence-20260920/SourcePackages/checkouts/swift-nio/Sources/CNIODarwin/include -Xcc -I/Volumes/DeveloperStorage/BuildScratch/throttle-convergence-20260920/SourcePackages/checkouts/swift-nio/Sources/CNIOFreeBSD/include -Xcc -I/Volumes/DeveloperStorage/BuildScratch/throttle-convergence-20260920/SourcePackages/checkouts/swift-nio/Sources/CNIOOpenBSD/include -Xcc -I/Volumes/DeveloperStorage/BuildScratch/throttle-convergence-20260920/SourcePackages/checkouts/swift-nio/Sources/CNIOAtomics/include -Xcc -I/Volumes/DeveloperStorage/BuildScratch/throttle-convergence-20260920/SourcePackages/checkouts/yyjson/src -Xcc -I/Volumes/DeveloperStorage/BuildScratch/throttle-convergence-20260920/DerivedData/Build/Products/Debug/include -Xcc -I/Volumes/DeveloperStorage/BuildScratch/throttle-convergence-20260920/DerivedData/Build/Intermediates.noindex/Throttle.build/Debug/Throttle.build/DerivedSources-normal/arm64 -Xcc -I/Volumes/DeveloperStorage/BuildScratch/throttle-convergence-20260920/DerivedData/Build/Intermediates.noindex/Throttle.build/Debug/Throttle.build/DerivedSources/arm64 -Xcc -I/Volumes/DeveloperStorage/BuildScratch/throttle-convergence-20260920/DerivedData/Build/Intermediates.noindex/Throttle.build/Debug/Throttle.build/DerivedSources -Xcc -DDEBUG\=1 -emit-objc-header -emit-objc-header-path /Volumes/DeveloperStorage/BuildScratch/throttle-convergence-20260920/DerivedData/Build/Intermediates.noindex/Throttle.build/Debug/Throttle.build/Objects-normal/arm64/Throttle-Swift.h -working-directory /Users/kevinnadjarian/GitHub/Throttle/build/convergence-recovery-20260920 -experimental-emit-module-separately -disable-cmo

SwiftDriverJobDiscovery normal arm64 Compiling PlanIntegrationModel.swift (in target 'Throttle' from project 'Throttle')

SwiftCompile normal arm64 Compiling\ TaskIntegrationServiceReview.swift /Users/kevinnadjarian/GitHub/Throttle/build/convergence-recovery-20260920/Throttle/Services/TaskIntegrationServiceReview.swift (in target 'Throttle' from project 'Throttle')

SwiftCompile normal arm64 /Users/kevinnadjarian/GitHub/Throttle/build/convergence-recovery-20260920/Throttle/Services/TaskIntegrationServiceReview.swift (in target 'Throttle' from project 'Throttle')
    cd /Users/kevinnadjarian/GitHub/Throttle/build/convergence-recovery-20260920
    builtin-SwiftPerFileCompile TaskIntegrationServiceReview.swift

SwiftCompile normal arm64 Compiling\ InlineProPane+ExactMode.swift,\ InlineProPane.swift /Users/kevinnadjarian/GitHub/Throttle/build/convergence-recovery-20260920/Throttle/UI/MenuBar/InlineProPane+ExactMode.swift /Users/kevinnadjarian/GitHub/Throttle/build/convergence-recovery-20260920/Throttle/UI/MenuBar/InlineProPane.swift (in target 'Throttle' from project 'Throttle')

SwiftCompile normal arm64 /Users/kevinnadjarian/GitHub/Throttle/build/convergence-recovery-20260920/Throttle/UI/MenuBar/InlineProPane+ExactMode.swift (in target 'Throttle' from project 'Throttle')
    cd /Users/kevinnadjarian/GitHub/Throttle/build/convergence-recovery-20260920
    builtin-SwiftPerFileCompile InlineProPane+ExactMode.swift

SwiftCompile normal arm64 /Users/kevinnadjarian/GitHub/Throttle/build/convergence-recovery-20260920/Throttle/UI/MenuBar/InlineProPane.swift (in target 'Throttle' from project 'Throttle')
    cd /Users/kevinnadjarian/GitHub/Throttle/build/convergence-recovery-20260920
    builtin-SwiftPerFileCompile InlineProPane.swift

SwiftDriverJobDiscovery normal arm64 Compiling AppState.swift, DevUnlockService.swift (in target 'Throttle' from project 'Throttle')

SwiftCompile normal arm64 Compiling\ LicenseService+Payload.swift,\ NotebookLMGatewayProcess.swift /Users/kevinnadjarian/GitHub/Throttle/build/convergence-recovery-20260920/Throttle/Network/LicenseService+Payload.swift /Users/kevinnadjarian/GitHub/Throttle/build/convergence-recovery-20260920/Throttle/Services/NotebookLMGatewayProcess.swift (in target 'Throttle' from project 'Throttle')

SwiftCompile normal arm64 /Users/kevinnadjarian/GitHub/Throttle/build/convergence-recovery-20260920/Throttle/Network/LicenseService+Payload.swift (in target 'Throttle' from project 'Throttle')
    cd /Users/kevinnadjarian/GitHub/Throttle/build/convergence-recovery-20260920
    builtin-SwiftPerFileCompile LicenseService+Payload.swift

SwiftCompile normal arm64 /Users/kevinnadjarian/GitHub/Throttle/build/convergence-recovery-20260920/Throttle/Services/NotebookLMGatewayProcess.swift (in target 'Throttle' from project 'Throttle')
    cd /Users/kevinnadjarian/GitHub/Throttle/build/convergence-recovery-20260920
    builtin-SwiftPerFileCompile NotebookLMGatewayProcess.swift

SwiftDriverJobDiscovery normal arm64 Compiling TaskIntegrationServiceReview.swift (in target 'Throttle' from project 'Throttle')

SwiftCompile normal arm64 Compiling\ RemoteTransferGit.swift /Users/kevinnadjarian/GitHub/Throttle/build/convergence-recovery-20260920/Throttle/Services/RemoteTransferGit.swift (in target 'Throttle' from project 'Throttle')

SwiftCompile normal arm64 /Users/kevinnadjarian/GitHub/Throttle/build/convergence-recovery-20260920/Throttle/Services/RemoteTransferGit.swift (in target 'Throttle' from project 'Throttle')
    cd /Users/kevinnadjarian/GitHub/Throttle/build/convergence-recovery-20260920
    builtin-SwiftPerFileCompile RemoteTransferGit.swift

SwiftDriverJobDiscovery normal arm64 Compiling LicenseService+Payload.swift, NotebookLMGatewayProcess.swift (in target 'Throttle' from project 'Throttle')

SwiftCompile normal arm64 Compiling\ DropdownView+Meter.swift,\ DropdownView+Navigation.swift,\ DropdownView+Preview.swift /Users/kevinnadjarian/GitHub/Throttle/build/convergence-recovery-20260920/Throttle/UI/MenuBar/DropdownView+Meter.swift /Users/kevinnadjarian/GitHub/Throttle/build/convergence-recovery-20260920/Throttle/UI/MenuBar/DropdownView+Navigation.swift /Users/kevinnadjarian/GitHub/Throttle/build/convergence-recovery-20260920/Throttle/UI/MenuBar/DropdownView+Preview.swift (in target 'Throttle' from project 'Throttle')

SwiftCompile normal arm64 /Users/kevinnadjarian/GitHub/Throttle/build/convergence-recovery-20260920/Throttle/UI/MenuBar/DropdownView+Meter.swift (in target 'Throttle' from project 'Throttle')
    cd /Users/kevinnadjarian/GitHub/Throttle/build/convergence-recovery-20260920
    builtin-SwiftPerFileCompile DropdownView+Meter.swift

SwiftCompile normal arm64 /Users/kevinnadjarian/GitHub/Throttle/build/convergence-recovery-20260920/Throttle/UI/MenuBar/DropdownView+Navigation.swift (in target 'Throttle' from project 'Throttle')
    cd /Users/kevinnadjarian/GitHub/Throttle/build/convergence-recovery-20260920
    builtin-SwiftPerFileCompile DropdownView+Navigation.swift

SwiftCompile normal arm64 /Users/kevinnadjarian/GitHub/Throttle/build/convergence-recovery-20260920/Throttle/UI/MenuBar/DropdownView+Preview.swift (in target 'Throttle' from project 'Throttle')
    cd /Users/kevinnadjarian/GitHub/Throttle/build/convergence-recovery-20260920
    builtin-SwiftPerFileCompile DropdownView+Preview.swift

SwiftDriverJobDiscovery normal arm64 Compiling RemoteTransferGit.swift (in target 'Throttle' from project 'Throttle')

SwiftCompile normal arm64 Compiling\ EvalReadout.swift,\ ExactModeMessage.swift /Users/kevinnadjarian/GitHub/Throttle/build/convergence-recovery-20260920/Throttle/UI/ProjectWindow/EvalReadout.swift /Users/kevinnadjarian/GitHub/Throttle/build/convergence-recovery-20260920/Throttle/UI/MenuBar/ExactModeMessage.swift (in target 'Throttle' from project 'Throttle')

SwiftCompile normal arm64 /Users/kevinnadjarian/GitHub/Throttle/build/convergence-recovery-20260920/Throttle/UI/ProjectWindow/EvalReadout.swift (in target 'Throttle' from project 'Throttle')
    cd /Users/kevinnadjarian/GitHub/Throttle/build/convergence-recovery-20260920
    builtin-SwiftPerFileCompile EvalReadout.swift

SwiftCompile normal arm64 /Users/kevinnadjarian/GitHub/Throttle/build/convergence-recovery-20260920/Throttle/UI/MenuBar/ExactModeMessage.swift (in target 'Throttle' from project 'Throttle')
    cd /Users/kevinnadjarian/GitHub/Throttle/build/convergence-recovery-20260920
    builtin-SwiftPerFileCompile ExactModeMessage.swift

SwiftDriverJobDiscovery normal arm64 Compiling InlineProPane+ExactMode.swift, InlineProPane.swift (in target 'Throttle' from project 'Throttle')

SwiftCompile normal arm64 Compiling\ DiagnosticsPreviewView.swift,\ DiagnosticsPreviewWindowController.swift,\ DiffView.swift /Users/kevinnadjarian/GitHub/Throttle/build/convergence-recovery-20260920/Throttle/UI/MenuBar/DiagnosticsPreviewView.swift /Users/kevinnadjarian/GitHub/Throttle/build/convergence-recovery-20260920/Throttle/UI/MenuBar/DiagnosticsPreviewWindowController.swift /Users/kevinnadjarian/GitHub/Throttle/build/convergence-recovery-20260920/Throttle/UI/Shared/DiffView.swift (in target 'Throttle' from project 'Throttle')

SwiftCompile normal arm64 /Users/kevinnadjarian/GitHub/Throttle/build/convergence-recovery-20260920/Throttle/UI/MenuBar/DiagnosticsPreviewView.swift (in target 'Throttle' from project 'Throttle')
    cd /Users/kevinnadjarian/GitHub/Throttle/build/convergence-recovery-20260920
    builtin-SwiftPerFileCompile DiagnosticsPreviewView.swift

SwiftCompile normal arm64 /Users/kevinnadjarian/GitHub/Throttle/build/convergence-recovery-20260920/Throttle/UI/MenuBar/DiagnosticsPreviewWindowController.swift (in target 'Throttle' from project 'Throttle')
    cd /Users/kevinnadjarian/GitHub/Throttle/build/convergence-recovery-20260920
    builtin-SwiftPerFileCompile DiagnosticsPreviewWindowController.swift

SwiftCompile normal arm64 /Users/kevinnadjarian/GitHub/Throttle/build/convergence-recovery-20260920/Throttle/UI/Shared/DiffView.swift (in target 'Throttle' from project 'Throttle')
    cd /Users/kevinnadjarian/GitHub/Throttle/build/convergence-recovery-20260920
    builtin-SwiftPerFileCompile DiffView.swift

SwiftDriverJobDiscovery normal arm64 Compiling EvalReadout.swift, ExactModeMessage.swift (in target 'Throttle' from project 'Throttle')

SwiftCompile normal arm64 Compiling\ DropdownDockKit.swift,\ DropdownSettingsComponents.swift,\ DropdownView+Bars.swift /Users/kevinnadjarian/GitHub/Throttle/build/convergence-recovery-20260920/Throttle/UI/MenuBar/DropdownDockKit.swift /Users/kevinnadjarian/GitHub/Throttle/build/convergence-recovery-20260920/Throttle/UI/MenuBar/DropdownSettingsComponents.swift /Users/kevinnadjarian/GitHub/Throttle/build/convergence-recovery-20260920/Throttle/UI/MenuBar/DropdownView+Bars.swift (in target 'Throttle' from project 'Throttle')

SwiftCompile normal arm64 /Users/kevinnadjarian/GitHub/Throttle/build/convergence-recovery-20260920/Throttle/UI/MenuBar/DropdownDockKit.swift (in target 'Throttle' from project 'Throttle')
    cd /Users/kevinnadjarian/GitHub/Throttle/build/convergence-recovery-20260920
    builtin-SwiftPerFileCompile DropdownDockKit.swift

SwiftCompile normal arm64 /Users/kevinnadjarian/GitHub/Throttle/build/convergence-recovery-20260920/Throttle/UI/MenuBar/DropdownSettingsComponents.swift (in target 'Throttle' from project 'Throttle')
    cd /Users/kevinnadjarian/GitHub/Throttle/build/convergence-recovery-20260920
    builtin-SwiftPerFileCompile DropdownSettingsComponents.swift

SwiftCompile normal arm64 /Users/kevinnadjarian/GitHub/Throttle/build/convergence-recovery-20260920/Throttle/UI/MenuBar/DropdownView+Bars.swift (in target 'Throttle' from project 'Throttle')
    cd /Users/kevinnadjarian/GitHub/Throttle/build/convergence-recovery-20260920
    builtin-SwiftPerFileCompile DropdownView+Bars.swift

SwiftDriverJobDiscovery normal arm64 Compiling DiagnosticsPreviewView.swift, DiagnosticsPreviewWindowController.swift, DiffView.swift (in target 'Throttle' from project 'Throttle')

SwiftCompile normal arm64 Compiling\ TaskIntegrationVerifyProcess.swift /Users/kevinnadjarian/GitHub/Throttle/build/convergence-recovery-20260920/Throttle/Services/TaskIntegrationVerifyProcess.swift (in target 'Throttle' from project 'Throttle')

SwiftCompile normal arm64 /Users/kevinnadjarian/GitHub/Throttle/build/convergence-recovery-20260920/Throttle/Services/TaskIntegrationVerifyProcess.swift (in target 'Throttle' from project 'Throttle')
    cd /Users/kevinnadjarian/GitHub/Throttle/build/convergence-recovery-20260920
    builtin-SwiftPerFileCompile TaskIntegrationVerifyProcess.swift

SwiftDriverJobDiscovery normal arm64 Compiling DropdownDockKit.swift, DropdownSettingsComponents.swift, DropdownView+Bars.swift (in target 'Throttle' from project 'Throttle')

SwiftDriverJobDiscovery normal arm64 Compiling TaskIntegrationVerifyProcess.swift (in target 'Throttle' from project 'Throttle')

SwiftDriverJobDiscovery normal arm64 Compiling DropdownView+Meter.swift, DropdownView+Navigation.swift, DropdownView+Preview.swift (in target 'Throttle' from project 'Throttle')

SwiftDriver\ Compilation Throttle normal arm64 com.apple.xcode.tools.swift.compiler (in target 'Throttle' from project 'Throttle')
    cd /Users/kevinnadjarian/GitHub/Throttle/build/convergence-recovery-20260920
    builtin-Swift-Compilation -- /Applications/Xcode.app/Contents/Developer/Toolchains/XcodeDefault.xctoolchain/usr/bin/swiftc -module-name Throttle -Onone @/Volumes/DeveloperStorage/BuildScratch/throttle-convergence-20260920/DerivedData/Build/Intermediates.noindex/Throttle.build/Debug/Throttle.build/Objects-normal/arm64/Throttle.SwiftFileList -DDEBUG -Xcc -fmodule-map-file\=/Volumes/DeveloperStorage/BuildScratch/throttle-convergence-20260920/SourcePackages/checkouts/GRDB.swift/Sources/CSQLite/module.modulemap -Xcc -fmodule-map-file\=/Volumes/DeveloperStorage/BuildScratch/throttle-convergence-20260920/SourcePackages/checkouts/swift-numerics/Sources/_NumericsShims/include/module.modulemap -Xcc -fmodule-map-file\=/Volumes/DeveloperStorage/BuildScratch/throttle-convergence-20260920/SourcePackages/checkouts/mlx-swift/Source/Cmlx/include/module.modulemap -Xcc -fmodule-map-file\=/Volumes/DeveloperStorage/BuildScratch/throttle-convergence-20260920/SourcePackages/checkouts/swift-atomics/Sources/_AtomicsShims/include/module.modulemap -Xcc -fmodule-map-file\=/Volumes/DeveloperStorage/BuildScratch/throttle-convergence-20260920/DerivedData/Build/Intermediates.noindex/GeneratedModuleMaps/CNIOWASI.modulemap -Xcc -fmodule-map-file\=/Volumes/DeveloperStorage/BuildScratch/throttle-convergence-20260920/SourcePackages/checkouts/swift-nio/Sources/CNIOWindows/include/module.modulemap -Xcc -fmodule-map-file\=/Volumes/DeveloperStorage/BuildScratch/throttle-convergence-20260920/DerivedData/Build/Intermediates.noindex/GeneratedModuleMaps/CNIOLinux.modulemap -Xcc -fmodule-map-file\=/Volumes/DeveloperStorage/BuildScratch/throttle-convergence-20260920/DerivedData/Build/Intermediates.noindex/GeneratedModuleMaps/CNIODarwin.modulemap -Xcc -fmodule-map-file\=/Volumes/DeveloperStorage/BuildScratch/throttle-convergence-20260920/DerivedData/Build/Intermediates.noindex/GeneratedModuleMaps/CNIOFreeBSD.modulemap -Xcc -fmodule-map-file\=/Volumes/DeveloperStorage/BuildScratch/throttle-convergence-20260920/DerivedData/Build/Intermediates.noindex/GeneratedModuleMaps/CNIOOpenBSD.modulemap -Xcc -fmodule-map-file\=/Volumes/DeveloperStorage/BuildScratch/throttle-convergence-20260920/DerivedData/Build/Intermediates.noindex/GeneratedModuleMaps/CNIOAtomics.modulemap -Xcc -fmodule-map-file\=/Volumes/DeveloperStorage/BuildScratch/throttle-convergence-20260920/DerivedData/Build/Intermediates.noindex/GeneratedModuleMaps/yyjson.modulemap -enable-experimental-feature DebugDescriptionMacro -sdk /Applications/Xcode.app/Contents/Developer/Platforms/MacOSX.platform/Developer/SDKs/MacOSX27.0.sdk -target arm64-apple-macos14.0 -g -module-cache-path /Volumes/DeveloperStorage/BuildScratch/throttle-convergence-20260920/DerivedData/ModuleCache.noindex -Xfrontend -serialize-debugging-options -profile-coverage-mapping -profile-generate -enable-testing -warnings-as-errors -index-store-path /Volumes/DeveloperStorage/BuildScratch/throttle-convergence-20260920/DerivedData/Index.noindex/DataStore -Xcc -D_LIBCPP_HARDENING_MODE\=_LIBCPP_HARDENING_MODE_DEBUG -swift-version 6 -I /Volumes/DeveloperStorage/BuildScratch/throttle-convergence-20260920/DerivedData/Build/Products/Debug -F /Volumes/DeveloperStorage/BuildScratch/throttle-convergence-20260920/DerivedData/Build/Products/Debug/PackageFrameworks -F /Volumes/DeveloperStorage/BuildScratch/throttle-convergence-20260920/DerivedData/Build/Products/Debug -Xfrontend -load-plugin-executable -Xfrontend /Volumes/DeveloperStorage/BuildScratch/throttle-convergence-20260920/DerivedData/Build/Products/Debug/MLXHuggingFaceMacros\#MLXHuggingFaceMacros -c -j10 -enable-batch-mode -incremental -Xcc -ivfsstatcache -Xcc /Volumes/DeveloperStorage/BuildScratch/throttle-convergence-20260920/DerivedData/SDKStatCaches.noindex/macosx27.0-26A425-e829b21a6f8c9b70876ba0858053c0447231f6df4def33e022ae2eb8f782df1a.sdkstatcache -output-file-map /Volumes/DeveloperStorage/BuildScratch/throttle-convergence-20260920/DerivedData/Build/Intermediates.noindex/Throttle.build/Debug/Throttle.build/Objects-normal/arm64/Throttle-OutputFileMap.json -save-temps -no-color-diagnostics -explicit-module-build -module-cache-path /Volumes/DeveloperStorage/BuildScratch/throttle-convergence-20260920/DerivedData/Build/Intermediates.noindex/SwiftExplicitPrecompiledModules -clang-scanner-module-cache-path /Volumes/DeveloperStorage/BuildScratch/throttle-convergence-20260920/DerivedData/ModuleCache.noindex -sdk-module-cache-path /Volumes/DeveloperStorage/BuildScratch/throttle-convergence-20260920/DerivedData/SDKExplicitPrecompiledModules -emit-dependencies -emit-module -emit-module-path /Volumes/DeveloperStorage/BuildScratch/throttle-convergence-20260920/DerivedData/Build/Intermediates.noindex/Throttle.build/Debug/Throttle.build/Objects-normal/arm64/Throttle.swiftmodule -serialize-diagnostics -dependency-scan-serialize-diagnostics-path /Volumes/DeveloperStorage/BuildScratch/throttle-convergence-20260920/DerivedData/Build/Intermediates.noindex/Throttle.build/Debug/Throttle.build/Objects-normal/arm64/Throttle-dependency-scan.dia -validate-clang-modules-once -clang-build-session-file /Volumes/DeveloperStorage/BuildScratch/throttle-convergence-20260920/DerivedData/ModuleCache.noindex/Session.modulevalidation -Xcc -fmodules-prune-interval\=86400 -Xcc -fmodules-prune-after\=345600 -emit-const-values -const-gather-protocols-list /Volumes/DeveloperStorage/BuildScratch/throttle-convergence-20260920/DerivedData/Build/Intermediates.noindex/Throttle.build/Debug/Throttle.build/Objects-normal/arm64/Throttle_const_extract_protocols.json -Xcc -iquote -Xcc /Volumes/DeveloperStorage/BuildScratch/throttle-convergence-20260920/DerivedData/Build/Intermediates.noindex/Throttle.build/Debug/Throttle.build/Throttle-generated-files.hmap -Xcc -I/Volumes/DeveloperStorage/BuildScratch/throttle-convergence-20260920/DerivedData/Build/Intermediates.noindex/Throttle.build/Debug/Throttle.build/Throttle-own-target-headers.hmap -Xcc -I/Volumes/DeveloperStorage/BuildScratch/throttle-convergence-20260920/DerivedData/Build/Intermediates.noindex/Throttle.build/Debug/Throttle.build/Throttle-all-non-framework-target-headers.hmap -Xcc -ivfsoverlay -Xcc /Volumes/DeveloperStorage/BuildScratch/throttle-convergence-20260920/DerivedData/Build/Intermediates.noindex/Throttle.build/Debug/Throttle-c41c58a016fc9f4310c5f27451fa5182-VFS/all-product-headers.yaml -Xcc -iquote -Xcc /Volumes/DeveloperStorage/BuildScratch/throttle-convergence-20260920/DerivedData/Build/Intermediates.noindex/Throttle.build/Debug/Throttle.build/Throttle-project-headers.hmap -Xcc -I/Volumes/DeveloperStorage/BuildScratch/throttle-convergence-20260920/SourcePackages/checkouts/swift-numerics/Sources/_NumericsShims/include -Xcc -I/Volumes/DeveloperStorage/BuildScratch/throttle-convergence-20260920/SourcePackages/checkouts/mlx-swift/Source/Cmlx/include -Xcc -I/Volumes/DeveloperStorage/BuildScratch/throttle-convergence-20260920/SourcePackages/checkouts/swift-atomics/Sources/_AtomicsShims/include -Xcc -I/Volumes/DeveloperStorage/BuildScratch/throttle-convergence-20260920/SourcePackages/checkouts/swift-nio/Sources/CNIOWASI/include -Xcc -I/Volumes/DeveloperStorage/BuildScratch/throttle-convergence-20260920/SourcePackages/checkouts/swift-nio/Sources/CNIOWindows/include -Xcc -I/Volumes/DeveloperStorage/BuildScratch/throttle-convergence-20260920/SourcePackages/checkouts/swift-nio/Sources/CNIOLinux/include -Xcc -I/Volumes/DeveloperStorage/BuildScratch/throttle-convergence-20260920/SourcePackages/checkouts/swift-nio/Sources/CNIODarwin/include -Xcc -I/Volumes/DeveloperStorage/BuildScratch/throttle-convergence-20260920/SourcePackages/checkouts/swift-nio/Sources/CNIOFreeBSD/include -Xcc -I/Volumes/DeveloperStorage/BuildScratch/throttle-convergence-20260920/SourcePackages/checkouts/swift-nio/Sources/CNIOOpenBSD/include -Xcc -I/Volumes/DeveloperStorage/BuildScratch/throttle-convergence-20260920/SourcePackages/checkouts/swift-nio/Sources/CNIOAtomics/include -Xcc -I/Volumes/DeveloperStorage/BuildScratch/throttle-convergence-20260920/SourcePackages/checkouts/yyjson/src -Xcc -I/Volumes/DeveloperStorage/BuildScratch/throttle-convergence-20260920/DerivedData/Build/Products/Debug/include -Xcc -I/Volumes/DeveloperStorage/BuildScratch/throttle-convergence-20260920/DerivedData/Build/Intermediates.noindex/Throttle.build/Debug/Throttle.build/DerivedSources-normal/arm64 -Xcc -I/Volumes/DeveloperStorage/BuildScratch/throttle-convergence-20260920/DerivedData/Build/Intermediates.noindex/Throttle.build/Debug/Throttle.build/DerivedSources/arm64 -Xcc -I/Volumes/DeveloperStorage/BuildScratch/throttle-convergence-20260920/DerivedData/Build/Intermediates.noindex/Throttle.build/Debug/Throttle.build/DerivedSources -Xcc -DDEBUG\=1 -emit-objc-header -emit-objc-header-path /Volumes/DeveloperStorage/BuildScratch/throttle-convergence-20260920/DerivedData/Build/Intermediates.noindex/Throttle.build/Debug/Throttle.build/Objects-normal/arm64/Throttle-Swift.h -working-directory /Users/kevinnadjarian/GitHub/Throttle/build/convergence-recovery-20260920 -experimental-emit-module-separately -disable-cmo

Ld /Volumes/DeveloperStorage/BuildScratch/throttle-convergence-20260920/DerivedData/Build/Products/Debug/Throttle.app/Contents/MacOS/Throttle.debug.dylib normal (in target 'Throttle' from project 'Throttle')
    cd /Users/kevinnadjarian/GitHub/Throttle/build/convergence-recovery-20260920
    /Applications/Xcode.app/Contents/Developer/Toolchains/XcodeDefault.xctoolchain/usr/bin/clang -Xlinker -reproducible -target arm64-apple-macos14.0 -dynamiclib -isysroot /Applications/Xcode.app/Contents/Developer/Platforms/MacOSX.platform/Developer/SDKs/MacOSX27.0.sdk -O0 -Xlinker -no_warn_duplicate_libraries -L/Volumes/DeveloperStorage/BuildScratch/throttle-convergence-20260920/DerivedData/Build/Intermediates.noindex/EagerLinkingTBDs/Debug -L/Volumes/DeveloperStorage/BuildScratch/throttle-convergence-20260920/DerivedData/Build/Products/Debug -F/Volumes/DeveloperStorage/BuildScratch/throttle-convergence-20260920/DerivedData/Build/Intermediates.noindex/EagerLinkingTBDs/Debug -F/Volumes/DeveloperStorage/BuildScratch/throttle-convergence-20260920/DerivedData/Build/Products/Debug/PackageFrameworks -F/Volumes/DeveloperStorage/BuildScratch/throttle-convergence-20260920/DerivedData/Build/Products/Debug -filelist /Volumes/DeveloperStorage/BuildScratch/throttle-convergence-20260920/DerivedData/Build/Intermediates.noindex/Throttle.build/Debug/Throttle.build/Objects-normal/arm64/Throttle.LinkFileList -install_name @rpath/Throttle.debug.dylib -Xlinker -rpath -Xlinker /usr/lib/swift -Xlinker -rpath -Xlinker @loader_path -Xlinker -rpath -Xlinker /Volumes/DeveloperStorage/BuildScratch/throttle-convergence-20260920/DerivedData/Build/Products/Debug/PackageFrameworks -Xlinker -rpath -Xlinker @executable_path/../Frameworks -Xlinker -object_path_lto -Xlinker /Volumes/DeveloperStorage/BuildScratch/throttle-convergence-20260920/DerivedData/Build/Intermediates.noindex/Throttle.build/Debug/Throttle.build/Objects-normal/arm64/Throttle_lto.o -rdynamic -Xlinker -no_deduplicate -Xlinker -debug_variant -Xlinker -dependency_info -Xlinker /Volumes/DeveloperStorage/BuildScratch/throttle-convergence-20260920/DerivedData/Build/Intermediates.noindex/Throttle.build/Debug/Throttle.build/Objects-normal/arm64/Throttle_dependency_info.dat -fobjc-link-runtime -fprofile-instr-generate -L/Applications/Xcode.app/Contents/Developer/Toolchains/XcodeDefault.xctoolchain/usr/lib/swift/macosx -L/usr/lib/swift -Xlinker -add_ast_path -Xlinker /Volumes/DeveloperStorage/BuildScratch/throttle-convergence-20260920/DerivedData/Build/Intermediates.noindex/Throttle.build/Debug/Throttle.build/Objects-normal/arm64/Throttle.swiftmodule -lc++ -framework Security -framework Security -framework Foundation -framework Metal -framework Accelerate -Xlinker -alias -Xlinker _main -Xlinker ___debug_main_executable_dylib_entry_point -framework Sparkle -o /Volumes/DeveloperStorage/BuildScratch/throttle-convergence-20260920/DerivedData/Build/Products/Debug/Throttle.app/Contents/MacOS/Throttle.debug.dylib

Ld /Volumes/DeveloperStorage/BuildScratch/throttle-convergence-20260920/DerivedData/Build/Products/Debug/Throttle.app/Contents/MacOS/__preview.dylib normal (in target 'Throttle' from project 'Throttle')
    cd /Users/kevinnadjarian/GitHub/Throttle/build/convergence-recovery-20260920
    /Applications/Xcode.app/Contents/Developer/Toolchains/XcodeDefault.xctoolchain/usr/bin/clang -Xlinker -reproducible -target arm64-apple-macos14.0 -dynamiclib -isysroot /Applications/Xcode.app/Contents/Developer/Platforms/MacOSX.platform/Developer/SDKs/MacOSX27.0.sdk -O0 -Xlinker -no_warn_duplicate_libraries -L/Volumes/DeveloperStorage/BuildScratch/throttle-convergence-20260920/DerivedData/Build/Products/Debug -F/Volumes/DeveloperStorage/BuildScratch/throttle-convergence-20260920/DerivedData/Build/Products/Debug/PackageFrameworks -F/Volumes/DeveloperStorage/BuildScratch/throttle-convergence-20260920/DerivedData/Build/Products/Debug -install_name @rpath/Throttle.debug.dylib -rdynamic -Xlinker -no_deduplicate -Xlinker -debug_variant -Xlinker -dependency_info -Xlinker /Volumes/DeveloperStorage/BuildScratch/throttle-convergence-20260920/DerivedData/Build/Intermediates.noindex/Throttle.build/Debug/Throttle.build/Objects-normal/arm64/Throttle_dependency_info.dat -o /Volumes/DeveloperStorage/BuildScratch/throttle-convergence-20260920/DerivedData/Build/Products/Debug/Throttle.app/Contents/MacOS/__preview.dylib

Copy /Volumes/DeveloperStorage/BuildScratch/throttle-convergence-20260920/DerivedData/Build/Products/Debug/Throttle.swiftmodule/arm64-apple-macos.swiftmodule /Volumes/DeveloperStorage/BuildScratch/throttle-convergence-20260920/DerivedData/Build/Intermediates.noindex/Throttle.build/Debug/Throttle.build/Objects-normal/arm64/Throttle.swiftmodule (in target 'Throttle' from project 'Throttle')
    cd /Users/kevinnadjarian/GitHub/Throttle/build/convergence-recovery-20260920
    builtin-copy -exclude .DS_Store -exclude CVS -exclude .svn -exclude .git -exclude .hg -resolve-src-symlinks -rename /Volumes/DeveloperStorage/BuildScratch/throttle-convergence-20260920/DerivedData/Build/Intermediates.noindex/Throttle.build/Debug/Throttle.build/Objects-normal/arm64/Throttle.swiftmodule /Volumes/DeveloperStorage/BuildScratch/throttle-convergence-20260920/DerivedData/Build/Products/Debug/Throttle.swiftmodule/arm64-apple-macos.swiftmodule

Copy /Volumes/DeveloperStorage/BuildScratch/throttle-convergence-20260920/DerivedData/Build/Products/Debug/Throttle.swiftmodule/arm64-apple-macos.swiftdoc /Volumes/DeveloperStorage/BuildScratch/throttle-convergence-20260920/DerivedData/Build/Intermediates.noindex/Throttle.build/Debug/Throttle.build/Objects-normal/arm64/Throttle.swiftdoc (in target 'Throttle' from project 'Throttle')
    cd /Users/kevinnadjarian/GitHub/Throttle/build/convergence-recovery-20260920
    builtin-copy -exclude .DS_Store -exclude CVS -exclude .svn -exclude .git -exclude .hg -resolve-src-symlinks -rename /Volumes/DeveloperStorage/BuildScratch/throttle-convergence-20260920/DerivedData/Build/Intermediates.noindex/Throttle.build/Debug/Throttle.build/Objects-normal/arm64/Throttle.swiftdoc /Volumes/DeveloperStorage/BuildScratch/throttle-convergence-20260920/DerivedData/Build/Products/Debug/Throttle.swiftmodule/arm64-apple-macos.swiftdoc

Copy /Volumes/DeveloperStorage/BuildScratch/throttle-convergence-20260920/DerivedData/Build/Products/Debug/Throttle.swiftmodule/arm64-apple-macos.abi.json /Volumes/DeveloperStorage/BuildScratch/throttle-convergence-20260920/DerivedData/Build/Intermediates.noindex/Throttle.build/Debug/Throttle.build/Objects-normal/arm64/Throttle.abi.json (in target 'Throttle' from project 'Throttle')
    cd /Users/kevinnadjarian/GitHub/Throttle/build/convergence-recovery-20260920
    builtin-copy -exclude .DS_Store -exclude CVS -exclude .svn -exclude .git -exclude .hg -resolve-src-symlinks -rename /Volumes/DeveloperStorage/BuildScratch/throttle-convergence-20260920/DerivedData/Build/Intermediates.noindex/Throttle.build/Debug/Throttle.build/Objects-normal/arm64/Throttle.abi.json /Volumes/DeveloperStorage/BuildScratch/throttle-convergence-20260920/DerivedData/Build/Products/Debug/Throttle.swiftmodule/arm64-apple-macos.abi.json

Copy /Volumes/DeveloperStorage/BuildScratch/throttle-convergence-20260920/DerivedData/Build/Products/Debug/Throttle.swiftmodule/Project/arm64-apple-macos.swiftsourceinfo /Volumes/DeveloperStorage/BuildScratch/throttle-convergence-20260920/DerivedData/Build/Intermediates.noindex/Throttle.build/Debug/Throttle.build/Objects-normal/arm64/Throttle.swiftsourceinfo (in target 'Throttle' from project 'Throttle')
    cd /Users/kevinnadjarian/GitHub/Throttle/build/convergence-recovery-20260920
    builtin-copy -exclude .DS_Store -exclude CVS -exclude .svn -exclude .git -exclude .hg -resolve-src-symlinks -rename /Volumes/DeveloperStorage/BuildScratch/throttle-convergence-20260920/DerivedData/Build/Intermediates.noindex/Throttle.build/Debug/Throttle.build/Objects-normal/arm64/Throttle.swiftsourceinfo /Volumes/DeveloperStorage/BuildScratch/throttle-convergence-20260920/DerivedData/Build/Products/Debug/Throttle.swiftmodule/Project/arm64-apple-macos.swiftsourceinfo

ConstructStubExecutorLinkFileList /Volumes/DeveloperStorage/BuildScratch/throttle-convergence-20260920/DerivedData/Build/Intermediates.noindex/Throttle.build/Debug/Throttle.build/Throttle-ExecutorLinkFileList-normal-arm64.txt (in target 'Throttle' from project 'Throttle')
    cd /Users/kevinnadjarian/GitHub/Throttle/build/convergence-recovery-20260920
    construct-stub-executor-link-file-list /Volumes/DeveloperStorage/BuildScratch/throttle-convergence-20260920/DerivedData/Build/Products/Debug/Throttle.app/Contents/MacOS/Throttle.debug.dylib /Applications/Xcode.app/Contents/Developer/Platforms/MacOSX.platform/Developer/usr/lib/libPreviewsJITStubExecutor_no_swift_entry_point.a /Applications/Xcode.app/Contents/Developer/Platforms/MacOSX.platform/Developer/usr/lib/libPreviewsJITStubExecutor.a --output /Volumes/DeveloperStorage/BuildScratch/throttle-convergence-20260920/DerivedData/Build/Intermediates.noindex/Throttle.build/Debug/Throttle.build/Throttle-ExecutorLinkFileList-normal-arm64.txt
note: Using stub executor library with Swift entry point. (in target 'Throttle' from project 'Throttle')

Ld /Volumes/DeveloperStorage/BuildScratch/throttle-convergence-20260920/DerivedData/Build/Products/Debug/Throttle.app/Contents/MacOS/Throttle normal (in target 'Throttle' from project 'Throttle')
    cd /Users/kevinnadjarian/GitHub/Throttle/build/convergence-recovery-20260920
    /Applications/Xcode.app/Contents/Developer/Toolchains/XcodeDefault.xctoolchain/usr/bin/clang -Xlinker -reproducible -target arm64-apple-macos14.0 -isysroot /Applications/Xcode.app/Contents/Developer/Platforms/MacOSX.platform/Developer/SDKs/MacOSX27.0.sdk -O0 -Xlinker -no_warn_duplicate_libraries -L/Volumes/DeveloperStorage/BuildScratch/throttle-convergence-20260920/DerivedData/Build/Products/Debug -F/Volumes/DeveloperStorage/BuildScratch/throttle-convergence-20260920/DerivedData/Build/Products/Debug/PackageFrameworks -F/Volumes/DeveloperStorage/BuildScratch/throttle-convergence-20260920/DerivedData/Build/Products/Debug -Xlinker -rpath -Xlinker @executable_path -Xlinker -rpath -Xlinker @loader_path -Xlinker -rpath -Xlinker /Volumes/DeveloperStorage/BuildScratch/throttle-convergence-20260920/DerivedData/Build/Products/Debug/PackageFrameworks -Xlinker -rpath -Xlinker @executable_path/../Frameworks -rdynamic -Xlinker -no_deduplicate -Xlinker -debug_variant -e ___debug_blank_executor_main -Xlinker -sectcreate -Xlinker __TEXT -Xlinker __debug_dylib -Xlinker /Volumes/DeveloperStorage/BuildScratch/throttle-convergence-20260920/DerivedData/Build/Intermediates.noindex/Throttle.build/Debug/Throttle.build/Throttle-DebugDylibPath-normal-arm64.txt -Xlinker -sectcreate -Xlinker __TEXT -Xlinker __debug_instlnm -Xlinker /Volumes/DeveloperStorage/BuildScratch/throttle-convergence-20260920/DerivedData/Build/Intermediates.noindex/Throttle.build/Debug/Throttle.build/Throttle-DebugDylibInstallName-normal-arm64.txt -Xlinker -filelist -Xlinker /Volumes/DeveloperStorage/BuildScratch/throttle-convergence-20260920/DerivedData/Build/Intermediates.noindex/Throttle.build/Debug/Throttle.build/Throttle-ExecutorLinkFileList-normal-arm64.txt /Volumes/DeveloperStorage/BuildScratch/throttle-convergence-20260920/DerivedData/Build/Products/Debug/Throttle.app/Contents/MacOS/Throttle.debug.dylib -o /Volumes/DeveloperStorage/BuildScratch/throttle-convergence-20260920/DerivedData/Build/Products/Debug/Throttle.app/Contents/MacOS/Throttle

Copy /Volumes/DeveloperStorage/BuildScratch/throttle-convergence-20260920/DerivedData/Build/Products/Debug/Throttle.app/Contents/PlugIns/ThrottleWidget.appex /Volumes/DeveloperStorage/BuildScratch/throttle-convergence-20260920/DerivedData/Build/Products/Debug/ThrottleWidget.appex (in target 'Throttle' from project 'Throttle')
    cd /Users/kevinnadjarian/GitHub/Throttle/build/convergence-recovery-20260920
    builtin-copy -exclude .DS_Store -exclude CVS -exclude .svn -exclude .git -exclude .hg -exclude Headers -exclude PrivateHeaders -exclude Modules -exclude \*.tbd -resolve-src-symlinks -remove-static-executable /Volumes/DeveloperStorage/BuildScratch/throttle-convergence-20260920/DerivedData/Build/Products/Debug/ThrottleWidget.appex /Volumes/DeveloperStorage/BuildScratch/throttle-convergence-20260920/DerivedData/Build/Products/Debug/Throttle.app/Contents/PlugIns

Copy /Volumes/DeveloperStorage/BuildScratch/throttle-convergence-20260920/DerivedData/Build/Products/Debug/Throttle.app/Contents/Library/LoginItems/ResearchVaultAgent.app /Volumes/DeveloperStorage/BuildScratch/throttle-convergence-20260920/DerivedData/Build/Products/Debug/ResearchVaultAgent.app (in target 'Throttle' from project 'Throttle')
    cd /Users/kevinnadjarian/GitHub/Throttle/build/convergence-recovery-20260920
    builtin-copy -exclude .DS_Store -exclude CVS -exclude .svn -exclude .git -exclude .hg -exclude Headers -exclude PrivateHeaders -exclude Modules -exclude \*.tbd -resolve-src-symlinks -remove-static-executable /Volumes/DeveloperStorage/BuildScratch/throttle-convergence-20260920/DerivedData/Build/Products/Debug/ResearchVaultAgent.app /Volumes/DeveloperStorage/BuildScratch/throttle-convergence-20260920/DerivedData/Build/Products/Debug/Throttle.app/Contents/Library/LoginItems

ExtractAppIntentsMetadata (in target 'Throttle' from project 'Throttle')
    cd /Users/kevinnadjarian/GitHub/Throttle/build/convergence-recovery-20260920
    /Applications/Xcode.app/Contents/Developer/Toolchains/XcodeDefault.xctoolchain/usr/bin/appintentsmetadataprocessor --toolchain-dir /var/run/com.apple.security.cryptexd/mnt/com.apple.MobileAsset.MetalToolchain-v27.1.266.1.s263Mc/Metal.xctoolchain --module-name Throttle --sdk-root /Applications/Xcode.app/Contents/Developer/Platforms/MacOSX.platform/Developer/SDKs/MacOSX27.0.sdk --xcode-version 27A266a --platform-family macOS --deployment-target 14.0 --bundle-identifier com.lorislab.throttle --output /Volumes/DeveloperStorage/BuildScratch/throttle-convergence-20260920/DerivedData/Build/Products/Debug/Throttle.app/Contents/Resources --target-triple arm64-apple-macos14.0 --binary-file /Volumes/DeveloperStorage/BuildScratch/throttle-convergence-20260920/DerivedData/Build/Products/Debug/Throttle.app/Contents/MacOS/Throttle --dependency-file /Volumes/DeveloperStorage/BuildScratch/throttle-convergence-20260920/DerivedData/Build/Intermediates.noindex/Throttle.build/Debug/Throttle.build/Objects-normal/arm64/Throttle_dependency_info.dat --stringsdata-file /Volumes/DeveloperStorage/BuildScratch/throttle-convergence-20260920/DerivedData/Build/Intermediates.noindex/Throttle.build/Debug/Throttle.build/Objects-normal/arm64/ExtractedAppShortcutsMetadata.stringsdata --source-file-list /Volumes/DeveloperStorage/BuildScratch/throttle-convergence-20260920/DerivedData/Build/Intermediates.noindex/Throttle.build/Debug/Throttle.build/Objects-normal/arm64/Throttle.SwiftFileList --metadata-file-list /Volumes/DeveloperStorage/BuildScratch/throttle-convergence-20260920/DerivedData/Build/Intermediates.noindex/Throttle.build/Debug/Throttle.build/Throttle.DependencyMetadataFileList --static-metadata-file-list /Volumes/DeveloperStorage/BuildScratch/throttle-convergence-20260920/DerivedData/Build/Intermediates.noindex/Throttle.build/Debug/Throttle.build/Throttle.DependencyStaticMetadataFileList --swift-const-vals-list /Volumes/DeveloperStorage/BuildScratch/throttle-convergence-20260920/DerivedData/Build/Intermediates.noindex/Throttle.build/Debug/Throttle.build/Objects-normal/arm64/Throttle.SwiftConstValuesFileList --compile-time-extraction --deployment-aware-processing --no-app-shortcuts-localization
2026-09-21 10:05:17.318 appintentsmetadataprocessor[62169:2175901] Starting appintentsmetadataprocessor export
2026-09-21 10:05:17.421 appintentsmetadataprocessor[62169:2175901] Writing Metadata.appintents
2026-09-21 10:05:17.421 appintentsmetadataprocessor[62169:2175901] Metadata root: /Volumes/DeveloperStorage/BuildScratch/throttle-convergence-20260920/DerivedData/Build/Products/Debug/Throttle.app/Contents/Resources/Metadata.appintents

CopySwiftLibs /Volumes/DeveloperStorage/BuildScratch/throttle-convergence-20260920/DerivedData/Build/Products/Debug/Throttle.app (in target 'Throttle' from project 'Throttle')
    cd /Users/kevinnadjarian/GitHub/Throttle/build/convergence-recovery-20260920
    builtin-swiftStdLibTool --copy --verbose --scan-executable /Volumes/DeveloperStorage/BuildScratch/throttle-convergence-20260920/DerivedData/Build/Products/Debug/Throttle.app/Contents/MacOS/Throttle.debug.dylib --scan-folder /Volumes/DeveloperStorage/BuildScratch/throttle-convergence-20260920/DerivedData/Build/Products/Debug/Throttle.app/Contents/Frameworks --scan-folder /Volumes/DeveloperStorage/BuildScratch/throttle-convergence-20260920/DerivedData/Build/Products/Debug/Throttle.app/Contents/PlugIns --scan-folder /Volumes/DeveloperStorage/BuildScratch/throttle-convergence-20260920/DerivedData/Build/Products/Debug/Throttle.app/Contents/Library/SystemExtensions --scan-folder /Volumes/DeveloperStorage/BuildScratch/throttle-convergence-20260920/DerivedData/Build/Products/Debug/Throttle.app/Contents/Extensions --platform macosx --toolchain /var/run/com.apple.security.cryptexd/mnt/com.apple.MobileAsset.MetalToolchain-v27.1.266.1.s263Mc/Metal.xctoolchain --toolchain /Applications/Xcode.app/Contents/Developer/Toolchains/XcodeDefault.xctoolchain --destination /Volumes/DeveloperStorage/BuildScratch/throttle-convergence-20260920/DerivedData/Build/Products/Debug/Throttle.app/Contents/Frameworks --strip-bitcode --strip-bitcode-tool /Applications/Xcode.app/Contents/Developer/Toolchains/XcodeDefault.xctoolchain/usr/bin/bitcode_strip --emit-dependency-info /Volumes/DeveloperStorage/BuildScratch/throttle-convergence-20260920/DerivedData/Build/Intermediates.noindex/Throttle.build/Debug/Throttle.build/SwiftStdLibToolInputDependencies.dep --filter-for-swift-os --back-deploy-swift-span
Ignoring --strip-bitcode because --sign was not passed
libswiftCompatibilitySpan.dylib is up to date at /Volumes/DeveloperStorage/BuildScratch/throttle-convergence-20260920/DerivedData/Build/Products/Debug/Throttle.app/Contents/Frameworks/libswiftCompatibilitySpan.dylib

SwiftDriver ThrottleTests normal arm64 com.apple.xcode.tools.swift.compiler (in target 'ThrottleTests' from project 'Throttle')
    cd /Users/kevinnadjarian/GitHub/Throttle/build/convergence-recovery-20260920
    builtin-SwiftDriver -- /Applications/Xcode.app/Contents/Developer/Toolchains/XcodeDefault.xctoolchain/usr/bin/swiftc -module-name ThrottleTests -Onone @/Volumes/DeveloperStorage/BuildScratch/throttle-convergence-20260920/DerivedData/Build/Intermediates.noindex/Throttle.build/Debug/ThrottleTests.build/Objects-normal/arm64/ThrottleTests.SwiftFileList -DDEBUG -Xcc -fmodule-map-file\=/Volumes/DeveloperStorage/BuildScratch/throttle-convergence-20260920/SourcePackages/checkouts/GRDB.swift/Sources/CSQLite/module.modulemap -Xcc -fmodule-map-file\=/Volumes/DeveloperStorage/BuildScratch/throttle-convergence-20260920/SourcePackages/checkouts/swift-numerics/Sources/_NumericsShims/include/module.modulemap -Xcc -fmodule-map-file\=/Volumes/DeveloperStorage/BuildScratch/throttle-convergence-20260920/SourcePackages/checkouts/mlx-swift/Source/Cmlx/include/module.modulemap -Xcc -fmodule-map-file\=/Volumes/DeveloperStorage/BuildScratch/throttle-convergence-20260920/SourcePackages/checkouts/swift-atomics/Sources/_AtomicsShims/include/module.modulemap -Xcc -fmodule-map-file\=/Volumes/DeveloperStorage/BuildScratch/throttle-convergence-20260920/DerivedData/Build/Intermediates.noindex/GeneratedModuleMaps/CNIOWASI.modulemap -Xcc -fmodule-map-file\=/Volumes/DeveloperStorage/BuildScratch/throttle-convergence-20260920/SourcePackages/checkouts/swift-nio/Sources/CNIOWindows/include/module.modulemap -Xcc -fmodule-map-file\=/Volumes/DeveloperStorage/BuildScratch/throttle-convergence-20260920/DerivedData/Build/Intermediates.noindex/GeneratedModuleMaps/CNIOLinux.modulemap -Xcc -fmodule-map-file\=/Volumes/DeveloperStorage/BuildScratch/throttle-convergence-20260920/DerivedData/Build/Intermediates.noindex/GeneratedModuleMaps/CNIODarwin.modulemap -Xcc -fmodule-map-file\=/Volumes/DeveloperStorage/BuildScratch/throttle-convergence-20260920/DerivedData/Build/Intermediates.noindex/GeneratedModuleMaps/CNIOFreeBSD.modulemap -Xcc -fmodule-map-file\=/Volumes/DeveloperStorage/BuildScratch/throttle-convergence-20260920/DerivedData/Build/Intermediates.noindex/GeneratedModuleMaps/CNIOOpenBSD.modulemap -Xcc -fmodule-map-file\=/Volumes/DeveloperStorage/BuildScratch/throttle-convergence-20260920/DerivedData/Build/Intermediates.noindex/GeneratedModuleMaps/CNIOAtomics.modulemap -Xcc -fmodule-map-file\=/Volumes/DeveloperStorage/BuildScratch/throttle-convergence-20260920/DerivedData/Build/Intermediates.noindex/GeneratedModuleMaps/yyjson.modulemap -plugin-path /Applications/Xcode.app/Contents/Developer/Toolchains/XcodeDefault.xctoolchain/usr/lib/swift/host/plugins/testing -enable-experimental-feature DebugDescriptionMacro -sdk /Applications/Xcode.app/Contents/Developer/Platforms/MacOSX.platform/Developer/SDKs/MacOSX27.0.sdk -target arm64-apple-macos14.0 -g -module-cache-path /Volumes/DeveloperStorage/BuildScratch/throttle-convergence-20260920/DerivedData/ModuleCache.noindex -Xfrontend -serialize-debugging-options -profile-coverage-mapping -profile-generate -enable-testing -warnings-as-errors -index-store-path /Volumes/DeveloperStorage/BuildScratch/throttle-convergence-20260920/DerivedData/Index.noindex/DataStore -Xcc -D_LIBCPP_HARDENING_MODE\=_LIBCPP_HARDENING_MODE_DEBUG -swift-version 6 -I /Volumes/DeveloperStorage/BuildScratch/throttle-convergence-20260920/DerivedData/Build/Products/Debug -Isystem /Applications/Xcode.app/Contents/Developer/Platforms/MacOSX.platform/Developer/usr/lib -F /Volumes/DeveloperStorage/BuildScratch/throttle-convergence-20260920/DerivedData/Build/Products/Debug/PackageFrameworks -F /Volumes/DeveloperStorage/BuildScratch/throttle-convergence-20260920/DerivedData/Build/Products/Debug -F /Applications/Xcode.app/Contents/Developer/Platforms/MacOSX.platform/Developer/Library/Frameworks -Xfrontend -load-plugin-executable -Xfrontend /Volumes/DeveloperStorage/BuildScratch/throttle-convergence-20260920/DerivedData/Build/Products/Debug/MLXHuggingFaceMacros\#MLXHuggingFaceMacros -c -j10 -enable-batch-mode -incremental -Xcc -ivfsstatcache -Xcc /Volumes/DeveloperStorage/BuildScratch/throttle-convergence-20260920/DerivedData/SDKStatCaches.noindex/macosx27.0-26A425-e829b21a6f8c9b70876ba0858053c0447231f6df4def33e022ae2eb8f782df1a.sdkstatcache -output-file-map /Volumes/DeveloperStorage/BuildScratch/throttle-convergence-20260920/DerivedData/Build/Intermediates.noindex/Throttle.build/Debug/ThrottleTests.build/Objects-normal/arm64/ThrottleTests-OutputFileMap.json -save-temps -no-color-diagnostics -explicit-module-build -module-cache-path /Volumes/DeveloperStorage/BuildScratch/throttle-convergence-20260920/DerivedData/Build/Intermediates.noindex/SwiftExplicitPrecompiledModules -clang-scanner-module-cache-path /Volumes/DeveloperStorage/BuildScratch/throttle-convergence-20260920/DerivedData/ModuleCache.noindex -sdk-module-cache-path /Volumes/DeveloperStorage/BuildScratch/throttle-convergence-20260920/DerivedData/SDKExplicitPrecompiledModules -emit-dependencies -emit-module -emit-module-path /Volumes/DeveloperStorage/BuildScratch/throttle-convergence-20260920/DerivedData/Build/Intermediates.noindex/Throttle.build/Debug/ThrottleTests.build/Objects-normal/arm64/ThrottleTests.swiftmodule -serialize-diagnostics -dependency-scan-serialize-diagnostics-path /Volumes/DeveloperStorage/BuildScratch/throttle-convergence-20260920/DerivedData/Build/Intermediates.noindex/Throttle.build/Debug/ThrottleTests.build/Objects-normal/arm64/ThrottleTests-dependency-scan.dia -validate-clang-modules-once -clang-build-session-file /Volumes/DeveloperStorage/BuildScratch/throttle-convergence-20260920/DerivedData/ModuleCache.noindex/Session.modulevalidation -Xcc -fmodules-prune-interval\=86400 -Xcc -fmodules-prune-after\=345600 -emit-const-values -const-gather-protocols-list /Volumes/DeveloperStorage/BuildScratch/throttle-convergence-20260920/DerivedData/Build/Intermediates.noindex/Throttle.build/Debug/ThrottleTests.build/Objects-normal/arm64/ThrottleTests_const_extract_protocols.json -Xcc -iquote -Xcc /Volumes/DeveloperStorage/BuildScratch/throttle-convergence-20260920/DerivedData/Build/Intermediates.noindex/Throttle.build/Debug/ThrottleTests.build/ThrottleTests-generated-files.hmap -Xcc -I/Volumes/DeveloperStorage/BuildScratch/throttle-convergence-20260920/DerivedData/Build/Intermediates.noindex/Throttle.build/Debug/ThrottleTests.build/ThrottleTests-own-target-headers.hmap -Xcc -I/Volumes/DeveloperStorage/BuildScratch/throttle-convergence-20260920/DerivedData/Build/Intermediates.noindex/Throttle.build/Debug/ThrottleTests.build/ThrottleTests-all-non-framework-target-headers.hmap -Xcc -ivfsoverlay -Xcc /Volumes/DeveloperStorage/BuildScratch/throttle-convergence-20260920/DerivedData/Build/Intermediates.noindex/Throttle.build/Debug/Throttle-c41c58a016fc9f4310c5f27451fa5182-VFS/all-product-headers.yaml -Xcc -iquote -Xcc /Volumes/DeveloperStorage/BuildScratch/throttle-convergence-20260920/DerivedData/Build/Intermediates.noindex/Throttle.build/Debug/ThrottleTests.build/ThrottleTests-project-headers.hmap -Xcc -I/Volumes/DeveloperStorage/BuildScratch/throttle-convergence-20260920/SourcePackages/checkouts/swift-numerics/Sources/_NumericsShims/include -Xcc -I/Volumes/DeveloperStorage/BuildScratch/throttle-convergence-20260920/SourcePackages/checkouts/mlx-swift/Source/Cmlx/include -Xcc -I/Volumes/DeveloperStorage/BuildScratch/throttle-convergence-20260920/SourcePackages/checkouts/swift-atomics/Sources/_AtomicsShims/include -Xcc -I/Volumes/DeveloperStorage/BuildScratch/throttle-convergence-20260920/SourcePackages/checkouts/swift-nio/Sources/CNIOWASI/include -Xcc -I/Volumes/DeveloperStorage/BuildScratch/throttle-convergence-20260920/SourcePackages/checkouts/swift-nio/Sources/CNIOWindows/include -Xcc -I/Volumes/DeveloperStorage/BuildScratch/throttle-convergence-20260920/SourcePackages/checkouts/swift-nio/Sources/CNIOLinux/include -Xcc -I/Volumes/DeveloperStorage/BuildScratch/throttle-convergence-20260920/SourcePackages/checkouts/swift-nio/Sources/CNIODarwin/include -Xcc -I/Volumes/DeveloperStorage/BuildScratch/throttle-convergence-20260920/SourcePackages/checkouts/swift-nio/Sources/CNIOFreeBSD/include -Xcc -I/Volumes/DeveloperStorage/BuildScratch/throttle-convergence-20260920/SourcePackages/checkouts/swift-nio/Sources/CNIOOpenBSD/include -Xcc -I/Volumes/DeveloperStorage/BuildScratch/throttle-convergence-20260920/SourcePackages/checkouts/swift-nio/Sources/CNIOAtomics/include -Xcc -I/Volumes/DeveloperStorage/BuildScratch/throttle-convergence-20260920/SourcePackages/checkouts/yyjson/src -Xcc -I/Volumes/DeveloperStorage/BuildScratch/throttle-convergence-20260920/DerivedData/Build/Products/Debug/include -Xcc -I/Volumes/DeveloperStorage/BuildScratch/throttle-convergence-20260920/DerivedData/Build/Intermediates.noindex/Throttle.build/Debug/ThrottleTests.build/DerivedSources-normal/arm64 -Xcc -I/Volumes/DeveloperStorage/BuildScratch/throttle-convergence-20260920/DerivedData/Build/Intermediates.noindex/Throttle.build/Debug/ThrottleTests.build/DerivedSources/arm64 -Xcc -I/Volumes/DeveloperStorage/BuildScratch/throttle-convergence-20260920/DerivedData/Build/Intermediates.noindex/Throttle.build/Debug/ThrottleTests.build/DerivedSources -Xcc -DDEBUG\=1 -emit-objc-header -emit-objc-header-path /Volumes/DeveloperStorage/BuildScratch/throttle-convergence-20260920/DerivedData/Build/Intermediates.noindex/Throttle.build/Debug/ThrottleTests.build/Objects-normal/arm64/ThrottleTests-Swift.h -working-directory /Users/kevinnadjarian/GitHub/Throttle/build/convergence-recovery-20260920 -experimental-emit-module-separately -disable-cmo

ProcessInfoPlistFile /Volumes/DeveloperStorage/BuildScratch/throttle-convergence-20260920/DerivedData/Build/Products/Debug/Throttle.app/Contents/Info.plist /Users/kevinnadjarian/GitHub/Throttle/build/convergence-recovery-20260920/Throttle/Info.plist (in target 'Throttle' from project 'Throttle')
    cd /Users/kevinnadjarian/GitHub/Throttle/build/convergence-recovery-20260920
    builtin-infoPlistUtility /Users/kevinnadjarian/GitHub/Throttle/build/convergence-recovery-20260920/Throttle/Info.plist -producttype com.apple.product-type.application -genpkginfo /Volumes/DeveloperStorage/BuildScratch/throttle-convergence-20260920/DerivedData/Build/Products/Debug/Throttle.app/Contents/PkgInfo -expandbuildsettings -platform macosx -additionalcontentfile /Volumes/DeveloperStorage/BuildScratch/throttle-convergence-20260920/DerivedData/Build/Intermediates.noindex/Throttle.build/Debug/Throttle.build/assetcatalog_generated_info.plist -scanforprivacyfile /Volumes/DeveloperStorage/BuildScratch/throttle-convergence-20260920/DerivedData/Build/Products/Debug/Throttle.app/Contents/Frameworks/Sparkle.framework -scanforprivacyfile /Volumes/DeveloperStorage/BuildScratch/throttle-convergence-20260920/DerivedData/Build/Products/Debug/Throttle.app/Contents/Library/LoginItems/ResearchVaultAgent.app -scanforprivacyfile /Volumes/DeveloperStorage/BuildScratch/throttle-convergence-20260920/DerivedData/Build/Products/Debug/Throttle.app/Contents/PlugIns/ThrottleWidget.appex -scanforprivacyfile /Volumes/DeveloperStorage/BuildScratch/throttle-convergence-20260920/DerivedData/Build/Products/Debug/Throttle.app/Contents/Resources/GRDB_GRDB.bundle -scanforprivacyfile /Volumes/DeveloperStorage/BuildScratch/throttle-convergence-20260920/DerivedData/Build/Products/Debug/Throttle.app/Contents/Resources/SwiftTerm_SwiftTerm.bundle -scanforprivacyfile /Volumes/DeveloperStorage/BuildScratch/throttle-convergence-20260920/DerivedData/Build/Products/Debug/Throttle.app/Contents/Resources/mlx-swift_Cmlx.bundle -scanforprivacyfile /Volumes/DeveloperStorage/BuildScratch/throttle-convergence-20260920/DerivedData/Build/Products/Debug/Throttle.app/Contents/Resources/swift-crypto_Crypto.bundle -scanforprivacyfile /Volumes/DeveloperStorage/BuildScratch/throttle-convergence-20260920/DerivedData/Build/Products/Debug/Throttle.app/Contents/Resources/swift-transformers_Hub.bundle -o /Volumes/DeveloperStorage/BuildScratch/throttle-convergence-20260920/DerivedData/Build/Products/Debug/Throttle.app/Contents/Info.plist

ValidateEmbeddedBinary /Volumes/DeveloperStorage/BuildScratch/throttle-convergence-20260920/DerivedData/Build/Products/Debug/Throttle.app/Contents/PlugIns/ThrottleWidget.appex (in target 'Throttle' from project 'Throttle')
    cd /Users/kevinnadjarian/GitHub/Throttle/build/convergence-recovery-20260920
    /Applications/Xcode.app/Contents/Developer/usr/bin/embeddedBinaryValidationUtility /Volumes/DeveloperStorage/BuildScratch/throttle-convergence-20260920/DerivedData/Build/Products/Debug/Throttle.app/Contents/PlugIns/ThrottleWidget.appex -info-plist-path /Volumes/DeveloperStorage/BuildScratch/throttle-convergence-20260920/DerivedData/Build/Products/Debug/Throttle.app/Contents/Info.plist

ProcessInfoPlistFile /Volumes/DeveloperStorage/BuildScratch/throttle-convergence-20260920/DerivedData/Build/Products/Debug/Throttle.app/Contents/PlugIns/ThrottleTests.xctest/Contents/Info.plist /Volumes/DeveloperStorage/BuildScratch/throttle-convergence-20260920/DerivedData/Build/Intermediates.noindex/Throttle.build/Debug/ThrottleTests.build/empty-ThrottleTests.plist (in target 'ThrottleTests' from project 'Throttle')
    cd /Users/kevinnadjarian/GitHub/Throttle/build/convergence-recovery-20260920
    builtin-infoPlistUtility /Volumes/DeveloperStorage/BuildScratch/throttle-convergence-20260920/DerivedData/Build/Intermediates.noindex/Throttle.build/Debug/ThrottleTests.build/empty-ThrottleTests.plist -producttype com.apple.product-type.bundle.unit-test -expandbuildsettings -platform macosx -scanforprivacyfile /Volumes/DeveloperStorage/BuildScratch/throttle-convergence-20260920/DerivedData/Build/Products/Debug/Throttle.app/Contents/PlugIns/ThrottleTests.xctest/Contents/Resources/GRDB_GRDB.bundle -scanforprivacyfile /Volumes/DeveloperStorage/BuildScratch/throttle-convergence-20260920/DerivedData/Build/Products/Debug/Throttle.app/Contents/PlugIns/ThrottleTests.xctest/Contents/Resources/SwiftTerm_SwiftTerm.bundle -scanforprivacyfile /Volumes/DeveloperStorage/BuildScratch/throttle-convergence-20260920/DerivedData/Build/Products/Debug/Throttle.app/Contents/PlugIns/ThrottleTests.xctest/Contents/Resources/mlx-swift_Cmlx.bundle -scanforprivacyfile /Volumes/DeveloperStorage/BuildScratch/throttle-convergence-20260920/DerivedData/Build/Products/Debug/Throttle.app/Contents/PlugIns/ThrottleTests.xctest/Contents/Resources/swift-crypto_Crypto.bundle -scanforprivacyfile /Volumes/DeveloperStorage/BuildScratch/throttle-convergence-20260920/DerivedData/Build/Products/Debug/Throttle.app/Contents/PlugIns/ThrottleTests.xctest/Contents/Resources/swift-transformers_Hub.bundle -o /Volumes/DeveloperStorage/BuildScratch/throttle-convergence-20260920/DerivedData/Build/Products/Debug/Throttle.app/Contents/PlugIns/ThrottleTests.xctest/Contents/Info.plist

SwiftEmitModule normal arm64 Emitting\ module\ for\ ThrottleTests (in target 'ThrottleTests' from project 'Throttle')

SwiftCompile normal arm64 (in target 'ThrottleTests' from project 'Throttle')
    cd /Users/kevinnadjarian/GitHub/Throttle/build/convergence-recovery-20260920
    

SwiftCompile normal arm64 Compiling\ PlanMCPAuthorityLifecycleTests.swift,\ PlanMCPAuthorityTests.swift,\ PlanMCPIntakeAuthorityTests.swift,\ PlanMCPMissionFenceTests.swift,\ PlanMCPRetryTests.swift,\ PlanMCPSchemaContractTests.swift,\ PlanMCPTaskRouterTests.swift,\ PlanMCPToolsTests.swift,\ PlanOrientationTests.swift,\ PlanProjectionIntegrationEventsTests.swift,\ PlanProjectionTests.swift,\ PlanStoreCrashTests.swift,\ PlanStoreTests.swift,\ ProductSignalsTests.swift,\ ProjectAssistantViewTests.swift,\ ProjectInstructionServiceTests.swift /Users/kevinnadjarian/GitHub/Throttle/build/convergence-recovery-20260920/ThrottleTests/ServiceTests/PlanMCPAuthorityLifecycleTests.swift /Users/kevinnadjarian/GitHub/Throttle/build/convergence-recovery-20260920/ThrottleTests/ServiceTests/PlanMCPAuthorityTests.swift /Users/kevinnadjarian/GitHub/Throttle/build/convergence-recovery-20260920/ThrottleTests/ServiceTests/PlanMCPIntakeAuthorityTests.swift /Users/kevinnadjarian/GitHub/Throttle/build/convergence-recovery-20260920/ThrottleTests/ServiceTests/PlanMCPMissionFenceTests.swift /Users/kevinnadjarian/GitHub/Throttle/build/convergence-recovery-20260920/ThrottleTests/ServiceTests/PlanMCPRetryTests.swift /Users/kevinnadjarian/GitHub/Throttle/build/convergence-recovery-20260920/ThrottleTests/ServiceTests/PlanMCPSchemaContractTests.swift /Users/kevinnadjarian/GitHub/Throttle/build/convergence-recovery-20260920/ThrottleTests/ServiceTests/PlanMCPTaskRouterTests.swift /Users/kevinnadjarian/GitHub/Throttle/build/convergence-recovery-20260920/ThrottleTests/ServiceTests/PlanMCPToolsTests.swift /Users/kevinnadjarian/GitHub/Throttle/build/convergence-recovery-20260920/ThrottleTests/ServiceTests/PlanOrientationTests.swift /Users/kevinnadjarian/GitHub/Throttle/build/convergence-recovery-20260920/ThrottleTests/ServiceTests/PlanProjectionIntegrationEventsTests.swift /Users/kevinnadjarian/GitHub/Throttle/build/convergence-recovery-20260920/ThrottleTests/ServiceTests/PlanProjectionTests.swift /Users/kevinnadjarian/GitHub/Throttle/build/convergence-recovery-20260920/ThrottleTests/ServiceTests/PlanStoreCrashTests.swift /Users/kevinnadjarian/GitHub/Throttle/build/convergence-recovery-20260920/ThrottleTests/ServiceTests/PlanStoreTests.swift /Users/kevinnadjarian/GitHub/Throttle/build/convergence-recovery-20260920/ThrottleTests/ServiceTests/ProductSignalsTests.swift /Users/kevinnadjarian/GitHub/Throttle/build/convergence-recovery-20260920/ThrottleTests/ServiceTests/ProjectAssistantViewTests.swift /Users/kevinnadjarian/GitHub/Throttle/build/convergence-recovery-20260920/ThrottleTests/ServiceTests/ProjectInstructionServiceTests.swift (in target 'ThrottleTests' from project 'Throttle')

SwiftCompile normal arm64 /Users/kevinnadjarian/GitHub/Throttle/build/convergence-recovery-20260920/ThrottleTests/ServiceTests/PlanMCPAuthorityLifecycleTests.swift (in target 'ThrottleTests' from project 'Throttle')
    cd /Users/kevinnadjarian/GitHub/Throttle/build/convergence-recovery-20260920
    builtin-SwiftPerFileCompile PlanMCPAuthorityLifecycleTests.swift

SwiftCompile normal arm64 /Users/kevinnadjarian/GitHub/Throttle/build/convergence-recovery-20260920/ThrottleTests/ServiceTests/PlanMCPAuthorityTests.swift (in target 'ThrottleTests' from project 'Throttle')
    cd /Users/kevinnadjarian/GitHub/Throttle/build/convergence-recovery-20260920
    builtin-SwiftPerFileCompile PlanMCPAuthorityTests.swift

SwiftCompile normal arm64 /Users/kevinnadjarian/GitHub/Throttle/build/convergence-recovery-20260920/ThrottleTests/ServiceTests/PlanMCPIntakeAuthorityTests.swift (in target 'ThrottleTests' from project 'Throttle')
    cd /Users/kevinnadjarian/GitHub/Throttle/build/convergence-recovery-20260920
    builtin-SwiftPerFileCompile PlanMCPIntakeAuthorityTests.swift

SwiftCompile normal arm64 /Users/kevinnadjarian/GitHub/Throttle/build/convergence-recovery-20260920/ThrottleTests/ServiceTests/PlanMCPMissionFenceTests.swift (in target 'ThrottleTests' from project 'Throttle')
    cd /Users/kevinnadjarian/GitHub/Throttle/build/convergence-recovery-20260920
    builtin-SwiftPerFileCompile PlanMCPMissionFenceTests.swift

SwiftCompile normal arm64 /Users/kevinnadjarian/GitHub/Throttle/build/convergence-recovery-20260920/ThrottleTests/ServiceTests/PlanMCPRetryTests.swift (in target 'ThrottleTests' from project 'Throttle')
    cd /Users/kevinnadjarian/GitHub/Throttle/build/convergence-recovery-20260920
    builtin-SwiftPerFileCompile PlanMCPRetryTests.swift

SwiftCompile normal arm64 /Users/kevinnadjarian/GitHub/Throttle/build/convergence-recovery-20260920/ThrottleTests/ServiceTests/PlanMCPSchemaContractTests.swift (in target 'ThrottleTests' from project 'Throttle')
    cd /Users/kevinnadjarian/GitHub/Throttle/build/convergence-recovery-20260920
    builtin-SwiftPerFileCompile PlanMCPSchemaContractTests.swift

SwiftCompile normal arm64 /Users/kevinnadjarian/GitHub/Throttle/build/convergence-recovery-20260920/ThrottleTests/ServiceTests/PlanMCPTaskRouterTests.swift (in target 'ThrottleTests' from project 'Throttle')
    cd /Users/kevinnadjarian/GitHub/Throttle/build/convergence-recovery-20260920
    builtin-SwiftPerFileCompile PlanMCPTaskRouterTests.swift

SwiftCompile normal arm64 /Users/kevinnadjarian/GitHub/Throttle/build/convergence-recovery-20260920/ThrottleTests/ServiceTests/PlanMCPToolsTests.swift (in target 'ThrottleTests' from project 'Throttle')
    cd /Users/kevinnadjarian/GitHub/Throttle/build/convergence-recovery-20260920
    builtin-SwiftPerFileCompile PlanMCPToolsTests.swift

SwiftCompile normal arm64 /Users/kevinnadjarian/GitHub/Throttle/build/convergence-recovery-20260920/ThrottleTests/ServiceTests/PlanOrientationTests.swift (in target 'ThrottleTests' from project 'Throttle')
    cd /Users/kevinnadjarian/GitHub/Throttle/build/convergence-recovery-20260920
    builtin-SwiftPerFileCompile PlanOrientationTests.swift

SwiftCompile normal arm64 /Users/kevinnadjarian/GitHub/Throttle/build/convergence-recovery-20260920/ThrottleTests/ServiceTests/PlanProjectionIntegrationEventsTests.swift (in target 'ThrottleTests' from project 'Throttle')
    cd /Users/kevinnadjarian/GitHub/Throttle/build/convergence-recovery-20260920
    builtin-SwiftPerFileCompile PlanProjectionIntegrationEventsTests.swift

SwiftCompile normal arm64 /Users/kevinnadjarian/GitHub/Throttle/build/convergence-recovery-20260920/ThrottleTests/ServiceTests/PlanProjectionTests.swift (in target 'ThrottleTests' from project 'Throttle')
    cd /Users/kevinnadjarian/GitHub/Throttle/build/convergence-recovery-20260920
    builtin-SwiftPerFileCompile PlanProjectionTests.swift

SwiftCompile normal arm64 /Users/kevinnadjarian/GitHub/Throttle/build/convergence-recovery-20260920/ThrottleTests/ServiceTests/PlanStoreCrashTests.swift (in target 'ThrottleTests' from project 'Throttle')
    cd /Users/kevinnadjarian/GitHub/Throttle/build/convergence-recovery-20260920
    builtin-SwiftPerFileCompile PlanStoreCrashTests.swift

SwiftCompile normal arm64 /Users/kevinnadjarian/GitHub/Throttle/build/convergence-recovery-20260920/ThrottleTests/ServiceTests/PlanStoreTests.swift (in target 'ThrottleTests' from project 'Throttle')
    cd /Users/kevinnadjarian/GitHub/Throttle/build/convergence-recovery-20260920
    builtin-SwiftPerFileCompile PlanStoreTests.swift

SwiftCompile normal arm64 /Users/kevinnadjarian/GitHub/Throttle/build/convergence-recovery-20260920/ThrottleTests/ServiceTests/ProductSignalsTests.swift (in target 'ThrottleTests' from project 'Throttle')
    cd /Users/kevinnadjarian/GitHub/Throttle/build/convergence-recovery-20260920
    builtin-SwiftPerFileCompile ProductSignalsTests.swift

SwiftCompile normal arm64 /Users/kevinnadjarian/GitHub/Throttle/build/convergence-recovery-20260920/ThrottleTests/ServiceTests/ProjectAssistantViewTests.swift (in target 'ThrottleTests' from project 'Throttle')
    cd /Users/kevinnadjarian/GitHub/Throttle/build/convergence-recovery-20260920
    builtin-SwiftPerFileCompile ProjectAssistantViewTests.swift

SwiftCompile normal arm64 /Users/kevinnadjarian/GitHub/Throttle/build/convergence-recovery-20260920/ThrottleTests/ServiceTests/ProjectInstructionServiceTests.swift (in target 'ThrottleTests' from project 'Throttle')
    cd /Users/kevinnadjarian/GitHub/Throttle/build/convergence-recovery-20260920
    builtin-SwiftPerFileCompile ProjectInstructionServiceTests.swift

SwiftCompile normal arm64 Compiling\ MouseReportFilterWheelTests.swift,\ NativeSessionBindingTests.swift,\ NotebookLMGatewayProcessTests.swift,\ NotebookLMImportJobTests.swift,\ OKFStoreTests.swift,\ OllamaEmbeddingProviderTests.swift,\ OptimizerHonestyTests.swift,\ OutboundPolicyTests.swift,\ OwnedProcessTerminationTests.swift,\ PauseReasonTests.swift,\ PeerControlAdmissionTests.swift,\ PeerTerminalBoundaryTests.swift,\ PlanFlowTests.swift,\ PlanIntegrationCardTests.swift,\ PlanIntegrationFlowTests.swift,\ PlanIntegrationViewTests.swift /Users/kevinnadjarian/GitHub/Throttle/build/convergence-recovery-20260920/ThrottleTests/ServiceTests/MouseReportFilterWheelTests.swift /Users/kevinnadjarian/GitHub/Throttle/build/convergence-recovery-20260920/ThrottleTests/ServiceTests/NativeSessionBindingTests.swift /Users/kevinnadjarian/GitHub/Throttle/build/convergence-recovery-20260920/ThrottleTests/ServiceTests/NotebookLMGatewayProcessTests.swift /Users/kevinnadjarian/GitHub/Throttle/build/convergence-recovery-20260920/ThrottleTests/ServiceTests/NotebookLMImportJobTests.swift /Users/kevinnadjarian/GitHub/Throttle/build/convergence-recovery-20260920/ThrottleTests/ServiceTests/OKFStoreTests.swift /Users/kevinnadjarian/GitHub/Throttle/build/convergence-recovery-20260920/ThrottleTests/ServiceTests/OllamaEmbeddingProviderTests.swift /Users/kevinnadjarian/GitHub/Throttle/build/convergence-recovery-20260920/ThrottleTests/ServiceTests/OptimizerHonestyTests.swift /Users/kevinnadjarian/GitHub/Throttle/build/convergence-recovery-20260920/ThrottleTests/ServiceTests/OutboundPolicyTests.swift /Users/kevinnadjarian/GitHub/Throttle/build/convergence-recovery-20260920/ThrottleTests/ServiceTests/OwnedProcessTerminationTests.swift /Users/kevinnadjarian/GitHub/Throttle/build/convergence-recovery-20260920/ThrottleTests/StateTests/PauseReasonTests.swift /Users/kevinnadjarian/GitHub/Throttle/build/convergence-recovery-20260920/ThrottleTests/ServiceTests/PeerControlAdmissionTests.swift /Users/kevinnadjarian/GitHub/Throttle/build/convergence-recovery-20260920/ThrottleTests/ServiceTests/PeerTerminalBoundaryTests.swift /Users/kevinnadjarian/GitHub/Throttle/build/convergence-recovery-20260920/ThrottleTests/ServiceTests/PlanFlowTests.swift /Users/kevinnadjarian/GitHub/Throttle/build/convergence-recovery-20260920/ThrottleTests/ServiceTests/PlanIntegrationCardTests.swift /Users/kevinnadjarian/GitHub/Throttle/build/convergence-recovery-20260920/ThrottleTests/ServiceTests/PlanIntegrationFlowTests.swift /Users/kevinnadjarian/GitHub/Throttle/build/convergence-recovery-20260920/ThrottleTests/ServiceTests/PlanIntegrationViewTests.swift (in target 'ThrottleTests' from project 'Throttle')

SwiftCompile normal arm64 /Users/kevinnadjarian/GitHub/Throttle/build/convergence-recovery-20260920/ThrottleTests/ServiceTests/MouseReportFilterWheelTests.swift (in target 'ThrottleTests' from project 'Throttle')
    cd /Users/kevinnadjarian/GitHub/Throttle/build/convergence-recovery-20260920
    builtin-SwiftPerFileCompile MouseReportFilterWheelTests.swift

SwiftCompile normal arm64 /Users/kevinnadjarian/GitHub/Throttle/build/convergence-recovery-20260920/ThrottleTests/ServiceTests/NativeSessionBindingTests.swift (in target 'ThrottleTests' from project 'Throttle')
    cd /Users/kevinnadjarian/GitHub/Throttle/build/convergence-recovery-20260920
    builtin-SwiftPerFileCompile NativeSessionBindingTests.swift

SwiftCompile normal arm64 /Users/kevinnadjarian/GitHub/Throttle/build/convergence-recovery-20260920/ThrottleTests/ServiceTests/NotebookLMGatewayProcessTests.swift (in target 'ThrottleTests' from project 'Throttle')
    cd /Users/kevinnadjarian/GitHub/Throttle/build/convergence-recovery-20260920
    builtin-SwiftPerFileCompile NotebookLMGatewayProcessTests.swift

SwiftCompile normal arm64 /Users/kevinnadjarian/GitHub/Throttle/build/convergence-recovery-20260920/ThrottleTests/ServiceTests/NotebookLMImportJobTests.swift (in target 'ThrottleTests' from project 'Throttle')
    cd /Users/kevinnadjarian/GitHub/Throttle/build/convergence-recovery-20260920
    builtin-SwiftPerFileCompile NotebookLMImportJobTests.swift

SwiftCompile normal arm64 /Users/kevinnadjarian/GitHub/Throttle/build/convergence-recovery-20260920/ThrottleTests/ServiceTests/OKFStoreTests.swift (in target 'ThrottleTests' from project 'Throttle')
    cd /Users/kevinnadjarian/GitHub/Throttle/build/convergence-recovery-20260920
    builtin-SwiftPerFileCompile OKFStoreTests.swift

SwiftCompile normal arm64 /Users/kevinnadjarian/GitHub/Throttle/build/convergence-recovery-20260920/ThrottleTests/ServiceTests/OllamaEmbeddingProviderTests.swift (in target 'ThrottleTests' from project 'Throttle')
    cd /Users/kevinnadjarian/GitHub/Throttle/build/convergence-recovery-20260920
    builtin-SwiftPerFileCompile OllamaEmbeddingProviderTests.swift

SwiftCompile normal arm64 /Users/kevinnadjarian/GitHub/Throttle/build/convergence-recovery-20260920/ThrottleTests/ServiceTests/OptimizerHonestyTests.swift (in target 'ThrottleTests' from project 'Throttle')
    cd /Users/kevinnadjarian/GitHub/Throttle/build/convergence-recovery-20260920
    builtin-SwiftPerFileCompile OptimizerHonestyTests.swift

SwiftCompile normal arm64 /Users/kevinnadjarian/GitHub/Throttle/build/convergence-recovery-20260920/ThrottleTests/ServiceTests/OutboundPolicyTests.swift (in target 'ThrottleTests' from project 'Throttle')
    cd /Users/kevinnadjarian/GitHub/Throttle/build/convergence-recovery-20260920
    builtin-SwiftPerFileCompile OutboundPolicyTests.swift

SwiftCompile normal arm64 /Users/kevinnadjarian/GitHub/Throttle/build/convergence-recovery-20260920/ThrottleTests/ServiceTests/OwnedProcessTerminationTests.swift (in target 'ThrottleTests' from project 'Throttle')
    cd /Users/kevinnadjarian/GitHub/Throttle/build/convergence-recovery-20260920
    builtin-SwiftPerFileCompile OwnedProcessTerminationTests.swift

SwiftCompile normal arm64 /Users/kevinnadjarian/GitHub/Throttle/build/convergence-recovery-20260920/ThrottleTests/StateTests/PauseReasonTests.swift (in target 'ThrottleTests' from project 'Throttle')
    cd /Users/kevinnadjarian/GitHub/Throttle/build/convergence-recovery-20260920
    builtin-SwiftPerFileCompile PauseReasonTests.swift

SwiftCompile normal arm64 /Users/kevinnadjarian/GitHub/Throttle/build/convergence-recovery-20260920/ThrottleTests/ServiceTests/PeerControlAdmissionTests.swift (in target 'ThrottleTests' from project 'Throttle')
    cd /Users/kevinnadjarian/GitHub/Throttle/build/convergence-recovery-20260920
    builtin-SwiftPerFileCompile PeerControlAdmissionTests.swift

SwiftCompile normal arm64 /Users/kevinnadjarian/GitHub/Throttle/build/convergence-recovery-20260920/ThrottleTests/ServiceTests/PeerTerminalBoundaryTests.swift (in target 'ThrottleTests' from project 'Throttle')
    cd /Users/kevinnadjarian/GitHub/Throttle/build/convergence-recovery-20260920
    builtin-SwiftPerFileCompile PeerTerminalBoundaryTests.swift

SwiftCompile normal arm64 /Users/kevinnadjarian/GitHub/Throttle/build/convergence-recovery-20260920/ThrottleTests/ServiceTests/PlanFlowTests.swift (in target 'ThrottleTests' from project 'Throttle')
    cd /Users/kevinnadjarian/GitHub/Throttle/build/convergence-recovery-20260920
    builtin-SwiftPerFileCompile PlanFlowTests.swift

SwiftCompile normal arm64 /Users/kevinnadjarian/GitHub/Throttle/build/convergence-recovery-20260920/ThrottleTests/ServiceTests/PlanIntegrationCardTests.swift (in target 'ThrottleTests' from project 'Throttle')
    cd /Users/kevinnadjarian/GitHub/Throttle/build/convergence-recovery-20260920
    builtin-SwiftPerFileCompile PlanIntegrationCardTests.swift

SwiftCompile normal arm64 /Users/kevinnadjarian/GitHub/Throttle/build/convergence-recovery-20260920/ThrottleTests/ServiceTests/PlanIntegrationFlowTests.swift (in target 'ThrottleTests' from project 'Throttle')
    cd /Users/kevinnadjarian/GitHub/Throttle/build/convergence-recovery-20260920
    builtin-SwiftPerFileCompile PlanIntegrationFlowTests.swift

SwiftCompile normal arm64 /Users/kevinnadjarian/GitHub/Throttle/build/convergence-recovery-20260920/ThrottleTests/ServiceTests/PlanIntegrationViewTests.swift (in target 'ThrottleTests' from project 'Throttle')
    cd /Users/kevinnadjarian/GitHub/Throttle/build/convergence-recovery-20260920
    builtin-SwiftPerFileCompile PlanIntegrationViewTests.swift

SwiftDriverJobDiscovery normal arm64 Emitting module for ThrottleTests (in target 'ThrottleTests' from project 'Throttle')

SwiftDriver\ Compilation\ Requirements ThrottleTests normal arm64 com.apple.xcode.tools.swift.compiler (in target 'ThrottleTests' from project 'Throttle')
    cd /Users/kevinnadjarian/GitHub/Throttle/build/convergence-recovery-20260920
    builtin-Swift-Compilation-Requirements -- /Applications/Xcode.app/Contents/Developer/Toolchains/XcodeDefault.xctoolchain/usr/bin/swiftc -module-name ThrottleTests -Onone @/Volumes/DeveloperStorage/BuildScratch/throttle-convergence-20260920/DerivedData/Build/Intermediates.noindex/Throttle.build/Debug/ThrottleTests.build/Objects-normal/arm64/ThrottleTests.SwiftFileList -DDEBUG -Xcc -fmodule-map-file\=/Volumes/DeveloperStorage/BuildScratch/throttle-convergence-20260920/SourcePackages/checkouts/GRDB.swift/Sources/CSQLite/module.modulemap -Xcc -fmodule-map-file\=/Volumes/DeveloperStorage/BuildScratch/throttle-convergence-20260920/SourcePackages/checkouts/swift-numerics/Sources/_NumericsShims/include/module.modulemap -Xcc -fmodule-map-file\=/Volumes/DeveloperStorage/BuildScratch/throttle-convergence-20260920/SourcePackages/checkouts/mlx-swift/Source/Cmlx/include/module.modulemap -Xcc -fmodule-map-file\=/Volumes/DeveloperStorage/BuildScratch/throttle-convergence-20260920/SourcePackages/checkouts/swift-atomics/Sources/_AtomicsShims/include/module.modulemap -Xcc -fmodule-map-file\=/Volumes/DeveloperStorage/BuildScratch/throttle-convergence-20260920/DerivedData/Build/Intermediates.noindex/GeneratedModuleMaps/CNIOWASI.modulemap -Xcc -fmodule-map-file\=/Volumes/DeveloperStorage/BuildScratch/throttle-convergence-20260920/SourcePackages/checkouts/swift-nio/Sources/CNIOWindows/include/module.modulemap -Xcc -fmodule-map-file\=/Volumes/DeveloperStorage/BuildScratch/throttle-convergence-20260920/DerivedData/Build/Intermediates.noindex/GeneratedModuleMaps/CNIOLinux.modulemap -Xcc -fmodule-map-file\=/Volumes/DeveloperStorage/BuildScratch/throttle-convergence-20260920/DerivedData/Build/Intermediates.noindex/GeneratedModuleMaps/CNIODarwin.modulemap -Xcc -fmodule-map-file\=/Volumes/DeveloperStorage/BuildScratch/throttle-convergence-20260920/DerivedData/Build/Intermediates.noindex/GeneratedModuleMaps/CNIOFreeBSD.modulemap -Xcc -fmodule-map-file\=/Volumes/DeveloperStorage/BuildScratch/throttle-convergence-20260920/DerivedData/Build/Intermediates.noindex/GeneratedModuleMaps/CNIOOpenBSD.modulemap -Xcc -fmodule-map-file\=/Volumes/DeveloperStorage/BuildScratch/throttle-convergence-20260920/DerivedData/Build/Intermediates.noindex/GeneratedModuleMaps/CNIOAtomics.modulemap -Xcc -fmodule-map-file\=/Volumes/DeveloperStorage/BuildScratch/throttle-convergence-20260920/DerivedData/Build/Intermediates.noindex/GeneratedModuleMaps/yyjson.modulemap -plugin-path /Applications/Xcode.app/Contents/Developer/Toolchains/XcodeDefault.xctoolchain/usr/lib/swift/host/plugins/testing -enable-experimental-feature DebugDescriptionMacro -sdk /Applications/Xcode.app/Contents/Developer/Platforms/MacOSX.platform/Developer/SDKs/MacOSX27.0.sdk -target arm64-apple-macos14.0 -g -module-cache-path /Volumes/DeveloperStorage/BuildScratch/throttle-convergence-20260920/DerivedData/ModuleCache.noindex -Xfrontend -serialize-debugging-options -profile-coverage-mapping -profile-generate -enable-testing -warnings-as-errors -index-store-path /Volumes/DeveloperStorage/BuildScratch/throttle-convergence-20260920/DerivedData/Index.noindex/DataStore -Xcc -D_LIBCPP_HARDENING_MODE\=_LIBCPP_HARDENING_MODE_DEBUG -swift-version 6 -I /Volumes/DeveloperStorage/BuildScratch/throttle-convergence-20260920/DerivedData/Build/Products/Debug -Isystem /Applications/Xcode.app/Contents/Developer/Platforms/MacOSX.platform/Developer/usr/lib -F /Volumes/DeveloperStorage/BuildScratch/throttle-convergence-20260920/DerivedData/Build/Products/Debug/PackageFrameworks -F /Volumes/DeveloperStorage/BuildScratch/throttle-convergence-20260920/DerivedData/Build/Products/Debug -F /Applications/Xcode.app/Contents/Developer/Platforms/MacOSX.platform/Developer/Library/Frameworks -Xfrontend -load-plugin-executable -Xfrontend /Volumes/DeveloperStorage/BuildScratch/throttle-convergence-20260920/DerivedData/Build/Products/Debug/MLXHuggingFaceMacros\#MLXHuggingFaceMacros -c -j10 -enable-batch-mode -incremental -Xcc -ivfsstatcache -Xcc /Volumes/DeveloperStorage/BuildScratch/throttle-convergence-20260920/DerivedData/SDKStatCaches.noindex/macosx27.0-26A425-e829b21a6f8c9b70876ba0858053c0447231f6df4def33e022ae2eb8f782df1a.sdkstatcache -output-file-map /Volumes/DeveloperStorage/BuildScratch/throttle-convergence-20260920/DerivedData/Build/Intermediates.noindex/Throttle.build/Debug/ThrottleTests.build/Objects-normal/arm64/ThrottleTests-OutputFileMap.json -save-temps -no-color-diagnostics -explicit-module-build -module-cache-path /Volumes/DeveloperStorage/BuildScratch/throttle-convergence-20260920/DerivedData/Build/Intermediates.noindex/SwiftExplicitPrecompiledModules -clang-scanner-module-cache-path /Volumes/DeveloperStorage/BuildScratch/throttle-convergence-20260920/DerivedData/ModuleCache.noindex -sdk-module-cache-path /Volumes/DeveloperStorage/BuildScratch/throttle-convergence-20260920/DerivedData/SDKExplicitPrecompiledModules -emit-dependencies -emit-module -emit-module-path /Volumes/DeveloperStorage/BuildScratch/throttle-convergence-20260920/DerivedData/Build/Intermediates.noindex/Throttle.build/Debug/ThrottleTests.build/Objects-normal/arm64/ThrottleTests.swiftmodule -serialize-diagnostics -dependency-scan-serialize-diagnostics-path /Volumes/DeveloperStorage/BuildScratch/throttle-convergence-20260920/DerivedData/Build/Intermediates.noindex/Throttle.build/Debug/ThrottleTests.build/Objects-normal/arm64/ThrottleTests-dependency-scan.dia -validate-clang-modules-once -clang-build-session-file /Volumes/DeveloperStorage/BuildScratch/throttle-convergence-20260920/DerivedData/ModuleCache.noindex/Session.modulevalidation -Xcc -fmodules-prune-interval\=86400 -Xcc -fmodules-prune-after\=345600 -emit-const-values -const-gather-protocols-list /Volumes/DeveloperStorage/BuildScratch/throttle-convergence-20260920/DerivedData/Build/Intermediates.noindex/Throttle.build/Debug/ThrottleTests.build/Objects-normal/arm64/ThrottleTests_const_extract_protocols.json -Xcc -iquote -Xcc /Volumes/DeveloperStorage/BuildScratch/throttle-convergence-20260920/DerivedData/Build/Intermediates.noindex/Throttle.build/Debug/ThrottleTests.build/ThrottleTests-generated-files.hmap -Xcc -I/Volumes/DeveloperStorage/BuildScratch/throttle-convergence-20260920/DerivedData/Build/Intermediates.noindex/Throttle.build/Debug/ThrottleTests.build/ThrottleTests-own-target-headers.hmap -Xcc -I/Volumes/DeveloperStorage/BuildScratch/throttle-convergence-20260920/DerivedData/Build/Intermediates.noindex/Throttle.build/Debug/ThrottleTests.build/ThrottleTests-all-non-framework-target-headers.hmap -Xcc -ivfsoverlay -Xcc /Volumes/DeveloperStorage/BuildScratch/throttle-convergence-20260920/DerivedData/Build/Intermediates.noindex/Throttle.build/Debug/Throttle-c41c58a016fc9f4310c5f27451fa5182-VFS/all-product-headers.yaml -Xcc -iquote -Xcc /Volumes/DeveloperStorage/BuildScratch/throttle-convergence-20260920/DerivedData/Build/Intermediates.noindex/Throttle.build/Debug/ThrottleTests.build/ThrottleTests-project-headers.hmap -Xcc -I/Volumes/DeveloperStorage/BuildScratch/throttle-convergence-20260920/SourcePackages/checkouts/swift-numerics/Sources/_NumericsShims/include -Xcc -I/Volumes/DeveloperStorage/BuildScratch/throttle-convergence-20260920/SourcePackages/checkouts/mlx-swift/Source/Cmlx/include -Xcc -I/Volumes/DeveloperStorage/BuildScratch/throttle-convergence-20260920/SourcePackages/checkouts/swift-atomics/Sources/_AtomicsShims/include -Xcc -I/Volumes/DeveloperStorage/BuildScratch/throttle-convergence-20260920/SourcePackages/checkouts/swift-nio/Sources/CNIOWASI/include -Xcc -I/Volumes/DeveloperStorage/BuildScratch/throttle-convergence-20260920/SourcePackages/checkouts/swift-nio/Sources/CNIOWindows/include -Xcc -I/Volumes/DeveloperStorage/BuildScratch/throttle-convergence-20260920/SourcePackages/checkouts/swift-nio/Sources/CNIOLinux/include -Xcc -I/Volumes/DeveloperStorage/BuildScratch/throttle-convergence-20260920/SourcePackages/checkouts/swift-nio/Sources/CNIODarwin/include -Xcc -I/Volumes/DeveloperStorage/BuildScratch/throttle-convergence-20260920/SourcePackages/checkouts/swift-nio/Sources/CNIOFreeBSD/include -Xcc -I/Volumes/DeveloperStorage/BuildScratch/throttle-convergence-20260920/SourcePackages/checkouts/swift-nio/Sources/CNIOOpenBSD/include -Xcc -I/Volumes/DeveloperStorage/BuildScratch/throttle-convergence-20260920/SourcePackages/checkouts/swift-nio/Sources/CNIOAtomics/include -Xcc -I/Volumes/DeveloperStorage/BuildScratch/throttle-convergence-20260920/SourcePackages/checkouts/yyjson/src -Xcc -I/Volumes/DeveloperStorage/BuildScratch/throttle-convergence-20260920/DerivedData/Build/Products/Debug/include -Xcc -I/Volumes/DeveloperStorage/BuildScratch/throttle-convergence-20260920/DerivedData/Build/Intermediates.noindex/Throttle.build/Debug/ThrottleTests.build/DerivedSources-normal/arm64 -Xcc -I/Volumes/DeveloperStorage/BuildScratch/throttle-convergence-20260920/DerivedData/Build/Intermediates.noindex/Throttle.build/Debug/ThrottleTests.build/DerivedSources/arm64 -Xcc -I/Volumes/DeveloperStorage/BuildScratch/throttle-convergence-20260920/DerivedData/Build/Intermediates.noindex/Throttle.build/Debug/ThrottleTests.build/DerivedSources -Xcc -DDEBUG\=1 -emit-objc-header -emit-objc-header-path /Volumes/DeveloperStorage/BuildScratch/throttle-convergence-20260920/DerivedData/Build/Intermediates.noindex/Throttle.build/Debug/ThrottleTests.build/Objects-normal/arm64/ThrottleTests-Swift.h -working-directory /Users/kevinnadjarian/GitHub/Throttle/build/convergence-recovery-20260920 -experimental-emit-module-separately -disable-cmo

SwiftDriverJobDiscovery normal arm64 Compiling PlanMCPAuthorityLifecycleTests.swift, PlanMCPAuthorityTests.swift, PlanMCPIntakeAuthorityTests.swift, PlanMCPMissionFenceTests.swift, PlanMCPRetryTests.swift, PlanMCPSchemaContractTests.swift, PlanMCPTaskRouterTests.swift, PlanMCPToolsTests.swift, PlanOrientationTests.swift, PlanProjectionIntegrationEventsTests.swift, PlanProjectionTests.swift, PlanStoreCrashTests.swift, PlanStoreTests.swift, ProductSignalsTests.swift, ProjectAssistantViewTests.swift, ProjectInstructionServiceTests.swift (in target 'ThrottleTests' from project 'Throttle')

SwiftCompile normal arm64 Compiling\ ResearchVaultFolderSourceStoreTests.swift,\ ResearchVaultNotebookSyncTests.swift,\ ResearchVaultSpaceStoreTests.swift,\ ResearchVaultURLIntakeTests.swift,\ ResearchVaultWorkbenchProjectionTests.swift,\ ReviewedPasteServiceTests.swift,\ RouterAdvisorCacheTests.swift,\ SemanticAutoIndexerTests.swift,\ SemanticIndexTests.swift,\ SessionFileParserTests.swift,\ SessionProjectResolverTests.swift,\ SessionReentryDigestTests.swift,\ SessionResourceEnvelopeTests.swift,\ SessionStateDotTests.swift,\ ShadowReplayLedgerTests.swift /Users/kevinnadjarian/GitHub/Throttle/build/convergence-recovery-20260920/ThrottleTests/ResearchVaultFolderSourceStoreTests.swift /Users/kevinnadjarian/GitHub/Throttle/build/convergence-recovery-20260920/ThrottleTests/ResearchVaultNotebookSyncTests.swift /Users/kevinnadjarian/GitHub/Throttle/build/convergence-recovery-20260920/ThrottleTests/ResearchVaultSpaceStoreTests.swift /Users/kevinnadjarian/GitHub/Throttle/build/convergence-recovery-20260920/ThrottleTests/ServiceTests/ResearchVaultURLIntakeTests.swift /Users/kevinnadjarian/GitHub/Throttle/build/convergence-recovery-20260920/ThrottleTests/ResearchVaultWorkbenchProjectionTests.swift /Users/kevinnadjarian/GitHub/Throttle/build/convergence-recovery-20260920/ThrottleTests/ServiceTests/ReviewedPasteServiceTests.swift /Users/kevinnadjarian/GitHub/Throttle/build/convergence-recovery-20260920/ThrottleTests/ServiceTests/RouterAdvisorCacheTests.swift /Users/kevinnadjarian/GitHub/Throttle/build/convergence-recovery-20260920/ThrottleTests/ServiceTests/SemanticAutoIndexerTests.swift /Users/kevinnadjarian/GitHub/Throttle/build/convergence-recovery-20260920/ThrottleTests/ServiceTests/SemanticIndexTests.swift /Users/kevinnadjarian/GitHub/Throttle/build/convergence-recovery-20260920/ThrottleTests/ParserTests/SessionFileParserTests.swift /Users/kevinnadjarian/GitHub/Throttle/build/convergence-recovery-20260920/ThrottleTests/ServiceTests/SessionProjectResolverTests.swift /Users/kevinnadjarian/GitHub/Throttle/build/convergence-recovery-20260920/ThrottleTests/ServiceTests/SessionReentryDigestTests.swift /Users/kevinnadjarian/GitHub/Throttle/build/convergence-recovery-20260920/ThrottleTests/ServiceTests/SessionResourceEnvelopeTests.swift /Users/kevinnadjarian/GitHub/Throttle/build/convergence-recovery-20260920/ThrottleTests/StateTests/SessionStateDotTests.swift /Users/kevinnadjarian/GitHub/Throttle/build/convergence-recovery-20260920/ThrottleTests/ServiceTests/ShadowReplayLedgerTests.swift (in target 'ThrottleTests' from project 'Throttle')

SwiftCompile normal arm64 /Users/kevinnadjarian/GitHub/Throttle/build/convergence-recovery-20260920/ThrottleTests/ResearchVaultFolderSourceStoreTests.swift (in target 'ThrottleTests' from project 'Throttle')
    cd /Users/kevinnadjarian/GitHub/Throttle/build/convergence-recovery-20260920
    builtin-SwiftPerFileCompile ResearchVaultFolderSourceStoreTests.swift

SwiftCompile normal arm64 /Users/kevinnadjarian/GitHub/Throttle/build/convergence-recovery-20260920/ThrottleTests/ResearchVaultNotebookSyncTests.swift (in target 'ThrottleTests' from project 'Throttle')
    cd /Users/kevinnadjarian/GitHub/Throttle/build/convergence-recovery-20260920
    builtin-SwiftPerFileCompile ResearchVaultNotebookSyncTests.swift

SwiftCompile normal arm64 /Users/kevinnadjarian/GitHub/Throttle/build/convergence-recovery-20260920/ThrottleTests/ResearchVaultSpaceStoreTests.swift (in target 'ThrottleTests' from project 'Throttle')
    cd /Users/kevinnadjarian/GitHub/Throttle/build/convergence-recovery-20260920
    builtin-SwiftPerFileCompile ResearchVaultSpaceStoreTests.swift

SwiftCompile normal arm64 /Users/kevinnadjarian/GitHub/Throttle/build/convergence-recovery-20260920/ThrottleTests/ServiceTests/ResearchVaultURLIntakeTests.swift (in target 'ThrottleTests' from project 'Throttle')
    cd /Users/kevinnadjarian/GitHub/Throttle/build/convergence-recovery-20260920
    builtin-SwiftPerFileCompile ResearchVaultURLIntakeTests.swift

SwiftCompile normal arm64 /Users/kevinnadjarian/GitHub/Throttle/build/convergence-recovery-20260920/ThrottleTests/ResearchVaultWorkbenchProjectionTests.swift (in target 'ThrottleTests' from project 'Throttle')
    cd /Users/kevinnadjarian/GitHub/Throttle/build/convergence-recovery-20260920
    builtin-SwiftPerFileCompile ResearchVaultWorkbenchProjectionTests.swift

SwiftCompile normal arm64 /Users/kevinnadjarian/GitHub/Throttle/build/convergence-recovery-20260920/ThrottleTests/ServiceTests/ReviewedPasteServiceTests.swift (in target 'ThrottleTests' from project 'Throttle')
    cd /Users/kevinnadjarian/GitHub/Throttle/build/convergence-recovery-20260920
    builtin-SwiftPerFileCompile ReviewedPasteServiceTests.swift

SwiftCompile normal arm64 /Users/kevinnadjarian/GitHub/Throttle/build/convergence-recovery-20260920/ThrottleTests/ServiceTests/RouterAdvisorCacheTests.swift (in target 'ThrottleTests' from project 'Throttle')
    cd /Users/kevinnadjarian/GitHub/Throttle/build/convergence-recovery-20260920
    builtin-SwiftPerFileCompile RouterAdvisorCacheTests.swift

SwiftCompile normal arm64 /Users/kevinnadjarian/GitHub/Throttle/build/convergence-recovery-20260920/ThrottleTests/ServiceTests/SemanticAutoIndexerTests.swift (in target 'ThrottleTests' from project 'Throttle')
    cd /Users/kevinnadjarian/GitHub/Throttle/build/convergence-recovery-20260920
    builtin-SwiftPerFileCompile SemanticAutoIndexerTests.swift

SwiftCompile normal arm64 /Users/kevinnadjarian/GitHub/Throttle/build/convergence-recovery-20260920/ThrottleTests/ServiceTests/SemanticIndexTests.swift (in target 'ThrottleTests' from project 'Throttle')
    cd /Users/kevinnadjarian/GitHub/Throttle/build/convergence-recovery-20260920
    builtin-SwiftPerFileCompile SemanticIndexTests.swift

SwiftCompile normal arm64 /Users/kevinnadjarian/GitHub/Throttle/build/convergence-recovery-20260920/ThrottleTests/ParserTests/SessionFileParserTests.swift (in target 'ThrottleTests' from project 'Throttle')
    cd /Users/kevinnadjarian/GitHub/Throttle/build/convergence-recovery-20260920
    builtin-SwiftPerFileCompile SessionFileParserTests.swift

SwiftCompile normal arm64 /Users/kevinnadjarian/GitHub/Throttle/build/convergence-recovery-20260920/ThrottleTests/ServiceTests/SessionProjectResolverTests.swift (in target 'ThrottleTests' from project 'Throttle')
    cd /Users/kevinnadjarian/GitHub/Throttle/build/convergence-recovery-20260920
    builtin-SwiftPerFileCompile SessionProjectResolverTests.swift

SwiftCompile normal arm64 /Users/kevinnadjarian/GitHub/Throttle/build/convergence-recovery-20260920/ThrottleTests/ServiceTests/SessionReentryDigestTests.swift (in target 'ThrottleTests' from project 'Throttle')
    cd /Users/kevinnadjarian/GitHub/Throttle/build/convergence-recovery-20260920
    builtin-SwiftPerFileCompile SessionReentryDigestTests.swift

SwiftCompile normal arm64 /Users/kevinnadjarian/GitHub/Throttle/build/convergence-recovery-20260920/ThrottleTests/ServiceTests/SessionResourceEnvelopeTests.swift (in target 'ThrottleTests' from project 'Throttle')
    cd /Users/kevinnadjarian/GitHub/Throttle/build/convergence-recovery-20260920
    builtin-SwiftPerFileCompile SessionResourceEnvelopeTests.swift

SwiftCompile normal arm64 /Users/kevinnadjarian/GitHub/Throttle/build/convergence-recovery-20260920/ThrottleTests/StateTests/SessionStateDotTests.swift (in target 'ThrottleTests' from project 'Throttle')
    cd /Users/kevinnadjarian/GitHub/Throttle/build/convergence-recovery-20260920
    builtin-SwiftPerFileCompile SessionStateDotTests.swift

SwiftCompile normal arm64 /Users/kevinnadjarian/GitHub/Throttle/build/convergence-recovery-20260920/ThrottleTests/ServiceTests/ShadowReplayLedgerTests.swift (in target 'ThrottleTests' from project 'Throttle')
    cd /Users/kevinnadjarian/GitHub/Throttle/build/convergence-recovery-20260920
    builtin-SwiftPerFileCompile ShadowReplayLedgerTests.swift

Copy /Volumes/DeveloperStorage/BuildScratch/throttle-convergence-20260920/DerivedData/Build/Products/Debug/ThrottleTests.swiftmodule/Project/arm64-apple-macos.swiftsourceinfo /Volumes/DeveloperStorage/BuildScratch/throttle-convergence-20260920/DerivedData/Build/Intermediates.noindex/Throttle.build/Debug/ThrottleTests.build/Objects-normal/arm64/ThrottleTests.swiftsourceinfo (in target 'ThrottleTests' from project 'Throttle')
    cd /Users/kevinnadjarian/GitHub/Throttle/build/convergence-recovery-20260920
    builtin-copy -exclude .DS_Store -exclude CVS -exclude .svn -exclude .git -exclude .hg -resolve-src-symlinks -rename /Volumes/DeveloperStorage/BuildScratch/throttle-convergence-20260920/DerivedData/Build/Intermediates.noindex/Throttle.build/Debug/ThrottleTests.build/Objects-normal/arm64/ThrottleTests.swiftsourceinfo /Volumes/DeveloperStorage/BuildScratch/throttle-convergence-20260920/DerivedData/Build/Products/Debug/ThrottleTests.swiftmodule/Project/arm64-apple-macos.swiftsourceinfo

SwiftDriverJobDiscovery normal arm64 Compiling ResearchVaultFolderSourceStoreTests.swift, ResearchVaultNotebookSyncTests.swift, ResearchVaultSpaceStoreTests.swift, ResearchVaultURLIntakeTests.swift, ResearchVaultWorkbenchProjectionTests.swift, ReviewedPasteServiceTests.swift, RouterAdvisorCacheTests.swift, SemanticAutoIndexerTests.swift, SemanticIndexTests.swift, SessionFileParserTests.swift, SessionProjectResolverTests.swift, SessionReentryDigestTests.swift, SessionResourceEnvelopeTests.swift, SessionStateDotTests.swift, ShadowReplayLedgerTests.swift (in target 'ThrottleTests' from project 'Throttle')

SwiftCompile normal arm64 Compiling\ ProjectIntakeTests.swift,\ ProjectKnowledgeBoundaryTests.swift,\ ProjectKnowledgeExplorerTests.swift,\ ProjectKnowledgeRaceTests.swift,\ ProjectOverviewProjectionTests.swift,\ PromptCacheImpactServiceTests.swift,\ PromptRefinerModelTests.swift,\ PromptRefinerServiceTests.swift,\ ReadFirewallScannerTests.swift,\ RedTeamCampaignStoreTests.swift,\ RemoteSessionsCredentialTests.swift,\ RemoteTransferGitTests.swift,\ RemoteTransferJournalTests.swift,\ RemoteTransferReturnTests.swift,\ RepoIndexerTests.swift /Users/kevinnadjarian/GitHub/Throttle/build/convergence-recovery-20260920/ThrottleTests/ServiceTests/ProjectIntakeTests.swift /Users/kevinnadjarian/GitHub/Throttle/build/convergence-recovery-20260920/ThrottleTests/ServiceTests/ProjectKnowledgeBoundaryTests.swift /Users/kevinnadjarian/GitHub/Throttle/build/convergence-recovery-20260920/ThrottleTests/ServiceTests/ProjectKnowledgeExplorerTests.swift /Users/kevinnadjarian/GitHub/Throttle/build/convergence-recovery-20260920/ThrottleTests/ServiceTests/ProjectKnowledgeRaceTests.swift /Users/kevinnadjarian/GitHub/Throttle/build/convergence-recovery-20260920/ThrottleTests/ServiceTests/ProjectOverviewProjectionTests.swift /Users/kevinnadjarian/GitHub/Throttle/build/convergence-recovery-20260920/ThrottleTests/ServiceTests/PromptCacheImpactServiceTests.swift /Users/kevinnadjarian/GitHub/Throttle/build/convergence-recovery-20260920/ThrottleTests/ServiceTests/PromptRefinerModelTests.swift /Users/kevinnadjarian/GitHub/Throttle/build/convergence-recovery-20260920/ThrottleTests/ServiceTests/PromptRefinerServiceTests.swift /Users/kevinnadjarian/GitHub/Throttle/build/convergence-recovery-20260920/ThrottleTests/ServiceTests/ReadFirewallScannerTests.swift /Users/kevinnadjarian/GitHub/Throttle/build/convergence-recovery-20260920/ThrottleTests/ServiceTests/RedTeamCampaignStoreTests.swift /Users/kevinnadjarian/GitHub/Throttle/build/convergence-recovery-20260920/ThrottleTests/ServiceTests/RemoteSessionsCredentialTests.swift /Users/kevinnadjarian/GitHub/Throttle/build/convergence-recovery-20260920/ThrottleTests/ServiceTests/RemoteTransferGitTests.swift /Users/kevinnadjarian/GitHub/Throttle/build/convergence-recovery-20260920/ThrottleTests/ServiceTests/RemoteTransferJournalTests.swift /Users/kevinnadjarian/GitHub/Throttle/build/convergence-recovery-20260920/ThrottleTests/ServiceTests/RemoteTransferReturnTests.swift /Users/kevinnadjarian/GitHub/Throttle/build/convergence-recovery-20260920/ThrottleTests/ServiceTests/RepoIndexerTests.swift (in target 'ThrottleTests' from project 'Throttle')

SwiftCompile normal arm64 /Users/kevinnadjarian/GitHub/Throttle/build/convergence-recovery-20260920/ThrottleTests/ServiceTests/ProjectIntakeTests.swift (in target 'ThrottleTests' from project 'Throttle')
    cd /Users/kevinnadjarian/GitHub/Throttle/build/convergence-recovery-20260920
    builtin-SwiftPerFileCompile ProjectIntakeTests.swift

SwiftCompile normal arm64 /Users/kevinnadjarian/GitHub/Throttle/build/convergence-recovery-20260920/ThrottleTests/ServiceTests/ProjectKnowledgeBoundaryTests.swift (in target 'ThrottleTests' from project 'Throttle')
    cd /Users/kevinnadjarian/GitHub/Throttle/build/convergence-recovery-20260920
    builtin-SwiftPerFileCompile ProjectKnowledgeBoundaryTests.swift

SwiftCompile normal arm64 /Users/kevinnadjarian/GitHub/Throttle/build/convergence-recovery-20260920/ThrottleTests/ServiceTests/ProjectKnowledgeExplorerTests.swift (in target 'ThrottleTests' from project 'Throttle')
    cd /Users/kevinnadjarian/GitHub/Throttle/build/convergence-recovery-20260920
    builtin-SwiftPerFileCompile ProjectKnowledgeExplorerTests.swift

SwiftCompile normal arm64 /Users/kevinnadjarian/GitHub/Throttle/build/convergence-recovery-20260920/ThrottleTests/ServiceTests/ProjectKnowledgeRaceTests.swift (in target 'ThrottleTests' from project 'Throttle')
    cd /Users/kevinnadjarian/GitHub/Throttle/build/convergence-recovery-20260920
    builtin-SwiftPerFileCompile ProjectKnowledgeRaceTests.swift

SwiftCompile normal arm64 /Users/kevinnadjarian/GitHub/Throttle/build/convergence-recovery-20260920/ThrottleTests/ServiceTests/ProjectOverviewProjectionTests.swift (in target 'ThrottleTests' from project 'Throttle')
    cd /Users/kevinnadjarian/GitHub/Throttle/build/convergence-recovery-20260920
    builtin-SwiftPerFileCompile ProjectOverviewProjectionTests.swift

SwiftCompile normal arm64 /Users/kevinnadjarian/GitHub/Throttle/build/convergence-recovery-20260920/ThrottleTests/ServiceTests/PromptCacheImpactServiceTests.swift (in target 'ThrottleTests' from project 'Throttle')
    cd /Users/kevinnadjarian/GitHub/Throttle/build/convergence-recovery-20260920
    builtin-SwiftPerFileCompile PromptCacheImpactServiceTests.swift

SwiftCompile normal arm64 /Users/kevinnadjarian/GitHub/Throttle/build/convergence-recovery-20260920/ThrottleTests/ServiceTests/PromptRefinerModelTests.swift (in target 'ThrottleTests' from project 'Throttle')
    cd /Users/kevinnadjarian/GitHub/Throttle/build/convergence-recovery-20260920
    builtin-SwiftPerFileCompile PromptRefinerModelTests.swift

SwiftCompile normal arm64 /Users/kevinnadjarian/GitHub/Throttle/build/convergence-recovery-20260920/ThrottleTests/ServiceTests/PromptRefinerServiceTests.swift (in target 'ThrottleTests' from project 'Throttle')
    cd /Users/kevinnadjarian/GitHub/Throttle/build/convergence-recovery-20260920
    builtin-SwiftPerFileCompile PromptRefinerServiceTests.swift

SwiftCompile normal arm64 /Users/kevinnadjarian/GitHub/Throttle/build/convergence-recovery-20260920/ThrottleTests/ServiceTests/ReadFirewallScannerTests.swift (in target 'ThrottleTests' from project 'Throttle')
    cd /Users/kevinnadjarian/GitHub/Throttle/build/convergence-recovery-20260920
    builtin-SwiftPerFileCompile ReadFirewallScannerTests.swift

SwiftCompile normal arm64 /Users/kevinnadjarian/GitHub/Throttle/build/convergence-recovery-20260920/ThrottleTests/ServiceTests/RedTeamCampaignStoreTests.swift (in target 'ThrottleTests' from project 'Throttle')
    cd /Users/kevinnadjarian/GitHub/Throttle/build/convergence-recovery-20260920
    builtin-SwiftPerFileCompile RedTeamCampaignStoreTests.swift

SwiftCompile normal arm64 /Users/kevinnadjarian/GitHub/Throttle/build/convergence-recovery-20260920/ThrottleTests/ServiceTests/RemoteSessionsCredentialTests.swift (in target 'ThrottleTests' from project 'Throttle')
    cd /Users/kevinnadjarian/GitHub/Throttle/build/convergence-recovery-20260920
    builtin-SwiftPerFileCompile RemoteSessionsCredentialTests.swift

SwiftCompile normal arm64 /Users/kevinnadjarian/GitHub/Throttle/build/convergence-recovery-20260920/ThrottleTests/ServiceTests/RemoteTransferGitTests.swift (in target 'ThrottleTests' from project 'Throttle')
    cd /Users/kevinnadjarian/GitHub/Throttle/build/convergence-recovery-20260920
    builtin-SwiftPerFileCompile RemoteTransferGitTests.swift

SwiftCompile normal arm64 /Users/kevinnadjarian/GitHub/Throttle/build/convergence-recovery-20260920/ThrottleTests/ServiceTests/RemoteTransferJournalTests.swift (in target 'ThrottleTests' from project 'Throttle')
    cd /Users/kevinnadjarian/GitHub/Throttle/build/convergence-recovery-20260920
    builtin-SwiftPerFileCompile RemoteTransferJournalTests.swift

SwiftCompile normal arm64 /Users/kevinnadjarian/GitHub/Throttle/build/convergence-recovery-20260920/ThrottleTests/ServiceTests/RemoteTransferReturnTests.swift (in target 'ThrottleTests' from project 'Throttle')
    cd /Users/kevinnadjarian/GitHub/Throttle/build/convergence-recovery-20260920
    builtin-SwiftPerFileCompile RemoteTransferReturnTests.swift

SwiftCompile normal arm64 /Users/kevinnadjarian/GitHub/Throttle/build/convergence-recovery-20260920/ThrottleTests/ServiceTests/RepoIndexerTests.swift (in target 'ThrottleTests' from project 'Throttle')
    cd /Users/kevinnadjarian/GitHub/Throttle/build/convergence-recovery-20260920
    builtin-SwiftPerFileCompile RepoIndexerTests.swift

Copy /Volumes/DeveloperStorage/BuildScratch/throttle-convergence-20260920/DerivedData/Build/Products/Debug/ThrottleTests.swiftmodule/arm64-apple-macos.swiftmodule /Volumes/DeveloperStorage/BuildScratch/throttle-convergence-20260920/DerivedData/Build/Intermediates.noindex/Throttle.build/Debug/ThrottleTests.build/Objects-normal/arm64/ThrottleTests.swiftmodule (in target 'ThrottleTests' from project 'Throttle')
    cd /Users/kevinnadjarian/GitHub/Throttle/build/convergence-recovery-20260920
    builtin-copy -exclude .DS_Store -exclude CVS -exclude .svn -exclude .git -exclude .hg -resolve-src-symlinks -rename /Volumes/DeveloperStorage/BuildScratch/throttle-convergence-20260920/DerivedData/Build/Intermediates.noindex/Throttle.build/Debug/ThrottleTests.build/Objects-normal/arm64/ThrottleTests.swiftmodule /Volumes/DeveloperStorage/BuildScratch/throttle-convergence-20260920/DerivedData/Build/Products/Debug/ThrottleTests.swiftmodule/arm64-apple-macos.swiftmodule

SwiftDriverJobDiscovery normal arm64 Compiling MouseReportFilterWheelTests.swift, NativeSessionBindingTests.swift, NotebookLMGatewayProcessTests.swift, NotebookLMImportJobTests.swift, OKFStoreTests.swift, OllamaEmbeddingProviderTests.swift, OptimizerHonestyTests.swift, OutboundPolicyTests.swift, OwnedProcessTerminationTests.swift, PauseReasonTests.swift, PeerControlAdmissionTests.swift, PeerTerminalBoundaryTests.swift, PlanFlowTests.swift, PlanIntegrationCardTests.swift, PlanIntegrationFlowTests.swift, PlanIntegrationViewTests.swift (in target 'ThrottleTests' from project 'Throttle')

Copy /Volumes/DeveloperStorage/BuildScratch/throttle-convergence-20260920/DerivedData/Build/Products/Debug/ThrottleTests.swiftmodule/arm64-apple-macos.abi.json /Volumes/DeveloperStorage/BuildScratch/throttle-convergence-20260920/DerivedData/Build/Intermediates.noindex/Throttle.build/Debug/ThrottleTests.build/Objects-normal/arm64/ThrottleTests.abi.json (in target 'ThrottleTests' from project 'Throttle')
    cd /Users/kevinnadjarian/GitHub/Throttle/build/convergence-recovery-20260920
    builtin-copy -exclude .DS_Store -exclude CVS -exclude .svn -exclude .git -exclude .hg -resolve-src-symlinks -rename /Volumes/DeveloperStorage/BuildScratch/throttle-convergence-20260920/DerivedData/Build/Intermediates.noindex/Throttle.build/Debug/ThrottleTests.build/Objects-normal/arm64/ThrottleTests.abi.json /Volumes/DeveloperStorage/BuildScratch/throttle-convergence-20260920/DerivedData/Build/Products/Debug/ThrottleTests.swiftmodule/arm64-apple-macos.abi.json

SwiftCompile normal arm64 Compiling\ WorkflowContractIntegrationTests.swift,\ WorkflowDependencyEvaluatorTests.swift,\ WorkflowDesignContractTests.swift,\ WorkflowEvidenceReceiptTests.swift,\ WorkflowFoundationTests.swift,\ WorkflowIPEvaluatorTests.swift,\ WorkflowParityAuditorTests.swift,\ WorkflowRecipeTests.swift,\ WorkflowReleaseGateTests.swift,\ WorkflowReleaseLedgerStoreTests.swift,\ WorkflowResultImporterTests.swift,\ WorkflowReviewGateTests.swift,\ WorkflowReviewMCPTests.swift,\ WorkflowTechnologyReuseTests.swift,\ WorkflowWorkContractTests.swift /Users/kevinnadjarian/GitHub/Throttle/build/convergence-recovery-20260920/ThrottleTests/ServiceTests/WorkflowContractIntegrationTests.swift /Users/kevinnadjarian/GitHub/Throttle/build/convergence-recovery-20260920/ThrottleTests/ServiceTests/WorkflowDependencyEvaluatorTests.swift /Users/kevinnadjarian/GitHub/Throttle/build/convergence-recovery-20260920/ThrottleTests/ServiceTests/WorkflowDesignContractTests.swift /Users/kevinnadjarian/GitHub/Throttle/build/convergence-recovery-20260920/ThrottleTests/ServiceTests/WorkflowEvidenceReceiptTests.swift /Users/kevinnadjarian/GitHub/Throttle/build/convergence-recovery-20260920/ThrottleTests/ServiceTests/WorkflowFoundationTests.swift /Users/kevinnadjarian/GitHub/Throttle/build/convergence-recovery-20260920/ThrottleTests/ServiceTests/WorkflowIPEvaluatorTests.swift /Users/kevinnadjarian/GitHub/Throttle/build/convergence-recovery-20260920/ThrottleTests/ServiceTests/WorkflowParityAuditorTests.swift /Users/kevinnadjarian/GitHub/Throttle/build/convergence-recovery-20260920/ThrottleTests/ServiceTests/WorkflowRecipeTests.swift /Users/kevinnadjarian/GitHub/Throttle/build/convergence-recovery-20260920/ThrottleTests/ServiceTests/WorkflowReleaseGateTests.swift /Users/kevinnadjarian/GitHub/Throttle/build/convergence-recovery-20260920/ThrottleTests/ServiceTests/WorkflowReleaseLedgerStoreTests.swift /Users/kevinnadjarian/GitHub/Throttle/build/convergence-recovery-20260920/ThrottleTests/ServiceTests/WorkflowResultImporterTests.swift /Users/kevinnadjarian/GitHub/Throttle/build/convergence-recovery-20260920/ThrottleTests/ServiceTests/WorkflowReviewGateTests.swift /Users/kevinnadjarian/GitHub/Throttle/build/convergence-recovery-20260920/ThrottleTests/ServiceTests/WorkflowReviewMCPTests.swift /Users/kevinnadjarian/GitHub/Throttle/build/convergence-recovery-20260920/ThrottleTests/ServiceTests/WorkflowTechnologyReuseTests.swift /Users/kevinnadjarian/GitHub/Throttle/build/convergence-recovery-20260920/ThrottleTests/ServiceTests/WorkflowWorkContractTests.swift (in target 'ThrottleTests' from project 'Throttle')

SwiftCompile normal arm64 /Users/kevinnadjarian/GitHub/Throttle/build/convergence-recovery-20260920/ThrottleTests/ServiceTests/WorkflowContractIntegrationTests.swift (in target 'ThrottleTests' from project 'Throttle')
    cd /Users/kevinnadjarian/GitHub/Throttle/build/convergence-recovery-20260920
    builtin-SwiftPerFileCompile WorkflowContractIntegrationTests.swift

SwiftCompile normal arm64 /Users/kevinnadjarian/GitHub/Throttle/build/convergence-recovery-20260920/ThrottleTests/ServiceTests/WorkflowDependencyEvaluatorTests.swift (in target 'ThrottleTests' from project 'Throttle')
    cd /Users/kevinnadjarian/GitHub/Throttle/build/convergence-recovery-20260920
    builtin-SwiftPerFileCompile WorkflowDependencyEvaluatorTests.swift

SwiftCompile normal arm64 /Users/kevinnadjarian/GitHub/Throttle/build/convergence-recovery-20260920/ThrottleTests/ServiceTests/WorkflowDesignContractTests.swift (in target 'ThrottleTests' from project 'Throttle')
    cd /Users/kevinnadjarian/GitHub/Throttle/build/convergence-recovery-20260920
    builtin-SwiftPerFileCompile WorkflowDesignContractTests.swift

SwiftCompile normal arm64 /Users/kevinnadjarian/GitHub/Throttle/build/convergence-recovery-20260920/ThrottleTests/ServiceTests/WorkflowEvidenceReceiptTests.swift (in target 'ThrottleTests' from project 'Throttle')
    cd /Users/kevinnadjarian/GitHub/Throttle/build/convergence-recovery-20260920
    builtin-SwiftPerFileCompile WorkflowEvidenceReceiptTests.swift

SwiftCompile normal arm64 /Users/kevinnadjarian/GitHub/Throttle/build/convergence-recovery-20260920/ThrottleTests/ServiceTests/WorkflowFoundationTests.swift (in target 'ThrottleTests' from project 'Throttle')
    cd /Users/kevinnadjarian/GitHub/Throttle/build/convergence-recovery-20260920
    builtin-SwiftPerFileCompile WorkflowFoundationTests.swift

SwiftCompile normal arm64 /Users/kevinnadjarian/GitHub/Throttle/build/convergence-recovery-20260920/ThrottleTests/ServiceTests/WorkflowIPEvaluatorTests.swift (in target 'ThrottleTests' from project 'Throttle')
    cd /Users/kevinnadjarian/GitHub/Throttle/build/convergence-recovery-20260920
    builtin-SwiftPerFileCompile WorkflowIPEvaluatorTests.swift

SwiftCompile normal arm64 /Users/kevinnadjarian/GitHub/Throttle/build/convergence-recovery-20260920/ThrottleTests/ServiceTests/WorkflowParityAuditorTests.swift (in target 'ThrottleTests' from project 'Throttle')
    cd /Users/kevinnadjarian/GitHub/Throttle/build/convergence-recovery-20260920
    builtin-SwiftPerFileCompile WorkflowParityAuditorTests.swift

SwiftCompile normal arm64 /Users/kevinnadjarian/GitHub/Throttle/build/convergence-recovery-20260920/ThrottleTests/ServiceTests/WorkflowRecipeTests.swift (in target 'ThrottleTests' from project 'Throttle')
    cd /Users/kevinnadjarian/GitHub/Throttle/build/convergence-recovery-20260920
    builtin-SwiftPerFileCompile WorkflowRecipeTests.swift

SwiftCompile normal arm64 /Users/kevinnadjarian/GitHub/Throttle/build/convergence-recovery-20260920/ThrottleTests/ServiceTests/WorkflowReleaseGateTests.swift (in target 'ThrottleTests' from project 'Throttle')
    cd /Users/kevinnadjarian/GitHub/Throttle/build/convergence-recovery-20260920
    builtin-SwiftPerFileCompile WorkflowReleaseGateTests.swift

SwiftCompile normal arm64 /Users/kevinnadjarian/GitHub/Throttle/build/convergence-recovery-20260920/ThrottleTests/ServiceTests/WorkflowReleaseLedgerStoreTests.swift (in target 'ThrottleTests' from project 'Throttle')
    cd /Users/kevinnadjarian/GitHub/Throttle/build/convergence-recovery-20260920
    builtin-SwiftPerFileCompile WorkflowReleaseLedgerStoreTests.swift

SwiftCompile normal arm64 /Users/kevinnadjarian/GitHub/Throttle/build/convergence-recovery-20260920/ThrottleTests/ServiceTests/WorkflowResultImporterTests.swift (in target 'ThrottleTests' from project 'Throttle')
    cd /Users/kevinnadjarian/GitHub/Throttle/build/convergence-recovery-20260920
    builtin-SwiftPerFileCompile WorkflowResultImporterTests.swift

SwiftCompile normal arm64 /Users/kevinnadjarian/GitHub/Throttle/build/convergence-recovery-20260920/ThrottleTests/ServiceTests/WorkflowReviewGateTests.swift (in target 'ThrottleTests' from project 'Throttle')
    cd /Users/kevinnadjarian/GitHub/Throttle/build/convergence-recovery-20260920
    builtin-SwiftPerFileCompile WorkflowReviewGateTests.swift

SwiftCompile normal arm64 /Users/kevinnadjarian/GitHub/Throttle/build/convergence-recovery-20260920/ThrottleTests/ServiceTests/WorkflowReviewMCPTests.swift (in target 'ThrottleTests' from project 'Throttle')
    cd /Users/kevinnadjarian/GitHub/Throttle/build/convergence-recovery-20260920
    builtin-SwiftPerFileCompile WorkflowReviewMCPTests.swift

SwiftCompile normal arm64 /Users/kevinnadjarian/GitHub/Throttle/build/convergence-recovery-20260920/ThrottleTests/ServiceTests/WorkflowTechnologyReuseTests.swift (in target 'ThrottleTests' from project 'Throttle')
    cd /Users/kevinnadjarian/GitHub/Throttle/build/convergence-recovery-20260920
    builtin-SwiftPerFileCompile WorkflowTechnologyReuseTests.swift

SwiftCompile normal arm64 /Users/kevinnadjarian/GitHub/Throttle/build/convergence-recovery-20260920/ThrottleTests/ServiceTests/WorkflowWorkContractTests.swift (in target 'ThrottleTests' from project 'Throttle')
    cd /Users/kevinnadjarian/GitHub/Throttle/build/convergence-recovery-20260920
    builtin-SwiftPerFileCompile WorkflowWorkContractTests.swift

SwiftCompile normal arm64 Compiling\ DispatchAdvisorTests.swift,\ DisplayedNumbersTests.swift,\ EdgeDeployServiceTests.swift,\ EmbeddedModelRuntimeTests.swift,\ ExactModePollPolicyTests.swift,\ ExactSnapshotTests.swift,\ GlobalRAGOnboardingWindowControllerTests.swift,\ GlobalRAGServiceTests.swift,\ HealthCheckServiceTests.swift,\ HostedViewReview.swift,\ HumanDecisionRecorderTests.swift,\ LocalDelegationServiceTests.swift,\ LocalWorkerModelSelectionTests.swift,\ MenuBarCountdownTests.swift,\ MigrationsTests.swift,\ MissionRuntimeServiceTests.swift /Users/kevinnadjarian/GitHub/Throttle/build/convergence-recovery-20260920/ThrottleTests/ServiceTests/DispatchAdvisorTests.swift /Users/kevinnadjarian/GitHub/Throttle/build/convergence-recovery-20260920/ThrottleTests/ServiceTests/DisplayedNumbersTests.swift /Users/kevinnadjarian/GitHub/Throttle/build/convergence-recovery-20260920/ThrottleTests/ServiceTests/EdgeDeployServiceTests.swift /Users/kevinnadjarian/GitHub/Throttle/build/convergence-recovery-20260920/ThrottleTests/ServiceTests/EmbeddedModelRuntimeTests.swift /Users/kevinnadjarian/GitHub/Throttle/build/convergence-recovery-20260920/ThrottleTests/ServiceTests/ExactModePollPolicyTests.swift /Users/kevinnadjarian/GitHub/Throttle/build/convergence-recovery-20260920/ThrottleTests/StateTests/ExactSnapshotTests.swift /Users/kevinnadjarian/GitHub/Throttle/build/convergence-recovery-20260920/ThrottleTests/GlobalRAGOnboardingWindowControllerTests.swift /Users/kevinnadjarian/GitHub/Throttle/build/convergence-recovery-20260920/ThrottleTests/ServiceTests/GlobalRAGServiceTests.swift /Users/kevinnadjarian/GitHub/Throttle/build/convergence-recovery-20260920/ThrottleTests/ServiceTests/HealthCheckServiceTests.swift /Users/kevinnadjarian/GitHub/Throttle/build/convergence-recovery-20260920/ThrottleTests/ServiceTests/HostedViewReview.swift /Users/kevinnadjarian/GitHub/Throttle/build/convergence-recovery-20260920/ThrottleTests/ServiceTests/HumanDecisionRecorderTests.swift /Users/kevinnadjarian/GitHub/Throttle/build/convergence-recovery-20260920/ThrottleTests/ServiceTests/LocalDelegationServiceTests.swift /Users/kevinnadjarian/GitHub/Throttle/build/convergence-recovery-20260920/ThrottleTests/ServiceTests/LocalWorkerModelSelectionTests.swift /Users/kevinnadjarian/GitHub/Throttle/build/convergence-recovery-20260920/ThrottleTests/StateTests/MenuBarCountdownTests.swift /Users/kevinnadjarian/GitHub/Throttle/build/convergence-recovery-20260920/ThrottleTests/DatabaseTests/MigrationsTests.swift /Users/kevinnadjarian/GitHub/Throttle/build/convergence-recovery-20260920/ThrottleTests/ServiceTests/MissionRuntimeServiceTests.swift (in target 'ThrottleTests' from project 'Throttle')

SwiftCompile normal arm64 /Users/kevinnadjarian/GitHub/Throttle/build/convergence-recovery-20260920/ThrottleTests/ServiceTests/DispatchAdvisorTests.swift (in target 'ThrottleTests' from project 'Throttle')
    cd /Users/kevinnadjarian/GitHub/Throttle/build/convergence-recovery-20260920
    builtin-SwiftPerFileCompile DispatchAdvisorTests.swift

SwiftCompile normal arm64 /Users/kevinnadjarian/GitHub/Throttle/build/convergence-recovery-20260920/ThrottleTests/ServiceTests/DisplayedNumbersTests.swift (in target 'ThrottleTests' from project 'Throttle')
    cd /Users/kevinnadjarian/GitHub/Throttle/build/convergence-recovery-20260920
    builtin-SwiftPerFileCompile DisplayedNumbersTests.swift

SwiftCompile normal arm64 /Users/kevinnadjarian/GitHub/Throttle/build/convergence-recovery-20260920/ThrottleTests/ServiceTests/EdgeDeployServiceTests.swift (in target 'ThrottleTests' from project 'Throttle')
    cd /Users/kevinnadjarian/GitHub/Throttle/build/convergence-recovery-20260920
    builtin-SwiftPerFileCompile EdgeDeployServiceTests.swift

SwiftCompile normal arm64 /Users/kevinnadjarian/GitHub/Throttle/build/convergence-recovery-20260920/ThrottleTests/ServiceTests/EmbeddedModelRuntimeTests.swift (in target 'ThrottleTests' from project 'Throttle')
    cd /Users/kevinnadjarian/GitHub/Throttle/build/convergence-recovery-20260920
    builtin-SwiftPerFileCompile EmbeddedModelRuntimeTests.swift

SwiftCompile normal arm64 /Users/kevinnadjarian/GitHub/Throttle/build/convergence-recovery-20260920/ThrottleTests/ServiceTests/ExactModePollPolicyTests.swift (in target 'ThrottleTests' from project 'Throttle')
    cd /Users/kevinnadjarian/GitHub/Throttle/build/convergence-recovery-20260920
    builtin-SwiftPerFileCompile ExactModePollPolicyTests.swift

SwiftCompile normal arm64 /Users/kevinnadjarian/GitHub/Throttle/build/convergence-recovery-20260920/ThrottleTests/StateTests/ExactSnapshotTests.swift (in target 'ThrottleTests' from project 'Throttle')
    cd /Users/kevinnadjarian/GitHub/Throttle/build/convergence-recovery-20260920
    builtin-SwiftPerFileCompile ExactSnapshotTests.swift

SwiftCompile normal arm64 /Users/kevinnadjarian/GitHub/Throttle/build/convergence-recovery-20260920/ThrottleTests/GlobalRAGOnboardingWindowControllerTests.swift (in target 'ThrottleTests' from project 'Throttle')
    cd /Users/kevinnadjarian/GitHub/Throttle/build/convergence-recovery-20260920
    builtin-SwiftPerFileCompile GlobalRAGOnboardingWindowControllerTests.swift

SwiftCompile normal arm64 /Users/kevinnadjarian/GitHub/Throttle/build/convergence-recovery-20260920/ThrottleTests/ServiceTests/GlobalRAGServiceTests.swift (in target 'ThrottleTests' from project 'Throttle')
    cd /Users/kevinnadjarian/GitHub/Throttle/build/convergence-recovery-20260920
    builtin-SwiftPerFileCompile GlobalRAGServiceTests.swift

SwiftCompile normal arm64 /Users/kevinnadjarian/GitHub/Throttle/build/convergence-recovery-20260920/ThrottleTests/ServiceTests/HealthCheckServiceTests.swift (in target 'ThrottleTests' from project 'Throttle')
    cd /Users/kevinnadjarian/GitHub/Throttle/build/convergence-recovery-20260920
    builtin-SwiftPerFileCompile HealthCheckServiceTests.swift

SwiftCompile normal arm64 /Users/kevinnadjarian/GitHub/Throttle/build/convergence-recovery-20260920/ThrottleTests/ServiceTests/HostedViewReview.swift (in target 'ThrottleTests' from project 'Throttle')
    cd /Users/kevinnadjarian/GitHub/Throttle/build/convergence-recovery-20260920
    builtin-SwiftPerFileCompile HostedViewReview.swift

SwiftCompile normal arm64 /Users/kevinnadjarian/GitHub/Throttle/build/convergence-recovery-20260920/ThrottleTests/ServiceTests/HumanDecisionRecorderTests.swift (in target 'ThrottleTests' from project 'Throttle')
    cd /Users/kevinnadjarian/GitHub/Throttle/build/convergence-recovery-20260920
    builtin-SwiftPerFileCompile HumanDecisionRecorderTests.swift

SwiftCompile normal arm64 /Users/kevinnadjarian/GitHub/Throttle/build/convergence-recovery-20260920/ThrottleTests/ServiceTests/LocalDelegationServiceTests.swift (in target 'ThrottleTests' from project 'Throttle')
    cd /Users/kevinnadjarian/GitHub/Throttle/build/convergence-recovery-20260920
    builtin-SwiftPerFileCompile LocalDelegationServiceTests.swift

SwiftCompile normal arm64 /Users/kevinnadjarian/GitHub/Throttle/build/convergence-recovery-20260920/ThrottleTests/ServiceTests/LocalWorkerModelSelectionTests.swift (in target 'ThrottleTests' from project 'Throttle')
    cd /Users/kevinnadjarian/GitHub/Throttle/build/convergence-recovery-20260920
    builtin-SwiftPerFileCompile LocalWorkerModelSelectionTests.swift

SwiftCompile normal arm64 /Users/kevinnadjarian/GitHub/Throttle/build/convergence-recovery-20260920/ThrottleTests/StateTests/MenuBarCountdownTests.swift (in target 'ThrottleTests' from project 'Throttle')
    cd /Users/kevinnadjarian/GitHub/Throttle/build/convergence-recovery-20260920
    builtin-SwiftPerFileCompile MenuBarCountdownTests.swift

SwiftCompile normal arm64 /Users/kevinnadjarian/GitHub/Throttle/build/convergence-recovery-20260920/ThrottleTests/DatabaseTests/MigrationsTests.swift (in target 'ThrottleTests' from project 'Throttle')
    cd /Users/kevinnadjarian/GitHub/Throttle/build/convergence-recovery-20260920
    builtin-SwiftPerFileCompile MigrationsTests.swift

SwiftCompile normal arm64 /Users/kevinnadjarian/GitHub/Throttle/build/convergence-recovery-20260920/ThrottleTests/ServiceTests/MissionRuntimeServiceTests.swift (in target 'ThrottleTests' from project 'Throttle')
    cd /Users/kevinnadjarian/GitHub/Throttle/build/convergence-recovery-20260920
    builtin-SwiftPerFileCompile MissionRuntimeServiceTests.swift

SwiftDriverJobDiscovery normal arm64 Compiling ProjectIntakeTests.swift, ProjectKnowledgeBoundaryTests.swift, ProjectKnowledgeExplorerTests.swift, ProjectKnowledgeRaceTests.swift, ProjectOverviewProjectionTests.swift, PromptCacheImpactServiceTests.swift, PromptRefinerModelTests.swift, PromptRefinerServiceTests.swift, ReadFirewallScannerTests.swift, RedTeamCampaignStoreTests.swift, RemoteSessionsCredentialTests.swift, RemoteTransferGitTests.swift, RemoteTransferJournalTests.swift, RemoteTransferReturnTests.swift, RepoIndexerTests.swift (in target 'ThrottleTests' from project 'Throttle')

SwiftDriverJobDiscovery normal arm64 Compiling WorkflowContractIntegrationTests.swift, WorkflowDependencyEvaluatorTests.swift, WorkflowDesignContractTests.swift, WorkflowEvidenceReceiptTests.swift, WorkflowFoundationTests.swift, WorkflowIPEvaluatorTests.swift, WorkflowParityAuditorTests.swift, WorkflowRecipeTests.swift, WorkflowReleaseGateTests.swift, WorkflowReleaseLedgerStoreTests.swift, WorkflowResultImporterTests.swift, WorkflowReviewGateTests.swift, WorkflowReviewMCPTests.swift, WorkflowTechnologyReuseTests.swift, WorkflowWorkContractTests.swift (in target 'ThrottleTests' from project 'Throttle')

SwiftCompile normal arm64 Compiling\ TaskWorktreeServiceTests.swift,\ TestOutcomeDetectorTests.swift,\ TestOutcomeStoreTests.swift,\ ThrottleWaitingSnapshotTests.swift,\ TokenEstimateTests.swift,\ TokoptBenchmarkTests.swift,\ TokoptHookTests.swift,\ TranscriptMemoryInstallerTests.swift,\ TraycerDecoderTests.swift,\ TraycerStoreTests.swift,\ UsageExtractorTests.swift,\ VectorStoreTests.swift,\ VerifyConsentTests.swift,\ WarningDetectorTests.swift,\ WindowCalculatorTests.swift /Users/kevinnadjarian/GitHub/Throttle/build/convergence-recovery-20260920/ThrottleTests/ServiceTests/TaskWorktreeServiceTests.swift /Users/kevinnadjarian/GitHub/Throttle/build/convergence-recovery-20260920/ThrottleTests/ServiceTests/TestOutcomeDetectorTests.swift /Users/kevinnadjarian/GitHub/Throttle/build/convergence-recovery-20260920/ThrottleTests/ServiceTests/TestOutcomeStoreTests.swift /Users/kevinnadjarian/GitHub/Throttle/build/convergence-recovery-20260920/ThrottleTests/ServiceTests/ThrottleWaitingSnapshotTests.swift /Users/kevinnadjarian/GitHub/Throttle/build/convergence-recovery-20260920/ThrottleTests/ServiceTests/TokenEstimateTests.swift /Users/kevinnadjarian/GitHub/Throttle/build/convergence-recovery-20260920/ThrottleTests/ServiceTests/TokoptBenchmarkTests.swift /Users/kevinnadjarian/GitHub/Throttle/build/convergence-recovery-20260920/ThrottleTests/ServiceTests/TokoptHookTests.swift /Users/kevinnadjarian/GitHub/Throttle/build/convergence-recovery-20260920/ThrottleTests/ServiceTests/TranscriptMemoryInstallerTests.swift /Users/kevinnadjarian/GitHub/Throttle/build/convergence-recovery-20260920/ThrottleTests/ServiceTests/TraycerDecoderTests.swift /Users/kevinnadjarian/GitHub/Throttle/build/convergence-recovery-20260920/ThrottleTests/ServiceTests/TraycerStoreTests.swift /Users/kevinnadjarian/GitHub/Throttle/build/convergence-recovery-20260920/ThrottleTests/ParserTests/UsageExtractorTests.swift /Users/kevinnadjarian/GitHub/Throttle/build/convergence-recovery-20260920/ThrottleTests/ServiceTests/VectorStoreTests.swift /Users/kevinnadjarian/GitHub/Throttle/build/convergence-recovery-20260920/ThrottleTests/ServiceTests/VerifyConsentTests.swift /Users/kevinnadjarian/GitHub/Throttle/build/convergence-recovery-20260920/ThrottleTests/ParserTests/WarningDetectorTests.swift /Users/kevinnadjarian/GitHub/Throttle/build/convergence-recovery-20260920/ThrottleTests/CalibrationTests/WindowCalculatorTests.swift (in target 'ThrottleTests' from project 'Throttle')

SwiftCompile normal arm64 /Users/kevinnadjarian/GitHub/Throttle/build/convergence-recovery-20260920/ThrottleTests/ServiceTests/TaskWorktreeServiceTests.swift (in target 'ThrottleTests' from project 'Throttle')
    cd /Users/kevinnadjarian/GitHub/Throttle/build/convergence-recovery-20260920
    builtin-SwiftPerFileCompile TaskWorktreeServiceTests.swift

SwiftCompile normal arm64 /Users/kevinnadjarian/GitHub/Throttle/build/convergence-recovery-20260920/ThrottleTests/ServiceTests/TestOutcomeDetectorTests.swift (in target 'ThrottleTests' from project 'Throttle')
    cd /Users/kevinnadjarian/GitHub/Throttle/build/convergence-recovery-20260920
    builtin-SwiftPerFileCompile TestOutcomeDetectorTests.swift

SwiftCompile normal arm64 /Users/kevinnadjarian/GitHub/Throttle/build/convergence-recovery-20260920/ThrottleTests/ServiceTests/TestOutcomeStoreTests.swift (in target 'ThrottleTests' from project 'Throttle')
    cd /Users/kevinnadjarian/GitHub/Throttle/build/convergence-recovery-20260920
    builtin-SwiftPerFileCompile TestOutcomeStoreTests.swift

SwiftCompile normal arm64 /Users/kevinnadjarian/GitHub/Throttle/build/convergence-recovery-20260920/ThrottleTests/ServiceTests/ThrottleWaitingSnapshotTests.swift (in target 'ThrottleTests' from project 'Throttle')
    cd /Users/kevinnadjarian/GitHub/Throttle/build/convergence-recovery-20260920
    builtin-SwiftPerFileCompile ThrottleWaitingSnapshotTests.swift

SwiftCompile normal arm64 /Users/kevinnadjarian/GitHub/Throttle/build/convergence-recovery-20260920/ThrottleTests/ServiceTests/TokenEstimateTests.swift (in target 'ThrottleTests' from project 'Throttle')
    cd /Users/kevinnadjarian/GitHub/Throttle/build/convergence-recovery-20260920
    builtin-SwiftPerFileCompile TokenEstimateTests.swift

SwiftCompile normal arm64 /Users/kevinnadjarian/GitHub/Throttle/build/convergence-recovery-20260920/ThrottleTests/ServiceTests/TokoptBenchmarkTests.swift (in target 'ThrottleTests' from project 'Throttle')
    cd /Users/kevinnadjarian/GitHub/Throttle/build/convergence-recovery-20260920
    builtin-SwiftPerFileCompile TokoptBenchmarkTests.swift

SwiftCompile normal arm64 /Users/kevinnadjarian/GitHub/Throttle/build/convergence-recovery-20260920/ThrottleTests/ServiceTests/TokoptHookTests.swift (in target 'ThrottleTests' from project 'Throttle')
    cd /Users/kevinnadjarian/GitHub/Throttle/build/convergence-recovery-20260920
    builtin-SwiftPerFileCompile TokoptHookTests.swift

SwiftCompile normal arm64 /Users/kevinnadjarian/GitHub/Throttle/build/convergence-recovery-20260920/ThrottleTests/ServiceTests/TranscriptMemoryInstallerTests.swift (in target 'ThrottleTests' from project 'Throttle')
    cd /Users/kevinnadjarian/GitHub/Throttle/build/convergence-recovery-20260920
    builtin-SwiftPerFileCompile TranscriptMemoryInstallerTests.swift

SwiftCompile normal arm64 /Users/kevinnadjarian/GitHub/Throttle/build/convergence-recovery-20260920/ThrottleTests/ServiceTests/TraycerDecoderTests.swift (in target 'ThrottleTests' from project 'Throttle')
    cd /Users/kevinnadjarian/GitHub/Throttle/build/convergence-recovery-20260920
    builtin-SwiftPerFileCompile TraycerDecoderTests.swift

SwiftCompile normal arm64 /Users/kevinnadjarian/GitHub/Throttle/build/convergence-recovery-20260920/ThrottleTests/ServiceTests/TraycerStoreTests.swift (in target 'ThrottleTests' from project 'Throttle')
    cd /Users/kevinnadjarian/GitHub/Throttle/build/convergence-recovery-20260920
    builtin-SwiftPerFileCompile TraycerStoreTests.swift

SwiftCompile normal arm64 /Users/kevinnadjarian/GitHub/Throttle/build/convergence-recovery-20260920/ThrottleTests/ParserTests/UsageExtractorTests.swift (in target 'ThrottleTests' from project 'Throttle')
    cd /Users/kevinnadjarian/GitHub/Throttle/build/convergence-recovery-20260920
    builtin-SwiftPerFileCompile UsageExtractorTests.swift

SwiftCompile normal arm64 /Users/kevinnadjarian/GitHub/Throttle/build/convergence-recovery-20260920/ThrottleTests/ServiceTests/VectorStoreTests.swift (in target 'ThrottleTests' from project 'Throttle')
    cd /Users/kevinnadjarian/GitHub/Throttle/build/convergence-recovery-20260920
    builtin-SwiftPerFileCompile VectorStoreTests.swift

SwiftCompile normal arm64 /Users/kevinnadjarian/GitHub/Throttle/build/convergence-recovery-20260920/ThrottleTests/ServiceTests/VerifyConsentTests.swift (in target 'ThrottleTests' from project 'Throttle')
    cd /Users/kevinnadjarian/GitHub/Throttle/build/convergence-recovery-20260920
    builtin-SwiftPerFileCompile VerifyConsentTests.swift

SwiftCompile normal arm64 /Users/kevinnadjarian/GitHub/Throttle/build/convergence-recovery-20260920/ThrottleTests/ParserTests/WarningDetectorTests.swift (in target 'ThrottleTests' from project 'Throttle')
    cd /Users/kevinnadjarian/GitHub/Throttle/build/convergence-recovery-20260920
    builtin-SwiftPerFileCompile WarningDetectorTests.swift

SwiftCompile normal arm64 /Users/kevinnadjarian/GitHub/Throttle/build/convergence-recovery-20260920/ThrottleTests/CalibrationTests/WindowCalculatorTests.swift (in target 'ThrottleTests' from project 'Throttle')
    cd /Users/kevinnadjarian/GitHub/Throttle/build/convergence-recovery-20260920
    builtin-SwiftPerFileCompile WindowCalculatorTests.swift

SwiftCompile normal arm64 Compiling\ StringCatalogFrenchTests.swift,\ TaskBudgetAdmissionTests.swift,\ TaskBudgetLifecycleTests.swift,\ TaskIntegrationHardeningTests.swift,\ TaskIntegrationOutputTests.swift,\ TaskIntegrationRefusalTests.swift,\ TaskIntegrationServiceTests+Integration.swift,\ TaskIntegrationServiceTests.swift,\ TaskIntegrationWorkContractTests.swift,\ TaskLauncherBudgetTests.swift,\ TaskLauncherTests.swift,\ TaskSpendTests.swift,\ TaskVerificationCrashTests.swift,\ TaskVerificationLifecycleTests.swift,\ TaskVerificationProcessTests.swift /Users/kevinnadjarian/GitHub/Throttle/build/convergence-recovery-20260920/ThrottleTests/Localization/StringCatalogFrenchTests.swift /Users/kevinnadjarian/GitHub/Throttle/build/convergence-recovery-20260920/ThrottleTests/ServiceTests/TaskBudgetAdmissionTests.swift /Users/kevinnadjarian/GitHub/Throttle/build/convergence-recovery-20260920/ThrottleTests/ServiceTests/TaskBudgetLifecycleTests.swift /Users/kevinnadjarian/GitHub/Throttle/build/convergence-recovery-20260920/ThrottleTests/ServiceTests/TaskIntegrationHardeningTests.swift /Users/kevinnadjarian/GitHub/Throttle/build/convergence-recovery-20260920/ThrottleTests/ServiceTests/TaskIntegrationOutputTests.swift /Users/kevinnadjarian/GitHub/Throttle/build/convergence-recovery-20260920/ThrottleTests/ServiceTests/TaskIntegrationRefusalTests.swift /Users/kevinnadjarian/GitHub/Throttle/build/convergence-recovery-20260920/ThrottleTests/ServiceTests/TaskIntegrationServiceTests+Integration.swift /Users/kevinnadjarian/GitHub/Throttle/build/convergence-recovery-20260920/ThrottleTests/ServiceTests/TaskIntegrationServiceTests.swift /Users/kevinnadjarian/GitHub/Throttle/build/convergence-recovery-20260920/ThrottleTests/ServiceTests/TaskIntegrationWorkContractTests.swift /Users/kevinnadjarian/GitHub/Throttle/build/convergence-recovery-20260920/ThrottleTests/ServiceTests/TaskLauncherBudgetTests.swift /Users/kevinnadjarian/GitHub/Throttle/build/convergence-recovery-20260920/ThrottleTests/ServiceTests/TaskLauncherTests.swift /Users/kevinnadjarian/GitHub/Throttle/build/convergence-recovery-20260920/ThrottleTests/ServiceTests/TaskSpendTests.swift /Users/kevinnadjarian/GitHub/Throttle/build/convergence-recovery-20260920/ThrottleTests/ServiceTests/TaskVerificationCrashTests.swift /Users/kevinnadjarian/GitHub/Throttle/build/convergence-recovery-20260920/ThrottleTests/ServiceTests/TaskVerificationLifecycleTests.swift /Users/kevinnadjarian/GitHub/Throttle/build/convergence-recovery-20260920/ThrottleTests/ServiceTests/TaskVerificationProcessTests.swift (in target 'ThrottleTests' from project 'Throttle')

SwiftCompile normal arm64 /Users/kevinnadjarian/GitHub/Throttle/build/convergence-recovery-20260920/ThrottleTests/Localization/StringCatalogFrenchTests.swift (in target 'ThrottleTests' from project 'Throttle')
    cd /Users/kevinnadjarian/GitHub/Throttle/build/convergence-recovery-20260920
    builtin-SwiftPerFileCompile StringCatalogFrenchTests.swift

SwiftCompile normal arm64 /Users/kevinnadjarian/GitHub/Throttle/build/convergence-recovery-20260920/ThrottleTests/ServiceTests/TaskBudgetAdmissionTests.swift (in target 'ThrottleTests' from project 'Throttle')
    cd /Users/kevinnadjarian/GitHub/Throttle/build/convergence-recovery-20260920
    builtin-SwiftPerFileCompile TaskBudgetAdmissionTests.swift

SwiftCompile normal arm64 /Users/kevinnadjarian/GitHub/Throttle/build/convergence-recovery-20260920/ThrottleTests/ServiceTests/TaskBudgetLifecycleTests.swift (in target 'ThrottleTests' from project 'Throttle')
    cd /Users/kevinnadjarian/GitHub/Throttle/build/convergence-recovery-20260920
    builtin-SwiftPerFileCompile TaskBudgetLifecycleTests.swift

SwiftCompile normal arm64 /Users/kevinnadjarian/GitHub/Throttle/build/convergence-recovery-20260920/ThrottleTests/ServiceTests/TaskIntegrationHardeningTests.swift (in target 'ThrottleTests' from project 'Throttle')
    cd /Users/kevinnadjarian/GitHub/Throttle/build/convergence-recovery-20260920
    builtin-SwiftPerFileCompile TaskIntegrationHardeningTests.swift

SwiftCompile normal arm64 /Users/kevinnadjarian/GitHub/Throttle/build/convergence-recovery-20260920/ThrottleTests/ServiceTests/TaskIntegrationOutputTests.swift (in target 'ThrottleTests' from project 'Throttle')
    cd /Users/kevinnadjarian/GitHub/Throttle/build/convergence-recovery-20260920
    builtin-SwiftPerFileCompile TaskIntegrationOutputTests.swift

SwiftCompile normal arm64 /Users/kevinnadjarian/GitHub/Throttle/build/convergence-recovery-20260920/ThrottleTests/ServiceTests/TaskIntegrationRefusalTests.swift (in target 'ThrottleTests' from project 'Throttle')
    cd /Users/kevinnadjarian/GitHub/Throttle/build/convergence-recovery-20260920
    builtin-SwiftPerFileCompile TaskIntegrationRefusalTests.swift

SwiftCompile normal arm64 /Users/kevinnadjarian/GitHub/Throttle/build/convergence-recovery-20260920/ThrottleTests/ServiceTests/TaskIntegrationServiceTests+Integration.swift (in target 'ThrottleTests' from project 'Throttle')
    cd /Users/kevinnadjarian/GitHub/Throttle/build/convergence-recovery-20260920
    builtin-SwiftPerFileCompile TaskIntegrationServiceTests+Integration.swift

SwiftCompile normal arm64 /Users/kevinnadjarian/GitHub/Throttle/build/convergence-recovery-20260920/ThrottleTests/ServiceTests/TaskIntegrationServiceTests.swift (in target 'ThrottleTests' from project 'Throttle')
    cd /Users/kevinnadjarian/GitHub/Throttle/build/convergence-recovery-20260920
    builtin-SwiftPerFileCompile TaskIntegrationServiceTests.swift

SwiftCompile normal arm64 /Users/kevinnadjarian/GitHub/Throttle/build/convergence-recovery-20260920/ThrottleTests/ServiceTests/TaskIntegrationWorkContractTests.swift (in target 'ThrottleTests' from project 'Throttle')
    cd /Users/kevinnadjarian/GitHub/Throttle/build/convergence-recovery-20260920
    builtin-SwiftPerFileCompile TaskIntegrationWorkContractTests.swift

SwiftCompile normal arm64 /Users/kevinnadjarian/GitHub/Throttle/build/convergence-recovery-20260920/ThrottleTests/ServiceTests/TaskLauncherBudgetTests.swift (in target 'ThrottleTests' from project 'Throttle')
    cd /Users/kevinnadjarian/GitHub/Throttle/build/convergence-recovery-20260920
    builtin-SwiftPerFileCompile TaskLauncherBudgetTests.swift

SwiftCompile normal arm64 /Users/kevinnadjarian/GitHub/Throttle/build/convergence-recovery-20260920/ThrottleTests/ServiceTests/TaskLauncherTests.swift (in target 'ThrottleTests' from project 'Throttle')
    cd /Users/kevinnadjarian/GitHub/Throttle/build/convergence-recovery-20260920
    builtin-SwiftPerFileCompile TaskLauncherTests.swift

SwiftCompile normal arm64 /Users/kevinnadjarian/GitHub/Throttle/build/convergence-recovery-20260920/ThrottleTests/ServiceTests/TaskSpendTests.swift (in target 'ThrottleTests' from project 'Throttle')
    cd /Users/kevinnadjarian/GitHub/Throttle/build/convergence-recovery-20260920
    builtin-SwiftPerFileCompile TaskSpendTests.swift

SwiftCompile normal arm64 /Users/kevinnadjarian/GitHub/Throttle/build/convergence-recovery-20260920/ThrottleTests/ServiceTests/TaskVerificationCrashTests.swift (in target 'ThrottleTests' from project 'Throttle')
    cd /Users/kevinnadjarian/GitHub/Throttle/build/convergence-recovery-20260920
    builtin-SwiftPerFileCompile TaskVerificationCrashTests.swift

SwiftCompile normal arm64 /Users/kevinnadjarian/GitHub/Throttle/build/convergence-recovery-20260920/ThrottleTests/ServiceTests/TaskVerificationLifecycleTests.swift (in target 'ThrottleTests' from project 'Throttle')
    cd /Users/kevinnadjarian/GitHub/Throttle/build/convergence-recovery-20260920
    builtin-SwiftPerFileCompile TaskVerificationLifecycleTests.swift

SwiftCompile normal arm64 /Users/kevinnadjarian/GitHub/Throttle/build/convergence-recovery-20260920/ThrottleTests/ServiceTests/TaskVerificationProcessTests.swift (in target 'ThrottleTests' from project 'Throttle')
    cd /Users/kevinnadjarian/GitHub/Throttle/build/convergence-recovery-20260920
    builtin-SwiftPerFileCompile TaskVerificationProcessTests.swift

SwiftDriverJobDiscovery normal arm64 Compiling DispatchAdvisorTests.swift, DisplayedNumbersTests.swift, EdgeDeployServiceTests.swift, EmbeddedModelRuntimeTests.swift, ExactModePollPolicyTests.swift, ExactSnapshotTests.swift, GlobalRAGOnboardingWindowControllerTests.swift, GlobalRAGServiceTests.swift, HealthCheckServiceTests.swift, HostedViewReview.swift, HumanDecisionRecorderTests.swift, LocalDelegationServiceTests.swift, LocalWorkerModelSelectionTests.swift, MenuBarCountdownTests.swift, MigrationsTests.swift, MissionRuntimeServiceTests.swift (in target 'ThrottleTests' from project 'Throttle')

SwiftCompile normal arm64 Compiling\ CockpitLifecycleTests.swift,\ CockpitOnboardingTests.swift,\ CockpitPermissionTests.swift,\ CockpitSpendViewTests.swift,\ CockpitUsageGenerationTests.swift,\ CodexProgressServiceTests.swift,\ CodexUsageServiceTests.swift,\ ColdStartScannerTests.swift,\ ContentStoreTests.swift,\ ContextFirewallTests.swift,\ ContextPacketEvidenceTests.swift,\ DatabaseQueriesTests.swift,\ DeadSkillServiceTests.swift,\ DeltaMemStoreTests.swift,\ DiagnosticArchiveTests.swift,\ DiagnosticReportTests.swift /Users/kevinnadjarian/GitHub/Throttle/build/convergence-recovery-20260920/ThrottleTests/ServiceTests/CockpitLifecycleTests.swift /Users/kevinnadjarian/GitHub/Throttle/build/convergence-recovery-20260920/ThrottleTests/ServiceTests/CockpitOnboardingTests.swift /Users/kevinnadjarian/GitHub/Throttle/build/convergence-recovery-20260920/ThrottleTests/ServiceTests/CockpitPermissionTests.swift /Users/kevinnadjarian/GitHub/Throttle/build/convergence-recovery-20260920/ThrottleTests/ServiceTests/CockpitSpendViewTests.swift /Users/kevinnadjarian/GitHub/Throttle/build/convergence-recovery-20260920/ThrottleTests/ServiceTests/CockpitUsageGenerationTests.swift /Users/kevinnadjarian/GitHub/Throttle/build/convergence-recovery-20260920/ThrottleTests/ServiceTests/CodexProgressServiceTests.swift /Users/kevinnadjarian/GitHub/Throttle/build/convergence-recovery-20260920/ThrottleTests/ServiceTests/CodexUsageServiceTests.swift /Users/kevinnadjarian/GitHub/Throttle/build/convergence-recovery-20260920/ThrottleTests/DataLayerTests/ColdStartScannerTests.swift /Users/kevinnadjarian/GitHub/Throttle/build/convergence-recovery-20260920/ThrottleTests/ServiceTests/ContentStoreTests.swift /Users/kevinnadjarian/GitHub/Throttle/build/convergence-recovery-20260920/ThrottleTests/ServiceTests/ContextFirewallTests.swift /Users/kevinnadjarian/GitHub/Throttle/build/convergence-recovery-20260920/ThrottleTests/ServiceTests/ContextPacketEvidenceTests.swift /Users/kevinnadjarian/GitHub/Throttle/build/convergence-recovery-20260920/ThrottleTests/DatabaseTests/DatabaseQueriesTests.swift /Users/kevinnadjarian/GitHub/Throttle/build/convergence-recovery-20260920/ThrottleTests/ServiceTests/DeadSkillServiceTests.swift /Users/kevinnadjarian/GitHub/Throttle/build/convergence-recovery-20260920/ThrottleTests/ServiceTests/DeltaMemStoreTests.swift /Users/kevinnadjarian/GitHub/Throttle/build/convergence-recovery-20260920/ThrottleTests/ServiceTests/DiagnosticArchiveTests.swift /Users/kevinnadjarian/GitHub/Throttle/build/convergence-recovery-20260920/ThrottleTests/ServiceTests/DiagnosticReportTests.swift (in target 'ThrottleTests' from project 'Throttle')

SwiftCompile normal arm64 /Users/kevinnadjarian/GitHub/Throttle/build/convergence-recovery-20260920/ThrottleTests/ServiceTests/CockpitLifecycleTests.swift (in target 'ThrottleTests' from project 'Throttle')
    cd /Users/kevinnadjarian/GitHub/Throttle/build/convergence-recovery-20260920
    builtin-SwiftPerFileCompile CockpitLifecycleTests.swift

SwiftCompile normal arm64 /Users/kevinnadjarian/GitHub/Throttle/build/convergence-recovery-20260920/ThrottleTests/ServiceTests/CockpitOnboardingTests.swift (in target 'ThrottleTests' from project 'Throttle')
    cd /Users/kevinnadjarian/GitHub/Throttle/build/convergence-recovery-20260920
    builtin-SwiftPerFileCompile CockpitOnboardingTests.swift

SwiftCompile normal arm64 /Users/kevinnadjarian/GitHub/Throttle/build/convergence-recovery-20260920/ThrottleTests/ServiceTests/CockpitPermissionTests.swift (in target 'ThrottleTests' from project 'Throttle')
    cd /Users/kevinnadjarian/GitHub/Throttle/build/convergence-recovery-20260920
    builtin-SwiftPerFileCompile CockpitPermissionTests.swift

SwiftCompile normal arm64 /Users/kevinnadjarian/GitHub/Throttle/build/convergence-recovery-20260920/ThrottleTests/ServiceTests/CockpitSpendViewTests.swift (in target 'ThrottleTests' from project 'Throttle')
    cd /Users/kevinnadjarian/GitHub/Throttle/build/convergence-recovery-20260920
    builtin-SwiftPerFileCompile CockpitSpendViewTests.swift

SwiftCompile normal arm64 /Users/kevinnadjarian/GitHub/Throttle/build/convergence-recovery-20260920/ThrottleTests/ServiceTests/CockpitUsageGenerationTests.swift (in target 'ThrottleTests' from project 'Throttle')
    cd /Users/kevinnadjarian/GitHub/Throttle/build/convergence-recovery-20260920
    builtin-SwiftPerFileCompile CockpitUsageGenerationTests.swift

SwiftCompile normal arm64 /Users/kevinnadjarian/GitHub/Throttle/build/convergence-recovery-20260920/ThrottleTests/ServiceTests/CodexProgressServiceTests.swift (in target 'ThrottleTests' from project 'Throttle')
    cd /Users/kevinnadjarian/GitHub/Throttle/build/convergence-recovery-20260920
    builtin-SwiftPerFileCompile CodexProgressServiceTests.swift

SwiftCompile normal arm64 /Users/kevinnadjarian/GitHub/Throttle/build/convergence-recovery-20260920/ThrottleTests/ServiceTests/CodexUsageServiceTests.swift (in target 'ThrottleTests' from project 'Throttle')
    cd /Users/kevinnadjarian/GitHub/Throttle/build/convergence-recovery-20260920
    builtin-SwiftPerFileCompile CodexUsageServiceTests.swift

SwiftCompile normal arm64 /Users/kevinnadjarian/GitHub/Throttle/build/convergence-recovery-20260920/ThrottleTests/DataLayerTests/ColdStartScannerTests.swift (in target 'ThrottleTests' from project 'Throttle')
    cd /Users/kevinnadjarian/GitHub/Throttle/build/convergence-recovery-20260920
    builtin-SwiftPerFileCompile ColdStartScannerTests.swift

SwiftCompile normal arm64 /Users/kevinnadjarian/GitHub/Throttle/build/convergence-recovery-20260920/ThrottleTests/ServiceTests/ContentStoreTests.swift (in target 'ThrottleTests' from project 'Throttle')
    cd /Users/kevinnadjarian/GitHub/Throttle/build/convergence-recovery-20260920
    builtin-SwiftPerFileCompile ContentStoreTests.swift

SwiftCompile normal arm64 /Users/kevinnadjarian/GitHub/Throttle/build/convergence-recovery-20260920/ThrottleTests/ServiceTests/ContextFirewallTests.swift (in target 'ThrottleTests' from project 'Throttle')
    cd /Users/kevinnadjarian/GitHub/Throttle/build/convergence-recovery-20260920
    builtin-SwiftPerFileCompile ContextFirewallTests.swift

SwiftCompile normal arm64 /Users/kevinnadjarian/GitHub/Throttle/build/convergence-recovery-20260920/ThrottleTests/ServiceTests/ContextPacketEvidenceTests.swift (in target 'ThrottleTests' from project 'Throttle')
    cd /Users/kevinnadjarian/GitHub/Throttle/build/convergence-recovery-20260920
    builtin-SwiftPerFileCompile ContextPacketEvidenceTests.swift

SwiftCompile normal arm64 /Users/kevinnadjarian/GitHub/Throttle/build/convergence-recovery-20260920/ThrottleTests/DatabaseTests/DatabaseQueriesTests.swift (in target 'ThrottleTests' from project 'Throttle')
    cd /Users/kevinnadjarian/GitHub/Throttle/build/convergence-recovery-20260920
    builtin-SwiftPerFileCompile DatabaseQueriesTests.swift

SwiftCompile normal arm64 /Users/kevinnadjarian/GitHub/Throttle/build/convergence-recovery-20260920/ThrottleTests/ServiceTests/DeadSkillServiceTests.swift (in target 'ThrottleTests' from project 'Throttle')
    cd /Users/kevinnadjarian/GitHub/Throttle/build/convergence-recovery-20260920
    builtin-SwiftPerFileCompile DeadSkillServiceTests.swift

SwiftCompile normal arm64 /Users/kevinnadjarian/GitHub/Throttle/build/convergence-recovery-20260920/ThrottleTests/ServiceTests/DeltaMemStoreTests.swift (in target 'ThrottleTests' from project 'Throttle')
    cd /Users/kevinnadjarian/GitHub/Throttle/build/convergence-recovery-20260920
    builtin-SwiftPerFileCompile DeltaMemStoreTests.swift

SwiftCompile normal arm64 /Users/kevinnadjarian/GitHub/Throttle/build/convergence-recovery-20260920/ThrottleTests/ServiceTests/DiagnosticArchiveTests.swift (in target 'ThrottleTests' from project 'Throttle')
    cd /Users/kevinnadjarian/GitHub/Throttle/build/convergence-recovery-20260920
    builtin-SwiftPerFileCompile DiagnosticArchiveTests.swift

SwiftCompile normal arm64 /Users/kevinnadjarian/GitHub/Throttle/build/convergence-recovery-20260920/ThrottleTests/ServiceTests/DiagnosticReportTests.swift (in target 'ThrottleTests' from project 'Throttle')
    cd /Users/kevinnadjarian/GitHub/Throttle/build/convergence-recovery-20260920
    builtin-SwiftPerFileCompile DiagnosticReportTests.swift

SwiftDriverJobDiscovery normal arm64 Compiling TaskWorktreeServiceTests.swift, TestOutcomeDetectorTests.swift, TestOutcomeStoreTests.swift, ThrottleWaitingSnapshotTests.swift, TokenEstimateTests.swift, TokoptBenchmarkTests.swift, TokoptHookTests.swift, TranscriptMemoryInstallerTests.swift, TraycerDecoderTests.swift, TraycerStoreTests.swift, UsageExtractorTests.swift, VectorStoreTests.swift, VerifyConsentTests.swift, WarningDetectorTests.swift, WindowCalculatorTests.swift (in target 'ThrottleTests' from project 'Throttle')

SwiftCompile normal arm64 Compiling\ AIProviderRoutingPolicyTests.swift,\ ActivityFilterTests.swift,\ AppTestHostIsolationTests.swift,\ AssistantProjectToolsTests.swift,\ AttemptHistoryTests.swift,\ AutoRelaunchPolicyTests.swift,\ BashSandboxTests.swift,\ BudgetAdmissionStoreTests.swift,\ CSVExporterTests.swift,\ CacheBreakEvenTests.swift,\ CacheBustAnalyzerTests.swift,\ CalibrationEngineTests.swift,\ ClaudeAPIKeyProtocolTests.swift,\ ClaudeAgentInventoryTests.swift,\ CloudKitPublisherTests.swift,\ CockpitCountdownTests.swift /Users/kevinnadjarian/GitHub/Throttle/build/convergence-recovery-20260920/ThrottleTests/ServiceTests/AIProviderRoutingPolicyTests.swift /Users/kevinnadjarian/GitHub/Throttle/build/convergence-recovery-20260920/ThrottleTests/StateTests/ActivityFilterTests.swift /Users/kevinnadjarian/GitHub/Throttle/build/convergence-recovery-20260920/ThrottleTests/ServiceTests/AppTestHostIsolationTests.swift /Users/kevinnadjarian/GitHub/Throttle/build/convergence-recovery-20260920/ThrottleTests/ServiceTests/AssistantProjectToolsTests.swift /Users/kevinnadjarian/GitHub/Throttle/build/convergence-recovery-20260920/ThrottleTests/ServiceTests/AttemptHistoryTests.swift /Users/kevinnadjarian/GitHub/Throttle/build/convergence-recovery-20260920/ThrottleTests/ServiceTests/AutoRelaunchPolicyTests.swift /Users/kevinnadjarian/GitHub/Throttle/build/convergence-recovery-20260920/ThrottleTests/ServiceTests/BashSandboxTests.swift /Users/kevinnadjarian/GitHub/Throttle/build/convergence-recovery-20260920/ThrottleTests/ServiceTests/BudgetAdmissionStoreTests.swift /Users/kevinnadjarian/GitHub/Throttle/build/convergence-recovery-20260920/ThrottleTests/ServiceTests/CSVExporterTests.swift /Users/kevinnadjarian/GitHub/Throttle/build/convergence-recovery-20260920/ThrottleTests/ServiceTests/CacheBreakEvenTests.swift /Users/kevinnadjarian/GitHub/Throttle/build/convergence-recovery-20260920/ThrottleTests/ServiceTests/CacheBustAnalyzerTests.swift /Users/kevinnadjarian/GitHub/Throttle/build/convergence-recovery-20260920/ThrottleTests/CalibrationTests/CalibrationEngineTests.swift /Users/kevinnadjarian/GitHub/Throttle/build/convergence-recovery-20260920/ThrottleTests/ServiceTests/ClaudeAPIKeyProtocolTests.swift /Users/kevinnadjarian/GitHub/Throttle/build/convergence-recovery-20260920/ThrottleTests/ServiceTests/ClaudeAgentInventoryTests.swift /Users/kevinnadjarian/GitHub/Throttle/build/convergence-recovery-20260920/ThrottleTests/ServiceTests/CloudKitPublisherTests.swift /Users/kevinnadjarian/GitHub/Throttle/build/convergence-recovery-20260920/ThrottleTests/ServiceTests/CockpitCountdownTests.swift (in target 'ThrottleTests' from project 'Throttle')

SwiftCompile normal arm64 /Users/kevinnadjarian/GitHub/Throttle/build/convergence-recovery-20260920/ThrottleTests/ServiceTests/AIProviderRoutingPolicyTests.swift (in target 'ThrottleTests' from project 'Throttle')
    cd /Users/kevinnadjarian/GitHub/Throttle/build/convergence-recovery-20260920
    builtin-SwiftPerFileCompile AIProviderRoutingPolicyTests.swift

SwiftCompile normal arm64 /Users/kevinnadjarian/GitHub/Throttle/build/convergence-recovery-20260920/ThrottleTests/StateTests/ActivityFilterTests.swift (in target 'ThrottleTests' from project 'Throttle')
    cd /Users/kevinnadjarian/GitHub/Throttle/build/convergence-recovery-20260920
    builtin-SwiftPerFileCompile ActivityFilterTests.swift

SwiftCompile normal arm64 /Users/kevinnadjarian/GitHub/Throttle/build/convergence-recovery-20260920/ThrottleTests/ServiceTests/AppTestHostIsolationTests.swift (in target 'ThrottleTests' from project 'Throttle')
    cd /Users/kevinnadjarian/GitHub/Throttle/build/convergence-recovery-20260920
    builtin-SwiftPerFileCompile AppTestHostIsolationTests.swift

SwiftCompile normal arm64 /Users/kevinnadjarian/GitHub/Throttle/build/convergence-recovery-20260920/ThrottleTests/ServiceTests/AssistantProjectToolsTests.swift (in target 'ThrottleTests' from project 'Throttle')
    cd /Users/kevinnadjarian/GitHub/Throttle/build/convergence-recovery-20260920
    builtin-SwiftPerFileCompile AssistantProjectToolsTests.swift

SwiftCompile normal arm64 /Users/kevinnadjarian/GitHub/Throttle/build/convergence-recovery-20260920/ThrottleTests/ServiceTests/AttemptHistoryTests.swift (in target 'ThrottleTests' from project 'Throttle')
    cd /Users/kevinnadjarian/GitHub/Throttle/build/convergence-recovery-20260920
    builtin-SwiftPerFileCompile AttemptHistoryTests.swift

SwiftCompile normal arm64 /Users/kevinnadjarian/GitHub/Throttle/build/convergence-recovery-20260920/ThrottleTests/ServiceTests/AutoRelaunchPolicyTests.swift (in target 'ThrottleTests' from project 'Throttle')
    cd /Users/kevinnadjarian/GitHub/Throttle/build/convergence-recovery-20260920
    builtin-SwiftPerFileCompile AutoRelaunchPolicyTests.swift

SwiftCompile normal arm64 /Users/kevinnadjarian/GitHub/Throttle/build/convergence-recovery-20260920/ThrottleTests/ServiceTests/BashSandboxTests.swift (in target 'ThrottleTests' from project 'Throttle')
    cd /Users/kevinnadjarian/GitHub/Throttle/build/convergence-recovery-20260920
    builtin-SwiftPerFileCompile BashSandboxTests.swift

SwiftCompile normal arm64 /Users/kevinnadjarian/GitHub/Throttle/build/convergence-recovery-20260920/ThrottleTests/ServiceTests/BudgetAdmissionStoreTests.swift (in target 'ThrottleTests' from project 'Throttle')
    cd /Users/kevinnadjarian/GitHub/Throttle/build/convergence-recovery-20260920
    builtin-SwiftPerFileCompile BudgetAdmissionStoreTests.swift

SwiftCompile normal arm64 /Users/kevinnadjarian/GitHub/Throttle/build/convergence-recovery-20260920/ThrottleTests/ServiceTests/CSVExporterTests.swift (in target 'ThrottleTests' from project 'Throttle')
    cd /Users/kevinnadjarian/GitHub/Throttle/build/convergence-recovery-20260920
    builtin-SwiftPerFileCompile CSVExporterTests.swift

SwiftCompile normal arm64 /Users/kevinnadjarian/GitHub/Throttle/build/convergence-recovery-20260920/ThrottleTests/ServiceTests/CacheBreakEvenTests.swift (in target 'ThrottleTests' from project 'Throttle')
    cd /Users/kevinnadjarian/GitHub/Throttle/build/convergence-recovery-20260920
    builtin-SwiftPerFileCompile CacheBreakEvenTests.swift

SwiftCompile normal arm64 /Users/kevinnadjarian/GitHub/Throttle/build/convergence-recovery-20260920/ThrottleTests/ServiceTests/CacheBustAnalyzerTests.swift (in target 'ThrottleTests' from project 'Throttle')
    cd /Users/kevinnadjarian/GitHub/Throttle/build/convergence-recovery-20260920
    builtin-SwiftPerFileCompile CacheBustAnalyzerTests.swift

SwiftCompile normal arm64 /Users/kevinnadjarian/GitHub/Throttle/build/convergence-recovery-20260920/ThrottleTests/CalibrationTests/CalibrationEngineTests.swift (in target 'ThrottleTests' from project 'Throttle')
    cd /Users/kevinnadjarian/GitHub/Throttle/build/convergence-recovery-20260920
    builtin-SwiftPerFileCompile CalibrationEngineTests.swift

SwiftCompile normal arm64 /Users/kevinnadjarian/GitHub/Throttle/build/convergence-recovery-20260920/ThrottleTests/ServiceTests/ClaudeAPIKeyProtocolTests.swift (in target 'ThrottleTests' from project 'Throttle')
    cd /Users/kevinnadjarian/GitHub/Throttle/build/convergence-recovery-20260920
    builtin-SwiftPerFileCompile ClaudeAPIKeyProtocolTests.swift

SwiftCompile normal arm64 /Users/kevinnadjarian/GitHub/Throttle/build/convergence-recovery-20260920/ThrottleTests/ServiceTests/ClaudeAgentInventoryTests.swift (in target 'ThrottleTests' from project 'Throttle')
    cd /Users/kevinnadjarian/GitHub/Throttle/build/convergence-recovery-20260920
    builtin-SwiftPerFileCompile ClaudeAgentInventoryTests.swift

SwiftCompile normal arm64 /Users/kevinnadjarian/GitHub/Throttle/build/convergence-recovery-20260920/ThrottleTests/ServiceTests/CloudKitPublisherTests.swift (in target 'ThrottleTests' from project 'Throttle')
    cd /Users/kevinnadjarian/GitHub/Throttle/build/convergence-recovery-20260920
    builtin-SwiftPerFileCompile CloudKitPublisherTests.swift

SwiftCompile normal arm64 /Users/kevinnadjarian/GitHub/Throttle/build/convergence-recovery-20260920/ThrottleTests/ServiceTests/CockpitCountdownTests.swift (in target 'ThrottleTests' from project 'Throttle')
    cd /Users/kevinnadjarian/GitHub/Throttle/build/convergence-recovery-20260920
    builtin-SwiftPerFileCompile CockpitCountdownTests.swift

SwiftDriverJobDiscovery normal arm64 Compiling StringCatalogFrenchTests.swift, TaskBudgetAdmissionTests.swift, TaskBudgetLifecycleTests.swift, TaskIntegrationHardeningTests.swift, TaskIntegrationOutputTests.swift, TaskIntegrationRefusalTests.swift, TaskIntegrationServiceTests+Integration.swift, TaskIntegrationServiceTests.swift, TaskIntegrationWorkContractTests.swift, TaskLauncherBudgetTests.swift, TaskLauncherTests.swift, TaskSpendTests.swift, TaskVerificationCrashTests.swift, TaskVerificationLifecycleTests.swift, TaskVerificationProcessTests.swift (in target 'ThrottleTests' from project 'Throttle')

ValidateEmbeddedBinary /Volumes/DeveloperStorage/BuildScratch/throttle-convergence-20260920/DerivedData/Build/Products/Debug/Throttle.app/Contents/Library/LoginItems/ResearchVaultAgent.app (in target 'Throttle' from project 'Throttle')
    cd /Users/kevinnadjarian/GitHub/Throttle/build/convergence-recovery-20260920
    /Applications/Xcode.app/Contents/Developer/usr/bin/embeddedBinaryValidationUtility /Volumes/DeveloperStorage/BuildScratch/throttle-convergence-20260920/DerivedData/Build/Products/Debug/Throttle.app/Contents/Library/LoginItems/ResearchVaultAgent.app -info-plist-path /Volumes/DeveloperStorage/BuildScratch/throttle-convergence-20260920/DerivedData/Build/Products/Debug/Throttle.app/Contents/Info.plist

SwiftDriverJobDiscovery normal arm64 Compiling CockpitLifecycleTests.swift, CockpitOnboardingTests.swift, CockpitPermissionTests.swift, CockpitSpendViewTests.swift, CockpitUsageGenerationTests.swift, CodexProgressServiceTests.swift, CodexUsageServiceTests.swift, ColdStartScannerTests.swift, ContentStoreTests.swift, ContextFirewallTests.swift, ContextPacketEvidenceTests.swift, DatabaseQueriesTests.swift, DeadSkillServiceTests.swift, DeltaMemStoreTests.swift, DiagnosticArchiveTests.swift, DiagnosticReportTests.swift (in target 'ThrottleTests' from project 'Throttle')

SwiftDriverJobDiscovery normal arm64 Compiling AIProviderRoutingPolicyTests.swift, ActivityFilterTests.swift, AppTestHostIsolationTests.swift, AssistantProjectToolsTests.swift, AttemptHistoryTests.swift, AutoRelaunchPolicyTests.swift, BashSandboxTests.swift, BudgetAdmissionStoreTests.swift, CSVExporterTests.swift, CacheBreakEvenTests.swift, CacheBustAnalyzerTests.swift, CalibrationEngineTests.swift, ClaudeAPIKeyProtocolTests.swift, ClaudeAgentInventoryTests.swift, CloudKitPublisherTests.swift, CockpitCountdownTests.swift (in target 'ThrottleTests' from project 'Throttle')

SwiftDriver\ Compilation ThrottleTests normal arm64 com.apple.xcode.tools.swift.compiler (in target 'ThrottleTests' from project 'Throttle')
    cd /Users/kevinnadjarian/GitHub/Throttle/build/convergence-recovery-20260920
    builtin-Swift-Compilation -- /Applications/Xcode.app/Contents/Developer/Toolchains/XcodeDefault.xctoolchain/usr/bin/swiftc -module-name ThrottleTests -Onone @/Volumes/DeveloperStorage/BuildScratch/throttle-convergence-20260920/DerivedData/Build/Intermediates.noindex/Throttle.build/Debug/ThrottleTests.build/Objects-normal/arm64/ThrottleTests.SwiftFileList -DDEBUG -Xcc -fmodule-map-file\=/Volumes/DeveloperStorage/BuildScratch/throttle-convergence-20260920/SourcePackages/checkouts/GRDB.swift/Sources/CSQLite/module.modulemap -Xcc -fmodule-map-file\=/Volumes/DeveloperStorage/BuildScratch/throttle-convergence-20260920/SourcePackages/checkouts/swift-numerics/Sources/_NumericsShims/include/module.modulemap -Xcc -fmodule-map-file\=/Volumes/DeveloperStorage/BuildScratch/throttle-convergence-20260920/SourcePackages/checkouts/mlx-swift/Source/Cmlx/include/module.modulemap -Xcc -fmodule-map-file\=/Volumes/DeveloperStorage/BuildScratch/throttle-convergence-20260920/SourcePackages/checkouts/swift-atomics/Sources/_AtomicsShims/include/module.modulemap -Xcc -fmodule-map-file\=/Volumes/DeveloperStorage/BuildScratch/throttle-convergence-20260920/DerivedData/Build/Intermediates.noindex/GeneratedModuleMaps/CNIOWASI.modulemap -Xcc -fmodule-map-file\=/Volumes/DeveloperStorage/BuildScratch/throttle-convergence-20260920/SourcePackages/checkouts/swift-nio/Sources/CNIOWindows/include/module.modulemap -Xcc -fmodule-map-file\=/Volumes/DeveloperStorage/BuildScratch/throttle-convergence-20260920/DerivedData/Build/Intermediates.noindex/GeneratedModuleMaps/CNIOLinux.modulemap -Xcc -fmodule-map-file\=/Volumes/DeveloperStorage/BuildScratch/throttle-convergence-20260920/DerivedData/Build/Intermediates.noindex/GeneratedModuleMaps/CNIODarwin.modulemap -Xcc -fmodule-map-file\=/Volumes/DeveloperStorage/BuildScratch/throttle-convergence-20260920/DerivedData/Build/Intermediates.noindex/GeneratedModuleMaps/CNIOFreeBSD.modulemap -Xcc -fmodule-map-file\=/Volumes/DeveloperStorage/BuildScratch/throttle-convergence-20260920/DerivedData/Build/Intermediates.noindex/GeneratedModuleMaps/CNIOOpenBSD.modulemap -Xcc -fmodule-map-file\=/Volumes/DeveloperStorage/BuildScratch/throttle-convergence-20260920/DerivedData/Build/Intermediates.noindex/GeneratedModuleMaps/CNIOAtomics.modulemap -Xcc -fmodule-map-file\=/Volumes/DeveloperStorage/BuildScratch/throttle-convergence-20260920/DerivedData/Build/Intermediates.noindex/GeneratedModuleMaps/yyjson.modulemap -plugin-path /Applications/Xcode.app/Contents/Developer/Toolchains/XcodeDefault.xctoolchain/usr/lib/swift/host/plugins/testing -enable-experimental-feature DebugDescriptionMacro -sdk /Applications/Xcode.app/Contents/Developer/Platforms/MacOSX.platform/Developer/SDKs/MacOSX27.0.sdk -target arm64-apple-macos14.0 -g -module-cache-path /Volumes/DeveloperStorage/BuildScratch/throttle-convergence-20260920/DerivedData/ModuleCache.noindex -Xfrontend -serialize-debugging-options -profile-coverage-mapping -profile-generate -enable-testing -warnings-as-errors -index-store-path /Volumes/DeveloperStorage/BuildScratch/throttle-convergence-20260920/DerivedData/Index.noindex/DataStore -Xcc -D_LIBCPP_HARDENING_MODE\=_LIBCPP_HARDENING_MODE_DEBUG -swift-version 6 -I /Volumes/DeveloperStorage/BuildScratch/throttle-convergence-20260920/DerivedData/Build/Products/Debug -Isystem /Applications/Xcode.app/Contents/Developer/Platforms/MacOSX.platform/Developer/usr/lib -F /Volumes/DeveloperStorage/BuildScratch/throttle-convergence-20260920/DerivedData/Build/Products/Debug/PackageFrameworks -F /Volumes/DeveloperStorage/BuildScratch/throttle-convergence-20260920/DerivedData/Build/Products/Debug -F /Applications/Xcode.app/Contents/Developer/Platforms/MacOSX.platform/Developer/Library/Frameworks -Xfrontend -load-plugin-executable -Xfrontend /Volumes/DeveloperStorage/BuildScratch/throttle-convergence-20260920/DerivedData/Build/Products/Debug/MLXHuggingFaceMacros\#MLXHuggingFaceMacros -c -j10 -enable-batch-mode -incremental -Xcc -ivfsstatcache -Xcc /Volumes/DeveloperStorage/BuildScratch/throttle-convergence-20260920/DerivedData/SDKStatCaches.noindex/macosx27.0-26A425-e829b21a6f8c9b70876ba0858053c0447231f6df4def33e022ae2eb8f782df1a.sdkstatcache -output-file-map /Volumes/DeveloperStorage/BuildScratch/throttle-convergence-20260920/DerivedData/Build/Intermediates.noindex/Throttle.build/Debug/ThrottleTests.build/Objects-normal/arm64/ThrottleTests-OutputFileMap.json -save-temps -no-color-diagnostics -explicit-module-build -module-cache-path /Volumes/DeveloperStorage/BuildScratch/throttle-convergence-20260920/DerivedData/Build/Intermediates.noindex/SwiftExplicitPrecompiledModules -clang-scanner-module-cache-path /Volumes/DeveloperStorage/BuildScratch/throttle-convergence-20260920/DerivedData/ModuleCache.noindex -sdk-module-cache-path /Volumes/DeveloperStorage/BuildScratch/throttle-convergence-20260920/DerivedData/SDKExplicitPrecompiledModules -emit-dependencies -emit-module -emit-module-path /Volumes/DeveloperStorage/BuildScratch/throttle-convergence-20260920/DerivedData/Build/Intermediates.noindex/Throttle.build/Debug/ThrottleTests.build/Objects-normal/arm64/ThrottleTests.swiftmodule -serialize-diagnostics -dependency-scan-serialize-diagnostics-path /Volumes/DeveloperStorage/BuildScratch/throttle-convergence-20260920/DerivedData/Build/Intermediates.noindex/Throttle.build/Debug/ThrottleTests.build/Objects-normal/arm64/ThrottleTests-dependency-scan.dia -validate-clang-modules-once -clang-build-session-file /Volumes/DeveloperStorage/BuildScratch/throttle-convergence-20260920/DerivedData/ModuleCache.noindex/Session.modulevalidation -Xcc -fmodules-prune-interval\=86400 -Xcc -fmodules-prune-after\=345600 -emit-const-values -const-gather-protocols-list /Volumes/DeveloperStorage/BuildScratch/throttle-convergence-20260920/DerivedData/Build/Intermediates.noindex/Throttle.build/Debug/ThrottleTests.build/Objects-normal/arm64/ThrottleTests_const_extract_protocols.json -Xcc -iquote -Xcc /Volumes/DeveloperStorage/BuildScratch/throttle-convergence-20260920/DerivedData/Build/Intermediates.noindex/Throttle.build/Debug/ThrottleTests.build/ThrottleTests-generated-files.hmap -Xcc -I/Volumes/DeveloperStorage/BuildScratch/throttle-convergence-20260920/DerivedData/Build/Intermediates.noindex/Throttle.build/Debug/ThrottleTests.build/ThrottleTests-own-target-headers.hmap -Xcc -I/Volumes/DeveloperStorage/BuildScratch/throttle-convergence-20260920/DerivedData/Build/Intermediates.noindex/Throttle.build/Debug/ThrottleTests.build/ThrottleTests-all-non-framework-target-headers.hmap -Xcc -ivfsoverlay -Xcc /Volumes/DeveloperStorage/BuildScratch/throttle-convergence-20260920/DerivedData/Build/Intermediates.noindex/Throttle.build/Debug/Throttle-c41c58a016fc9f4310c5f27451fa5182-VFS/all-product-headers.yaml -Xcc -iquote -Xcc /Volumes/DeveloperStorage/BuildScratch/throttle-convergence-20260920/DerivedData/Build/Intermediates.noindex/Throttle.build/Debug/ThrottleTests.build/ThrottleTests-project-headers.hmap -Xcc -I/Volumes/DeveloperStorage/BuildScratch/throttle-convergence-20260920/SourcePackages/checkouts/swift-numerics/Sources/_NumericsShims/include -Xcc -I/Volumes/DeveloperStorage/BuildScratch/throttle-convergence-20260920/SourcePackages/checkouts/mlx-swift/Source/Cmlx/include -Xcc -I/Volumes/DeveloperStorage/BuildScratch/throttle-convergence-20260920/SourcePackages/checkouts/swift-atomics/Sources/_AtomicsShims/include -Xcc -I/Volumes/DeveloperStorage/BuildScratch/throttle-convergence-20260920/SourcePackages/checkouts/swift-nio/Sources/CNIOWASI/include -Xcc -I/Volumes/DeveloperStorage/BuildScratch/throttle-convergence-20260920/SourcePackages/checkouts/swift-nio/Sources/CNIOWindows/include -Xcc -I/Volumes/DeveloperStorage/BuildScratch/throttle-convergence-20260920/SourcePackages/checkouts/swift-nio/Sources/CNIOLinux/include -Xcc -I/Volumes/DeveloperStorage/BuildScratch/throttle-convergence-20260920/SourcePackages/checkouts/swift-nio/Sources/CNIODarwin/include -Xcc -I/Volumes/DeveloperStorage/BuildScratch/throttle-convergence-20260920/SourcePackages/checkouts/swift-nio/Sources/CNIOFreeBSD/include -Xcc -I/Volumes/DeveloperStorage/BuildScratch/throttle-convergence-20260920/SourcePackages/checkouts/swift-nio/Sources/CNIOOpenBSD/include -Xcc -I/Volumes/DeveloperStorage/BuildScratch/throttle-convergence-20260920/SourcePackages/checkouts/swift-nio/Sources/CNIOAtomics/include -Xcc -I/Volumes/DeveloperStorage/BuildScratch/throttle-convergence-20260920/SourcePackages/checkouts/yyjson/src -Xcc -I/Volumes/DeveloperStorage/BuildScratch/throttle-convergence-20260920/DerivedData/Build/Products/Debug/include -Xcc -I/Volumes/DeveloperStorage/BuildScratch/throttle-convergence-20260920/DerivedData/Build/Intermediates.noindex/Throttle.build/Debug/ThrottleTests.build/DerivedSources-normal/arm64 -Xcc -I/Volumes/DeveloperStorage/BuildScratch/throttle-convergence-20260920/DerivedData/Build/Intermediates.noindex/Throttle.build/Debug/ThrottleTests.build/DerivedSources/arm64 -Xcc -I/Volumes/DeveloperStorage/BuildScratch/throttle-convergence-20260920/DerivedData/Build/Intermediates.noindex/Throttle.build/Debug/ThrottleTests.build/DerivedSources -Xcc -DDEBUG\=1 -emit-objc-header -emit-objc-header-path /Volumes/DeveloperStorage/BuildScratch/throttle-convergence-20260920/DerivedData/Build/Intermediates.noindex/Throttle.build/Debug/ThrottleTests.build/Objects-normal/arm64/ThrottleTests-Swift.h -working-directory /Users/kevinnadjarian/GitHub/Throttle/build/convergence-recovery-20260920 -experimental-emit-module-separately -disable-cmo

Ld /Volumes/DeveloperStorage/BuildScratch/throttle-convergence-20260920/DerivedData/Build/Products/Debug/Throttle.app/Contents/PlugIns/ThrottleTests.xctest/Contents/MacOS/ThrottleTests normal (in target 'ThrottleTests' from project 'Throttle')
    cd /Users/kevinnadjarian/GitHub/Throttle/build/convergence-recovery-20260920
    /Applications/Xcode.app/Contents/Developer/Toolchains/XcodeDefault.xctoolchain/usr/bin/clang -Xlinker -reproducible -target arm64-apple-macos14.0 -bundle -isysroot /Applications/Xcode.app/Contents/Developer/Platforms/MacOSX.platform/Developer/SDKs/MacOSX27.0.sdk -O0 -Xlinker -no_warn_duplicate_libraries -L/Volumes/DeveloperStorage/BuildScratch/throttle-convergence-20260920/DerivedData/Build/Intermediates.noindex/EagerLinkingTBDs/Debug -L/Volumes/DeveloperStorage/BuildScratch/throttle-convergence-20260920/DerivedData/Build/Products/Debug -L/Applications/Xcode.app/Contents/Developer/Platforms/MacOSX.platform/Developer/usr/lib -F/Volumes/DeveloperStorage/BuildScratch/throttle-convergence-20260920/DerivedData/Build/Intermediates.noindex/EagerLinkingTBDs/Debug -F/Volumes/DeveloperStorage/BuildScratch/throttle-convergence-20260920/DerivedData/Build/Products/Debug/PackageFrameworks -F/Volumes/DeveloperStorage/BuildScratch/throttle-convergence-20260920/DerivedData/Build/Products/Debug -iframework /Applications/Xcode.app/Contents/Developer/Platforms/MacOSX.platform/Developer/Library/Frameworks -filelist /Volumes/DeveloperStorage/BuildScratch/throttle-convergence-20260920/DerivedData/Build/Intermediates.noindex/Throttle.build/Debug/ThrottleTests.build/Objects-normal/arm64/ThrottleTests.LinkFileList -Xlinker -rpath -Xlinker /usr/lib/swift -Xlinker -rpath -Xlinker @loader_path -Xlinker -rpath -Xlinker /Volumes/DeveloperStorage/BuildScratch/throttle-convergence-20260920/DerivedData/Build/Products/Debug/PackageFrameworks -Xlinker -rpath -Xlinker @loader_path/../Frameworks -Xlinker -rpath -Xlinker @executable_path/../Frameworks -bundle_loader /Volumes/DeveloperStorage/BuildScratch/throttle-convergence-20260920/DerivedData/Build/Products/Debug/Throttle.app/Contents/MacOS/Throttle -Xlinker -object_path_lto -Xlinker /Volumes/DeveloperStorage/BuildScratch/throttle-convergence-20260920/DerivedData/Build/Intermediates.noindex/Throttle.build/Debug/ThrottleTests.build/Objects-normal/arm64/ThrottleTests_lto.o -rdynamic -Xlinker -no_deduplicate -Xlinker -debug_variant -Xlinker -dependency_info -Xlinker /Volumes/DeveloperStorage/BuildScratch/throttle-convergence-20260920/DerivedData/Build/Intermediates.noindex/Throttle.build/Debug/ThrottleTests.build/Objects-normal/arm64/ThrottleTests_dependency_info.dat -fobjc-link-runtime -fprofile-instr-generate -L/Applications/Xcode.app/Contents/Developer/Toolchains/XcodeDefault.xctoolchain/usr/lib/swift/macosx -L/usr/lib/swift -Xlinker -add_ast_path -Xlinker /Volumes/DeveloperStorage/BuildScratch/throttle-convergence-20260920/DerivedData/Build/Intermediates.noindex/Throttle.build/Debug/ThrottleTests.build/Objects-normal/arm64/ThrottleTests.swiftmodule -lc++ -framework Security -framework Security -framework Foundation -framework Metal -framework Accelerate -Xlinker -needed_framework -Xlinker XCTest -framework XCTest -Xlinker -needed-lXCTestSwiftSupport -lXCTestSwiftSupport /Volumes/DeveloperStorage/BuildScratch/throttle-convergence-20260920/DerivedData/Build/Products/Debug/Throttle.app/Contents/MacOS/Throttle.debug.dylib -o /Volumes/DeveloperStorage/BuildScratch/throttle-convergence-20260920/DerivedData/Build/Products/Debug/Throttle.app/Contents/PlugIns/ThrottleTests.xctest/Contents/MacOS/ThrottleTests

CopySwiftLibs /Volumes/DeveloperStorage/BuildScratch/throttle-convergence-20260920/DerivedData/Build/Products/Debug/Throttle.app/Contents/PlugIns/ThrottleTests.xctest (in target 'ThrottleTests' from project 'Throttle')
    cd /Users/kevinnadjarian/GitHub/Throttle/build/convergence-recovery-20260920
    builtin-swiftStdLibTool --copy --verbose --scan-executable /Volumes/DeveloperStorage/BuildScratch/throttle-convergence-20260920/DerivedData/Build/Products/Debug/Throttle.app/Contents/PlugIns/ThrottleTests.xctest/Contents/MacOS/ThrottleTests --scan-folder /Volumes/DeveloperStorage/BuildScratch/throttle-convergence-20260920/DerivedData/Build/Products/Debug/Throttle.app/Contents/PlugIns/ThrottleTests.xctest/Contents/Frameworks --scan-folder /Volumes/DeveloperStorage/BuildScratch/throttle-convergence-20260920/DerivedData/Build/Products/Debug/Throttle.app/Contents/PlugIns/ThrottleTests.xctest/Contents/PlugIns --scan-folder /Volumes/DeveloperStorage/BuildScratch/throttle-convergence-20260920/DerivedData/Build/Products/Debug/Throttle.app/Contents/PlugIns/ThrottleTests.xctest/Contents/Library/SystemExtensions --scan-folder /Volumes/DeveloperStorage/BuildScratch/throttle-convergence-20260920/DerivedData/Build/Products/Debug/Throttle.app/Contents/PlugIns/ThrottleTests.xctest/Contents/Extensions --platform macosx --toolchain /var/run/com.apple.security.cryptexd/mnt/com.apple.MobileAsset.MetalToolchain-v27.1.266.1.s263Mc/Metal.xctoolchain --toolchain /Applications/Xcode.app/Contents/Developer/Toolchains/XcodeDefault.xctoolchain --destination /Volumes/DeveloperStorage/BuildScratch/throttle-convergence-20260920/DerivedData/Build/Products/Debug/Throttle.app/Contents/PlugIns/ThrottleTests.xctest/Contents/Frameworks --strip-bitcode --scan-executable /Applications/Xcode.app/Contents/Developer/Platforms/MacOSX.platform/Developer/usr/lib/libXCTestSwiftSupport.dylib --strip-bitcode-tool /Applications/Xcode.app/Contents/Developer/Toolchains/XcodeDefault.xctoolchain/usr/bin/bitcode_strip --emit-dependency-info /Volumes/DeveloperStorage/BuildScratch/throttle-convergence-20260920/DerivedData/Build/Intermediates.noindex/Throttle.build/Debug/ThrottleTests.build/SwiftStdLibToolInputDependencies.dep --filter-for-swift-os --back-deploy-swift-span
Ignoring --strip-bitcode because --sign was not passed

ExtractAppIntentsMetadata (in target 'ThrottleTests' from project 'Throttle')
    cd /Users/kevinnadjarian/GitHub/Throttle/build/convergence-recovery-20260920
    /Applications/Xcode.app/Contents/Developer/Toolchains/XcodeDefault.xctoolchain/usr/bin/appintentsmetadataprocessor --toolchain-dir /var/run/com.apple.security.cryptexd/mnt/com.apple.MobileAsset.MetalToolchain-v27.1.266.1.s263Mc/Metal.xctoolchain --module-name ThrottleTests --sdk-root /Applications/Xcode.app/Contents/Developer/Platforms/MacOSX.platform/Developer/SDKs/MacOSX27.0.sdk --xcode-version 27A266a --platform-family macOS --deployment-target 14.0 --bundle-identifier com.lorislab.throttle.tests --output /Volumes/DeveloperStorage/BuildScratch/throttle-convergence-20260920/DerivedData/Build/Products/Debug/Throttle.app/Contents/PlugIns/ThrottleTests.xctest/Contents/Resources --target-triple arm64-apple-macos14.0 --binary-file /Volumes/DeveloperStorage/BuildScratch/throttle-convergence-20260920/DerivedData/Build/Products/Debug/Throttle.app/Contents/PlugIns/ThrottleTests.xctest/Contents/MacOS/ThrottleTests --dependency-file /Volumes/DeveloperStorage/BuildScratch/throttle-convergence-20260920/DerivedData/Build/Intermediates.noindex/Throttle.build/Debug/ThrottleTests.build/Objects-normal/arm64/ThrottleTests_dependency_info.dat --stringsdata-file /Volumes/DeveloperStorage/BuildScratch/throttle-convergence-20260920/DerivedData/Build/Intermediates.noindex/Throttle.build/Debug/ThrottleTests.build/Objects-normal/arm64/ExtractedAppShortcutsMetadata.stringsdata --source-file-list /Volumes/DeveloperStorage/BuildScratch/throttle-convergence-20260920/DerivedData/Build/Intermediates.noindex/Throttle.build/Debug/ThrottleTests.build/Objects-normal/arm64/ThrottleTests.SwiftFileList --metadata-file-list /Volumes/DeveloperStorage/BuildScratch/throttle-convergence-20260920/DerivedData/Build/Intermediates.noindex/Throttle.build/Debug/ThrottleTests.build/ThrottleTests.DependencyMetadataFileList --static-metadata-file-list /Volumes/DeveloperStorage/BuildScratch/throttle-convergence-20260920/DerivedData/Build/Intermediates.noindex/Throttle.build/Debug/ThrottleTests.build/ThrottleTests.DependencyStaticMetadataFileList --swift-const-vals-list /Volumes/DeveloperStorage/BuildScratch/throttle-convergence-20260920/DerivedData/Build/Intermediates.noindex/Throttle.build/Debug/ThrottleTests.build/Objects-normal/arm64/ThrottleTests.SwiftConstValuesFileList --compile-time-extraction --deployment-aware-processing --no-app-shortcuts-localization
2026-09-21 10:05:27.004 appintentsmetadataprocessor[62250:2176421] Starting appintentsmetadataprocessor export
2026-09-21 10:05:27.044 appintentsmetadataprocessor[62250:2176421] Extracted no relevant App Intents symbols, skipping writing output

Validate /Volumes/DeveloperStorage/BuildScratch/throttle-convergence-20260920/DerivedData/Build/Products/Debug/Throttle.app (in target 'Throttle' from project 'Throttle')
    cd /Users/kevinnadjarian/GitHub/Throttle/build/convergence-recovery-20260920
    builtin-validationUtility /Volumes/DeveloperStorage/BuildScratch/throttle-convergence-20260920/DerivedData/Build/Products/Debug/Throttle.app -no-validate-extension -infoplist-subpath Contents/Info.plist

RegisterWithLaunchServices /Volumes/DeveloperStorage/BuildScratch/throttle-convergence-20260920/DerivedData/Build/Products/Debug/Throttle.app (in target 'Throttle' from project 'Throttle')
    cd /Users/kevinnadjarian/GitHub/Throttle/build/convergence-recovery-20260920
    builtin-lsregisterurl --record-path /Volumes/DeveloperStorage/BuildScratch/throttle-convergence-20260920/DerivedData/Build/Intermediates.noindex/XCBuildData/registered-launchservices.txt -- /System/Library/Frameworks/CoreServices.framework/Versions/Current/Frameworks/LaunchServices.framework/Versions/Current/Support/lsregister -f -R -trusted /Volumes/DeveloperStorage/BuildScratch/throttle-convergence-20260920/DerivedData/Build/Products/Debug/Throttle.app

PruneExplicitPrecompiledModules /Volumes/DeveloperStorage/BuildScratch/throttle-convergence-20260920/DerivedData/Build/Intermediates.noindex/SwiftExplicitPrecompiledModules

PruneExplicitPrecompiledModules /Volumes/DeveloperStorage/BuildScratch/throttle-convergence-20260920/DerivedData/SDKExplicitPrecompiledModules

PruneExplicitPrecompiledModules /Volumes/DeveloperStorage/BuildScratch/throttle-convergence-20260920/DerivedData/Build/Intermediates.noindex/ExplicitPrecompiledModules

** TEST BUILD SUCCEEDED **

