Command line invocation:
    /Applications/Xcode.app/Contents/Developer/usr/bin/xcodebuild build-for-testing -project Throttle.xcodeproj -scheme Throttle -configuration Debug -destination generic/platform=macOS -derivedDataPath /Volumes/DeveloperStorage/BuildScratch/throttle-convergence-20260920/DerivedData -clonedSourcePackagesDirPath /Volumes/DeveloperStorage/BuildScratch/throttle-convergence-20260920/SourcePackages -disableAutomaticPackageResolution -onlyUsePackageVersionsFromResolvedFile -skipPackageUpdates -jobs 2 CODE_SIGNING_ALLOWED=NO ONLY_ACTIVE_ARCH=YES ARCHS=arm64 -skipPackagePluginValidation -skipMacroValidation

Build settings from command line:
    ARCHS = arm64
    CODE_SIGNING_ALLOWED = NO
    ONLY_ACTIVE_ARCH = YES

Resolve Package Graph


Resolved source packages:
  Sparkle: https://github.com/sparkle-project/Sparkle @ 2.9.6
  SQLCipher: https://github.com/sqlcipher/SQLCipher.swift.git @ 4.18.0
  ThrottlePeerProtocol: /Users/kevinnadjarian/GitHub/Throttle/build/convergence-recovery-20260920/Packages/ThrottlePeerProtocol @ local
  yyjson: https://github.com/ibireme/yyjson.git @ 0.12.0
  swift-argument-parser: https://github.com/apple/swift-argument-parser @ 1.8.2
  swift-collections: https://github.com/apple/swift-collections.git @ 1.6.0
  swift-huggingface: https://github.com/huggingface/swift-huggingface @ 0.9.0
  ThrottleVaultClient: /Users/kevinnadjarian/GitHub/Throttle/build/convergence-recovery-20260920/Packages/ThrottleVaultClient @ local
  swift-system: https://github.com/apple/swift-system.git @ 1.8.1
  swift-atomics: https://github.com/apple/swift-atomics.git @ 1.3.1
  swift-asn1: https://github.com/apple/swift-asn1.git @ 1.7.1
  swift-numerics: https://github.com/apple/swift-numerics @ 1.1.1
  swift-transformers: https://github.com/huggingface/swift-transformers @ 1.3.0
  SwiftTerm: https://github.com/migueldeicaza/SwiftTerm @ 1.14.0
  ResearchVaultKit: /Users/kevinnadjarian/GitHub/Throttle/build/convergence-recovery-20260920/Packages/ResearchVaultKit
  swift-nio: https://github.com/apple/swift-nio.git @ 2.101.3
  mlx-swift: https://github.com/ml-explore/mlx-swift @ 0.31.6
  EventSource: https://github.com/mattt/EventSource.git @ 1.4.2
  Jinja: https://github.com/huggingface/swift-jinja.git @ 2.4.2
  ThrottleMirrorContract: /Users/kevinnadjarian/GitHub/Throttle/build/convergence-recovery-20260920/Packages/ThrottleMirrorContract @ local
  swift-syntax: https://github.com/swiftlang/swift-syntax.git @ 600.0.1
  ThrottleVaultContract: /Users/kevinnadjarian/GitHub/Throttle/build/convergence-recovery-20260920/Packages/ThrottleVaultContract @ local
  ThrottleMCPContracts: /Users/kevinnadjarian/GitHub/Throttle/build/convergence-recovery-20260920/Packages/ThrottleMCPContracts
  mlx-swift-lm: https://github.com/ml-explore/mlx-swift-lm @ 3.31.3
  ThrottleShared: /Users/kevinnadjarian/GitHub/Throttle/build/convergence-recovery-20260920/ThrottleShared
  swift-crypto: https://github.com/apple/swift-crypto.git @ 4.5.1
  GRDB: https://github.com/groue/GRDB.swift @ 6.29.3

Build Preparation
Build task concurrency set to 2 via user default IDEBuildOperationMaxNumberOfConcurrentCompileTasks

ComputePackagePrebuildTargetDependencyGraph

Prepare packages

Compile plug-in “CudaBuild” in package “mlx-swift”
[debug]: Compiling plugin to executable at /Volumes/DeveloperStorage/BuildScratch/throttle-convergence-20260920/DerivedData/Build/Products/PluginExecutables/CudaBuild
[debug]: Using compiler /Applications/Xcode.app/Contents/Developer/Toolchains/XcodeDefault.xctoolchain/usr/bin/swiftc
[debug]: Plugin compilation output directory '/Volumes/DeveloperStorage/BuildScratch/throttle-convergence-20260920/DerivedData/Build/Products/PluginExecutables'
[debug]: Computed hash of plugin compilation inputs: 02067c51225864deaee5d872781553401422fdd2d1d4ee88010f525f6f671c94


Apply build tool plug-in “CudaBuild” to target “Cmlx” in package “mlx-swift”
CUDA Build Plugin
CUDA is disabled

Process build tool plug-in results
package: <IDESwiftPackageCore.IDESwiftPackageDependency:0x7779d46a00 path:'/Volumes/DeveloperStorage/BuildScratch/throttle-convergence-20260920/SourcePackages/checkouts/mlx-swift'>
    target: Cmlx
        prebuildCommandOutputPaths: []
        buildCommands: []
        allDerivedOutputPaths: []

CreateBuildRequest

SendProjectDescription

CreateBuildOperation

ComputeTargetDependencyGraph
note: Building targets in dependency order
note: Target dependency graph (123 targets)
    Target 'ThrottleTests' in project 'Throttle'
        ➜ Explicit dependency on target 'Throttle' in project 'Throttle'
        ➜ Explicit dependency on target 'ThrottleMCPContracts-product' in project 'ThrottleMCPContracts'
        ➜ Explicit dependency on target 'GRDB-product' in project 'GRDB'
    Target 'Throttle' in project 'Throttle'
        ➜ Explicit dependency on target 'ThrottleWidget' in project 'Throttle'
        ➜ Explicit dependency on target 'ResearchVaultAgent' in project 'Throttle'
        ➜ Explicit dependency on target 'GRDB-product' in project 'GRDB'
        ➜ Explicit dependency on target 'ThrottleMCPContracts-product' in project 'ThrottleMCPContracts'
        ➜ Explicit dependency on target 'Sparkle-product' in project 'Sparkle'
        ➜ Explicit dependency on target 'SwiftTerm-product' in project 'SwiftTerm'
        ➜ Explicit dependency on target 'MLXLLM-product' in project 'mlx-swift-lm'
        ➜ Explicit dependency on target 'MLXLMCommon-product' in project 'mlx-swift-lm'
        ➜ Explicit dependency on target 'MLXHuggingFace-product' in project 'mlx-swift-lm'
        ➜ Explicit dependency on target 'HuggingFace-product' in project 'swift-huggingface'
        ➜ Explicit dependency on target 'Tokenizers-product' in project 'swift-transformers'
        ➜ Explicit dependency on target 'ThrottleShared-product' in project 'ThrottleShared'
        ➜ Explicit dependency on target 'ThrottlePeer-product' in project 'ThrottleShared'
        ➜ Explicit dependency on target 'ResearchVaultIPCModel-product' in project 'ResearchVaultKit'
        ➜ Explicit dependency on target 'ResearchVaultXPCClient-product' in project 'ResearchVaultKit'
        ➜ Explicit dependency on target 'ResearchVaultSynthesis-product' in project 'ResearchVaultKit'
        ➜ Explicit dependency on target 'ResearchVaultIngestion-product' in project 'ResearchVaultKit'
        ➜ Explicit dependency on target 'ResearchVaultReasoning-product' in project 'ResearchVaultKit'
    Target 'ResearchVaultReasoning-product' in project 'ResearchVaultKit'
        ➜ Explicit dependency on target 'ResearchVaultReasoning' in project 'ResearchVaultKit'
        ➜ Explicit dependency on target 'ResearchVaultModel' in project 'ResearchVaultKit'
        ➜ Explicit dependency on target 'ThrottleVaultContract-product' in project 'ThrottleVaultContract'
    Target 'ResearchVaultIngestion-product' in project 'ResearchVaultKit'
        ➜ Explicit dependency on target 'ResearchVaultIngestion' in project 'ResearchVaultKit'
        ➜ Explicit dependency on target 'ResearchVaultModel' in project 'ResearchVaultKit'
        ➜ Explicit dependency on target 'ResearchVaultIPCModel' in project 'ResearchVaultKit'
        ➜ Explicit dependency on target 'ThrottleVaultContract-product' in project 'ThrottleVaultContract'
    Target 'ResearchVaultSynthesis-product' in project 'ResearchVaultKit'
        ➜ Explicit dependency on target 'ResearchVaultSynthesis' in project 'ResearchVaultKit'
        ➜ Explicit dependency on target 'ResearchVaultModel' in project 'ResearchVaultKit'
        ➜ Explicit dependency on target 'ResearchVaultIPCModel' in project 'ResearchVaultKit'
        ➜ Explicit dependency on target 'ThrottleVaultContract-product' in project 'ThrottleVaultContract'
    Target 'ResearchVaultSynthesis' in project 'ResearchVaultKit'
        ➜ Explicit dependency on target 'ResearchVaultModel' in project 'ResearchVaultKit'
        ➜ Explicit dependency on target 'ResearchVaultIPCModel' in project 'ResearchVaultKit'
        ➜ Explicit dependency on target 'ThrottleVaultContract-product' in project 'ThrottleVaultContract'
    Target 'ResearchVaultXPCClient-product' in project 'ResearchVaultKit'
        ➜ Explicit dependency on target 'ResearchVaultXPCClient' in project 'ResearchVaultKit'
        ➜ Explicit dependency on target 'ResearchVaultModel' in project 'ResearchVaultKit'
        ➜ Explicit dependency on target 'ResearchVaultIPCModel' in project 'ResearchVaultKit'
        ➜ Explicit dependency on target 'ThrottleVaultContract-product' in project 'ThrottleVaultContract'
        ➜ Explicit dependency on target 'ThrottleVaultClient-product' in project 'ThrottleVaultClient'
    Target 'ResearchVaultIPCModel-product' in project 'ResearchVaultKit'
        ➜ Explicit dependency on target 'ResearchVaultIPCModel' in project 'ResearchVaultKit'
        ➜ Explicit dependency on target 'ResearchVaultModel' in project 'ResearchVaultKit'
        ➜ Explicit dependency on target 'ThrottleVaultContract-product' in project 'ThrottleVaultContract'
    Target 'ThrottlePeer-product' in project 'ThrottleShared'
        ➜ Explicit dependency on target 'ThrottlePeer' in project 'ThrottleShared'
        ➜ Explicit dependency on target 'ThrottleShared' in project 'ThrottleShared'
        ➜ Explicit dependency on target 'ThrottleMirrorContract-product' in project 'ThrottleMirrorContract'
        ➜ Explicit dependency on target 'ThrottlePeerProtocol-product' in project 'ThrottlePeerProtocol'
    Target 'ThrottlePeer' in project 'ThrottleShared'
        ➜ Explicit dependency on target 'ThrottleShared' in project 'ThrottleShared'
        ➜ Explicit dependency on target 'ThrottleMirrorContract-product' in project 'ThrottleMirrorContract'
        ➜ Explicit dependency on target 'ThrottlePeerProtocol-product' in project 'ThrottlePeerProtocol'
    Target 'ThrottlePeerProtocol-product' in project 'ThrottlePeerProtocol'
        ➜ Explicit dependency on target 'ThrottlePeerProtocol' in project 'ThrottlePeerProtocol'
    Target 'ThrottlePeerProtocol' in project 'ThrottlePeerProtocol' (no dependencies)
    Target 'ThrottleShared-product' in project 'ThrottleShared'
        ➜ Explicit dependency on target 'ThrottleShared' in project 'ThrottleShared'
        ➜ Explicit dependency on target 'ThrottleMirrorContract-product' in project 'ThrottleMirrorContract'
    Target 'ThrottleShared' in project 'ThrottleShared'
        ➜ Explicit dependency on target 'ThrottleMirrorContract-product' in project 'ThrottleMirrorContract'
    Target 'ThrottleMirrorContract-product' in project 'ThrottleMirrorContract'
        ➜ Explicit dependency on target 'ThrottleMirrorContract' in project 'ThrottleMirrorContract'
    Target 'ThrottleMirrorContract' in project 'ThrottleMirrorContract' (no dependencies)
    Target 'Tokenizers-product' in project 'swift-transformers'
        ➜ Explicit dependency on target 'Tokenizers' in project 'swift-transformers'
        ➜ Explicit dependency on target 'Hub' in project 'swift-transformers'
        ➜ Explicit dependency on target 'Jinja-product' in project 'Jinja'
        ➜ Explicit dependency on target 'HuggingFace-product' in project 'swift-huggingface'
        ➜ Explicit dependency on target 'OrderedCollections-product' in project 'swift-collections'
        ➜ Explicit dependency on target 'Crypto-product' in project 'swift-crypto'
        ➜ Explicit dependency on target 'yyjson-product' in project 'yyjson'
    Target 'Tokenizers' in project 'swift-transformers'
        ➜ Explicit dependency on target 'Hub' in project 'swift-transformers'
        ➜ Explicit dependency on target 'Jinja-product' in project 'Jinja'
        ➜ Explicit dependency on target 'HuggingFace-product' in project 'swift-huggingface'
        ➜ Explicit dependency on target 'OrderedCollections-product' in project 'swift-collections'
        ➜ Explicit dependency on target 'Crypto-product' in project 'swift-crypto'
        ➜ Explicit dependency on target 'yyjson-product' in project 'yyjson'
    Target 'Hub' in project 'swift-transformers'
        ➜ Explicit dependency on target 'swift-transformers_Hub' in project 'swift-transformers'
        ➜ Explicit dependency on target 'Jinja-product' in project 'Jinja'
        ➜ Explicit dependency on target 'HuggingFace-product' in project 'swift-huggingface'
        ➜ Explicit dependency on target 'OrderedCollections-product' in project 'swift-collections'
        ➜ Explicit dependency on target 'Crypto-product' in project 'swift-crypto'
        ➜ Explicit dependency on target 'yyjson-product' in project 'yyjson'
    Target 'yyjson-product' in project 'yyjson'
        ➜ Explicit dependency on target 'yyjson' in project 'yyjson'
    Target 'yyjson' in project 'yyjson' (no dependencies)
    Target 'Jinja-product' in project 'Jinja'
        ➜ Explicit dependency on target 'Jinja' in project 'Jinja'
        ➜ Explicit dependency on target 'OrderedCollections-product' in project 'swift-collections'
    Target 'Jinja' in project 'Jinja'
        ➜ Explicit dependency on target 'OrderedCollections-product' in project 'swift-collections'
    Target 'OrderedCollections-product' in project 'swift-collections'
        ➜ Explicit dependency on target 'OrderedCollections' in project 'swift-collections'
        ➜ Explicit dependency on target 'InternalCollectionsUtilities' in project 'swift-collections'
    Target 'OrderedCollections' in project 'swift-collections'
        ➜ Explicit dependency on target 'InternalCollectionsUtilities' in project 'swift-collections'
    Target 'swift-transformers_Hub' in project 'swift-transformers' (no dependencies)
    Target 'HuggingFace-product' in project 'swift-huggingface'
        ➜ Explicit dependency on target 'HuggingFace' in project 'swift-huggingface'
        ➜ Explicit dependency on target 'EventSource-product' in project 'EventSource'
        ➜ Explicit dependency on target 'Crypto-product' in project 'swift-crypto'
    Target 'HuggingFace' in project 'swift-huggingface'
        ➜ Explicit dependency on target 'EventSource-product' in project 'EventSource'
        ➜ Explicit dependency on target 'Crypto-product' in project 'swift-crypto'
    Target 'Crypto-product' in project 'swift-crypto'
        ➜ Explicit dependency on target 'Crypto' in project 'swift-crypto'
        ➜ Explicit dependency on target 'swift-crypto_Crypto' in project 'swift-crypto'
    Target 'Crypto' in project 'swift-crypto'
        ➜ Explicit dependency on target 'swift-crypto_Crypto' in project 'swift-crypto'
    Target 'swift-crypto_Crypto' in project 'swift-crypto' (no dependencies)
    Target 'EventSource-product' in project 'EventSource'
        ➜ Explicit dependency on target 'EventSource' in project 'EventSource'
        ➜ Explicit dependency on target 'NIOCore-product' in project 'swift-nio'
    Target 'EventSource' in project 'EventSource'
        ➜ Explicit dependency on target 'NIOCore-product' in project 'swift-nio'
    Target 'NIOCore-product' in project 'swift-nio'
        ➜ Explicit dependency on target 'NIOCore' in project 'swift-nio'
        ➜ Explicit dependency on target 'CNIOAtomics' in project 'swift-nio'
        ➜ Explicit dependency on target 'NIOConcurrencyHelpers' in project 'swift-nio'
        ➜ Explicit dependency on target '_NIOBase64' in project 'swift-nio'
        ➜ Explicit dependency on target 'CNIOOpenBSD' in project 'swift-nio'
        ➜ Explicit dependency on target 'CNIOFreeBSD' in project 'swift-nio'
        ➜ Explicit dependency on target 'CNIODarwin' in project 'swift-nio'
        ➜ Explicit dependency on target 'CNIOLinux' in project 'swift-nio'
        ➜ Explicit dependency on target 'CNIOWindows' in project 'swift-nio'
        ➜ Explicit dependency on target 'CNIOWASI' in project 'swift-nio'
        ➜ Explicit dependency on target '_NIODataStructures' in project 'swift-nio'
        ➜ Explicit dependency on target 'DequeModule-product' in project 'swift-collections'
        ➜ Explicit dependency on target 'Atomics-product' in project 'swift-atomics'
    Target 'NIOCore' in project 'swift-nio'
        ➜ Explicit dependency on target 'CNIOAtomics' in project 'swift-nio'
        ➜ Explicit dependency on target 'NIOConcurrencyHelpers' in project 'swift-nio'
        ➜ Explicit dependency on target '_NIOBase64' in project 'swift-nio'
        ➜ Explicit dependency on target 'CNIOOpenBSD' in project 'swift-nio'
        ➜ Explicit dependency on target 'CNIOFreeBSD' in project 'swift-nio'
        ➜ Explicit dependency on target 'CNIODarwin' in project 'swift-nio'
        ➜ Explicit dependency on target 'CNIOLinux' in project 'swift-nio'
        ➜ Explicit dependency on target 'CNIOWindows' in project 'swift-nio'
        ➜ Explicit dependency on target 'CNIOWASI' in project 'swift-nio'
        ➜ Explicit dependency on target '_NIODataStructures' in project 'swift-nio'
        ➜ Explicit dependency on target 'DequeModule-product' in project 'swift-collections'
        ➜ Explicit dependency on target 'Atomics-product' in project 'swift-atomics'
    Target 'Atomics-product' in project 'swift-atomics'
        ➜ Explicit dependency on target 'Atomics' in project 'swift-atomics'
        ➜ Explicit dependency on target '_AtomicsShims' in project 'swift-atomics'
    Target 'Atomics' in project 'swift-atomics'
        ➜ Explicit dependency on target '_AtomicsShims' in project 'swift-atomics'
    Target '_AtomicsShims' in project 'swift-atomics' (no dependencies)
    Target 'DequeModule-product' in project 'swift-collections'
        ➜ Explicit dependency on target 'DequeModule' in project 'swift-collections'
        ➜ Explicit dependency on target 'InternalCollectionsUtilities' in project 'swift-collections'
        ➜ Explicit dependency on target 'ContainersPreview' in project 'swift-collections'
    Target 'DequeModule' in project 'swift-collections'
        ➜ Explicit dependency on target 'InternalCollectionsUtilities' in project 'swift-collections'
        ➜ Explicit dependency on target 'ContainersPreview' in project 'swift-collections'
    Target 'ContainersPreview' in project 'swift-collections'
        ➜ Explicit dependency on target 'InternalCollectionsUtilities' in project 'swift-collections'
    Target 'InternalCollectionsUtilities' in project 'swift-collections' (no dependencies)
    Target '_NIODataStructures' in project 'swift-nio' (no dependencies)
    Target 'CNIOWASI' in project 'swift-nio' (no dependencies)
    Target 'CNIOWindows' in project 'swift-nio' (no dependencies)
    Target 'CNIOLinux' in project 'swift-nio' (no dependencies)
    Target 'CNIODarwin' in project 'swift-nio' (no dependencies)
    Target 'CNIOFreeBSD' in project 'swift-nio' (no dependencies)
    Target 'CNIOOpenBSD' in project 'swift-nio' (no dependencies)
    Target '_NIOBase64' in project 'swift-nio' (no dependencies)
    Target 'NIOConcurrencyHelpers' in project 'swift-nio'
        ➜ Explicit dependency on target 'CNIOAtomics' in project 'swift-nio'
    Target 'CNIOAtomics' in project 'swift-nio' (no dependencies)
    Target 'MLXHuggingFace-product' in project 'mlx-swift-lm'
        ➜ Explicit dependency on target 'MLXHuggingFace' in project 'mlx-swift-lm'
        ➜ Explicit dependency on target 'MLXHuggingFaceMacros' in project 'mlx-swift-lm'
        ➜ Explicit dependency on target 'MLXLMCommon' in project 'mlx-swift-lm'
        ➜ Explicit dependency on target 'MLX-product' in project 'mlx-swift'
        ➜ Explicit dependency on target 'MLXNN-product' in project 'mlx-swift'
        ➜ Explicit dependency on target 'MLXOptimizers-product' in project 'mlx-swift'
    Target 'MLXHuggingFace' in project 'mlx-swift-lm'
        ➜ Explicit dependency on target 'MLXHuggingFaceMacros' in project 'mlx-swift-lm'
        ➜ Explicit dependency on target 'MLXLMCommon' in project 'mlx-swift-lm'
        ➜ Explicit dependency on target 'MLX-product' in project 'mlx-swift'
        ➜ Explicit dependency on target 'MLXNN-product' in project 'mlx-swift'
        ➜ Explicit dependency on target 'MLXOptimizers-product' in project 'mlx-swift'
    Target 'MLXHuggingFaceMacros' in project 'mlx-swift-lm'
        ➜ Explicit dependency on target 'SwiftSyntaxMacros-product' in project 'swift-syntax'
        ➜ Explicit dependency on target 'SwiftCompilerPlugin-product' in project 'swift-syntax'
    Target 'SwiftCompilerPlugin-product' in project 'swift-syntax'
        ➜ Explicit dependency on target 'SwiftCompilerPlugin' in project 'swift-syntax'
        ➜ Explicit dependency on target '_SwiftSyntaxCShims' in project 'swift-syntax'
        ➜ Explicit dependency on target 'SwiftSyntax509' in project 'swift-syntax'
        ➜ Explicit dependency on target 'SwiftSyntax510' in project 'swift-syntax'
        ➜ Explicit dependency on target 'SwiftSyntax600' in project 'swift-syntax'
        ➜ Explicit dependency on target 'SwiftSyntax' in project 'swift-syntax'
        ➜ Explicit dependency on target 'SwiftDiagnostics' in project 'swift-syntax'
        ➜ Explicit dependency on target 'SwiftParser' in project 'swift-syntax'
        ➜ Explicit dependency on target 'SwiftOperators' in project 'swift-syntax'
        ➜ Explicit dependency on target 'SwiftBasicFormat' in project 'swift-syntax'
        ➜ Explicit dependency on target 'SwiftParserDiagnostics' in project 'swift-syntax'
        ➜ Explicit dependency on target 'SwiftSyntaxBuilder' in project 'swift-syntax'
        ➜ Explicit dependency on target 'SwiftSyntaxMacros' in project 'swift-syntax'
        ➜ Explicit dependency on target 'SwiftSyntaxMacroExpansion' in project 'swift-syntax'
        ➜ Explicit dependency on target 'SwiftCompilerPluginMessageHandling' in project 'swift-syntax'
    Target 'SwiftCompilerPlugin' in project 'swift-syntax'
        ➜ Explicit dependency on target '_SwiftSyntaxCShims' in project 'swift-syntax'
        ➜ Explicit dependency on target 'SwiftSyntax509' in project 'swift-syntax'
        ➜ Explicit dependency on target 'SwiftSyntax510' in project 'swift-syntax'
        ➜ Explicit dependency on target 'SwiftSyntax600' in project 'swift-syntax'
        ➜ Explicit dependency on target 'SwiftSyntax' in project 'swift-syntax'
        ➜ Explicit dependency on target 'SwiftDiagnostics' in project 'swift-syntax'
        ➜ Explicit dependency on target 'SwiftParser' in project 'swift-syntax'
        ➜ Explicit dependency on target 'SwiftOperators' in project 'swift-syntax'
        ➜ Explicit dependency on target 'SwiftBasicFormat' in project 'swift-syntax'
        ➜ Explicit dependency on target 'SwiftParserDiagnostics' in project 'swift-syntax'
        ➜ Explicit dependency on target 'SwiftSyntaxBuilder' in project 'swift-syntax'
        ➜ Explicit dependency on target 'SwiftSyntaxMacros' in project 'swift-syntax'
        ➜ Explicit dependency on target 'SwiftSyntaxMacroExpansion' in project 'swift-syntax'
        ➜ Explicit dependency on target 'SwiftCompilerPluginMessageHandling' in project 'swift-syntax'
    Target 'SwiftCompilerPluginMessageHandling' in project 'swift-syntax'
        ➜ Explicit dependency on target '_SwiftSyntaxCShims' in project 'swift-syntax'
        ➜ Explicit dependency on target 'SwiftSyntax509' in project 'swift-syntax'
        ➜ Explicit dependency on target 'SwiftSyntax510' in project 'swift-syntax'
        ➜ Explicit dependency on target 'SwiftSyntax600' in project 'swift-syntax'
        ➜ Explicit dependency on target 'SwiftSyntax' in project 'swift-syntax'
        ➜ Explicit dependency on target 'SwiftDiagnostics' in project 'swift-syntax'
        ➜ Explicit dependency on target 'SwiftParser' in project 'swift-syntax'
        ➜ Explicit dependency on target 'SwiftOperators' in project 'swift-syntax'
        ➜ Explicit dependency on target 'SwiftBasicFormat' in project 'swift-syntax'
        ➜ Explicit dependency on target 'SwiftParserDiagnostics' in project 'swift-syntax'
        ➜ Explicit dependency on target 'SwiftSyntaxBuilder' in project 'swift-syntax'
        ➜ Explicit dependency on target 'SwiftSyntaxMacros' in project 'swift-syntax'
        ➜ Explicit dependency on target 'SwiftSyntaxMacroExpansion' in project 'swift-syntax'
    Target 'SwiftSyntaxMacroExpansion' in project 'swift-syntax'
        ➜ Explicit dependency on target '_SwiftSyntaxCShims' in project 'swift-syntax'
        ➜ Explicit dependency on target 'SwiftSyntax509' in project 'swift-syntax'
        ➜ Explicit dependency on target 'SwiftSyntax510' in project 'swift-syntax'
        ➜ Explicit dependency on target 'SwiftSyntax600' in project 'swift-syntax'
        ➜ Explicit dependency on target 'SwiftSyntax' in project 'swift-syntax'
        ➜ Explicit dependency on target 'SwiftBasicFormat' in project 'swift-syntax'
        ➜ Explicit dependency on target 'SwiftParser' in project 'swift-syntax'
        ➜ Explicit dependency on target 'SwiftDiagnostics' in project 'swift-syntax'
        ➜ Explicit dependency on target 'SwiftParserDiagnostics' in project 'swift-syntax'
        ➜ Explicit dependency on target 'SwiftSyntaxBuilder' in project 'swift-syntax'
        ➜ Explicit dependency on target 'SwiftSyntaxMacros' in project 'swift-syntax'
        ➜ Explicit dependency on target 'SwiftOperators' in project 'swift-syntax'
    Target 'SwiftOperators' in project 'swift-syntax'
        ➜ Explicit dependency on target '_SwiftSyntaxCShims' in project 'swift-syntax'
        ➜ Explicit dependency on target 'SwiftSyntax509' in project 'swift-syntax'
        ➜ Explicit dependency on target 'SwiftSyntax510' in project 'swift-syntax'
        ➜ Explicit dependency on target 'SwiftSyntax600' in project 'swift-syntax'
        ➜ Explicit dependency on target 'SwiftSyntax' in project 'swift-syntax'
        ➜ Explicit dependency on target 'SwiftDiagnostics' in project 'swift-syntax'
        ➜ Explicit dependency on target 'SwiftParser' in project 'swift-syntax'
    Target 'SwiftSyntaxMacros-product' in project 'swift-syntax'
        ➜ Explicit dependency on target 'SwiftSyntaxMacros' in project 'swift-syntax'
        ➜ Explicit dependency on target '_SwiftSyntaxCShims' in project 'swift-syntax'
        ➜ Explicit dependency on target 'SwiftSyntax509' in project 'swift-syntax'
        ➜ Explicit dependency on target 'SwiftSyntax510' in project 'swift-syntax'
        ➜ Explicit dependency on target 'SwiftSyntax600' in project 'swift-syntax'
        ➜ Explicit dependency on target 'SwiftSyntax' in project 'swift-syntax'
        ➜ Explicit dependency on target 'SwiftDiagnostics' in project 'swift-syntax'
        ➜ Explicit dependency on target 'SwiftParser' in project 'swift-syntax'
        ➜ Explicit dependency on target 'SwiftBasicFormat' in project 'swift-syntax'
        ➜ Explicit dependency on target 'SwiftParserDiagnostics' in project 'swift-syntax'
        ➜ Explicit dependency on target 'SwiftSyntaxBuilder' in project 'swift-syntax'
    Target 'SwiftSyntaxMacros' in project 'swift-syntax'
        ➜ Explicit dependency on target '_SwiftSyntaxCShims' in project 'swift-syntax'
        ➜ Explicit dependency on target 'SwiftSyntax509' in project 'swift-syntax'
        ➜ Explicit dependency on target 'SwiftSyntax510' in project 'swift-syntax'
        ➜ Explicit dependency on target 'SwiftSyntax600' in project 'swift-syntax'
        ➜ Explicit dependency on target 'SwiftSyntax' in project 'swift-syntax'
        ➜ Explicit dependency on target 'SwiftDiagnostics' in project 'swift-syntax'
        ➜ Explicit dependency on target 'SwiftParser' in project 'swift-syntax'
        ➜ Explicit dependency on target 'SwiftBasicFormat' in project 'swift-syntax'
        ➜ Explicit dependency on target 'SwiftParserDiagnostics' in project 'swift-syntax'
        ➜ Explicit dependency on target 'SwiftSyntaxBuilder' in project 'swift-syntax'
    Target 'SwiftSyntaxBuilder' in project 'swift-syntax'
        ➜ Explicit dependency on target '_SwiftSyntaxCShims' in project 'swift-syntax'
        ➜ Explicit dependency on target 'SwiftSyntax509' in project 'swift-syntax'
        ➜ Explicit dependency on target 'SwiftSyntax510' in project 'swift-syntax'
        ➜ Explicit dependency on target 'SwiftSyntax600' in project 'swift-syntax'
        ➜ Explicit dependency on target 'SwiftSyntax' in project 'swift-syntax'
        ➜ Explicit dependency on target 'SwiftBasicFormat' in project 'swift-syntax'
        ➜ Explicit dependency on target 'SwiftParser' in project 'swift-syntax'
        ➜ Explicit dependency on target 'SwiftDiagnostics' in project 'swift-syntax'
        ➜ Explicit dependency on target 'SwiftParserDiagnostics' in project 'swift-syntax'
    Target 'SwiftParserDiagnostics' in project 'swift-syntax'
        ➜ Explicit dependency on target '_SwiftSyntaxCShims' in project 'swift-syntax'
        ➜ Explicit dependency on target 'SwiftSyntax509' in project 'swift-syntax'
        ➜ Explicit dependency on target 'SwiftSyntax510' in project 'swift-syntax'
        ➜ Explicit dependency on target 'SwiftSyntax600' in project 'swift-syntax'
        ➜ Explicit dependency on target 'SwiftSyntax' in project 'swift-syntax'
        ➜ Explicit dependency on target 'SwiftBasicFormat' in project 'swift-syntax'
        ➜ Explicit dependency on target 'SwiftDiagnostics' in project 'swift-syntax'
        ➜ Explicit dependency on target 'SwiftParser' in project 'swift-syntax'
    Target 'SwiftBasicFormat' in project 'swift-syntax'
        ➜ Explicit dependency on target '_SwiftSyntaxCShims' in project 'swift-syntax'
        ➜ Explicit dependency on target 'SwiftSyntax509' in project 'swift-syntax'
        ➜ Explicit dependency on target 'SwiftSyntax510' in project 'swift-syntax'
        ➜ Explicit dependency on target 'SwiftSyntax600' in project 'swift-syntax'
        ➜ Explicit dependency on target 'SwiftSyntax' in project 'swift-syntax'
    Target 'SwiftParser' in project 'swift-syntax'
        ➜ Explicit dependency on target '_SwiftSyntaxCShims' in project 'swift-syntax'
        ➜ Explicit dependency on target 'SwiftSyntax509' in project 'swift-syntax'
        ➜ Explicit dependency on target 'SwiftSyntax510' in project 'swift-syntax'
        ➜ Explicit dependency on target 'SwiftSyntax600' in project 'swift-syntax'
        ➜ Explicit dependency on target 'SwiftSyntax' in project 'swift-syntax'
    Target 'SwiftDiagnostics' in project 'swift-syntax'
        ➜ Explicit dependency on target '_SwiftSyntaxCShims' in project 'swift-syntax'
        ➜ Explicit dependency on target 'SwiftSyntax509' in project 'swift-syntax'
        ➜ Explicit dependency on target 'SwiftSyntax510' in project 'swift-syntax'
        ➜ Explicit dependency on target 'SwiftSyntax600' in project 'swift-syntax'
        ➜ Explicit dependency on target 'SwiftSyntax' in project 'swift-syntax'
    Target 'SwiftSyntax' in project 'swift-syntax'
        ➜ Explicit dependency on target '_SwiftSyntaxCShims' in project 'swift-syntax'
        ➜ Explicit dependency on target 'SwiftSyntax509' in project 'swift-syntax'
        ➜ Explicit dependency on target 'SwiftSyntax510' in project 'swift-syntax'
        ➜ Explicit dependency on target 'SwiftSyntax600' in project 'swift-syntax'
    Target 'SwiftSyntax600' in project 'swift-syntax' (no dependencies)
    Target 'SwiftSyntax510' in project 'swift-syntax' (no dependencies)
    Target 'SwiftSyntax509' in project 'swift-syntax' (no dependencies)
    Target '_SwiftSyntaxCShims' in project 'swift-syntax' (no dependencies)
    Target 'MLXLMCommon-product' in project 'mlx-swift-lm'
        ➜ Explicit dependency on target 'MLXLMCommon' in project 'mlx-swift-lm'
        ➜ Explicit dependency on target 'MLX-product' in project 'mlx-swift'
        ➜ Explicit dependency on target 'MLXNN-product' in project 'mlx-swift'
        ➜ Explicit dependency on target 'MLXOptimizers-product' in project 'mlx-swift'
    Target 'MLXLLM-product' in project 'mlx-swift-lm'
        ➜ Explicit dependency on target 'MLXLLM' in project 'mlx-swift-lm'
        ➜ Explicit dependency on target 'MLXLMCommon' in project 'mlx-swift-lm'
        ➜ Explicit dependency on target 'MLX-product' in project 'mlx-swift'
        ➜ Explicit dependency on target 'MLXNN-product' in project 'mlx-swift'
        ➜ Explicit dependency on target 'MLXOptimizers-product' in project 'mlx-swift'
    Target 'MLXLLM' in project 'mlx-swift-lm'
        ➜ Explicit dependency on target 'MLXLMCommon' in project 'mlx-swift-lm'
        ➜ Explicit dependency on target 'MLX-product' in project 'mlx-swift'
        ➜ Explicit dependency on target 'MLXNN-product' in project 'mlx-swift'
        ➜ Explicit dependency on target 'MLXOptimizers-product' in project 'mlx-swift'
    Target 'MLXLMCommon' in project 'mlx-swift-lm'
        ➜ Explicit dependency on target 'MLX-product' in project 'mlx-swift'
        ➜ Explicit dependency on target 'MLXNN-product' in project 'mlx-swift'
        ➜ Explicit dependency on target 'MLXOptimizers-product' in project 'mlx-swift'
    Target 'MLXOptimizers-product' in project 'mlx-swift'
        ➜ Explicit dependency on target 'MLXOptimizers' in project 'mlx-swift'
        ➜ Explicit dependency on target 'CudaBuild' in project 'mlx-swift'
        ➜ Explicit dependency on target 'Cmlx' in project 'mlx-swift'
        ➜ Explicit dependency on target 'MLX' in project 'mlx-swift'
        ➜ Explicit dependency on target 'MLXNN' in project 'mlx-swift'
        ➜ Explicit dependency on target 'Numerics-product' in project 'swift-numerics'
    Target 'MLXOptimizers' in project 'mlx-swift'
        ➜ Explicit dependency on target 'CudaBuild' in project 'mlx-swift'
        ➜ Explicit dependency on target 'Cmlx' in project 'mlx-swift'
        ➜ Explicit dependency on target 'MLX' in project 'mlx-swift'
        ➜ Explicit dependency on target 'MLXNN' in project 'mlx-swift'
        ➜ Explicit dependency on target 'Numerics-product' in project 'swift-numerics'
    Target 'MLXNN-product' in project 'mlx-swift'
        ➜ Explicit dependency on target 'MLXNN' in project 'mlx-swift'
        ➜ Explicit dependency on target 'CudaBuild' in project 'mlx-swift'
        ➜ Explicit dependency on target 'Cmlx' in project 'mlx-swift'
        ➜ Explicit dependency on target 'MLX' in project 'mlx-swift'
        ➜ Explicit dependency on target 'Numerics-product' in project 'swift-numerics'
    Target 'MLXNN' in project 'mlx-swift'
        ➜ Explicit dependency on target 'CudaBuild' in project 'mlx-swift'
        ➜ Explicit dependency on target 'Cmlx' in project 'mlx-swift'
        ➜ Explicit dependency on target 'MLX' in project 'mlx-swift'
        ➜ Explicit dependency on target 'Numerics-product' in project 'swift-numerics'
    Target 'MLX-product' in project 'mlx-swift'
        ➜ Explicit dependency on target 'MLX' in project 'mlx-swift'
        ➜ Explicit dependency on target 'CudaBuild' in project 'mlx-swift'
        ➜ Explicit dependency on target 'Cmlx' in project 'mlx-swift'
        ➜ Explicit dependency on target 'Numerics-product' in project 'swift-numerics'
    Target 'MLX' in project 'mlx-swift'
        ➜ Explicit dependency on target 'CudaBuild' in project 'mlx-swift'
        ➜ Explicit dependency on target 'Cmlx' in project 'mlx-swift'
        ➜ Explicit dependency on target 'Numerics-product' in project 'swift-numerics'
    Target 'Numerics-product' in project 'swift-numerics'
        ➜ Explicit dependency on target 'Numerics' in project 'swift-numerics'
        ➜ Explicit dependency on target '_NumericsShims' in project 'swift-numerics'
        ➜ Explicit dependency on target 'RealModule' in project 'swift-numerics'
        ➜ Explicit dependency on target 'ComplexModule' in project 'swift-numerics'
    Target 'Numerics' in project 'swift-numerics'
        ➜ Explicit dependency on target '_NumericsShims' in project 'swift-numerics'
        ➜ Explicit dependency on target 'RealModule' in project 'swift-numerics'
        ➜ Explicit dependency on target 'ComplexModule' in project 'swift-numerics'
    Target 'ComplexModule' in project 'swift-numerics'
        ➜ Explicit dependency on target '_NumericsShims' in project 'swift-numerics'
        ➜ Explicit dependency on target 'RealModule' in project 'swift-numerics'
    Target 'RealModule' in project 'swift-numerics'
        ➜ Explicit dependency on target '_NumericsShims' in project 'swift-numerics'
    Target '_NumericsShims' in project 'swift-numerics' (no dependencies)
    Target 'Cmlx' in project 'mlx-swift'
        ➜ Explicit dependency on target 'mlx-swift_Cmlx' in project 'mlx-swift'
        ➜ Explicit dependency on target 'CudaBuild' in project 'mlx-swift'
    Target 'mlx-swift_Cmlx' in project 'mlx-swift'
        ➜ Explicit dependency on target 'CudaBuild' in project 'mlx-swift'
    Target 'CudaBuild' in project 'mlx-swift'
        ➜ Explicit dependency on target 'encuda-product' in project 'mlx-swift'
        ➜ Explicit dependency on target 'ArgumentParser-product' in project 'swift-argument-parser'
    Target 'encuda-product' in project 'mlx-swift'
        ➜ Explicit dependency on target 'ArgumentParser-product' in project 'swift-argument-parser'
    Target 'ArgumentParser-product' in project 'swift-argument-parser'
        ➜ Explicit dependency on target 'ArgumentParser' in project 'swift-argument-parser'
        ➜ Explicit dependency on target 'ArgumentParserToolInfo' in project 'swift-argument-parser'
    Target 'ArgumentParser' in project 'swift-argument-parser'
        ➜ Explicit dependency on target 'ArgumentParserToolInfo' in project 'swift-argument-parser'
    Target 'ArgumentParserToolInfo' in project 'swift-argument-parser' (no dependencies)
    Target 'SwiftTerm-product' in project 'SwiftTerm'
        ➜ Explicit dependency on target 'SwiftTerm' in project 'SwiftTerm'
        ➜ Explicit dependency on target 'SwiftTerm_SwiftTerm' in project 'SwiftTerm'
    Target 'SwiftTerm' in project 'SwiftTerm'
        ➜ Explicit dependency on target 'SwiftTerm_SwiftTerm' in project 'SwiftTerm'
    Target 'SwiftTerm_SwiftTerm' in project 'SwiftTerm' (no dependencies)
    Target 'Sparkle-product' in project 'Sparkle' (no dependencies)
    Target 'ThrottleMCPContracts-product' in project 'ThrottleMCPContracts'
        ➜ Explicit dependency on target 'ThrottleMCPContracts' in project 'ThrottleMCPContracts'
    Target 'ThrottleMCPContracts' in project 'ThrottleMCPContracts' (no dependencies)
    Target 'GRDB-product' in project 'GRDB'
        ➜ Explicit dependency on target 'GRDB' in project 'GRDB'
        ➜ Explicit dependency on target 'GRDB_GRDB' in project 'GRDB'
    Target 'GRDB' in project 'GRDB'
        ➜ Explicit dependency on target 'GRDB_GRDB' in project 'GRDB'
        ➜ Explicit dependency on target 'CSQLite' in project 'GRDB'
    Target 'CSQLite' in project 'GRDB' (no dependencies)
    Target 'GRDB_GRDB' in project 'GRDB' (no dependencies)
    Target 'ResearchVaultAgent' in project 'Throttle'
        ➜ Explicit dependency on target 'ResearchVaultServiceRuntime-product' in project 'ResearchVaultKit'
    Target 'ResearchVaultServiceRuntime-product' in project 'ResearchVaultKit'
        ➜ Explicit dependency on target 'ResearchVaultServiceRuntime' in project 'ResearchVaultKit'
        ➜ Explicit dependency on target 'ResearchVaultModel' in project 'ResearchVaultKit'
        ➜ Explicit dependency on target 'ResearchVaultIPCModel' in project 'ResearchVaultKit'
        ➜ Explicit dependency on target 'ResearchVaultXPCClient' in project 'ResearchVaultKit'
        ➜ Explicit dependency on target 'ResearchVaultIngestion' in project 'ResearchVaultKit'
        ➜ Explicit dependency on target 'ResearchVaultReasoning' in project 'ResearchVaultKit'
        ➜ Explicit dependency on target 'ResearchVaultStore' in project 'ResearchVaultKit'
        ➜ Explicit dependency on target 'ResearchVaultSQLCipher' in project 'ResearchVaultKit'
        ➜ Explicit dependency on target 'ResearchVaultGateway' in project 'ResearchVaultKit'
        ➜ Explicit dependency on target 'ResearchVaultXPC' in project 'ResearchVaultKit'
        ➜ Explicit dependency on target 'ResearchVaultKeychain' in project 'ResearchVaultKit'
        ➜ Explicit dependency on target 'ThrottleVaultContract-product' in project 'ThrottleVaultContract'
        ➜ Explicit dependency on target 'ThrottleVaultClient-product' in project 'ThrottleVaultClient'
        ➜ Explicit dependency on target 'SQLCipher-product' in project 'SQLCipher'
    Target 'ResearchVaultServiceRuntime' in project 'ResearchVaultKit'
        ➜ Explicit dependency on target 'ResearchVaultModel' in project 'ResearchVaultKit'
        ➜ Explicit dependency on target 'ResearchVaultIPCModel' in project 'ResearchVaultKit'
        ➜ Explicit dependency on target 'ResearchVaultXPCClient' in project 'ResearchVaultKit'
        ➜ Explicit dependency on target 'ResearchVaultIngestion' in project 'ResearchVaultKit'
        ➜ Explicit dependency on target 'ResearchVaultReasoning' in project 'ResearchVaultKit'
        ➜ Explicit dependency on target 'ResearchVaultStore' in project 'ResearchVaultKit'
        ➜ Explicit dependency on target 'ResearchVaultSQLCipher' in project 'ResearchVaultKit'
        ➜ Explicit dependency on target 'ResearchVaultGateway' in project 'ResearchVaultKit'
        ➜ Explicit dependency on target 'ResearchVaultXPC' in project 'ResearchVaultKit'
        ➜ Explicit dependency on target 'ResearchVaultKeychain' in project 'ResearchVaultKit'
        ➜ Explicit dependency on target 'ThrottleVaultContract-product' in project 'ThrottleVaultContract'
        ➜ Explicit dependency on target 'ThrottleVaultClient-product' in project 'ThrottleVaultClient'
        ➜ Explicit dependency on target 'SQLCipher-product' in project 'SQLCipher'
    Target 'ResearchVaultKeychain' in project 'ResearchVaultKit' (no dependencies)
    Target 'ResearchVaultXPC' in project 'ResearchVaultKit'
        ➜ Explicit dependency on target 'ResearchVaultModel' in project 'ResearchVaultKit'
        ➜ Explicit dependency on target 'ResearchVaultIPCModel' in project 'ResearchVaultKit'
        ➜ Explicit dependency on target 'ResearchVaultXPCClient' in project 'ResearchVaultKit'
        ➜ Explicit dependency on target 'ResearchVaultIngestion' in project 'ResearchVaultKit'
        ➜ Explicit dependency on target 'ResearchVaultReasoning' in project 'ResearchVaultKit'
        ➜ Explicit dependency on target 'ResearchVaultStore' in project 'ResearchVaultKit'
        ➜ Explicit dependency on target 'ResearchVaultSQLCipher' in project 'ResearchVaultKit'
        ➜ Explicit dependency on target 'ResearchVaultGateway' in project 'ResearchVaultKit'
        ➜ Explicit dependency on target 'ThrottleVaultContract-product' in project 'ThrottleVaultContract'
        ➜ Explicit dependency on target 'ThrottleVaultClient-product' in project 'ThrottleVaultClient'
        ➜ Explicit dependency on target 'SQLCipher-product' in project 'SQLCipher'
    Target 'ResearchVaultGateway' in project 'ResearchVaultKit'
        ➜ Explicit dependency on target 'ResearchVaultModel' in project 'ResearchVaultKit'
        ➜ Explicit dependency on target 'ResearchVaultIPCModel' in project 'ResearchVaultKit'
        ➜ Explicit dependency on target 'ResearchVaultIngestion' in project 'ResearchVaultKit'
        ➜ Explicit dependency on target 'ResearchVaultReasoning' in project 'ResearchVaultKit'
        ➜ Explicit dependency on target 'ResearchVaultStore' in project 'ResearchVaultKit'
        ➜ Explicit dependency on target 'ResearchVaultSQLCipher' in project 'ResearchVaultKit'
        ➜ Explicit dependency on target 'ThrottleVaultContract-product' in project 'ThrottleVaultContract'
        ➜ Explicit dependency on target 'SQLCipher-product' in project 'SQLCipher'
    Target 'ResearchVaultSQLCipher' in project 'ResearchVaultKit'
        ➜ Explicit dependency on target 'ResearchVaultModel' in project 'ResearchVaultKit'
        ➜ Explicit dependency on target 'ResearchVaultReasoning' in project 'ResearchVaultKit'
        ➜ Explicit dependency on target 'ResearchVaultStore' in project 'ResearchVaultKit'
        ➜ Explicit dependency on target 'ResearchVaultIPCModel' in project 'ResearchVaultKit'
        ➜ Explicit dependency on target 'ResearchVaultIngestion' in project 'ResearchVaultKit'
        ➜ Explicit dependency on target 'ThrottleVaultContract-product' in project 'ThrottleVaultContract'
        ➜ Explicit dependency on target 'SQLCipher-product' in project 'SQLCipher'
    Target 'SQLCipher-product' in project 'SQLCipher' (no dependencies)
    Target 'ResearchVaultStore' in project 'ResearchVaultKit'
        ➜ Explicit dependency on target 'ResearchVaultModel' in project 'ResearchVaultKit'
        ➜ Explicit dependency on target 'ThrottleVaultContract-product' in project 'ThrottleVaultContract'
    Target 'ResearchVaultReasoning' in project 'ResearchVaultKit'
        ➜ Explicit dependency on target 'ResearchVaultModel' in project 'ResearchVaultKit'
        ➜ Explicit dependency on target 'ThrottleVaultContract-product' in project 'ThrottleVaultContract'
    Target 'ResearchVaultIngestion' in project 'ResearchVaultKit'
        ➜ Explicit dependency on target 'ResearchVaultModel' in project 'ResearchVaultKit'
        ➜ Explicit dependency on target 'ResearchVaultIPCModel' in project 'ResearchVaultKit'
        ➜ Explicit dependency on target 'ThrottleVaultContract-product' in project 'ThrottleVaultContract'
    Target 'ResearchVaultXPCClient' in project 'ResearchVaultKit'
        ➜ Explicit dependency on target 'ResearchVaultModel' in project 'ResearchVaultKit'
        ➜ Explicit dependency on target 'ResearchVaultIPCModel' in project 'ResearchVaultKit'
        ➜ Explicit dependency on target 'ThrottleVaultContract-product' in project 'ThrottleVaultContract'
        ➜ Explicit dependency on target 'ThrottleVaultClient-product' in project 'ThrottleVaultClient'
    Target 'ThrottleVaultClient-product' in project 'ThrottleVaultClient'
        ➜ Explicit dependency on target 'ThrottleVaultClient' in project 'ThrottleVaultClient'
        ➜ Explicit dependency on target 'ThrottleVaultContract-product' in project 'ThrottleVaultContract'
    Target 'ThrottleVaultClient' in project 'ThrottleVaultClient'
        ➜ Explicit dependency on target 'ThrottleVaultContract-product' in project 'ThrottleVaultContract'
    Target 'ResearchVaultIPCModel' in project 'ResearchVaultKit'
        ➜ Explicit dependency on target 'ResearchVaultModel' in project 'ResearchVaultKit'
        ➜ Explicit dependency on target 'ThrottleVaultContract-product' in project 'ThrottleVaultContract'
    Target 'ResearchVaultModel' in project 'ResearchVaultKit'
        ➜ Explicit dependency on target 'ThrottleVaultContract-product' in project 'ThrottleVaultContract'
    Target 'ThrottleVaultContract-product' in project 'ThrottleVaultContract'
        ➜ Explicit dependency on target 'ThrottleVaultContract' in project 'ThrottleVaultContract'
    Target 'ThrottleVaultContract' in project 'ThrottleVaultContract' (no dependencies)
    Target 'ThrottleWidget' in project 'Throttle' (no dependencies)

GatherProvisioningInputs

CreateBuildDescription

ClangStatCache /Applications/Xcode.app/Contents/Developer/Toolchains/XcodeDefault.xctoolchain/usr/bin/clang-stat-cache /Applications/Xcode.app/Contents/Developer/Platforms/MacOSX.platform/Developer/SDKs/MacOSX27.0.sdk /Volumes/DeveloperStorage/BuildScratch/throttle-convergence-20260920/DerivedData/SDKStatCaches.noindex/macosx27.0-26A425-e829b21a6f8c9b70876ba0858053c0447231f6df4def33e022ae2eb8f782df1a.sdkstatcache
    cd /Users/kevinnadjarian/GitHub/Throttle/build/convergence-recovery-20260920/Throttle.xcodeproj
    /Applications/Xcode.app/Contents/Developer/Toolchains/XcodeDefault.xctoolchain/usr/bin/clang-stat-cache /Applications/Xcode.app/Contents/Developer/Platforms/MacOSX.platform/Developer/SDKs/MacOSX27.0.sdk -o /Volumes/DeveloperStorage/BuildScratch/throttle-convergence-20260920/DerivedData/SDKStatCaches.noindex/macosx27.0-26A425-e829b21a6f8c9b70876ba0858053c0447231f6df4def33e022ae2eb8f782df1a.sdkstatcache

SwiftDriver ThrottleTests normal arm64 com.apple.xcode.tools.swift.compiler (in target 'ThrottleTests' from project 'Throttle')
    cd /Users/kevinnadjarian/GitHub/Throttle/build/convergence-recovery-20260920
    builtin-SwiftDriver -- /Applications/Xcode.app/Contents/Developer/Toolchains/XcodeDefault.xctoolchain/usr/bin/swiftc -module-name ThrottleTests -Onone @/Volumes/DeveloperStorage/BuildScratch/throttle-convergence-20260920/DerivedData/Build/Intermediates.noindex/Throttle.build/Debug/ThrottleTests.build/Objects-normal/arm64/ThrottleTests.SwiftFileList -DDEBUG -Xcc -fmodule-map-file\=/Volumes/DeveloperStorage/BuildScratch/throttle-convergence-20260920/SourcePackages/checkouts/GRDB.swift/Sources/CSQLite/module.modulemap -Xcc -fmodule-map-file\=/Volumes/DeveloperStorage/BuildScratch/throttle-convergence-20260920/SourcePackages/checkouts/swift-numerics/Sources/_NumericsShims/include/module.modulemap -Xcc -fmodule-map-file\=/Volumes/DeveloperStorage/BuildScratch/throttle-convergence-20260920/SourcePackages/checkouts/mlx-swift/Source/Cmlx/include/module.modulemap -Xcc -fmodule-map-file\=/Volumes/DeveloperStorage/BuildScratch/throttle-convergence-20260920/SourcePackages/checkouts/swift-atomics/Sources/_AtomicsShims/include/module.modulemap -Xcc -fmodule-map-file\=/Volumes/DeveloperStorage/BuildScratch/throttle-convergence-20260920/DerivedData/Build/Intermediates.noindex/GeneratedModuleMaps/CNIOWASI.modulemap -Xcc -fmodule-map-file\=/Volumes/DeveloperStorage/BuildScratch/throttle-convergence-20260920/SourcePackages/checkouts/swift-nio/Sources/CNIOWindows/include/module.modulemap -Xcc -fmodule-map-file\=/Volumes/DeveloperStorage/BuildScratch/throttle-convergence-20260920/DerivedData/Build/Intermediates.noindex/GeneratedModuleMaps/CNIOLinux.modulemap -Xcc -fmodule-map-file\=/Volumes/DeveloperStorage/BuildScratch/throttle-convergence-20260920/DerivedData/Build/Intermediates.noindex/GeneratedModuleMaps/CNIODarwin.modulemap -Xcc -fmodule-map-file\=/Volumes/DeveloperStorage/BuildScratch/throttle-convergence-20260920/DerivedData/Build/Intermediates.noindex/GeneratedModuleMaps/CNIOFreeBSD.modulemap -Xcc -fmodule-map-file\=/Volumes/DeveloperStorage/BuildScratch/throttle-convergence-20260920/DerivedData/Build/Intermediates.noindex/GeneratedModuleMaps/CNIOOpenBSD.modulemap -Xcc -fmodule-map-file\=/Volumes/DeveloperStorage/BuildScratch/throttle-convergence-20260920/DerivedData/Build/Intermediates.noindex/GeneratedModuleMaps/CNIOAtomics.modulemap -Xcc -fmodule-map-file\=/Volumes/DeveloperStorage/BuildScratch/throttle-convergence-20260920/DerivedData/Build/Intermediates.noindex/GeneratedModuleMaps/yyjson.modulemap -plugin-path /Applications/Xcode.app/Contents/Developer/Toolchains/XcodeDefault.xctoolchain/usr/lib/swift/host/plugins/testing -enable-experimental-feature DebugDescriptionMacro -sdk /Applications/Xcode.app/Contents/Developer/Platforms/MacOSX.platform/Developer/SDKs/MacOSX27.0.sdk -target arm64-apple-macos14.0 -g -module-cache-path /Volumes/DeveloperStorage/BuildScratch/throttle-convergence-20260920/DerivedData/ModuleCache.noindex -Xfrontend -serialize-debugging-options -profile-coverage-mapping -profile-generate -enable-testing -warnings-as-errors -index-store-path /Volumes/DeveloperStorage/BuildScratch/throttle-convergence-20260920/DerivedData/Index.noindex/DataStore -Xcc -D_LIBCPP_HARDENING_MODE\=_LIBCPP_HARDENING_MODE_DEBUG -swift-version 6 -I /Volumes/DeveloperStorage/BuildScratch/throttle-convergence-20260920/DerivedData/Build/Products/Debug -Isystem /Applications/Xcode.app/Contents/Developer/Platforms/MacOSX.platform/Developer/usr/lib -F /Volumes/DeveloperStorage/BuildScratch/throttle-convergence-20260920/DerivedData/Build/Products/Debug/PackageFrameworks -F /Volumes/DeveloperStorage/BuildScratch/throttle-convergence-20260920/DerivedData/Build/Products/Debug -F /Applications/Xcode.app/Contents/Developer/Platforms/MacOSX.platform/Developer/Library/Frameworks -Xfrontend -load-plugin-executable -Xfrontend /Volumes/DeveloperStorage/BuildScratch/throttle-convergence-20260920/DerivedData/Build/Products/Debug/MLXHuggingFaceMacros\#MLXHuggingFaceMacros -c -j10 -enable-batch-mode -incremental -Xcc -ivfsstatcache -Xcc /Volumes/DeveloperStorage/BuildScratch/throttle-convergence-20260920/DerivedData/SDKStatCaches.noindex/macosx27.0-26A425-e829b21a6f8c9b70876ba0858053c0447231f6df4def33e022ae2eb8f782df1a.sdkstatcache -output-file-map /Volumes/DeveloperStorage/BuildScratch/throttle-convergence-20260920/DerivedData/Build/Intermediates.noindex/Throttle.build/Debug/ThrottleTests.build/Objects-normal/arm64/ThrottleTests-OutputFileMap.json -save-temps -no-color-diagnostics -explicit-module-build -module-cache-path /Volumes/DeveloperStorage/BuildScratch/throttle-convergence-20260920/DerivedData/Build/Intermediates.noindex/SwiftExplicitPrecompiledModules -clang-scanner-module-cache-path /Volumes/DeveloperStorage/BuildScratch/throttle-convergence-20260920/DerivedData/ModuleCache.noindex -sdk-module-cache-path /Volumes/DeveloperStorage/BuildScratch/throttle-convergence-20260920/DerivedData/SDKExplicitPrecompiledModules -emit-dependencies -emit-module -emit-module-path /Volumes/DeveloperStorage/BuildScratch/throttle-convergence-20260920/DerivedData/Build/Intermediates.noindex/Throttle.build/Debug/ThrottleTests.build/Objects-normal/arm64/ThrottleTests.swiftmodule -serialize-diagnostics -dependency-scan-serialize-diagnostics-path /Volumes/DeveloperStorage/BuildScratch/throttle-convergence-20260920/DerivedData/Build/Intermediates.noindex/Throttle.build/Debug/ThrottleTests.build/Objects-normal/arm64/ThrottleTests-dependency-scan.dia -validate-clang-modules-once -clang-build-session-file /Volumes/DeveloperStorage/BuildScratch/throttle-convergence-20260920/DerivedData/ModuleCache.noindex/Session.modulevalidation -Xcc -fmodules-prune-interval\=86400 -Xcc -fmodules-prune-after\=345600 -emit-const-values -const-gather-protocols-list /Volumes/DeveloperStorage/BuildScratch/throttle-convergence-20260920/DerivedData/Build/Intermediates.noindex/Throttle.build/Debug/ThrottleTests.build/Objects-normal/arm64/ThrottleTests_const_extract_protocols.json -Xcc -iquote -Xcc /Volumes/DeveloperStorage/BuildScratch/throttle-convergence-20260920/DerivedData/Build/Intermediates.noindex/Throttle.build/Debug/ThrottleTests.build/ThrottleTests-generated-files.hmap -Xcc -I/Volumes/DeveloperStorage/BuildScratch/throttle-convergence-20260920/DerivedData/Build/Intermediates.noindex/Throttle.build/Debug/ThrottleTests.build/ThrottleTests-own-target-headers.hmap -Xcc -I/Volumes/DeveloperStorage/BuildScratch/throttle-convergence-20260920/DerivedData/Build/Intermediates.noindex/Throttle.build/Debug/ThrottleTests.build/ThrottleTests-all-non-framework-target-headers.hmap -Xcc -ivfsoverlay -Xcc /Volumes/DeveloperStorage/BuildScratch/throttle-convergence-20260920/DerivedData/Build/Intermediates.noindex/Throttle.build/Debug/Throttle-c41c58a016fc9f4310c5f27451fa5182-VFS/all-product-headers.yaml -Xcc -iquote -Xcc /Volumes/DeveloperStorage/BuildScratch/throttle-convergence-20260920/DerivedData/Build/Intermediates.noindex/Throttle.build/Debug/ThrottleTests.build/ThrottleTests-project-headers.hmap -Xcc -I/Volumes/DeveloperStorage/BuildScratch/throttle-convergence-20260920/SourcePackages/checkouts/swift-numerics/Sources/_NumericsShims/include -Xcc -I/Volumes/DeveloperStorage/BuildScratch/throttle-convergence-20260920/SourcePackages/checkouts/mlx-swift/Source/Cmlx/include -Xcc -I/Volumes/DeveloperStorage/BuildScratch/throttle-convergence-20260920/SourcePackages/checkouts/swift-atomics/Sources/_AtomicsShims/include -Xcc -I/Volumes/DeveloperStorage/BuildScratch/throttle-convergence-20260920/SourcePackages/checkouts/swift-nio/Sources/CNIOWASI/include -Xcc -I/Volumes/DeveloperStorage/BuildScratch/throttle-convergence-20260920/SourcePackages/checkouts/swift-nio/Sources/CNIOWindows/include -Xcc -I/Volumes/DeveloperStorage/BuildScratch/throttle-convergence-20260920/SourcePackages/checkouts/swift-nio/Sources/CNIOLinux/include -Xcc -I/Volumes/DeveloperStorage/BuildScratch/throttle-convergence-20260920/SourcePackages/checkouts/swift-nio/Sources/CNIODarwin/include -Xcc -I/Volumes/DeveloperStorage/BuildScratch/throttle-convergence-20260920/SourcePackages/checkouts/swift-nio/Sources/CNIOFreeBSD/include -Xcc -I/Volumes/DeveloperStorage/BuildScratch/throttle-convergence-20260920/SourcePackages/checkouts/swift-nio/Sources/CNIOOpenBSD/include -Xcc -I/Volumes/DeveloperStorage/BuildScratch/throttle-convergence-20260920/SourcePackages/checkouts/swift-nio/Sources/CNIOAtomics/include -Xcc -I/Volumes/DeveloperStorage/BuildScratch/throttle-convergence-20260920/SourcePackages/checkouts/yyjson/src -Xcc -I/Volumes/DeveloperStorage/BuildScratch/throttle-convergence-20260920/DerivedData/Build/Products/Debug/include -Xcc -I/Volumes/DeveloperStorage/BuildScratch/throttle-convergence-20260920/DerivedData/Build/Intermediates.noindex/Throttle.build/Debug/ThrottleTests.build/DerivedSources-normal/arm64 -Xcc -I/Volumes/DeveloperStorage/BuildScratch/throttle-convergence-20260920/DerivedData/Build/Intermediates.noindex/Throttle.build/Debug/ThrottleTests.build/DerivedSources/arm64 -Xcc -I/Volumes/DeveloperStorage/BuildScratch/throttle-convergence-20260920/DerivedData/Build/Intermediates.noindex/Throttle.build/Debug/ThrottleTests.build/DerivedSources -Xcc -DDEBUG\=1 -emit-objc-header -emit-objc-header-path /Volumes/DeveloperStorage/BuildScratch/throttle-convergence-20260920/DerivedData/Build/Intermediates.noindex/Throttle.build/Debug/ThrottleTests.build/Objects-normal/arm64/ThrottleTests-Swift.h -working-directory /Users/kevinnadjarian/GitHub/Throttle/build/convergence-recovery-20260920 -experimental-emit-module-separately -disable-cmo

SwiftCompile normal arm64 Compiling\ CockpitLifecycleTests.swift,\ CockpitOnboardingTests.swift,\ CockpitPermissionTests.swift,\ CockpitSpendViewTests.swift,\ CockpitUsageGenerationTests.swift,\ CodexProgressServiceTests.swift,\ CodexUsageServiceTests.swift,\ ColdStartScannerTests.swift,\ ContentStoreTests.swift,\ ContextFirewallTests.swift,\ ContextPacketEvidenceTests.swift,\ DatabaseQueriesTests.swift,\ DeadSkillServiceTests.swift,\ DeltaMemStoreTests.swift,\ DiagnosticArchiveTests.swift,\ DiagnosticReportTests.swift /Users/kevinnadjarian/GitHub/Throttle/build/convergence-recovery-20260920/ThrottleTests/ServiceTests/CockpitLifecycleTests.swift /Users/kevinnadjarian/GitHub/Throttle/build/convergence-recovery-20260920/ThrottleTests/ServiceTests/CockpitOnboardingTests.swift /Users/kevinnadjarian/GitHub/Throttle/build/convergence-recovery-20260920/ThrottleTests/ServiceTests/CockpitPermissionTests.swift /Users/kevinnadjarian/GitHub/Throttle/build/convergence-recovery-20260920/ThrottleTests/ServiceTests/CockpitSpendViewTests.swift /Users/kevinnadjarian/GitHub/Throttle/build/convergence-recovery-20260920/ThrottleTests/ServiceTests/CockpitUsageGenerationTests.swift /Users/kevinnadjarian/GitHub/Throttle/build/convergence-recovery-20260920/ThrottleTests/ServiceTests/CodexProgressServiceTests.swift /Users/kevinnadjarian/GitHub/Throttle/build/convergence-recovery-20260920/ThrottleTests/ServiceTests/CodexUsageServiceTests.swift /Users/kevinnadjarian/GitHub/Throttle/build/convergence-recovery-20260920/ThrottleTests/DataLayerTests/ColdStartScannerTests.swift /Users/kevinnadjarian/GitHub/Throttle/build/convergence-recovery-20260920/ThrottleTests/ServiceTests/ContentStoreTests.swift /Users/kevinnadjarian/GitHub/Throttle/build/convergence-recovery-20260920/ThrottleTests/ServiceTests/ContextFirewallTests.swift /Users/kevinnadjarian/GitHub/Throttle/build/convergence-recovery-20260920/ThrottleTests/ServiceTests/ContextPacketEvidenceTests.swift /Users/kevinnadjarian/GitHub/Throttle/build/convergence-recovery-20260920/ThrottleTests/DatabaseTests/DatabaseQueriesTests.swift /Users/kevinnadjarian/GitHub/Throttle/build/convergence-recovery-20260920/ThrottleTests/ServiceTests/DeadSkillServiceTests.swift /Users/kevinnadjarian/GitHub/Throttle/build/convergence-recovery-20260920/ThrottleTests/ServiceTests/DeltaMemStoreTests.swift /Users/kevinnadjarian/GitHub/Throttle/build/convergence-recovery-20260920/ThrottleTests/ServiceTests/DiagnosticArchiveTests.swift /Users/kevinnadjarian/GitHub/Throttle/build/convergence-recovery-20260920/ThrottleTests/ServiceTests/DiagnosticReportTests.swift (in target 'ThrottleTests' from project 'Throttle')

SwiftCompile normal arm64 /Users/kevinnadjarian/GitHub/Throttle/build/convergence-recovery-20260920/ThrottleTests/ServiceTests/CockpitLifecycleTests.swift (in target 'ThrottleTests' from project 'Throttle')
    cd /Users/kevinnadjarian/GitHub/Throttle/build/convergence-recovery-20260920
    builtin-SwiftPerFileCompile CockpitLifecycleTests.swift

SwiftCompile normal arm64 /Users/kevinnadjarian/GitHub/Throttle/build/convergence-recovery-20260920/ThrottleTests/ServiceTests/CockpitOnboardingTests.swift (in target 'ThrottleTests' from project 'Throttle')
    cd /Users/kevinnadjarian/GitHub/Throttle/build/convergence-recovery-20260920
    builtin-SwiftPerFileCompile CockpitOnboardingTests.swift

SwiftCompile normal arm64 /Users/kevinnadjarian/GitHub/Throttle/build/convergence-recovery-20260920/ThrottleTests/ServiceTests/CockpitPermissionTests.swift (in target 'ThrottleTests' from project 'Throttle')
    cd /Users/kevinnadjarian/GitHub/Throttle/build/convergence-recovery-20260920
    builtin-SwiftPerFileCompile CockpitPermissionTests.swift

SwiftCompile normal arm64 /Users/kevinnadjarian/GitHub/Throttle/build/convergence-recovery-20260920/ThrottleTests/ServiceTests/CockpitSpendViewTests.swift (in target 'ThrottleTests' from project 'Throttle')
    cd /Users/kevinnadjarian/GitHub/Throttle/build/convergence-recovery-20260920
    builtin-SwiftPerFileCompile CockpitSpendViewTests.swift

SwiftCompile normal arm64 /Users/kevinnadjarian/GitHub/Throttle/build/convergence-recovery-20260920/ThrottleTests/ServiceTests/CockpitUsageGenerationTests.swift (in target 'ThrottleTests' from project 'Throttle')
    cd /Users/kevinnadjarian/GitHub/Throttle/build/convergence-recovery-20260920
    builtin-SwiftPerFileCompile CockpitUsageGenerationTests.swift

SwiftCompile normal arm64 /Users/kevinnadjarian/GitHub/Throttle/build/convergence-recovery-20260920/ThrottleTests/ServiceTests/CodexProgressServiceTests.swift (in target 'ThrottleTests' from project 'Throttle')
    cd /Users/kevinnadjarian/GitHub/Throttle/build/convergence-recovery-20260920
    builtin-SwiftPerFileCompile CodexProgressServiceTests.swift

SwiftCompile normal arm64 /Users/kevinnadjarian/GitHub/Throttle/build/convergence-recovery-20260920/ThrottleTests/ServiceTests/CodexUsageServiceTests.swift (in target 'ThrottleTests' from project 'Throttle')
    cd /Users/kevinnadjarian/GitHub/Throttle/build/convergence-recovery-20260920
    builtin-SwiftPerFileCompile CodexUsageServiceTests.swift

SwiftCompile normal arm64 /Users/kevinnadjarian/GitHub/Throttle/build/convergence-recovery-20260920/ThrottleTests/DataLayerTests/ColdStartScannerTests.swift (in target 'ThrottleTests' from project 'Throttle')
    cd /Users/kevinnadjarian/GitHub/Throttle/build/convergence-recovery-20260920
    builtin-SwiftPerFileCompile ColdStartScannerTests.swift

SwiftCompile normal arm64 /Users/kevinnadjarian/GitHub/Throttle/build/convergence-recovery-20260920/ThrottleTests/ServiceTests/ContentStoreTests.swift (in target 'ThrottleTests' from project 'Throttle')
    cd /Users/kevinnadjarian/GitHub/Throttle/build/convergence-recovery-20260920
    builtin-SwiftPerFileCompile ContentStoreTests.swift

SwiftCompile normal arm64 /Users/kevinnadjarian/GitHub/Throttle/build/convergence-recovery-20260920/ThrottleTests/ServiceTests/ContextFirewallTests.swift (in target 'ThrottleTests' from project 'Throttle')
    cd /Users/kevinnadjarian/GitHub/Throttle/build/convergence-recovery-20260920
    builtin-SwiftPerFileCompile ContextFirewallTests.swift

SwiftCompile normal arm64 /Users/kevinnadjarian/GitHub/Throttle/build/convergence-recovery-20260920/ThrottleTests/ServiceTests/ContextPacketEvidenceTests.swift (in target 'ThrottleTests' from project 'Throttle')
    cd /Users/kevinnadjarian/GitHub/Throttle/build/convergence-recovery-20260920
    builtin-SwiftPerFileCompile ContextPacketEvidenceTests.swift

SwiftCompile normal arm64 /Users/kevinnadjarian/GitHub/Throttle/build/convergence-recovery-20260920/ThrottleTests/DatabaseTests/DatabaseQueriesTests.swift (in target 'ThrottleTests' from project 'Throttle')
    cd /Users/kevinnadjarian/GitHub/Throttle/build/convergence-recovery-20260920
    builtin-SwiftPerFileCompile DatabaseQueriesTests.swift

SwiftCompile normal arm64 /Users/kevinnadjarian/GitHub/Throttle/build/convergence-recovery-20260920/ThrottleTests/ServiceTests/DeadSkillServiceTests.swift (in target 'ThrottleTests' from project 'Throttle')
    cd /Users/kevinnadjarian/GitHub/Throttle/build/convergence-recovery-20260920
    builtin-SwiftPerFileCompile DeadSkillServiceTests.swift

SwiftCompile normal arm64 /Users/kevinnadjarian/GitHub/Throttle/build/convergence-recovery-20260920/ThrottleTests/ServiceTests/DeltaMemStoreTests.swift (in target 'ThrottleTests' from project 'Throttle')
    cd /Users/kevinnadjarian/GitHub/Throttle/build/convergence-recovery-20260920
    builtin-SwiftPerFileCompile DeltaMemStoreTests.swift

SwiftCompile normal arm64 /Users/kevinnadjarian/GitHub/Throttle/build/convergence-recovery-20260920/ThrottleTests/ServiceTests/DiagnosticArchiveTests.swift (in target 'ThrottleTests' from project 'Throttle')
    cd /Users/kevinnadjarian/GitHub/Throttle/build/convergence-recovery-20260920
    builtin-SwiftPerFileCompile DiagnosticArchiveTests.swift

SwiftCompile normal arm64 /Users/kevinnadjarian/GitHub/Throttle/build/convergence-recovery-20260920/ThrottleTests/ServiceTests/DiagnosticReportTests.swift (in target 'ThrottleTests' from project 'Throttle')
    cd /Users/kevinnadjarian/GitHub/Throttle/build/convergence-recovery-20260920
    builtin-SwiftPerFileCompile DiagnosticReportTests.swift

SwiftEmitModule normal arm64 Emitting\ module\ for\ ThrottleTests (in target 'ThrottleTests' from project 'Throttle')

SwiftCompile normal arm64 (in target 'ThrottleTests' from project 'Throttle')
    cd /Users/kevinnadjarian/GitHub/Throttle/build/convergence-recovery-20260920
    

SwiftCompile normal arm64 Compiling\ NativeSessionBindingTests.swift,\ NotebookLMGatewayProcessTests.swift,\ NotebookLMImportJobTests.swift,\ OKFStoreTests.swift,\ OllamaEmbeddingProviderTests.swift,\ OptimizerHonestyTests.swift,\ OutboundPolicyTests.swift,\ OwnedProcessTerminationTests.swift,\ PauseReasonTests.swift,\ PeerControlAdmissionTests.swift,\ PeerTerminalBoundaryTests.swift,\ PlanFlowTests.swift,\ PlanIntegrationCardTests.swift,\ PlanIntegrationFlowTests.swift,\ PlanIntegrationViewTests.swift /Users/kevinnadjarian/GitHub/Throttle/build/convergence-recovery-20260920/ThrottleTests/ServiceTests/NativeSessionBindingTests.swift /Users/kevinnadjarian/GitHub/Throttle/build/convergence-recovery-20260920/ThrottleTests/ServiceTests/NotebookLMGatewayProcessTests.swift /Users/kevinnadjarian/GitHub/Throttle/build/convergence-recovery-20260920/ThrottleTests/ServiceTests/NotebookLMImportJobTests.swift /Users/kevinnadjarian/GitHub/Throttle/build/convergence-recovery-20260920/ThrottleTests/ServiceTests/OKFStoreTests.swift /Users/kevinnadjarian/GitHub/Throttle/build/convergence-recovery-20260920/ThrottleTests/ServiceTests/OllamaEmbeddingProviderTests.swift /Users/kevinnadjarian/GitHub/Throttle/build/convergence-recovery-20260920/ThrottleTests/ServiceTests/OptimizerHonestyTests.swift /Users/kevinnadjarian/GitHub/Throttle/build/convergence-recovery-20260920/ThrottleTests/ServiceTests/OutboundPolicyTests.swift /Users/kevinnadjarian/GitHub/Throttle/build/convergence-recovery-20260920/ThrottleTests/ServiceTests/OwnedProcessTerminationTests.swift /Users/kevinnadjarian/GitHub/Throttle/build/convergence-recovery-20260920/ThrottleTests/StateTests/PauseReasonTests.swift /Users/kevinnadjarian/GitHub/Throttle/build/convergence-recovery-20260920/ThrottleTests/ServiceTests/PeerControlAdmissionTests.swift /Users/kevinnadjarian/GitHub/Throttle/build/convergence-recovery-20260920/ThrottleTests/ServiceTests/PeerTerminalBoundaryTests.swift /Users/kevinnadjarian/GitHub/Throttle/build/convergence-recovery-20260920/ThrottleTests/ServiceTests/PlanFlowTests.swift /Users/kevinnadjarian/GitHub/Throttle/build/convergence-recovery-20260920/ThrottleTests/ServiceTests/PlanIntegrationCardTests.swift /Users/kevinnadjarian/GitHub/Throttle/build/convergence-recovery-20260920/ThrottleTests/ServiceTests/PlanIntegrationFlowTests.swift /Users/kevinnadjarian/GitHub/Throttle/build/convergence-recovery-20260920/ThrottleTests/ServiceTests/PlanIntegrationViewTests.swift (in target 'ThrottleTests' from project 'Throttle')

SwiftCompile normal arm64 /Users/kevinnadjarian/GitHub/Throttle/build/convergence-recovery-20260920/ThrottleTests/ServiceTests/NativeSessionBindingTests.swift (in target 'ThrottleTests' from project 'Throttle')
    cd /Users/kevinnadjarian/GitHub/Throttle/build/convergence-recovery-20260920
    builtin-SwiftPerFileCompile NativeSessionBindingTests.swift

SwiftCompile normal arm64 /Users/kevinnadjarian/GitHub/Throttle/build/convergence-recovery-20260920/ThrottleTests/ServiceTests/NotebookLMGatewayProcessTests.swift (in target 'ThrottleTests' from project 'Throttle')
    cd /Users/kevinnadjarian/GitHub/Throttle/build/convergence-recovery-20260920
    builtin-SwiftPerFileCompile NotebookLMGatewayProcessTests.swift

SwiftCompile normal arm64 /Users/kevinnadjarian/GitHub/Throttle/build/convergence-recovery-20260920/ThrottleTests/ServiceTests/NotebookLMImportJobTests.swift (in target 'ThrottleTests' from project 'Throttle')
    cd /Users/kevinnadjarian/GitHub/Throttle/build/convergence-recovery-20260920
    builtin-SwiftPerFileCompile NotebookLMImportJobTests.swift

SwiftCompile normal arm64 /Users/kevinnadjarian/GitHub/Throttle/build/convergence-recovery-20260920/ThrottleTests/ServiceTests/OKFStoreTests.swift (in target 'ThrottleTests' from project 'Throttle')
    cd /Users/kevinnadjarian/GitHub/Throttle/build/convergence-recovery-20260920
    builtin-SwiftPerFileCompile OKFStoreTests.swift

SwiftCompile normal arm64 /Users/kevinnadjarian/GitHub/Throttle/build/convergence-recovery-20260920/ThrottleTests/ServiceTests/OllamaEmbeddingProviderTests.swift (in target 'ThrottleTests' from project 'Throttle')
    cd /Users/kevinnadjarian/GitHub/Throttle/build/convergence-recovery-20260920
    builtin-SwiftPerFileCompile OllamaEmbeddingProviderTests.swift

SwiftCompile normal arm64 /Users/kevinnadjarian/GitHub/Throttle/build/convergence-recovery-20260920/ThrottleTests/ServiceTests/OptimizerHonestyTests.swift (in target 'ThrottleTests' from project 'Throttle')
    cd /Users/kevinnadjarian/GitHub/Throttle/build/convergence-recovery-20260920
    builtin-SwiftPerFileCompile OptimizerHonestyTests.swift

SwiftCompile normal arm64 /Users/kevinnadjarian/GitHub/Throttle/build/convergence-recovery-20260920/ThrottleTests/ServiceTests/OutboundPolicyTests.swift (in target 'ThrottleTests' from project 'Throttle')
    cd /Users/kevinnadjarian/GitHub/Throttle/build/convergence-recovery-20260920
    builtin-SwiftPerFileCompile OutboundPolicyTests.swift

SwiftCompile normal arm64 /Users/kevinnadjarian/GitHub/Throttle/build/convergence-recovery-20260920/ThrottleTests/ServiceTests/OwnedProcessTerminationTests.swift (in target 'ThrottleTests' from project 'Throttle')
    cd /Users/kevinnadjarian/GitHub/Throttle/build/convergence-recovery-20260920
    builtin-SwiftPerFileCompile OwnedProcessTerminationTests.swift

SwiftCompile normal arm64 /Users/kevinnadjarian/GitHub/Throttle/build/convergence-recovery-20260920/ThrottleTests/StateTests/PauseReasonTests.swift (in target 'ThrottleTests' from project 'Throttle')
    cd /Users/kevinnadjarian/GitHub/Throttle/build/convergence-recovery-20260920
    builtin-SwiftPerFileCompile PauseReasonTests.swift

SwiftCompile normal arm64 /Users/kevinnadjarian/GitHub/Throttle/build/convergence-recovery-20260920/ThrottleTests/ServiceTests/PeerControlAdmissionTests.swift (in target 'ThrottleTests' from project 'Throttle')
    cd /Users/kevinnadjarian/GitHub/Throttle/build/convergence-recovery-20260920
    builtin-SwiftPerFileCompile PeerControlAdmissionTests.swift

SwiftCompile normal arm64 /Users/kevinnadjarian/GitHub/Throttle/build/convergence-recovery-20260920/ThrottleTests/ServiceTests/PeerTerminalBoundaryTests.swift (in target 'ThrottleTests' from project 'Throttle')
    cd /Users/kevinnadjarian/GitHub/Throttle/build/convergence-recovery-20260920
    builtin-SwiftPerFileCompile PeerTerminalBoundaryTests.swift

SwiftCompile normal arm64 /Users/kevinnadjarian/GitHub/Throttle/build/convergence-recovery-20260920/ThrottleTests/ServiceTests/PlanFlowTests.swift (in target 'ThrottleTests' from project 'Throttle')
    cd /Users/kevinnadjarian/GitHub/Throttle/build/convergence-recovery-20260920
    builtin-SwiftPerFileCompile PlanFlowTests.swift

SwiftCompile normal arm64 /Users/kevinnadjarian/GitHub/Throttle/build/convergence-recovery-20260920/ThrottleTests/ServiceTests/PlanIntegrationCardTests.swift (in target 'ThrottleTests' from project 'Throttle')
    cd /Users/kevinnadjarian/GitHub/Throttle/build/convergence-recovery-20260920
    builtin-SwiftPerFileCompile PlanIntegrationCardTests.swift

SwiftCompile normal arm64 /Users/kevinnadjarian/GitHub/Throttle/build/convergence-recovery-20260920/ThrottleTests/ServiceTests/PlanIntegrationFlowTests.swift (in target 'ThrottleTests' from project 'Throttle')
    cd /Users/kevinnadjarian/GitHub/Throttle/build/convergence-recovery-20260920
    builtin-SwiftPerFileCompile PlanIntegrationFlowTests.swift

SwiftCompile normal arm64 /Users/kevinnadjarian/GitHub/Throttle/build/convergence-recovery-20260920/ThrottleTests/ServiceTests/PlanIntegrationViewTests.swift (in target 'ThrottleTests' from project 'Throttle')
    cd /Users/kevinnadjarian/GitHub/Throttle/build/convergence-recovery-20260920
    builtin-SwiftPerFileCompile PlanIntegrationViewTests.swift

SwiftDriverJobDiscovery normal arm64 Emitting module for ThrottleTests (in target 'ThrottleTests' from project 'Throttle')

SwiftDriver\ Compilation\ Requirements ThrottleTests normal arm64 com.apple.xcode.tools.swift.compiler (in target 'ThrottleTests' from project 'Throttle')
    cd /Users/kevinnadjarian/GitHub/Throttle/build/convergence-recovery-20260920
    builtin-Swift-Compilation-Requirements -- /Applications/Xcode.app/Contents/Developer/Toolchains/XcodeDefault.xctoolchain/usr/bin/swiftc -module-name ThrottleTests -Onone @/Volumes/DeveloperStorage/BuildScratch/throttle-convergence-20260920/DerivedData/Build/Intermediates.noindex/Throttle.build/Debug/ThrottleTests.build/Objects-normal/arm64/ThrottleTests.SwiftFileList -DDEBUG -Xcc -fmodule-map-file\=/Volumes/DeveloperStorage/BuildScratch/throttle-convergence-20260920/SourcePackages/checkouts/GRDB.swift/Sources/CSQLite/module.modulemap -Xcc -fmodule-map-file\=/Volumes/DeveloperStorage/BuildScratch/throttle-convergence-20260920/SourcePackages/checkouts/swift-numerics/Sources/_NumericsShims/include/module.modulemap -Xcc -fmodule-map-file\=/Volumes/DeveloperStorage/BuildScratch/throttle-convergence-20260920/SourcePackages/checkouts/mlx-swift/Source/Cmlx/include/module.modulemap -Xcc -fmodule-map-file\=/Volumes/DeveloperStorage/BuildScratch/throttle-convergence-20260920/SourcePackages/checkouts/swift-atomics/Sources/_AtomicsShims/include/module.modulemap -Xcc -fmodule-map-file\=/Volumes/DeveloperStorage/BuildScratch/throttle-convergence-20260920/DerivedData/Build/Intermediates.noindex/GeneratedModuleMaps/CNIOWASI.modulemap -Xcc -fmodule-map-file\=/Volumes/DeveloperStorage/BuildScratch/throttle-convergence-20260920/SourcePackages/checkouts/swift-nio/Sources/CNIOWindows/include/module.modulemap -Xcc -fmodule-map-file\=/Volumes/DeveloperStorage/BuildScratch/throttle-convergence-20260920/DerivedData/Build/Intermediates.noindex/GeneratedModuleMaps/CNIOLinux.modulemap -Xcc -fmodule-map-file\=/Volumes/DeveloperStorage/BuildScratch/throttle-convergence-20260920/DerivedData/Build/Intermediates.noindex/GeneratedModuleMaps/CNIODarwin.modulemap -Xcc -fmodule-map-file\=/Volumes/DeveloperStorage/BuildScratch/throttle-convergence-20260920/DerivedData/Build/Intermediates.noindex/GeneratedModuleMaps/CNIOFreeBSD.modulemap -Xcc -fmodule-map-file\=/Volumes/DeveloperStorage/BuildScratch/throttle-convergence-20260920/DerivedData/Build/Intermediates.noindex/GeneratedModuleMaps/CNIOOpenBSD.modulemap -Xcc -fmodule-map-file\=/Volumes/DeveloperStorage/BuildScratch/throttle-convergence-20260920/DerivedData/Build/Intermediates.noindex/GeneratedModuleMaps/CNIOAtomics.modulemap -Xcc -fmodule-map-file\=/Volumes/DeveloperStorage/BuildScratch/throttle-convergence-20260920/DerivedData/Build/Intermediates.noindex/GeneratedModuleMaps/yyjson.modulemap -plugin-path /Applications/Xcode.app/Contents/Developer/Toolchains/XcodeDefault.xctoolchain/usr/lib/swift/host/plugins/testing -enable-experimental-feature DebugDescriptionMacro -sdk /Applications/Xcode.app/Contents/Developer/Platforms/MacOSX.platform/Developer/SDKs/MacOSX27.0.sdk -target arm64-apple-macos14.0 -g -module-cache-path /Volumes/DeveloperStorage/BuildScratch/throttle-convergence-20260920/DerivedData/ModuleCache.noindex -Xfrontend -serialize-debugging-options -profile-coverage-mapping -profile-generate -enable-testing -warnings-as-errors -index-store-path /Volumes/DeveloperStorage/BuildScratch/throttle-convergence-20260920/DerivedData/Index.noindex/DataStore -Xcc -D_LIBCPP_HARDENING_MODE\=_LIBCPP_HARDENING_MODE_DEBUG -swift-version 6 -I /Volumes/DeveloperStorage/BuildScratch/throttle-convergence-20260920/DerivedData/Build/Products/Debug -Isystem /Applications/Xcode.app/Contents/Developer/Platforms/MacOSX.platform/Developer/usr/lib -F /Volumes/DeveloperStorage/BuildScratch/throttle-convergence-20260920/DerivedData/Build/Products/Debug/PackageFrameworks -F /Volumes/DeveloperStorage/BuildScratch/throttle-convergence-20260920/DerivedData/Build/Products/Debug -F /Applications/Xcode.app/Contents/Developer/Platforms/MacOSX.platform/Developer/Library/Frameworks -Xfrontend -load-plugin-executable -Xfrontend /Volumes/DeveloperStorage/BuildScratch/throttle-convergence-20260920/DerivedData/Build/Products/Debug/MLXHuggingFaceMacros\#MLXHuggingFaceMacros -c -j10 -enable-batch-mode -incremental -Xcc -ivfsstatcache -Xcc /Volumes/DeveloperStorage/BuildScratch/throttle-convergence-20260920/DerivedData/SDKStatCaches.noindex/macosx27.0-26A425-e829b21a6f8c9b70876ba0858053c0447231f6df4def33e022ae2eb8f782df1a.sdkstatcache -output-file-map /Volumes/DeveloperStorage/BuildScratch/throttle-convergence-20260920/DerivedData/Build/Intermediates.noindex/Throttle.build/Debug/ThrottleTests.build/Objects-normal/arm64/ThrottleTests-OutputFileMap.json -save-temps -no-color-diagnostics -explicit-module-build -module-cache-path /Volumes/DeveloperStorage/BuildScratch/throttle-convergence-20260920/DerivedData/Build/Intermediates.noindex/SwiftExplicitPrecompiledModules -clang-scanner-module-cache-path /Volumes/DeveloperStorage/BuildScratch/throttle-convergence-20260920/DerivedData/ModuleCache.noindex -sdk-module-cache-path /Volumes/DeveloperStorage/BuildScratch/throttle-convergence-20260920/DerivedData/SDKExplicitPrecompiledModules -emit-dependencies -emit-module -emit-module-path /Volumes/DeveloperStorage/BuildScratch/throttle-convergence-20260920/DerivedData/Build/Intermediates.noindex/Throttle.build/Debug/ThrottleTests.build/Objects-normal/arm64/ThrottleTests.swiftmodule -serialize-diagnostics -dependency-scan-serialize-diagnostics-path /Volumes/DeveloperStorage/BuildScratch/throttle-convergence-20260920/DerivedData/Build/Intermediates.noindex/Throttle.build/Debug/ThrottleTests.build/Objects-normal/arm64/ThrottleTests-dependency-scan.dia -validate-clang-modules-once -clang-build-session-file /Volumes/DeveloperStorage/BuildScratch/throttle-convergence-20260920/DerivedData/ModuleCache.noindex/Session.modulevalidation -Xcc -fmodules-prune-interval\=86400 -Xcc -fmodules-prune-after\=345600 -emit-const-values -const-gather-protocols-list /Volumes/DeveloperStorage/BuildScratch/throttle-convergence-20260920/DerivedData/Build/Intermediates.noindex/Throttle.build/Debug/ThrottleTests.build/Objects-normal/arm64/ThrottleTests_const_extract_protocols.json -Xcc -iquote -Xcc /Volumes/DeveloperStorage/BuildScratch/throttle-convergence-20260920/DerivedData/Build/Intermediates.noindex/Throttle.build/Debug/ThrottleTests.build/ThrottleTests-generated-files.hmap -Xcc -I/Volumes/DeveloperStorage/BuildScratch/throttle-convergence-20260920/DerivedData/Build/Intermediates.noindex/Throttle.build/Debug/ThrottleTests.build/ThrottleTests-own-target-headers.hmap -Xcc -I/Volumes/DeveloperStorage/BuildScratch/throttle-convergence-20260920/DerivedData/Build/Intermediates.noindex/Throttle.build/Debug/ThrottleTests.build/ThrottleTests-all-non-framework-target-headers.hmap -Xcc -ivfsoverlay -Xcc /Volumes/DeveloperStorage/BuildScratch/throttle-convergence-20260920/DerivedData/Build/Intermediates.noindex/Throttle.build/Debug/Throttle-c41c58a016fc9f4310c5f27451fa5182-VFS/all-product-headers.yaml -Xcc -iquote -Xcc /Volumes/DeveloperStorage/BuildScratch/throttle-convergence-20260920/DerivedData/Build/Intermediates.noindex/Throttle.build/Debug/ThrottleTests.build/ThrottleTests-project-headers.hmap -Xcc -I/Volumes/DeveloperStorage/BuildScratch/throttle-convergence-20260920/SourcePackages/checkouts/swift-numerics/Sources/_NumericsShims/include -Xcc -I/Volumes/DeveloperStorage/BuildScratch/throttle-convergence-20260920/SourcePackages/checkouts/mlx-swift/Source/Cmlx/include -Xcc -I/Volumes/DeveloperStorage/BuildScratch/throttle-convergence-20260920/SourcePackages/checkouts/swift-atomics/Sources/_AtomicsShims/include -Xcc -I/Volumes/DeveloperStorage/BuildScratch/throttle-convergence-20260920/SourcePackages/checkouts/swift-nio/Sources/CNIOWASI/include -Xcc -I/Volumes/DeveloperStorage/BuildScratch/throttle-convergence-20260920/SourcePackages/checkouts/swift-nio/Sources/CNIOWindows/include -Xcc -I/Volumes/DeveloperStorage/BuildScratch/throttle-convergence-20260920/SourcePackages/checkouts/swift-nio/Sources/CNIOLinux/include -Xcc -I/Volumes/DeveloperStorage/BuildScratch/throttle-convergence-20260920/SourcePackages/checkouts/swift-nio/Sources/CNIODarwin/include -Xcc -I/Volumes/DeveloperStorage/BuildScratch/throttle-convergence-20260920/SourcePackages/checkouts/swift-nio/Sources/CNIOFreeBSD/include -Xcc -I/Volumes/DeveloperStorage/BuildScratch/throttle-convergence-20260920/SourcePackages/checkouts/swift-nio/Sources/CNIOOpenBSD/include -Xcc -I/Volumes/DeveloperStorage/BuildScratch/throttle-convergence-20260920/SourcePackages/checkouts/swift-nio/Sources/CNIOAtomics/include -Xcc -I/Volumes/DeveloperStorage/BuildScratch/throttle-convergence-20260920/SourcePackages/checkouts/yyjson/src -Xcc -I/Volumes/DeveloperStorage/BuildScratch/throttle-convergence-20260920/DerivedData/Build/Products/Debug/include -Xcc -I/Volumes/DeveloperStorage/BuildScratch/throttle-convergence-20260920/DerivedData/Build/Intermediates.noindex/Throttle.build/Debug/ThrottleTests.build/DerivedSources-normal/arm64 -Xcc -I/Volumes/DeveloperStorage/BuildScratch/throttle-convergence-20260920/DerivedData/Build/Intermediates.noindex/Throttle.build/Debug/ThrottleTests.build/DerivedSources/arm64 -Xcc -I/Volumes/DeveloperStorage/BuildScratch/throttle-convergence-20260920/DerivedData/Build/Intermediates.noindex/Throttle.build/Debug/ThrottleTests.build/DerivedSources -Xcc -DDEBUG\=1 -emit-objc-header -emit-objc-header-path /Volumes/DeveloperStorage/BuildScratch/throttle-convergence-20260920/DerivedData/Build/Intermediates.noindex/Throttle.build/Debug/ThrottleTests.build/Objects-normal/arm64/ThrottleTests-Swift.h -working-directory /Users/kevinnadjarian/GitHub/Throttle/build/convergence-recovery-20260920 -experimental-emit-module-separately -disable-cmo

SwiftDriverJobDiscovery normal arm64 Compiling CockpitLifecycleTests.swift, CockpitOnboardingTests.swift, CockpitPermissionTests.swift, CockpitSpendViewTests.swift, CockpitUsageGenerationTests.swift, CodexProgressServiceTests.swift, CodexUsageServiceTests.swift, ColdStartScannerTests.swift, ContentStoreTests.swift, ContextFirewallTests.swift, ContextPacketEvidenceTests.swift, DatabaseQueriesTests.swift, DeadSkillServiceTests.swift, DeltaMemStoreTests.swift, DiagnosticArchiveTests.swift, DiagnosticReportTests.swift (in target 'ThrottleTests' from project 'Throttle')

SwiftCompile normal arm64 Compiling\ DispatchAdvisorTests.swift,\ DisplayedNumbersTests.swift,\ EdgeDeployServiceTests.swift,\ EmbeddedModelRuntimeTests.swift,\ ExactModePollPolicyTests.swift,\ ExactSnapshotTests.swift,\ GlobalRAGOnboardingWindowControllerTests.swift,\ GlobalRAGServiceTests.swift,\ HealthCheckServiceTests.swift,\ HumanDecisionRecorderTests.swift,\ LocalDelegationServiceTests.swift,\ LocalWorkerModelSelectionTests.swift,\ MenuBarCountdownTests.swift,\ MigrationsTests.swift,\ MissionRuntimeServiceTests.swift,\ MouseReportFilterWheelTests.swift /Users/kevinnadjarian/GitHub/Throttle/build/convergence-recovery-20260920/ThrottleTests/ServiceTests/DispatchAdvisorTests.swift /Users/kevinnadjarian/GitHub/Throttle/build/convergence-recovery-20260920/ThrottleTests/ServiceTests/DisplayedNumbersTests.swift /Users/kevinnadjarian/GitHub/Throttle/build/convergence-recovery-20260920/ThrottleTests/ServiceTests/EdgeDeployServiceTests.swift /Users/kevinnadjarian/GitHub/Throttle/build/convergence-recovery-20260920/ThrottleTests/ServiceTests/EmbeddedModelRuntimeTests.swift /Users/kevinnadjarian/GitHub/Throttle/build/convergence-recovery-20260920/ThrottleTests/ServiceTests/ExactModePollPolicyTests.swift /Users/kevinnadjarian/GitHub/Throttle/build/convergence-recovery-20260920/ThrottleTests/StateTests/ExactSnapshotTests.swift /Users/kevinnadjarian/GitHub/Throttle/build/convergence-recovery-20260920/ThrottleTests/GlobalRAGOnboardingWindowControllerTests.swift /Users/kevinnadjarian/GitHub/Throttle/build/convergence-recovery-20260920/ThrottleTests/ServiceTests/GlobalRAGServiceTests.swift /Users/kevinnadjarian/GitHub/Throttle/build/convergence-recovery-20260920/ThrottleTests/ServiceTests/HealthCheckServiceTests.swift /Users/kevinnadjarian/GitHub/Throttle/build/convergence-recovery-20260920/ThrottleTests/ServiceTests/HumanDecisionRecorderTests.swift /Users/kevinnadjarian/GitHub/Throttle/build/convergence-recovery-20260920/ThrottleTests/ServiceTests/LocalDelegationServiceTests.swift /Users/kevinnadjarian/GitHub/Throttle/build/convergence-recovery-20260920/ThrottleTests/ServiceTests/LocalWorkerModelSelectionTests.swift /Users/kevinnadjarian/GitHub/Throttle/build/convergence-recovery-20260920/ThrottleTests/StateTests/MenuBarCountdownTests.swift /Users/kevinnadjarian/GitHub/Throttle/build/convergence-recovery-20260920/ThrottleTests/DatabaseTests/MigrationsTests.swift /Users/kevinnadjarian/GitHub/Throttle/build/convergence-recovery-20260920/ThrottleTests/ServiceTests/MissionRuntimeServiceTests.swift /Users/kevinnadjarian/GitHub/Throttle/build/convergence-recovery-20260920/ThrottleTests/ServiceTests/MouseReportFilterWheelTests.swift (in target 'ThrottleTests' from project 'Throttle')

SwiftCompile normal arm64 /Users/kevinnadjarian/GitHub/Throttle/build/convergence-recovery-20260920/ThrottleTests/ServiceTests/DispatchAdvisorTests.swift (in target 'ThrottleTests' from project 'Throttle')
    cd /Users/kevinnadjarian/GitHub/Throttle/build/convergence-recovery-20260920
    builtin-SwiftPerFileCompile DispatchAdvisorTests.swift

SwiftCompile normal arm64 /Users/kevinnadjarian/GitHub/Throttle/build/convergence-recovery-20260920/ThrottleTests/ServiceTests/DisplayedNumbersTests.swift (in target 'ThrottleTests' from project 'Throttle')
    cd /Users/kevinnadjarian/GitHub/Throttle/build/convergence-recovery-20260920
    builtin-SwiftPerFileCompile DisplayedNumbersTests.swift

SwiftCompile normal arm64 /Users/kevinnadjarian/GitHub/Throttle/build/convergence-recovery-20260920/ThrottleTests/ServiceTests/EdgeDeployServiceTests.swift (in target 'ThrottleTests' from project 'Throttle')
    cd /Users/kevinnadjarian/GitHub/Throttle/build/convergence-recovery-20260920
    builtin-SwiftPerFileCompile EdgeDeployServiceTests.swift

SwiftCompile normal arm64 /Users/kevinnadjarian/GitHub/Throttle/build/convergence-recovery-20260920/ThrottleTests/ServiceTests/EmbeddedModelRuntimeTests.swift (in target 'ThrottleTests' from project 'Throttle')
    cd /Users/kevinnadjarian/GitHub/Throttle/build/convergence-recovery-20260920
    builtin-SwiftPerFileCompile EmbeddedModelRuntimeTests.swift

SwiftCompile normal arm64 /Users/kevinnadjarian/GitHub/Throttle/build/convergence-recovery-20260920/ThrottleTests/ServiceTests/ExactModePollPolicyTests.swift (in target 'ThrottleTests' from project 'Throttle')
    cd /Users/kevinnadjarian/GitHub/Throttle/build/convergence-recovery-20260920
    builtin-SwiftPerFileCompile ExactModePollPolicyTests.swift

SwiftCompile normal arm64 /Users/kevinnadjarian/GitHub/Throttle/build/convergence-recovery-20260920/ThrottleTests/StateTests/ExactSnapshotTests.swift (in target 'ThrottleTests' from project 'Throttle')
    cd /Users/kevinnadjarian/GitHub/Throttle/build/convergence-recovery-20260920
    builtin-SwiftPerFileCompile ExactSnapshotTests.swift

SwiftCompile normal arm64 /Users/kevinnadjarian/GitHub/Throttle/build/convergence-recovery-20260920/ThrottleTests/GlobalRAGOnboardingWindowControllerTests.swift (in target 'ThrottleTests' from project 'Throttle')
    cd /Users/kevinnadjarian/GitHub/Throttle/build/convergence-recovery-20260920
    builtin-SwiftPerFileCompile GlobalRAGOnboardingWindowControllerTests.swift

SwiftCompile normal arm64 /Users/kevinnadjarian/GitHub/Throttle/build/convergence-recovery-20260920/ThrottleTests/ServiceTests/GlobalRAGServiceTests.swift (in target 'ThrottleTests' from project 'Throttle')
    cd /Users/kevinnadjarian/GitHub/Throttle/build/convergence-recovery-20260920
    builtin-SwiftPerFileCompile GlobalRAGServiceTests.swift

SwiftCompile normal arm64 /Users/kevinnadjarian/GitHub/Throttle/build/convergence-recovery-20260920/ThrottleTests/ServiceTests/HealthCheckServiceTests.swift (in target 'ThrottleTests' from project 'Throttle')
    cd /Users/kevinnadjarian/GitHub/Throttle/build/convergence-recovery-20260920
    builtin-SwiftPerFileCompile HealthCheckServiceTests.swift

SwiftCompile normal arm64 /Users/kevinnadjarian/GitHub/Throttle/build/convergence-recovery-20260920/ThrottleTests/ServiceTests/HumanDecisionRecorderTests.swift (in target 'ThrottleTests' from project 'Throttle')
    cd /Users/kevinnadjarian/GitHub/Throttle/build/convergence-recovery-20260920
    builtin-SwiftPerFileCompile HumanDecisionRecorderTests.swift

SwiftCompile normal arm64 /Users/kevinnadjarian/GitHub/Throttle/build/convergence-recovery-20260920/ThrottleTests/ServiceTests/LocalDelegationServiceTests.swift (in target 'ThrottleTests' from project 'Throttle')
    cd /Users/kevinnadjarian/GitHub/Throttle/build/convergence-recovery-20260920
    builtin-SwiftPerFileCompile LocalDelegationServiceTests.swift

SwiftCompile normal arm64 /Users/kevinnadjarian/GitHub/Throttle/build/convergence-recovery-20260920/ThrottleTests/ServiceTests/LocalWorkerModelSelectionTests.swift (in target 'ThrottleTests' from project 'Throttle')
    cd /Users/kevinnadjarian/GitHub/Throttle/build/convergence-recovery-20260920
    builtin-SwiftPerFileCompile LocalWorkerModelSelectionTests.swift

SwiftCompile normal arm64 /Users/kevinnadjarian/GitHub/Throttle/build/convergence-recovery-20260920/ThrottleTests/StateTests/MenuBarCountdownTests.swift (in target 'ThrottleTests' from project 'Throttle')
    cd /Users/kevinnadjarian/GitHub/Throttle/build/convergence-recovery-20260920
    builtin-SwiftPerFileCompile MenuBarCountdownTests.swift

SwiftCompile normal arm64 /Users/kevinnadjarian/GitHub/Throttle/build/convergence-recovery-20260920/ThrottleTests/DatabaseTests/MigrationsTests.swift (in target 'ThrottleTests' from project 'Throttle')
    cd /Users/kevinnadjarian/GitHub/Throttle/build/convergence-recovery-20260920
    builtin-SwiftPerFileCompile MigrationsTests.swift

SwiftCompile normal arm64 /Users/kevinnadjarian/GitHub/Throttle/build/convergence-recovery-20260920/ThrottleTests/ServiceTests/MissionRuntimeServiceTests.swift (in target 'ThrottleTests' from project 'Throttle')
    cd /Users/kevinnadjarian/GitHub/Throttle/build/convergence-recovery-20260920
    builtin-SwiftPerFileCompile MissionRuntimeServiceTests.swift

SwiftCompile normal arm64 /Users/kevinnadjarian/GitHub/Throttle/build/convergence-recovery-20260920/ThrottleTests/ServiceTests/MouseReportFilterWheelTests.swift (in target 'ThrottleTests' from project 'Throttle')
    cd /Users/kevinnadjarian/GitHub/Throttle/build/convergence-recovery-20260920
    builtin-SwiftPerFileCompile MouseReportFilterWheelTests.swift

Copy /Volumes/DeveloperStorage/BuildScratch/throttle-convergence-20260920/DerivedData/Build/Products/Debug/ThrottleTests.swiftmodule/arm64-apple-macos.swiftmodule /Volumes/DeveloperStorage/BuildScratch/throttle-convergence-20260920/DerivedData/Build/Intermediates.noindex/Throttle.build/Debug/ThrottleTests.build/Objects-normal/arm64/ThrottleTests.swiftmodule (in target 'ThrottleTests' from project 'Throttle')
    cd /Users/kevinnadjarian/GitHub/Throttle/build/convergence-recovery-20260920
    builtin-copy -exclude .DS_Store -exclude CVS -exclude .svn -exclude .git -exclude .hg -resolve-src-symlinks -rename /Volumes/DeveloperStorage/BuildScratch/throttle-convergence-20260920/DerivedData/Build/Intermediates.noindex/Throttle.build/Debug/ThrottleTests.build/Objects-normal/arm64/ThrottleTests.swiftmodule /Volumes/DeveloperStorage/BuildScratch/throttle-convergence-20260920/DerivedData/Build/Products/Debug/ThrottleTests.swiftmodule/arm64-apple-macos.swiftmodule

SwiftDriverJobDiscovery normal arm64 Compiling DispatchAdvisorTests.swift, DisplayedNumbersTests.swift, EdgeDeployServiceTests.swift, EmbeddedModelRuntimeTests.swift, ExactModePollPolicyTests.swift, ExactSnapshotTests.swift, GlobalRAGOnboardingWindowControllerTests.swift, GlobalRAGServiceTests.swift, HealthCheckServiceTests.swift, HumanDecisionRecorderTests.swift, LocalDelegationServiceTests.swift, LocalWorkerModelSelectionTests.swift, MenuBarCountdownTests.swift, MigrationsTests.swift, MissionRuntimeServiceTests.swift, MouseReportFilterWheelTests.swift (in target 'ThrottleTests' from project 'Throttle')

Copy /Volumes/DeveloperStorage/BuildScratch/throttle-convergence-20260920/DerivedData/Build/Products/Debug/ThrottleTests.swiftmodule/arm64-apple-macos.swiftdoc /Volumes/DeveloperStorage/BuildScratch/throttle-convergence-20260920/DerivedData/Build/Intermediates.noindex/Throttle.build/Debug/ThrottleTests.build/Objects-normal/arm64/ThrottleTests.swiftdoc (in target 'ThrottleTests' from project 'Throttle')
    cd /Users/kevinnadjarian/GitHub/Throttle/build/convergence-recovery-20260920
    builtin-copy -exclude .DS_Store -exclude CVS -exclude .svn -exclude .git -exclude .hg -resolve-src-symlinks -rename /Volumes/DeveloperStorage/BuildScratch/throttle-convergence-20260920/DerivedData/Build/Intermediates.noindex/Throttle.build/Debug/ThrottleTests.build/Objects-normal/arm64/ThrottleTests.swiftdoc /Volumes/DeveloperStorage/BuildScratch/throttle-convergence-20260920/DerivedData/Build/Products/Debug/ThrottleTests.swiftmodule/arm64-apple-macos.swiftdoc

Copy /Volumes/DeveloperStorage/BuildScratch/throttle-convergence-20260920/DerivedData/Build/Products/Debug/ThrottleTests.swiftmodule/arm64-apple-macos.abi.json /Volumes/DeveloperStorage/BuildScratch/throttle-convergence-20260920/DerivedData/Build/Intermediates.noindex/Throttle.build/Debug/ThrottleTests.build/Objects-normal/arm64/ThrottleTests.abi.json (in target 'ThrottleTests' from project 'Throttle')
    cd /Users/kevinnadjarian/GitHub/Throttle/build/convergence-recovery-20260920
    builtin-copy -exclude .DS_Store -exclude CVS -exclude .svn -exclude .git -exclude .hg -resolve-src-symlinks -rename /Volumes/DeveloperStorage/BuildScratch/throttle-convergence-20260920/DerivedData/Build/Intermediates.noindex/Throttle.build/Debug/ThrottleTests.build/Objects-normal/arm64/ThrottleTests.abi.json /Volumes/DeveloperStorage/BuildScratch/throttle-convergence-20260920/DerivedData/Build/Products/Debug/ThrottleTests.swiftmodule/arm64-apple-macos.abi.json

Copy /Volumes/DeveloperStorage/BuildScratch/throttle-convergence-20260920/DerivedData/Build/Products/Debug/ThrottleTests.swiftmodule/Project/arm64-apple-macos.swiftsourceinfo /Volumes/DeveloperStorage/BuildScratch/throttle-convergence-20260920/DerivedData/Build/Intermediates.noindex/Throttle.build/Debug/ThrottleTests.build/Objects-normal/arm64/ThrottleTests.swiftsourceinfo (in target 'ThrottleTests' from project 'Throttle')
    cd /Users/kevinnadjarian/GitHub/Throttle/build/convergence-recovery-20260920
    builtin-copy -exclude .DS_Store -exclude CVS -exclude .svn -exclude .git -exclude .hg -resolve-src-symlinks -rename /Volumes/DeveloperStorage/BuildScratch/throttle-convergence-20260920/DerivedData/Build/Intermediates.noindex/Throttle.build/Debug/ThrottleTests.build/Objects-normal/arm64/ThrottleTests.swiftsourceinfo /Volumes/DeveloperStorage/BuildScratch/throttle-convergence-20260920/DerivedData/Build/Products/Debug/ThrottleTests.swiftmodule/Project/arm64-apple-macos.swiftsourceinfo

SwiftCompile normal arm64 Compiling\ AIProviderRoutingPolicyTests.swift,\ ActivityFilterTests.swift,\ AppTestHostIsolationTests.swift,\ AssistantProjectToolsTests.swift,\ AttemptHistoryTests.swift,\ AutoRelaunchPolicyTests.swift,\ BashSandboxTests.swift,\ BudgetAdmissionStoreTests.swift,\ CSVExporterTests.swift,\ CacheBreakEvenTests.swift,\ CacheBustAnalyzerTests.swift,\ CalibrationEngineTests.swift,\ ClaudeAPIKeyProtocolTests.swift,\ ClaudeAgentInventoryTests.swift,\ CloudKitPublisherTests.swift,\ CockpitCountdownTests.swift /Users/kevinnadjarian/GitHub/Throttle/build/convergence-recovery-20260920/ThrottleTests/ServiceTests/AIProviderRoutingPolicyTests.swift /Users/kevinnadjarian/GitHub/Throttle/build/convergence-recovery-20260920/ThrottleTests/StateTests/ActivityFilterTests.swift /Users/kevinnadjarian/GitHub/Throttle/build/convergence-recovery-20260920/ThrottleTests/ServiceTests/AppTestHostIsolationTests.swift /Users/kevinnadjarian/GitHub/Throttle/build/convergence-recovery-20260920/ThrottleTests/ServiceTests/AssistantProjectToolsTests.swift /Users/kevinnadjarian/GitHub/Throttle/build/convergence-recovery-20260920/ThrottleTests/ServiceTests/AttemptHistoryTests.swift /Users/kevinnadjarian/GitHub/Throttle/build/convergence-recovery-20260920/ThrottleTests/ServiceTests/AutoRelaunchPolicyTests.swift /Users/kevinnadjarian/GitHub/Throttle/build/convergence-recovery-20260920/ThrottleTests/ServiceTests/BashSandboxTests.swift /Users/kevinnadjarian/GitHub/Throttle/build/convergence-recovery-20260920/ThrottleTests/ServiceTests/BudgetAdmissionStoreTests.swift /Users/kevinnadjarian/GitHub/Throttle/build/convergence-recovery-20260920/ThrottleTests/ServiceTests/CSVExporterTests.swift /Users/kevinnadjarian/GitHub/Throttle/build/convergence-recovery-20260920/ThrottleTests/ServiceTests/CacheBreakEvenTests.swift /Users/kevinnadjarian/GitHub/Throttle/build/convergence-recovery-20260920/ThrottleTests/ServiceTests/CacheBustAnalyzerTests.swift /Users/kevinnadjarian/GitHub/Throttle/build/convergence-recovery-20260920/ThrottleTests/CalibrationTests/CalibrationEngineTests.swift /Users/kevinnadjarian/GitHub/Throttle/build/convergence-recovery-20260920/ThrottleTests/ServiceTests/ClaudeAPIKeyProtocolTests.swift /Users/kevinnadjarian/GitHub/Throttle/build/convergence-recovery-20260920/ThrottleTests/ServiceTests/ClaudeAgentInventoryTests.swift /Users/kevinnadjarian/GitHub/Throttle/build/convergence-recovery-20260920/ThrottleTests/ServiceTests/CloudKitPublisherTests.swift /Users/kevinnadjarian/GitHub/Throttle/build/convergence-recovery-20260920/ThrottleTests/ServiceTests/CockpitCountdownTests.swift (in target 'ThrottleTests' from project 'Throttle')

SwiftCompile normal arm64 /Users/kevinnadjarian/GitHub/Throttle/build/convergence-recovery-20260920/ThrottleTests/ServiceTests/AIProviderRoutingPolicyTests.swift (in target 'ThrottleTests' from project 'Throttle')
    cd /Users/kevinnadjarian/GitHub/Throttle/build/convergence-recovery-20260920
    builtin-SwiftPerFileCompile AIProviderRoutingPolicyTests.swift

SwiftCompile normal arm64 /Users/kevinnadjarian/GitHub/Throttle/build/convergence-recovery-20260920/ThrottleTests/StateTests/ActivityFilterTests.swift (in target 'ThrottleTests' from project 'Throttle')
    cd /Users/kevinnadjarian/GitHub/Throttle/build/convergence-recovery-20260920
    builtin-SwiftPerFileCompile ActivityFilterTests.swift

SwiftCompile normal arm64 /Users/kevinnadjarian/GitHub/Throttle/build/convergence-recovery-20260920/ThrottleTests/ServiceTests/AppTestHostIsolationTests.swift (in target 'ThrottleTests' from project 'Throttle')
    cd /Users/kevinnadjarian/GitHub/Throttle/build/convergence-recovery-20260920
    builtin-SwiftPerFileCompile AppTestHostIsolationTests.swift

SwiftCompile normal arm64 /Users/kevinnadjarian/GitHub/Throttle/build/convergence-recovery-20260920/ThrottleTests/ServiceTests/AssistantProjectToolsTests.swift (in target 'ThrottleTests' from project 'Throttle')
    cd /Users/kevinnadjarian/GitHub/Throttle/build/convergence-recovery-20260920
    builtin-SwiftPerFileCompile AssistantProjectToolsTests.swift

SwiftCompile normal arm64 /Users/kevinnadjarian/GitHub/Throttle/build/convergence-recovery-20260920/ThrottleTests/ServiceTests/AttemptHistoryTests.swift (in target 'ThrottleTests' from project 'Throttle')
    cd /Users/kevinnadjarian/GitHub/Throttle/build/convergence-recovery-20260920
    builtin-SwiftPerFileCompile AttemptHistoryTests.swift

SwiftCompile normal arm64 /Users/kevinnadjarian/GitHub/Throttle/build/convergence-recovery-20260920/ThrottleTests/ServiceTests/AutoRelaunchPolicyTests.swift (in target 'ThrottleTests' from project 'Throttle')
    cd /Users/kevinnadjarian/GitHub/Throttle/build/convergence-recovery-20260920
    builtin-SwiftPerFileCompile AutoRelaunchPolicyTests.swift

SwiftCompile normal arm64 /Users/kevinnadjarian/GitHub/Throttle/build/convergence-recovery-20260920/ThrottleTests/ServiceTests/BashSandboxTests.swift (in target 'ThrottleTests' from project 'Throttle')
    cd /Users/kevinnadjarian/GitHub/Throttle/build/convergence-recovery-20260920
    builtin-SwiftPerFileCompile BashSandboxTests.swift

SwiftCompile normal arm64 /Users/kevinnadjarian/GitHub/Throttle/build/convergence-recovery-20260920/ThrottleTests/ServiceTests/BudgetAdmissionStoreTests.swift (in target 'ThrottleTests' from project 'Throttle')
    cd /Users/kevinnadjarian/GitHub/Throttle/build/convergence-recovery-20260920
    builtin-SwiftPerFileCompile BudgetAdmissionStoreTests.swift

SwiftCompile normal arm64 /Users/kevinnadjarian/GitHub/Throttle/build/convergence-recovery-20260920/ThrottleTests/ServiceTests/CSVExporterTests.swift (in target 'ThrottleTests' from project 'Throttle')
    cd /Users/kevinnadjarian/GitHub/Throttle/build/convergence-recovery-20260920
    builtin-SwiftPerFileCompile CSVExporterTests.swift

SwiftCompile normal arm64 /Users/kevinnadjarian/GitHub/Throttle/build/convergence-recovery-20260920/ThrottleTests/ServiceTests/CacheBreakEvenTests.swift (in target 'ThrottleTests' from project 'Throttle')
    cd /Users/kevinnadjarian/GitHub/Throttle/build/convergence-recovery-20260920
    builtin-SwiftPerFileCompile CacheBreakEvenTests.swift

SwiftCompile normal arm64 /Users/kevinnadjarian/GitHub/Throttle/build/convergence-recovery-20260920/ThrottleTests/ServiceTests/CacheBustAnalyzerTests.swift (in target 'ThrottleTests' from project 'Throttle')
    cd /Users/kevinnadjarian/GitHub/Throttle/build/convergence-recovery-20260920
    builtin-SwiftPerFileCompile CacheBustAnalyzerTests.swift

SwiftCompile normal arm64 /Users/kevinnadjarian/GitHub/Throttle/build/convergence-recovery-20260920/ThrottleTests/CalibrationTests/CalibrationEngineTests.swift (in target 'ThrottleTests' from project 'Throttle')
    cd /Users/kevinnadjarian/GitHub/Throttle/build/convergence-recovery-20260920
    builtin-SwiftPerFileCompile CalibrationEngineTests.swift

SwiftCompile normal arm64 /Users/kevinnadjarian/GitHub/Throttle/build/convergence-recovery-20260920/ThrottleTests/ServiceTests/ClaudeAPIKeyProtocolTests.swift (in target 'ThrottleTests' from project 'Throttle')
    cd /Users/kevinnadjarian/GitHub/Throttle/build/convergence-recovery-20260920
    builtin-SwiftPerFileCompile ClaudeAPIKeyProtocolTests.swift

SwiftCompile normal arm64 /Users/kevinnadjarian/GitHub/Throttle/build/convergence-recovery-20260920/ThrottleTests/ServiceTests/ClaudeAgentInventoryTests.swift (in target 'ThrottleTests' from project 'Throttle')
    cd /Users/kevinnadjarian/GitHub/Throttle/build/convergence-recovery-20260920
    builtin-SwiftPerFileCompile ClaudeAgentInventoryTests.swift

SwiftCompile normal arm64 /Users/kevinnadjarian/GitHub/Throttle/build/convergence-recovery-20260920/ThrottleTests/ServiceTests/CloudKitPublisherTests.swift (in target 'ThrottleTests' from project 'Throttle')
    cd /Users/kevinnadjarian/GitHub/Throttle/build/convergence-recovery-20260920
    builtin-SwiftPerFileCompile CloudKitPublisherTests.swift

SwiftCompile normal arm64 /Users/kevinnadjarian/GitHub/Throttle/build/convergence-recovery-20260920/ThrottleTests/ServiceTests/CockpitCountdownTests.swift (in target 'ThrottleTests' from project 'Throttle')
    cd /Users/kevinnadjarian/GitHub/Throttle/build/convergence-recovery-20260920
    builtin-SwiftPerFileCompile CockpitCountdownTests.swift

SwiftDriverJobDiscovery normal arm64 Compiling NativeSessionBindingTests.swift, NotebookLMGatewayProcessTests.swift, NotebookLMImportJobTests.swift, OKFStoreTests.swift, OllamaEmbeddingProviderTests.swift, OptimizerHonestyTests.swift, OutboundPolicyTests.swift, OwnedProcessTerminationTests.swift, PauseReasonTests.swift, PeerControlAdmissionTests.swift, PeerTerminalBoundaryTests.swift, PlanFlowTests.swift, PlanIntegrationCardTests.swift, PlanIntegrationFlowTests.swift, PlanIntegrationViewTests.swift (in target 'ThrottleTests' from project 'Throttle')

SwiftCompile normal arm64 Compiling\ TaskWorktreeServiceTests.swift,\ TestOutcomeDetectorTests.swift,\ TestOutcomeStoreTests.swift,\ ThrottleWaitingSnapshotTests.swift,\ TokenEstimateTests.swift,\ TokoptBenchmarkTests.swift,\ TokoptHookTests.swift,\ TranscriptMemoryInstallerTests.swift,\ TraycerDecoderTests.swift,\ TraycerStoreTests.swift,\ UsageExtractorTests.swift,\ VectorStoreTests.swift,\ VerifyConsentTests.swift,\ WarningDetectorTests.swift,\ WindowCalculatorTests.swift /Users/kevinnadjarian/GitHub/Throttle/build/convergence-recovery-20260920/ThrottleTests/ServiceTests/TaskWorktreeServiceTests.swift /Users/kevinnadjarian/GitHub/Throttle/build/convergence-recovery-20260920/ThrottleTests/ServiceTests/TestOutcomeDetectorTests.swift /Users/kevinnadjarian/GitHub/Throttle/build/convergence-recovery-20260920/ThrottleTests/ServiceTests/TestOutcomeStoreTests.swift /Users/kevinnadjarian/GitHub/Throttle/build/convergence-recovery-20260920/ThrottleTests/ServiceTests/ThrottleWaitingSnapshotTests.swift /Users/kevinnadjarian/GitHub/Throttle/build/convergence-recovery-20260920/ThrottleTests/ServiceTests/TokenEstimateTests.swift /Users/kevinnadjarian/GitHub/Throttle/build/convergence-recovery-20260920/ThrottleTests/ServiceTests/TokoptBenchmarkTests.swift /Users/kevinnadjarian/GitHub/Throttle/build/convergence-recovery-20260920/ThrottleTests/ServiceTests/TokoptHookTests.swift /Users/kevinnadjarian/GitHub/Throttle/build/convergence-recovery-20260920/ThrottleTests/ServiceTests/TranscriptMemoryInstallerTests.swift /Users/kevinnadjarian/GitHub/Throttle/build/convergence-recovery-20260920/ThrottleTests/ServiceTests/TraycerDecoderTests.swift /Users/kevinnadjarian/GitHub/Throttle/build/convergence-recovery-20260920/ThrottleTests/ServiceTests/TraycerStoreTests.swift /Users/kevinnadjarian/GitHub/Throttle/build/convergence-recovery-20260920/ThrottleTests/ParserTests/UsageExtractorTests.swift /Users/kevinnadjarian/GitHub/Throttle/build/convergence-recovery-20260920/ThrottleTests/ServiceTests/VectorStoreTests.swift /Users/kevinnadjarian/GitHub/Throttle/build/convergence-recovery-20260920/ThrottleTests/ServiceTests/VerifyConsentTests.swift /Users/kevinnadjarian/GitHub/Throttle/build/convergence-recovery-20260920/ThrottleTests/ParserTests/WarningDetectorTests.swift /Users/kevinnadjarian/GitHub/Throttle/build/convergence-recovery-20260920/ThrottleTests/CalibrationTests/WindowCalculatorTests.swift (in target 'ThrottleTests' from project 'Throttle')

SwiftCompile normal arm64 /Users/kevinnadjarian/GitHub/Throttle/build/convergence-recovery-20260920/ThrottleTests/ServiceTests/TaskWorktreeServiceTests.swift (in target 'ThrottleTests' from project 'Throttle')
    cd /Users/kevinnadjarian/GitHub/Throttle/build/convergence-recovery-20260920
    builtin-SwiftPerFileCompile TaskWorktreeServiceTests.swift

SwiftCompile normal arm64 /Users/kevinnadjarian/GitHub/Throttle/build/convergence-recovery-20260920/ThrottleTests/ServiceTests/TestOutcomeDetectorTests.swift (in target 'ThrottleTests' from project 'Throttle')
    cd /Users/kevinnadjarian/GitHub/Throttle/build/convergence-recovery-20260920
    builtin-SwiftPerFileCompile TestOutcomeDetectorTests.swift

SwiftCompile normal arm64 /Users/kevinnadjarian/GitHub/Throttle/build/convergence-recovery-20260920/ThrottleTests/ServiceTests/TestOutcomeStoreTests.swift (in target 'ThrottleTests' from project 'Throttle')
    cd /Users/kevinnadjarian/GitHub/Throttle/build/convergence-recovery-20260920
    builtin-SwiftPerFileCompile TestOutcomeStoreTests.swift

SwiftCompile normal arm64 /Users/kevinnadjarian/GitHub/Throttle/build/convergence-recovery-20260920/ThrottleTests/ServiceTests/ThrottleWaitingSnapshotTests.swift (in target 'ThrottleTests' from project 'Throttle')
    cd /Users/kevinnadjarian/GitHub/Throttle/build/convergence-recovery-20260920
    builtin-SwiftPerFileCompile ThrottleWaitingSnapshotTests.swift

SwiftCompile normal arm64 /Users/kevinnadjarian/GitHub/Throttle/build/convergence-recovery-20260920/ThrottleTests/ServiceTests/TokenEstimateTests.swift (in target 'ThrottleTests' from project 'Throttle')
    cd /Users/kevinnadjarian/GitHub/Throttle/build/convergence-recovery-20260920
    builtin-SwiftPerFileCompile TokenEstimateTests.swift

SwiftCompile normal arm64 /Users/kevinnadjarian/GitHub/Throttle/build/convergence-recovery-20260920/ThrottleTests/ServiceTests/TokoptBenchmarkTests.swift (in target 'ThrottleTests' from project 'Throttle')
    cd /Users/kevinnadjarian/GitHub/Throttle/build/convergence-recovery-20260920
    builtin-SwiftPerFileCompile TokoptBenchmarkTests.swift

SwiftCompile normal arm64 /Users/kevinnadjarian/GitHub/Throttle/build/convergence-recovery-20260920/ThrottleTests/ServiceTests/TokoptHookTests.swift (in target 'ThrottleTests' from project 'Throttle')
    cd /Users/kevinnadjarian/GitHub/Throttle/build/convergence-recovery-20260920
    builtin-SwiftPerFileCompile TokoptHookTests.swift

SwiftCompile normal arm64 /Users/kevinnadjarian/GitHub/Throttle/build/convergence-recovery-20260920/ThrottleTests/ServiceTests/TranscriptMemoryInstallerTests.swift (in target 'ThrottleTests' from project 'Throttle')
    cd /Users/kevinnadjarian/GitHub/Throttle/build/convergence-recovery-20260920
    builtin-SwiftPerFileCompile TranscriptMemoryInstallerTests.swift

SwiftCompile normal arm64 /Users/kevinnadjarian/GitHub/Throttle/build/convergence-recovery-20260920/ThrottleTests/ServiceTests/TraycerDecoderTests.swift (in target 'ThrottleTests' from project 'Throttle')
    cd /Users/kevinnadjarian/GitHub/Throttle/build/convergence-recovery-20260920
    builtin-SwiftPerFileCompile TraycerDecoderTests.swift

SwiftCompile normal arm64 /Users/kevinnadjarian/GitHub/Throttle/build/convergence-recovery-20260920/ThrottleTests/ServiceTests/TraycerStoreTests.swift (in target 'ThrottleTests' from project 'Throttle')
    cd /Users/kevinnadjarian/GitHub/Throttle/build/convergence-recovery-20260920
    builtin-SwiftPerFileCompile TraycerStoreTests.swift

SwiftCompile normal arm64 /Users/kevinnadjarian/GitHub/Throttle/build/convergence-recovery-20260920/ThrottleTests/ParserTests/UsageExtractorTests.swift (in target 'ThrottleTests' from project 'Throttle')
    cd /Users/kevinnadjarian/GitHub/Throttle/build/convergence-recovery-20260920
    builtin-SwiftPerFileCompile UsageExtractorTests.swift

SwiftCompile normal arm64 /Users/kevinnadjarian/GitHub/Throttle/build/convergence-recovery-20260920/ThrottleTests/ServiceTests/VectorStoreTests.swift (in target 'ThrottleTests' from project 'Throttle')
    cd /Users/kevinnadjarian/GitHub/Throttle/build/convergence-recovery-20260920
    builtin-SwiftPerFileCompile VectorStoreTests.swift

SwiftCompile normal arm64 /Users/kevinnadjarian/GitHub/Throttle/build/convergence-recovery-20260920/ThrottleTests/ServiceTests/VerifyConsentTests.swift (in target 'ThrottleTests' from project 'Throttle')
    cd /Users/kevinnadjarian/GitHub/Throttle/build/convergence-recovery-20260920
    builtin-SwiftPerFileCompile VerifyConsentTests.swift

SwiftCompile normal arm64 /Users/kevinnadjarian/GitHub/Throttle/build/convergence-recovery-20260920/ThrottleTests/ParserTests/WarningDetectorTests.swift (in target 'ThrottleTests' from project 'Throttle')
    cd /Users/kevinnadjarian/GitHub/Throttle/build/convergence-recovery-20260920
    builtin-SwiftPerFileCompile WarningDetectorTests.swift

SwiftCompile normal arm64 /Users/kevinnadjarian/GitHub/Throttle/build/convergence-recovery-20260920/ThrottleTests/CalibrationTests/WindowCalculatorTests.swift (in target 'ThrottleTests' from project 'Throttle')
    cd /Users/kevinnadjarian/GitHub/Throttle/build/convergence-recovery-20260920
    builtin-SwiftPerFileCompile WindowCalculatorTests.swift

SwiftCompile normal arm64 Compiling\ PlanMCPAuthorityLifecycleTests.swift,\ PlanMCPAuthorityTests.swift,\ PlanMCPIntakeAuthorityTests.swift,\ PlanMCPMissionFenceTests.swift,\ PlanMCPRetryTests.swift,\ PlanMCPSchemaContractTests.swift,\ PlanMCPTaskRouterTests.swift,\ PlanMCPToolsTests.swift,\ PlanOrientationTests.swift,\ PlanProjectionIntegrationEventsTests.swift,\ PlanProjectionTests.swift,\ PlanStoreCrashTests.swift,\ PlanStoreTests.swift,\ ProductSignalsTests.swift,\ ProjectAssistantViewTests.swift /Users/kevinnadjarian/GitHub/Throttle/build/convergence-recovery-20260920/ThrottleTests/ServiceTests/PlanMCPAuthorityLifecycleTests.swift /Users/kevinnadjarian/GitHub/Throttle/build/convergence-recovery-20260920/ThrottleTests/ServiceTests/PlanMCPAuthorityTests.swift /Users/kevinnadjarian/GitHub/Throttle/build/convergence-recovery-20260920/ThrottleTests/ServiceTests/PlanMCPIntakeAuthorityTests.swift /Users/kevinnadjarian/GitHub/Throttle/build/convergence-recovery-20260920/ThrottleTests/ServiceTests/PlanMCPMissionFenceTests.swift /Users/kevinnadjarian/GitHub/Throttle/build/convergence-recovery-20260920/ThrottleTests/ServiceTests/PlanMCPRetryTests.swift /Users/kevinnadjarian/GitHub/Throttle/build/convergence-recovery-20260920/ThrottleTests/ServiceTests/PlanMCPSchemaContractTests.swift /Users/kevinnadjarian/GitHub/Throttle/build/convergence-recovery-20260920/ThrottleTests/ServiceTests/PlanMCPTaskRouterTests.swift /Users/kevinnadjarian/GitHub/Throttle/build/convergence-recovery-20260920/ThrottleTests/ServiceTests/PlanMCPToolsTests.swift /Users/kevinnadjarian/GitHub/Throttle/build/convergence-recovery-20260920/ThrottleTests/ServiceTests/PlanOrientationTests.swift /Users/kevinnadjarian/GitHub/Throttle/build/convergence-recovery-20260920/ThrottleTests/ServiceTests/PlanProjectionIntegrationEventsTests.swift /Users/kevinnadjarian/GitHub/Throttle/build/convergence-recovery-20260920/ThrottleTests/ServiceTests/PlanProjectionTests.swift /Users/kevinnadjarian/GitHub/Throttle/build/convergence-recovery-20260920/ThrottleTests/ServiceTests/PlanStoreCrashTests.swift /Users/kevinnadjarian/GitHub/Throttle/build/convergence-recovery-20260920/ThrottleTests/ServiceTests/PlanStoreTests.swift /Users/kevinnadjarian/GitHub/Throttle/build/convergence-recovery-20260920/ThrottleTests/ServiceTests/ProductSignalsTests.swift /Users/kevinnadjarian/GitHub/Throttle/build/convergence-recovery-20260920/ThrottleTests/ServiceTests/ProjectAssistantViewTests.swift (in target 'ThrottleTests' from project 'Throttle')
/Users/kevinnadjarian/GitHub/Throttle/build/convergence-recovery-20260920/ThrottleTests/ServiceTests/ProjectAssistantViewTests.swift:125:48: error: implicit use of 'self' in closure; use 'self.' to make capture semantics explicit
123 |     private func textView(in view: NSView) -> NSTextView? {
124 |         if let editor = view as? NSTextView { return editor }
125 |         return view.subviews.lazy.compactMap { textView(in: $0) }.first
    |                                                `- error: implicit use of 'self' in closure; use 'self.' to make capture semantics explicit
126 |     }
127 | 

/Users/kevinnadjarian/GitHub/Throttle/build/convergence-recovery-20260920/ThrottleTests/ServiceTests/ProjectAssistantViewTests.swift:144:32: error: implicit use of 'self' in closure; use 'self.' to make capture semantics explicit
142 |         if value("accessibilityIdentifier", on: node) as? String == identifier { return node }
143 |         return (value("accessibilityChildren", on: node) as? [Any] ?? [])
144 |             .lazy.compactMap { element(identifier, in: $0, depth: depth + 1) }.first
    |                                `- error: implicit use of 'self' in closure; use 'self.' to make capture semantics explicit
145 |     }
146 | 
Failed frontend command:
/Applications/Xcode.app/Contents/Developer/Toolchains/XcodeDefault.xctoolchain/usr/bin/swift-frontend -frontend -c -filelist /Volumes/DeveloperStorage/BuildScratch/throttle-convergence-20260920/DerivedData/Build/Intermediates.noindex/Throttle.build/Debug/ThrottleTests.build/Objects-normal/arm64/sources-1 -primary-file /Users/kevinnadjarian/GitHub/Throttle/build/convergence-recovery-20260920/ThrottleTests/ServiceTests/PlanMCPAuthorityLifecycleTests.swift -primary-file /Users/kevinnadjarian/GitHub/Throttle/build/convergence-recovery-20260920/ThrottleTests/ServiceTests/PlanMCPAuthorityTests.swift -primary-file /Users/kevinnadjarian/GitHub/Throttle/build/convergence-recovery-20260920/ThrottleTests/ServiceTests/PlanMCPIntakeAuthorityTests.swift -primary-file /Users/kevinnadjarian/GitHub/Throttle/build/convergence-recovery-20260920/ThrottleTests/ServiceTests/PlanMCPMissionFenceTests.swift -primary-file /Users/kevinnadjarian/GitHub/Throttle/build/convergence-recovery-20260920/ThrottleTests/ServiceTests/PlanMCPRetryTests.swift -primary-file /Users/kevinnadjarian/GitHub/Throttle/build/convergence-recovery-20260920/ThrottleTests/ServiceTests/PlanMCPSchemaContractTests.swift -primary-file /Users/kevinnadjarian/GitHub/Throttle/build/convergence-recovery-20260920/ThrottleTests/ServiceTests/PlanMCPTaskRouterTests.swift -primary-file /Users/kevinnadjarian/GitHub/Throttle/build/convergence-recovery-20260920/ThrottleTests/ServiceTests/PlanMCPToolsTests.swift -primary-file /Users/kevinnadjarian/GitHub/Throttle/build/convergence-recovery-20260920/ThrottleTests/ServiceTests/PlanOrientationTests.swift -primary-file /Users/kevinnadjarian/GitHub/Throttle/build/convergence-recovery-20260920/ThrottleTests/ServiceTests/PlanProjectionIntegrationEventsTests.swift -primary-file /Users/kevinnadjarian/GitHub/Throttle/build/convergence-recovery-20260920/ThrottleTests/ServiceTests/PlanProjectionTests.swift -primary-file /Users/kevinnadjarian/GitHub/Throttle/build/convergence-recovery-20260920/ThrottleTests/ServiceTests/PlanStoreCrashTests.swift -primary-file /Users/kevinnadjarian/GitHub/Throttle/build/convergence-recovery-20260920/ThrottleTests/ServiceTests/PlanStoreTests.swift -primary-file /Users/kevinnadjarian/GitHub/Throttle/build/convergence-recovery-20260920/ThrottleTests/ServiceTests/ProductSignalsTests.swift -primary-file /Users/kevinnadjarian/GitHub/Throttle/build/convergence-recovery-20260920/ThrottleTests/ServiceTests/ProjectAssistantViewTests.swift -supplementary-output-file-map /Volumes/DeveloperStorage/BuildScratch/throttle-convergence-20260920/DerivedData/Build/Intermediates.noindex/Throttle.build/Debug/ThrottleTests.build/Objects-normal/arm64/supplementaryOutputs-5 -target arm64-apple-macos14.0 -module-can-import-version FoundationModels 2.0.68.1 0 -disable-cross-import-overlay-search -swift-module-cross-import Darwin /Applications/Xcode.app/Contents/Developer/Platforms/MacOSX.platform/Developer/SDKs/MacOSX.sdk/usr/include/Darwin.swiftcrossimport/xlocale.swiftoverlay -swift-module-cross-import Testing /Applications/Xcode.app/Contents/Developer/Platforms/MacOSX.platform/Developer/Library/Frameworks/Testing.framework/Modules/Testing.swiftcrossimport/AppKit.swiftoverlay -swift-module-cross-import Testing /Applications/Xcode.app/Contents/Developer/Platforms/MacOSX.platform/Developer/Library/Frameworks/Testing.framework/Modules/Testing.swiftcrossimport/CoreGraphics.swiftoverlay -swift-module-cross-import Testing /Applications/Xcode.app/Contents/Developer/Platforms/MacOSX.platform/Developer/Library/Frameworks/Testing.framework/Modules/Testing.swiftcrossimport/CoreImage.swiftoverlay -swift-module-cross-import Testing /Applications/Xcode.app/Contents/Developer/Platforms/MacOSX.platform/Developer/Library/Frameworks/Testing.framework/Modules/Testing.swiftcrossimport/CoreTransferable.swiftoverlay -swift-module-cross-import Testing /Applications/Xcode.app/Contents/Developer/Platforms/MacOSX.platform/Developer/Library/Frameworks/Testing.framework/Modules/Testing.swiftcrossimport/Foundation.swiftoverlay -load-resolved-plugin /Applications/Xcode.app/Contents/Developer/Platforms/MacOSX.platform/Developer/usr/lib/swift/host/plugins/libAppIntentsMacros.dylib\#/Applications/Xcode.app/Contents/Developer/Platforms/MacOSX.platform/Developer/usr/bin/swift-plugin-server\#AppIntentsMacros -load-resolved-plugin /Applications/Xcode.app/Contents/Developer/Platforms/MacOSX.platform/Developer/usr/lib/swift/host/plugins/libFoundationMacros.dylib\#/Applications/Xcode.app/Contents/Developer/Platforms/MacOSX.platform/Developer/usr/bin/swift-plugin-server\#FoundationMacros -load-resolved-plugin /Applications/Xcode.app/Contents/Developer/Platforms/MacOSX.platform/Developer/usr/lib/swift/host/plugins/libFoundationModelsMacros.dylib\#/Applications/Xcode.app/Contents/Developer/Platforms/MacOSX.platform/Developer/usr/bin/swift-plugin-server\#FoundationModelsMacros -load-resolved-plugin \#/Volumes/DeveloperStorage/BuildScratch/throttle-convergence-20260920/DerivedData/Build/Products/Debug/MLXHuggingFaceMacros\#MLXHuggingFaceMacros -load-resolved-plugin /Applications/Xcode.app/Contents/Developer/Platforms/MacOSX.platform/Developer/usr/lib/swift/host/plugins/libObservationMacros.dylib\#/Applications/Xcode.app/Contents/Developer/Platforms/MacOSX.platform/Developer/usr/bin/swift-plugin-server\#ObservationMacros -load-resolved-plugin /Applications/Xcode.app/Contents/Developer/Platforms/MacOSX.platform/Developer/usr/lib/swift/host/plugins/libPreviewsMacros.dylib\#/Applications/Xcode.app/Contents/Developer/Platforms/MacOSX.platform/Developer/usr/bin/swift-plugin-server\#PreviewsMacros -load-resolved-plugin /Applications/Xcode.app/Contents/Developer/Platforms/MacOSX.platform/Developer/usr/lib/swift/host/plugins/libStateReportingMacros.dylib\#/Applications/Xcode.app/Contents/Developer/Platforms/MacOSX.platform/Developer/usr/bin/swift-plugin-server\#StateReportingMacros -load-resolved-plugin /Applications/Xcode.app/Contents/Developer/Platforms/MacOSX.platform/Developer/usr/lib/swift/host/plugins/libSwiftMacros.dylib\#/Applications/Xcode.app/Contents/Developer/Platforms/MacOSX.platform/Developer/usr/bin/swift-plugin-server\#SwiftMacros -load-resolved-plugin /Applications/Xcode.app/Contents/Developer/Platforms/MacOSX.platform/Developer/usr/lib/swift/host/plugins/libSwiftUIMacros.dylib\#/Applications/Xcode.app/Contents/Developer/Platforms/MacOSX.platform/Developer/usr/bin/swift-plugin-server\#SwiftUIMacros -load-resolved-plugin /Applications/Xcode.app/Contents/Developer/Toolchains/XcodeDefault.xctoolchain/usr/lib/swift/host/plugins/testing/libTestingMacros.dylib\#\#TestingMacros -load-resolved-plugin /Applications/Xcode.app/Contents/Developer/Platforms/MacOSX.platform/Developer/usr/lib/swift/host/plugins/libTipKitMacros.dylib\#/Applications/Xcode.app/Contents/Developer/Platforms/MacOSX.platform/Developer/usr/bin/swift-plugin-server\#TipKitMacros -disable-implicit-swift-modules -Xcc -fno-implicit-modules -Xcc -fno-implicit-module-maps -explicit-swift-module-map-file /Volumes/DeveloperStorage/BuildScratch/throttle-convergence-20260920/DerivedData/Build/Intermediates.noindex/Throttle.build/Debug/ThrottleTests.build/Objects-normal/arm64/ThrottleTests-dependencies-1.json -Xllvm -aarch64-use-tbi -enable-objc-interop -stack-check -sdk /Applications/Xcode.app/Contents/Developer/Platforms/MacOSX.platform/Developer/SDKs/MacOSX27.0.sdk -I /Volumes/DeveloperStorage/BuildScratch/throttle-convergence-20260920/DerivedData/Build/Products/Debug -Isystem /Applications/Xcode.app/Contents/Developer/Platforms/MacOSX.platform/Developer/usr/lib -F /Volumes/DeveloperStorage/BuildScratch/throttle-convergence-20260920/DerivedData/Build/Products/Debug/PackageFrameworks -F /Volumes/DeveloperStorage/BuildScratch/throttle-convergence-20260920/DerivedData/Build/Products/Debug -F /Applications/Xcode.app/Contents/Developer/Platforms/MacOSX.platform/Developer/Library/Frameworks -module-cache-path /Volumes/DeveloperStorage/BuildScratch/throttle-convergence-20260920/DerivedData/Build/Intermediates.noindex/SwiftExplicitPrecompiledModules -no-color-diagnostics -Xcc -fno-color-diagnostics -enable-testing -g -debug-info-format\=dwarf -dwarf-version\=4 -profile-generate -profile-coverage-mapping -warnings-as-errors -warnings-as-errors -swift-version 6 -Onone -D DEBUG -serialize-debugging-options -load-plugin-executable /Volumes/DeveloperStorage/BuildScratch/throttle-convergence-20260920/DerivedData/Build/Products/Debug/MLXHuggingFaceMacros\#MLXHuggingFaceMacros -enable-experimental-feature DebugDescriptionMacro -empty-abi-descriptor -validate-clang-modules-once -clang-build-session-file /Volumes/DeveloperStorage/BuildScratch/throttle-convergence-20260920/DerivedData/ModuleCache.noindex/Session.modulevalidation -Xcc -working-directory -Xcc /Users/kevinnadjarian/GitHub/Throttle/build/convergence-recovery-20260920 -enable-anonymous-context-mangled-names -file-compilation-dir /Users/kevinnadjarian/GitHub/Throttle/build/convergence-recovery-20260920 -Xcc -fmodule-map-file\=/Volumes/DeveloperStorage/BuildScratch/throttle-convergence-20260920/SourcePackages/checkouts/GRDB.swift/Sources/CSQLite/module.modulemap -Xcc -fmodule-map-file\=/Volumes/DeveloperStorage/BuildScratch/throttle-convergence-20260920/SourcePackages/checkouts/swift-numerics/Sources/_NumericsShims/include/module.modulemap -Xcc -fmodule-map-file\=/Volumes/DeveloperStorage/BuildScratch/throttle-convergence-20260920/SourcePackages/checkouts/mlx-swift/Source/Cmlx/include/module.modulemap -Xcc -fmodule-map-file\=/Volumes/DeveloperStorage/BuildScratch/throttle-convergence-20260920/SourcePackages/checkouts/swift-atomics/Sources/_AtomicsShims/include/module.modulemap -Xcc -fmodule-map-file\=/Volumes/DeveloperStorage/BuildScratch/throttle-convergence-20260920/DerivedData/Build/Intermediates.noindex/GeneratedModuleMaps/CNIOWASI.modulemap -Xcc -fmodule-map-file\=/Volumes/DeveloperStorage/BuildScratch/throttle-convergence-20260920/SourcePackages/checkouts/swift-nio/Sources/CNIOWindows/include/module.modulemap -Xcc -fmodule-map-file\=/Volumes/DeveloperStorage/BuildScratch/throttle-convergence-20260920/DerivedData/Build/Intermediates.noindex/GeneratedModuleMaps/CNIOLinux.modulemap -Xcc -fmodule-map-file\=/Volumes/DeveloperStorage/BuildScratch/throttle-convergence-20260920/DerivedData/Build/Intermediates.noindex/GeneratedModuleMaps/CNIODarwin.modulemap -Xcc -fmodule-map-file\=/Volumes/DeveloperStorage/BuildScratch/throttle-convergence-20260920/DerivedData/Build/Intermediates.noindex/GeneratedModuleMaps/CNIOFreeBSD.modulemap -Xcc -fmodule-map-file\=/Volumes/DeveloperStorage/BuildScratch/throttle-convergence-20260920/DerivedData/Build/Intermediates.noindex/GeneratedModuleMaps/CNIOOpenBSD.modulemap -Xcc -fmodule-map-file\=/Volumes/DeveloperStorage/BuildScratch/throttle-convergence-20260920/DerivedData/Build/Intermediates.noindex/GeneratedModuleMaps/CNIOAtomics.modulemap -Xcc -fmodule-map-file\=/Volumes/DeveloperStorage/BuildScratch/throttle-convergence-20260920/DerivedData/Build/Intermediates.noindex/GeneratedModuleMaps/yyjson.modulemap -Xcc -D_LIBCPP_HARDENING_MODE\=_LIBCPP_HARDENING_MODE_DEBUG -Xcc -ivfsstatcache -Xcc /Volumes/DeveloperStorage/BuildScratch/throttle-convergence-20260920/DerivedData/SDKStatCaches.noindex/macosx27.0-26A425-e829b21a6f8c9b70876ba0858053c0447231f6df4def33e022ae2eb8f782df1a.sdkstatcache -Xcc -fmodules-prune-interval\=86400 -Xcc -fmodules-prune-after\=345600 -Xcc -iquote -Xcc /Volumes/DeveloperStorage/BuildScratch/throttle-convergence-20260920/DerivedData/Build/Intermediates.noindex/Throttle.build/Debug/ThrottleTests.build/ThrottleTests-generated-files.hmap -Xcc -I/Volumes/DeveloperStorage/BuildScratch/throttle-convergence-20260920/DerivedData/Build/Intermediates.noindex/Throttle.build/Debug/ThrottleTests.build/ThrottleTests-own-target-headers.hmap -Xcc -I/Volumes/DeveloperStorage/BuildScratch/throttle-convergence-20260920/DerivedData/Build/Intermediates.noindex/Throttle.build/Debug/ThrottleTests.build/ThrottleTests-all-non-framework-target-headers.hmap -Xcc -ivfsoverlay -Xcc /Volumes/DeveloperStorage/BuildScratch/throttle-convergence-20260920/DerivedData/Build/Intermediates.noindex/Throttle.build/Debug/Throttle-c41c58a016fc9f4310c5f27451fa5182-VFS/all-product-headers.yaml -Xcc -iquote -Xcc /Volumes/DeveloperStorage/BuildScratch/throttle-convergence-20260920/DerivedData/Build/Intermediates.noindex/Throttle.build/Debug/ThrottleTests.build/ThrottleTests-project-headers.hmap -Xcc -I/Volumes/DeveloperStorage/BuildScratch/throttle-convergence-20260920/SourcePackages/checkouts/swift-numerics/Sources/_NumericsShims/include -Xcc -I/Volumes/DeveloperStorage/BuildScratch/throttle-convergence-20260920/SourcePackages/checkouts/mlx-swift/Source/Cmlx/include -Xcc -I/Volumes/DeveloperStorage/BuildScratch/throttle-convergence-20260920/SourcePackages/checkouts/swift-atomics/Sources/_AtomicsShims/include -Xcc -I/Volumes/DeveloperStorage/BuildScratch/throttle-convergence-20260920/SourcePackages/checkouts/swift-nio/Sources/CNIOWASI/include -Xcc -I/Volumes/DeveloperStorage/BuildScratch/throttle-convergence-20260920/SourcePackages/checkouts/swift-nio/Sources/CNIOWindows/include -Xcc -I/Volumes/DeveloperStorage/BuildScratch/throttle-convergence-20260920/SourcePackages/checkouts/swift-nio/Sources/CNIOLinux/include -Xcc -I/Volumes/DeveloperStorage/BuildScratch/throttle-convergence-20260920/SourcePackages/checkouts/swift-nio/Sources/CNIODarwin/include -Xcc -I/Volumes/DeveloperStorage/BuildScratch/throttle-convergence-20260920/SourcePackages/checkouts/swift-nio/Sources/CNIOFreeBSD/include -Xcc -I/Volumes/DeveloperStorage/BuildScratch/throttle-convergence-20260920/SourcePackages/checkouts/swift-nio/Sources/CNIOOpenBSD/include -Xcc -I/Volumes/DeveloperStorage/BuildScratch/throttle-convergence-20260920/SourcePackages/checkouts/swift-nio/Sources/CNIOAtomics/include -Xcc -I/Volumes/DeveloperStorage/BuildScratch/throttle-convergence-20260920/SourcePackages/checkouts/yyjson/src -Xcc -I/Volumes/DeveloperStorage/BuildScratch/throttle-convergence-20260920/DerivedData/Build/Products/Debug/include -Xcc -I/Volumes/DeveloperStorage/BuildScratch/throttle-convergence-20260920/DerivedData/Build/Intermediates.noindex/Throttle.build/Debug/ThrottleTests.build/DerivedSources-normal/arm64 -Xcc -I/Volumes/DeveloperStorage/BuildScratch/throttle-convergence-20260920/DerivedData/Build/Intermediates.noindex/Throttle.build/Debug/ThrottleTests.build/DerivedSources/arm64 -Xcc -I/Volumes/DeveloperStorage/BuildScratch/throttle-convergence-20260920/DerivedData/Build/Intermediates.noindex/Throttle.build/Debug/ThrottleTests.build/DerivedSources -Xcc -DDEBUG\=1 -no-auto-bridging-header-chaining -module-name ThrottleTests -const-gather-protocols-file /Volumes/DeveloperStorage/BuildScratch/throttle-convergence-20260920/DerivedData/Build/Intermediates.noindex/Throttle.build/Debug/ThrottleTests.build/Objects-normal/arm64/ThrottleTests_const_extract_protocols.json -disable-clang-spi -clang-target arm64-apple-macos27.0 -target-sdk-version 27.0 -target-sdk-name macosx27.0 -in-process-plugin-server-path /Applications/Xcode.app/Contents/Developer/Toolchains/XcodeDefault.xctoolchain/usr/lib/swift/host/libSwiftInProcPluginServer.dylib -o /Volumes/DeveloperStorage/BuildScratch/throttle-convergence-20260920/DerivedData/Build/Intermediates.noindex/Throttle.build/Debug/ThrottleTests.build/Objects-normal/arm64/PlanMCPAuthorityLifecycleTests.o -o /Volumes/DeveloperStorage/BuildScratch/throttle-convergence-20260920/DerivedData/Build/Intermediates.noindex/Throttle.build/Debug/ThrottleTests.build/Objects-normal/arm64/PlanMCPAuthorityTests.o -o /Volumes/DeveloperStorage/BuildScratch/throttle-convergence-20260920/DerivedData/Build/Intermediates.noindex/Throttle.build/Debug/ThrottleTests.build/Objects-normal/arm64/PlanMCPIntakeAuthorityTests.o -o /Volumes/DeveloperStorage/BuildScratch/throttle-convergence-20260920/DerivedData/Build/Intermediates.noindex/Throttle.build/Debug/ThrottleTests.build/Objects-normal/arm64/PlanMCPMissionFenceTests.o -o /Volumes/DeveloperStorage/BuildScratch/throttle-convergence-20260920/DerivedData/Build/Intermediates.noindex/Throttle.build/Debug/ThrottleTests.build/Objects-normal/arm64/PlanMCPRetryTests.o -o /Volumes/DeveloperStorage/BuildScratch/throttle-convergence-20260920/DerivedData/Build/Intermediates.noindex/Throttle.build/Debug/ThrottleTests.build/Objects-normal/arm64/PlanMCPSchemaContractTests.o -o /Volumes/DeveloperStorage/BuildScratch/throttle-convergence-20260920/DerivedData/Build/Intermediates.noindex/Throttle.build/Debug/ThrottleTests.build/Objects-normal/arm64/PlanMCPTaskRouterTests.o -o /Volumes/DeveloperStorage/BuildScratch/throttle-convergence-20260920/DerivedData/Build/Intermediates.noindex/Throttle.build/Debug/ThrottleTests.build/Objects-normal/arm64/PlanMCPToolsTests.o -o /Volumes/DeveloperStorage/BuildScratch/throttle-convergence-20260920/DerivedData/Build/Intermediates.noindex/Throttle.build/Debug/ThrottleTests.build/Objects-normal/arm64/PlanOrientationTests.o -o /Volumes/DeveloperStorage/BuildScratch/throttle-convergence-20260920/DerivedData/Build/Intermediates.noindex/Throttle.build/Debug/ThrottleTests.build/Objects-normal/arm64/PlanProjectionIntegrationEventsTests.o -o /Volumes/DeveloperStorage/BuildScratch/throttle-convergence-20260920/DerivedData/Build/Intermediates.noindex/Throttle.build/Debug/ThrottleTests.build/Objects-normal/arm64/PlanProjectionTests.o -o /Volumes/DeveloperStorage/BuildScratch/throttle-convergence-20260920/DerivedData/Build/Intermediates.noindex/Throttle.build/Debug/ThrottleTests.build/Objects-normal/arm64/PlanStoreCrashTests.o -o /Volumes/DeveloperStorage/BuildScratch/throttle-convergence-20260920/DerivedData/Build/Intermediates.noindex/Throttle.build/Debug/ThrottleTests.build/Objects-normal/arm64/PlanStoreTests.o -o /Volumes/DeveloperStorage/BuildScratch/throttle-convergence-20260920/DerivedData/Build/Intermediates.noindex/Throttle.build/Debug/ThrottleTests.build/Objects-normal/arm64/ProductSignalsTests.o -o /Volumes/DeveloperStorage/BuildScratch/throttle-convergence-20260920/DerivedData/Build/Intermediates.noindex/Throttle.build/Debug/ThrottleTests.build/Objects-normal/arm64/ProjectAssistantViewTests.o -debug-module-path /Volumes/DeveloperStorage/BuildScratch/throttle-convergence-20260920/DerivedData/Build/Intermediates.noindex/Throttle.build/Debug/ThrottleTests.build/Objects-normal/arm64/ThrottleTests.swiftmodule -index-unit-output-path /Throttle.build/Debug/ThrottleTests.build/Objects-normal/arm64/PlanMCPAuthorityLifecycleTests.o -index-unit-output-path /Throttle.build/Debug/ThrottleTests.build/Objects-normal/arm64/PlanMCPAuthorityTests.o -index-unit-output-path /Throttle.build/Debug/ThrottleTests.build/Objects-normal/arm64/PlanMCPIntakeAuthorityTests.o -index-unit-output-path /Throttle.build/Debug/ThrottleTests.build/Objects-normal/arm64/PlanMCPMissionFenceTests.o -index-unit-output-path /Throttle.build/Debug/ThrottleTests.build/Objects-normal/arm64/PlanMCPRetryTests.o -index-unit-output-path /Throttle.build/Debug/ThrottleTests.build/Objects-normal/arm64/PlanMCPSchemaContractTests.o -index-unit-output-path /Throttle.build/Debug/ThrottleTests.build/Objects-normal/arm64/PlanMCPTaskRouterTests.o -index-unit-output-path /Throttle.build/Debug/ThrottleTests.build/Objects-normal/arm64/PlanMCPToolsTests.o -index-unit-output-path /Throttle.build/Debug/ThrottleTests.build/Objects-normal/arm64/PlanOrientationTests.o -index-unit-output-path /Throttle.build/Debug/ThrottleTests.build/Objects-normal/arm64/PlanProjectionIntegrationEventsTests.o -index-unit-output-path /Throttle.build/Debug/ThrottleTests.build/Objects-normal/arm64/PlanProjectionTests.o -index-unit-output-path /Throttle.build/Debug/ThrottleTests.build/Objects-normal/arm64/PlanStoreCrashTests.o -index-unit-output-path /Throttle.build/Debug/ThrottleTests.build/Objects-normal/arm64/PlanStoreTests.o -index-unit-output-path /Throttle.build/Debug/ThrottleTests.build/Objects-normal/arm64/ProductSignalsTests.o -index-unit-output-path /Throttle.build/Debug/ThrottleTests.build/Objects-normal/arm64/ProjectAssistantViewTests.o -index-store-path /Volumes/DeveloperStorage/BuildScratch/throttle-convergence-20260920/DerivedData/Index.noindex/DataStore -index-system-modules

SwiftCompile normal arm64 /Users/kevinnadjarian/GitHub/Throttle/build/convergence-recovery-20260920/ThrottleTests/ServiceTests/PlanMCPAuthorityLifecycleTests.swift (in target 'ThrottleTests' from project 'Throttle')
    cd /Users/kevinnadjarian/GitHub/Throttle/build/convergence-recovery-20260920
    builtin-SwiftPerFileCompile PlanMCPAuthorityLifecycleTests.swift

SwiftCompile normal arm64 /Users/kevinnadjarian/GitHub/Throttle/build/convergence-recovery-20260920/ThrottleTests/ServiceTests/PlanMCPAuthorityTests.swift (in target 'ThrottleTests' from project 'Throttle')
    cd /Users/kevinnadjarian/GitHub/Throttle/build/convergence-recovery-20260920
    builtin-SwiftPerFileCompile PlanMCPAuthorityTests.swift

SwiftCompile normal arm64 /Users/kevinnadjarian/GitHub/Throttle/build/convergence-recovery-20260920/ThrottleTests/ServiceTests/PlanMCPIntakeAuthorityTests.swift (in target 'ThrottleTests' from project 'Throttle')
    cd /Users/kevinnadjarian/GitHub/Throttle/build/convergence-recovery-20260920
    builtin-SwiftPerFileCompile PlanMCPIntakeAuthorityTests.swift

SwiftCompile normal arm64 /Users/kevinnadjarian/GitHub/Throttle/build/convergence-recovery-20260920/ThrottleTests/ServiceTests/PlanMCPMissionFenceTests.swift (in target 'ThrottleTests' from project 'Throttle')
    cd /Users/kevinnadjarian/GitHub/Throttle/build/convergence-recovery-20260920
    builtin-SwiftPerFileCompile PlanMCPMissionFenceTests.swift

SwiftCompile normal arm64 /Users/kevinnadjarian/GitHub/Throttle/build/convergence-recovery-20260920/ThrottleTests/ServiceTests/PlanMCPRetryTests.swift (in target 'ThrottleTests' from project 'Throttle')
    cd /Users/kevinnadjarian/GitHub/Throttle/build/convergence-recovery-20260920
    builtin-SwiftPerFileCompile PlanMCPRetryTests.swift

SwiftCompile normal arm64 /Users/kevinnadjarian/GitHub/Throttle/build/convergence-recovery-20260920/ThrottleTests/ServiceTests/PlanMCPSchemaContractTests.swift (in target 'ThrottleTests' from project 'Throttle')
    cd /Users/kevinnadjarian/GitHub/Throttle/build/convergence-recovery-20260920
    builtin-SwiftPerFileCompile PlanMCPSchemaContractTests.swift

SwiftCompile normal arm64 /Users/kevinnadjarian/GitHub/Throttle/build/convergence-recovery-20260920/ThrottleTests/ServiceTests/PlanMCPTaskRouterTests.swift (in target 'ThrottleTests' from project 'Throttle')
    cd /Users/kevinnadjarian/GitHub/Throttle/build/convergence-recovery-20260920
    builtin-SwiftPerFileCompile PlanMCPTaskRouterTests.swift

SwiftCompile normal arm64 /Users/kevinnadjarian/GitHub/Throttle/build/convergence-recovery-20260920/ThrottleTests/ServiceTests/PlanMCPToolsTests.swift (in target 'ThrottleTests' from project 'Throttle')
    cd /Users/kevinnadjarian/GitHub/Throttle/build/convergence-recovery-20260920
    builtin-SwiftPerFileCompile PlanMCPToolsTests.swift

SwiftCompile normal arm64 /Users/kevinnadjarian/GitHub/Throttle/build/convergence-recovery-20260920/ThrottleTests/ServiceTests/PlanOrientationTests.swift (in target 'ThrottleTests' from project 'Throttle')
    cd /Users/kevinnadjarian/GitHub/Throttle/build/convergence-recovery-20260920
    builtin-SwiftPerFileCompile PlanOrientationTests.swift

SwiftCompile normal arm64 /Users/kevinnadjarian/GitHub/Throttle/build/convergence-recovery-20260920/ThrottleTests/ServiceTests/PlanProjectionIntegrationEventsTests.swift (in target 'ThrottleTests' from project 'Throttle')
    cd /Users/kevinnadjarian/GitHub/Throttle/build/convergence-recovery-20260920
    builtin-SwiftPerFileCompile PlanProjectionIntegrationEventsTests.swift

SwiftCompile normal arm64 /Users/kevinnadjarian/GitHub/Throttle/build/convergence-recovery-20260920/ThrottleTests/ServiceTests/PlanProjectionTests.swift (in target 'ThrottleTests' from project 'Throttle')
    cd /Users/kevinnadjarian/GitHub/Throttle/build/convergence-recovery-20260920
    builtin-SwiftPerFileCompile PlanProjectionTests.swift

SwiftCompile normal arm64 /Users/kevinnadjarian/GitHub/Throttle/build/convergence-recovery-20260920/ThrottleTests/ServiceTests/PlanStoreCrashTests.swift (in target 'ThrottleTests' from project 'Throttle')
    cd /Users/kevinnadjarian/GitHub/Throttle/build/convergence-recovery-20260920
    builtin-SwiftPerFileCompile PlanStoreCrashTests.swift

SwiftCompile normal arm64 /Users/kevinnadjarian/GitHub/Throttle/build/convergence-recovery-20260920/ThrottleTests/ServiceTests/PlanStoreTests.swift (in target 'ThrottleTests' from project 'Throttle')
    cd /Users/kevinnadjarian/GitHub/Throttle/build/convergence-recovery-20260920
    builtin-SwiftPerFileCompile PlanStoreTests.swift

SwiftCompile normal arm64 /Users/kevinnadjarian/GitHub/Throttle/build/convergence-recovery-20260920/ThrottleTests/ServiceTests/ProductSignalsTests.swift (in target 'ThrottleTests' from project 'Throttle')
    cd /Users/kevinnadjarian/GitHub/Throttle/build/convergence-recovery-20260920
    builtin-SwiftPerFileCompile ProductSignalsTests.swift

SwiftCompile normal arm64 /Users/kevinnadjarian/GitHub/Throttle/build/convergence-recovery-20260920/ThrottleTests/ServiceTests/ProjectAssistantViewTests.swift (in target 'ThrottleTests' from project 'Throttle')
    cd /Users/kevinnadjarian/GitHub/Throttle/build/convergence-recovery-20260920
    builtin-SwiftPerFileCompile ProjectAssistantViewTests.swift

SwiftDriverJobDiscovery normal arm64 Compiling AIProviderRoutingPolicyTests.swift, ActivityFilterTests.swift, AppTestHostIsolationTests.swift, AssistantProjectToolsTests.swift, AttemptHistoryTests.swift, AutoRelaunchPolicyTests.swift, BashSandboxTests.swift, BudgetAdmissionStoreTests.swift, CSVExporterTests.swift, CacheBreakEvenTests.swift, CacheBustAnalyzerTests.swift, CalibrationEngineTests.swift, ClaudeAPIKeyProtocolTests.swift, ClaudeAgentInventoryTests.swift, CloudKitPublisherTests.swift, CockpitCountdownTests.swift (in target 'ThrottleTests' from project 'Throttle')

PruneExplicitPrecompiledModules /Volumes/DeveloperStorage/BuildScratch/throttle-convergence-20260920/DerivedData/Build/Intermediates.noindex/SwiftExplicitPrecompiledModules

PruneExplicitPrecompiledModules /Volumes/DeveloperStorage/BuildScratch/throttle-convergence-20260920/DerivedData/Build/Intermediates.noindex/ExplicitPrecompiledModules

PruneExplicitPrecompiledModules /Volumes/DeveloperStorage/BuildScratch/throttle-convergence-20260920/DerivedData/SDKExplicitPrecompiledModules

** TEST BUILD FAILED **


The following build commands failed:
	SwiftCompile normal arm64 Compiling\ PlanMCPAuthorityLifecycleTests.swift,\ PlanMCPAuthorityTests.swift,\ PlanMCPIntakeAuthorityTests.swift,\ PlanMCPMissionFenceTests.swift,\ PlanMCPRetryTests.swift,\ PlanMCPSchemaContractTests.swift,\ PlanMCPTaskRouterTests.swift,\ PlanMCPToolsTests.swift,\ PlanOrientationTests.swift,\ PlanProjectionIntegrationEventsTests.swift,\ PlanProjectionTests.swift,\ PlanStoreCrashTests.swift,\ PlanStoreTests.swift,\ ProductSignalsTests.swift,\ ProjectAssistantViewTests.swift /Users/kevinnadjarian/GitHub/Throttle/build/convergence-recovery-20260920/ThrottleTests/ServiceTests/PlanMCPAuthorityLifecycleTests.swift /Users/kevinnadjarian/GitHub/Throttle/build/convergence-recovery-20260920/ThrottleTests/ServiceTests/PlanMCPAuthorityTests.swift /Users/kevinnadjarian/GitHub/Throttle/build/convergence-recovery-20260920/ThrottleTests/ServiceTests/PlanMCPIntakeAuthorityTests.swift /Users/kevinnadjarian/GitHub/Throttle/build/convergence-recovery-20260920/ThrottleTests/ServiceTests/PlanMCPMissionFenceTests.swift /Users/kevinnadjarian/GitHub/Throttle/build/convergence-recovery-20260920/ThrottleTests/ServiceTests/PlanMCPRetryTests.swift /Users/kevinnadjarian/GitHub/Throttle/build/convergence-recovery-20260920/ThrottleTests/ServiceTests/PlanMCPSchemaContractTests.swift /Users/kevinnadjarian/GitHub/Throttle/build/convergence-recovery-20260920/ThrottleTests/ServiceTests/PlanMCPTaskRouterTests.swift /Users/kevinnadjarian/GitHub/Throttle/build/convergence-recovery-20260920/ThrottleTests/ServiceTests/PlanMCPToolsTests.swift /Users/kevinnadjarian/GitHub/Throttle/build/convergence-recovery-20260920/ThrottleTests/ServiceTests/PlanOrientationTests.swift /Users/kevinnadjarian/GitHub/Throttle/build/convergence-recovery-20260920/ThrottleTests/ServiceTests/PlanProjectionIntegrationEventsTests.swift /Users/kevinnadjarian/GitHub/Throttle/build/convergence-recovery-20260920/ThrottleTests/ServiceTests/PlanProjectionTests.swift /Users/kevinnadjarian/GitHub/Throttle/build/convergence-recovery-20260920/ThrottleTests/ServiceTests/PlanStoreCrashTests.swift /Users/kevinnadjarian/GitHub/Throttle/build/convergence-recovery-20260920/ThrottleTests/ServiceTests/PlanStoreTests.swift /Users/kevinnadjarian/GitHub/Throttle/build/convergence-recovery-20260920/ThrottleTests/ServiceTests/ProductSignalsTests.swift /Users/kevinnadjarian/GitHub/Throttle/build/convergence-recovery-20260920/ThrottleTests/ServiceTests/ProjectAssistantViewTests.swift (in target 'ThrottleTests' from project 'Throttle')
	SwiftCompile normal arm64 /Users/kevinnadjarian/GitHub/Throttle/build/convergence-recovery-20260920/ThrottleTests/ServiceTests/ProjectAssistantViewTests.swift (in target 'ThrottleTests' from project 'Throttle')
	Building project Throttle for testing with scheme Throttle
(3 failures)
