Command line invocation:
    /Applications/Xcode.app/Contents/Developer/usr/bin/xcodebuild build-for-testing -project Throttle.xcodeproj -scheme Throttle -configuration Debug -destination generic/platform=macOS -derivedDataPath /Volumes/DeveloperStorage/BuildScratch/throttle-convergence-20260920/DerivedData -clonedSourcePackagesDirPath /Volumes/DeveloperStorage/BuildScratch/throttle-convergence-20260920/SourcePackages -disableAutomaticPackageResolution -onlyUsePackageVersionsFromResolvedFile -skipPackageUpdates -jobs 2 CODE_SIGNING_ALLOWED=NO ONLY_ACTIVE_ARCH=YES ARCHS=arm64 -skipPackagePluginValidation -skipMacroValidation

Build settings from command line:
    ARCHS = arm64
    CODE_SIGNING_ALLOWED = NO
    ONLY_ACTIVE_ARCH = YES

Resolve Package Graph


Resolved source packages:
  swift-syntax: https://github.com/swiftlang/swift-syntax.git @ 600.0.1
  swift-nio: https://github.com/apple/swift-nio.git @ 2.101.3
  GRDB: https://github.com/groue/GRDB.swift @ 6.29.3
  mlx-swift: https://github.com/ml-explore/mlx-swift @ 0.31.6
  swift-collections: https://github.com/apple/swift-collections.git @ 1.6.0
  ResearchVaultKit: /Users/kevinnadjarian/GitHub/Throttle/build/convergence-recovery-20260920/Packages/ResearchVaultKit
  swift-atomics: https://github.com/apple/swift-atomics.git @ 1.3.1
  mlx-swift-lm: https://github.com/ml-explore/mlx-swift-lm @ 3.31.3
  swift-crypto: https://github.com/apple/swift-crypto.git @ 4.5.1
  ThrottlePeerProtocol: /Users/kevinnadjarian/GitHub/Throttle/build/convergence-recovery-20260920/Packages/ThrottlePeerProtocol @ local
  SwiftTerm: https://github.com/migueldeicaza/SwiftTerm @ 1.14.0
  ThrottleMirrorContract: /Users/kevinnadjarian/GitHub/Throttle/build/convergence-recovery-20260920/Packages/ThrottleMirrorContract @ local
  ThrottleShared: /Users/kevinnadjarian/GitHub/Throttle/build/convergence-recovery-20260920/ThrottleShared
  swift-transformers: https://github.com/huggingface/swift-transformers @ 1.3.0
  swift-asn1: https://github.com/apple/swift-asn1.git @ 1.7.1
  swift-huggingface: https://github.com/huggingface/swift-huggingface @ 0.9.0
  swift-numerics: https://github.com/apple/swift-numerics @ 1.1.1
  swift-argument-parser: https://github.com/apple/swift-argument-parser @ 1.8.2
  EventSource: https://github.com/mattt/EventSource.git @ 1.4.2
  SQLCipher: https://github.com/sqlcipher/SQLCipher.swift.git @ 4.18.0
  swift-system: https://github.com/apple/swift-system.git @ 1.8.1
  yyjson: https://github.com/ibireme/yyjson.git @ 0.12.0
  Jinja: https://github.com/huggingface/swift-jinja.git @ 2.4.2
  ThrottleVaultContract: /Users/kevinnadjarian/GitHub/Throttle/build/convergence-recovery-20260920/Packages/ThrottleVaultContract @ local
  ThrottleMCPContracts: /Users/kevinnadjarian/GitHub/Throttle/build/convergence-recovery-20260920/Packages/ThrottleMCPContracts
  Sparkle: https://github.com/sparkle-project/Sparkle @ 2.9.6
  ThrottleVaultClient: /Users/kevinnadjarian/GitHub/Throttle/build/convergence-recovery-20260920/Packages/ThrottleVaultClient @ local

Build Preparation
Build task concurrency set to 2 via user default IDEBuildOperationMaxNumberOfConcurrentCompileTasks

ComputePackagePrebuildTargetDependencyGraph

Prepare packages

Compile plug-in “CudaBuild” in package “mlx-swift”
[debug]: Compiling plugin to executable at /Volumes/DeveloperStorage/BuildScratch/throttle-convergence-20260920/DerivedData/Build/Products/PluginExecutables/CudaBuild
[debug]: Using compiler /Applications/Xcode.app/Contents/Developer/Toolchains/XcodeDefault.xctoolchain/usr/bin/swiftc
[debug]: Plugin compilation output directory '/Volumes/DeveloperStorage/BuildScratch/throttle-convergence-20260920/DerivedData/Build/Products/PluginExecutables'
[debug]: Computed hash of plugin compilation inputs: 02067c51225864deaee5d872781553401422fdd2d1d4ee88010f525f6f671c94


Apply build tool plug-in “CudaBuild” to target “Cmlx” in package “mlx-swift”
CUDA Build Plugin
CUDA is disabled

Process build tool plug-in results
package: <IDESwiftPackageCore.IDESwiftPackageDependency:0x7944318f00 path:'/Volumes/DeveloperStorage/BuildScratch/throttle-convergence-20260920/SourcePackages/checkouts/mlx-swift'>
    target: Cmlx
        prebuildCommandOutputPaths: []
        buildCommands: []
        allDerivedOutputPaths: []

CreateBuildRequest

SendProjectDescription

CreateBuildOperation

ComputeTargetDependencyGraph
note: Building targets in dependency order
note: Target dependency graph (123 targets)
    Target 'ThrottleTests' in project 'Throttle'
        ➜ Explicit dependency on target 'Throttle' in project 'Throttle'
        ➜ Explicit dependency on target 'ThrottleMCPContracts-product' in project 'ThrottleMCPContracts'
        ➜ Explicit dependency on target 'GRDB-product' in project 'GRDB'
    Target 'Throttle' in project 'Throttle'
        ➜ Explicit dependency on target 'ThrottleWidget' in project 'Throttle'
        ➜ Explicit dependency on target 'ResearchVaultAgent' in project 'Throttle'
        ➜ Explicit dependency on target 'GRDB-product' in project 'GRDB'
        ➜ Explicit dependency on target 'ThrottleMCPContracts-product' in project 'ThrottleMCPContracts'
        ➜ Explicit dependency on target 'Sparkle-product' in project 'Sparkle'
        ➜ Explicit dependency on target 'SwiftTerm-product' in project 'SwiftTerm'
        ➜ Explicit dependency on target 'MLXLLM-product' in project 'mlx-swift-lm'
        ➜ Explicit dependency on target 'MLXLMCommon-product' in project 'mlx-swift-lm'
        ➜ Explicit dependency on target 'MLXHuggingFace-product' in project 'mlx-swift-lm'
        ➜ Explicit dependency on target 'HuggingFace-product' in project 'swift-huggingface'
        ➜ Explicit dependency on target 'Tokenizers-product' in project 'swift-transformers'
        ➜ Explicit dependency on target 'ThrottleShared-product' in project 'ThrottleShared'
        ➜ Explicit dependency on target 'ThrottlePeer-product' in project 'ThrottleShared'
        ➜ Explicit dependency on target 'ResearchVaultIPCModel-product' in project 'ResearchVaultKit'
        ➜ Explicit dependency on target 'ResearchVaultXPCClient-product' in project 'ResearchVaultKit'
        ➜ Explicit dependency on target 'ResearchVaultSynthesis-product' in project 'ResearchVaultKit'
        ➜ Explicit dependency on target 'ResearchVaultIngestion-product' in project 'ResearchVaultKit'
        ➜ Explicit dependency on target 'ResearchVaultReasoning-product' in project 'ResearchVaultKit'
    Target 'ResearchVaultReasoning-product' in project 'ResearchVaultKit'
        ➜ Explicit dependency on target 'ResearchVaultReasoning' in project 'ResearchVaultKit'
        ➜ Explicit dependency on target 'ResearchVaultModel' in project 'ResearchVaultKit'
        ➜ Explicit dependency on target 'ThrottleVaultContract-product' in project 'ThrottleVaultContract'
    Target 'ResearchVaultIngestion-product' in project 'ResearchVaultKit'
        ➜ Explicit dependency on target 'ResearchVaultIngestion' in project 'ResearchVaultKit'
        ➜ Explicit dependency on target 'ResearchVaultModel' in project 'ResearchVaultKit'
        ➜ Explicit dependency on target 'ResearchVaultIPCModel' in project 'ResearchVaultKit'
        ➜ Explicit dependency on target 'ThrottleVaultContract-product' in project 'ThrottleVaultContract'
    Target 'ResearchVaultSynthesis-product' in project 'ResearchVaultKit'
        ➜ Explicit dependency on target 'ResearchVaultSynthesis' in project 'ResearchVaultKit'
        ➜ Explicit dependency on target 'ResearchVaultModel' in project 'ResearchVaultKit'
        ➜ Explicit dependency on target 'ResearchVaultIPCModel' in project 'ResearchVaultKit'
        ➜ Explicit dependency on target 'ThrottleVaultContract-product' in project 'ThrottleVaultContract'
    Target 'ResearchVaultSynthesis' in project 'ResearchVaultKit'
        ➜ Explicit dependency on target 'ResearchVaultModel' in project 'ResearchVaultKit'
        ➜ Explicit dependency on target 'ResearchVaultIPCModel' in project 'ResearchVaultKit'
        ➜ Explicit dependency on target 'ThrottleVaultContract-product' in project 'ThrottleVaultContract'
    Target 'ResearchVaultXPCClient-product' in project 'ResearchVaultKit'
        ➜ Explicit dependency on target 'ResearchVaultXPCClient' in project 'ResearchVaultKit'
        ➜ Explicit dependency on target 'ResearchVaultModel' in project 'ResearchVaultKit'
        ➜ Explicit dependency on target 'ResearchVaultIPCModel' in project 'ResearchVaultKit'
        ➜ Explicit dependency on target 'ThrottleVaultContract-product' in project 'ThrottleVaultContract'
        ➜ Explicit dependency on target 'ThrottleVaultClient-product' in project 'ThrottleVaultClient'
    Target 'ResearchVaultIPCModel-product' in project 'ResearchVaultKit'
        ➜ Explicit dependency on target 'ResearchVaultIPCModel' in project 'ResearchVaultKit'
        ➜ Explicit dependency on target 'ResearchVaultModel' in project 'ResearchVaultKit'
        ➜ Explicit dependency on target 'ThrottleVaultContract-product' in project 'ThrottleVaultContract'
    Target 'ThrottlePeer-product' in project 'ThrottleShared'
        ➜ Explicit dependency on target 'ThrottlePeer' in project 'ThrottleShared'
        ➜ Explicit dependency on target 'ThrottleShared' in project 'ThrottleShared'
        ➜ Explicit dependency on target 'ThrottleMirrorContract-product' in project 'ThrottleMirrorContract'
        ➜ Explicit dependency on target 'ThrottlePeerProtocol-product' in project 'ThrottlePeerProtocol'
    Target 'ThrottlePeer' in project 'ThrottleShared'
        ➜ Explicit dependency on target 'ThrottleShared' in project 'ThrottleShared'
        ➜ Explicit dependency on target 'ThrottleMirrorContract-product' in project 'ThrottleMirrorContract'
        ➜ Explicit dependency on target 'ThrottlePeerProtocol-product' in project 'ThrottlePeerProtocol'
    Target 'ThrottlePeerProtocol-product' in project 'ThrottlePeerProtocol'
        ➜ Explicit dependency on target 'ThrottlePeerProtocol' in project 'ThrottlePeerProtocol'
    Target 'ThrottlePeerProtocol' in project 'ThrottlePeerProtocol' (no dependencies)
    Target 'ThrottleShared-product' in project 'ThrottleShared'
        ➜ Explicit dependency on target 'ThrottleShared' in project 'ThrottleShared'
        ➜ Explicit dependency on target 'ThrottleMirrorContract-product' in project 'ThrottleMirrorContract'
    Target 'ThrottleShared' in project 'ThrottleShared'
        ➜ Explicit dependency on target 'ThrottleMirrorContract-product' in project 'ThrottleMirrorContract'
    Target 'ThrottleMirrorContract-product' in project 'ThrottleMirrorContract'
        ➜ Explicit dependency on target 'ThrottleMirrorContract' in project 'ThrottleMirrorContract'
    Target 'ThrottleMirrorContract' in project 'ThrottleMirrorContract' (no dependencies)
    Target 'Tokenizers-product' in project 'swift-transformers'
        ➜ Explicit dependency on target 'Tokenizers' in project 'swift-transformers'
        ➜ Explicit dependency on target 'Hub' in project 'swift-transformers'
        ➜ Explicit dependency on target 'Jinja-product' in project 'Jinja'
        ➜ Explicit dependency on target 'HuggingFace-product' in project 'swift-huggingface'
        ➜ Explicit dependency on target 'OrderedCollections-product' in project 'swift-collections'
        ➜ Explicit dependency on target 'Crypto-product' in project 'swift-crypto'
        ➜ Explicit dependency on target 'yyjson-product' in project 'yyjson'
    Target 'Tokenizers' in project 'swift-transformers'
        ➜ Explicit dependency on target 'Hub' in project 'swift-transformers'
        ➜ Explicit dependency on target 'Jinja-product' in project 'Jinja'
        ➜ Explicit dependency on target 'HuggingFace-product' in project 'swift-huggingface'
        ➜ Explicit dependency on target 'OrderedCollections-product' in project 'swift-collections'
        ➜ Explicit dependency on target 'Crypto-product' in project 'swift-crypto'
        ➜ Explicit dependency on target 'yyjson-product' in project 'yyjson'
    Target 'Hub' in project 'swift-transformers'
        ➜ Explicit dependency on target 'swift-transformers_Hub' in project 'swift-transformers'
        ➜ Explicit dependency on target 'Jinja-product' in project 'Jinja'
        ➜ Explicit dependency on target 'HuggingFace-product' in project 'swift-huggingface'
        ➜ Explicit dependency on target 'OrderedCollections-product' in project 'swift-collections'
        ➜ Explicit dependency on target 'Crypto-product' in project 'swift-crypto'
        ➜ Explicit dependency on target 'yyjson-product' in project 'yyjson'
    Target 'yyjson-product' in project 'yyjson'
        ➜ Explicit dependency on target 'yyjson' in project 'yyjson'
    Target 'yyjson' in project 'yyjson' (no dependencies)
    Target 'Jinja-product' in project 'Jinja'
        ➜ Explicit dependency on target 'Jinja' in project 'Jinja'
        ➜ Explicit dependency on target 'OrderedCollections-product' in project 'swift-collections'
    Target 'Jinja' in project 'Jinja'
        ➜ Explicit dependency on target 'OrderedCollections-product' in project 'swift-collections'
    Target 'OrderedCollections-product' in project 'swift-collections'
        ➜ Explicit dependency on target 'OrderedCollections' in project 'swift-collections'
        ➜ Explicit dependency on target 'InternalCollectionsUtilities' in project 'swift-collections'
    Target 'OrderedCollections' in project 'swift-collections'
        ➜ Explicit dependency on target 'InternalCollectionsUtilities' in project 'swift-collections'
    Target 'swift-transformers_Hub' in project 'swift-transformers' (no dependencies)
    Target 'HuggingFace-product' in project 'swift-huggingface'
        ➜ Explicit dependency on target 'HuggingFace' in project 'swift-huggingface'
        ➜ Explicit dependency on target 'EventSource-product' in project 'EventSource'
        ➜ Explicit dependency on target 'Crypto-product' in project 'swift-crypto'
    Target 'HuggingFace' in project 'swift-huggingface'
        ➜ Explicit dependency on target 'EventSource-product' in project 'EventSource'
        ➜ Explicit dependency on target 'Crypto-product' in project 'swift-crypto'
    Target 'Crypto-product' in project 'swift-crypto'
        ➜ Explicit dependency on target 'Crypto' in project 'swift-crypto'
        ➜ Explicit dependency on target 'swift-crypto_Crypto' in project 'swift-crypto'
    Target 'Crypto' in project 'swift-crypto'
        ➜ Explicit dependency on target 'swift-crypto_Crypto' in project 'swift-crypto'
    Target 'swift-crypto_Crypto' in project 'swift-crypto' (no dependencies)
    Target 'EventSource-product' in project 'EventSource'
        ➜ Explicit dependency on target 'EventSource' in project 'EventSource'
        ➜ Explicit dependency on target 'NIOCore-product' in project 'swift-nio'
    Target 'EventSource' in project 'EventSource'
        ➜ Explicit dependency on target 'NIOCore-product' in project 'swift-nio'
    Target 'NIOCore-product' in project 'swift-nio'
        ➜ Explicit dependency on target 'NIOCore' in project 'swift-nio'
        ➜ Explicit dependency on target 'CNIOAtomics' in project 'swift-nio'
        ➜ Explicit dependency on target 'NIOConcurrencyHelpers' in project 'swift-nio'
        ➜ Explicit dependency on target '_NIOBase64' in project 'swift-nio'
        ➜ Explicit dependency on target 'CNIOOpenBSD' in project 'swift-nio'
        ➜ Explicit dependency on target 'CNIOFreeBSD' in project 'swift-nio'
        ➜ Explicit dependency on target 'CNIODarwin' in project 'swift-nio'
        ➜ Explicit dependency on target 'CNIOLinux' in project 'swift-nio'
        ➜ Explicit dependency on target 'CNIOWindows' in project 'swift-nio'
        ➜ Explicit dependency on target 'CNIOWASI' in project 'swift-nio'
        ➜ Explicit dependency on target '_NIODataStructures' in project 'swift-nio'
        ➜ Explicit dependency on target 'DequeModule-product' in project 'swift-collections'
        ➜ Explicit dependency on target 'Atomics-product' in project 'swift-atomics'
    Target 'NIOCore' in project 'swift-nio'
        ➜ Explicit dependency on target 'CNIOAtomics' in project 'swift-nio'
        ➜ Explicit dependency on target 'NIOConcurrencyHelpers' in project 'swift-nio'
        ➜ Explicit dependency on target '_NIOBase64' in project 'swift-nio'
        ➜ Explicit dependency on target 'CNIOOpenBSD' in project 'swift-nio'
        ➜ Explicit dependency on target 'CNIOFreeBSD' in project 'swift-nio'
        ➜ Explicit dependency on target 'CNIODarwin' in project 'swift-nio'
        ➜ Explicit dependency on target 'CNIOLinux' in project 'swift-nio'
        ➜ Explicit dependency on target 'CNIOWindows' in project 'swift-nio'
        ➜ Explicit dependency on target 'CNIOWASI' in project 'swift-nio'
        ➜ Explicit dependency on target '_NIODataStructures' in project 'swift-nio'
        ➜ Explicit dependency on target 'DequeModule-product' in project 'swift-collections'
        ➜ Explicit dependency on target 'Atomics-product' in project 'swift-atomics'
    Target 'Atomics-product' in project 'swift-atomics'
        ➜ Explicit dependency on target 'Atomics' in project 'swift-atomics'
        ➜ Explicit dependency on target '_AtomicsShims' in project 'swift-atomics'
    Target 'Atomics' in project 'swift-atomics'
        ➜ Explicit dependency on target '_AtomicsShims' in project 'swift-atomics'
    Target '_AtomicsShims' in project 'swift-atomics' (no dependencies)
    Target 'DequeModule-product' in project 'swift-collections'
        ➜ Explicit dependency on target 'DequeModule' in project 'swift-collections'
        ➜ Explicit dependency on target 'InternalCollectionsUtilities' in project 'swift-collections'
        ➜ Explicit dependency on target 'ContainersPreview' in project 'swift-collections'
    Target 'DequeModule' in project 'swift-collections'
        ➜ Explicit dependency on target 'InternalCollectionsUtilities' in project 'swift-collections'
        ➜ Explicit dependency on target 'ContainersPreview' in project 'swift-collections'
    Target 'ContainersPreview' in project 'swift-collections'
        ➜ Explicit dependency on target 'InternalCollectionsUtilities' in project 'swift-collections'
    Target 'InternalCollectionsUtilities' in project 'swift-collections' (no dependencies)
    Target '_NIODataStructures' in project 'swift-nio' (no dependencies)
    Target 'CNIOWASI' in project 'swift-nio' (no dependencies)
    Target 'CNIOWindows' in project 'swift-nio' (no dependencies)
    Target 'CNIOLinux' in project 'swift-nio' (no dependencies)
    Target 'CNIODarwin' in project 'swift-nio' (no dependencies)
    Target 'CNIOFreeBSD' in project 'swift-nio' (no dependencies)
    Target 'CNIOOpenBSD' in project 'swift-nio' (no dependencies)
    Target '_NIOBase64' in project 'swift-nio' (no dependencies)
    Target 'NIOConcurrencyHelpers' in project 'swift-nio'
        ➜ Explicit dependency on target 'CNIOAtomics' in project 'swift-nio'
    Target 'CNIOAtomics' in project 'swift-nio' (no dependencies)
    Target 'MLXHuggingFace-product' in project 'mlx-swift-lm'
        ➜ Explicit dependency on target 'MLXHuggingFace' in project 'mlx-swift-lm'
        ➜ Explicit dependency on target 'MLXHuggingFaceMacros' in project 'mlx-swift-lm'
        ➜ Explicit dependency on target 'MLXLMCommon' in project 'mlx-swift-lm'
        ➜ Explicit dependency on target 'MLX-product' in project 'mlx-swift'
        ➜ Explicit dependency on target 'MLXNN-product' in project 'mlx-swift'
        ➜ Explicit dependency on target 'MLXOptimizers-product' in project 'mlx-swift'
    Target 'MLXHuggingFace' in project 'mlx-swift-lm'
        ➜ Explicit dependency on target 'MLXHuggingFaceMacros' in project 'mlx-swift-lm'
        ➜ Explicit dependency on target 'MLXLMCommon' in project 'mlx-swift-lm'
        ➜ Explicit dependency on target 'MLX-product' in project 'mlx-swift'
        ➜ Explicit dependency on target 'MLXNN-product' in project 'mlx-swift'
        ➜ Explicit dependency on target 'MLXOptimizers-product' in project 'mlx-swift'
    Target 'MLXHuggingFaceMacros' in project 'mlx-swift-lm'
        ➜ Explicit dependency on target 'SwiftSyntaxMacros-product' in project 'swift-syntax'
        ➜ Explicit dependency on target 'SwiftCompilerPlugin-product' in project 'swift-syntax'
    Target 'SwiftCompilerPlugin-product' in project 'swift-syntax'
        ➜ Explicit dependency on target 'SwiftCompilerPlugin' in project 'swift-syntax'
        ➜ Explicit dependency on target '_SwiftSyntaxCShims' in project 'swift-syntax'
        ➜ Explicit dependency on target 'SwiftSyntax509' in project 'swift-syntax'
        ➜ Explicit dependency on target 'SwiftSyntax510' in project 'swift-syntax'
        ➜ Explicit dependency on target 'SwiftSyntax600' in project 'swift-syntax'
        ➜ Explicit dependency on target 'SwiftSyntax' in project 'swift-syntax'
        ➜ Explicit dependency on target 'SwiftDiagnostics' in project 'swift-syntax'
        ➜ Explicit dependency on target 'SwiftParser' in project 'swift-syntax'
        ➜ Explicit dependency on target 'SwiftOperators' in project 'swift-syntax'
        ➜ Explicit dependency on target 'SwiftBasicFormat' in project 'swift-syntax'
        ➜ Explicit dependency on target 'SwiftParserDiagnostics' in project 'swift-syntax'
        ➜ Explicit dependency on target 'SwiftSyntaxBuilder' in project 'swift-syntax'
        ➜ Explicit dependency on target 'SwiftSyntaxMacros' in project 'swift-syntax'
        ➜ Explicit dependency on target 'SwiftSyntaxMacroExpansion' in project 'swift-syntax'
        ➜ Explicit dependency on target 'SwiftCompilerPluginMessageHandling' in project 'swift-syntax'
    Target 'SwiftCompilerPlugin' in project 'swift-syntax'
        ➜ Explicit dependency on target '_SwiftSyntaxCShims' in project 'swift-syntax'
        ➜ Explicit dependency on target 'SwiftSyntax509' in project 'swift-syntax'
        ➜ Explicit dependency on target 'SwiftSyntax510' in project 'swift-syntax'
        ➜ Explicit dependency on target 'SwiftSyntax600' in project 'swift-syntax'
        ➜ Explicit dependency on target 'SwiftSyntax' in project 'swift-syntax'
        ➜ Explicit dependency on target 'SwiftDiagnostics' in project 'swift-syntax'
        ➜ Explicit dependency on target 'SwiftParser' in project 'swift-syntax'
        ➜ Explicit dependency on target 'SwiftOperators' in project 'swift-syntax'
        ➜ Explicit dependency on target 'SwiftBasicFormat' in project 'swift-syntax'
        ➜ Explicit dependency on target 'SwiftParserDiagnostics' in project 'swift-syntax'
        ➜ Explicit dependency on target 'SwiftSyntaxBuilder' in project 'swift-syntax'
        ➜ Explicit dependency on target 'SwiftSyntaxMacros' in project 'swift-syntax'
        ➜ Explicit dependency on target 'SwiftSyntaxMacroExpansion' in project 'swift-syntax'
        ➜ Explicit dependency on target 'SwiftCompilerPluginMessageHandling' in project 'swift-syntax'
    Target 'SwiftCompilerPluginMessageHandling' in project 'swift-syntax'
        ➜ Explicit dependency on target '_SwiftSyntaxCShims' in project 'swift-syntax'
        ➜ Explicit dependency on target 'SwiftSyntax509' in project 'swift-syntax'
        ➜ Explicit dependency on target 'SwiftSyntax510' in project 'swift-syntax'
        ➜ Explicit dependency on target 'SwiftSyntax600' in project 'swift-syntax'
        ➜ Explicit dependency on target 'SwiftSyntax' in project 'swift-syntax'
        ➜ Explicit dependency on target 'SwiftDiagnostics' in project 'swift-syntax'
        ➜ Explicit dependency on target 'SwiftParser' in project 'swift-syntax'
        ➜ Explicit dependency on target 'SwiftOperators' in project 'swift-syntax'
        ➜ Explicit dependency on target 'SwiftBasicFormat' in project 'swift-syntax'
        ➜ Explicit dependency on target 'SwiftParserDiagnostics' in project 'swift-syntax'
        ➜ Explicit dependency on target 'SwiftSyntaxBuilder' in project 'swift-syntax'
        ➜ Explicit dependency on target 'SwiftSyntaxMacros' in project 'swift-syntax'
        ➜ Explicit dependency on target 'SwiftSyntaxMacroExpansion' in project 'swift-syntax'
    Target 'SwiftSyntaxMacroExpansion' in project 'swift-syntax'
        ➜ Explicit dependency on target '_SwiftSyntaxCShims' in project 'swift-syntax'
        ➜ Explicit dependency on target 'SwiftSyntax509' in project 'swift-syntax'
        ➜ Explicit dependency on target 'SwiftSyntax510' in project 'swift-syntax'
        ➜ Explicit dependency on target 'SwiftSyntax600' in project 'swift-syntax'
        ➜ Explicit dependency on target 'SwiftSyntax' in project 'swift-syntax'
        ➜ Explicit dependency on target 'SwiftBasicFormat' in project 'swift-syntax'
        ➜ Explicit dependency on target 'SwiftParser' in project 'swift-syntax'
        ➜ Explicit dependency on target 'SwiftDiagnostics' in project 'swift-syntax'
        ➜ Explicit dependency on target 'SwiftParserDiagnostics' in project 'swift-syntax'
        ➜ Explicit dependency on target 'SwiftSyntaxBuilder' in project 'swift-syntax'
        ➜ Explicit dependency on target 'SwiftSyntaxMacros' in project 'swift-syntax'
        ➜ Explicit dependency on target 'SwiftOperators' in project 'swift-syntax'
    Target 'SwiftOperators' in project 'swift-syntax'
        ➜ Explicit dependency on target '_SwiftSyntaxCShims' in project 'swift-syntax'
        ➜ Explicit dependency on target 'SwiftSyntax509' in project 'swift-syntax'
        ➜ Explicit dependency on target 'SwiftSyntax510' in project 'swift-syntax'
        ➜ Explicit dependency on target 'SwiftSyntax600' in project 'swift-syntax'
        ➜ Explicit dependency on target 'SwiftSyntax' in project 'swift-syntax'
        ➜ Explicit dependency on target 'SwiftDiagnostics' in project 'swift-syntax'
        ➜ Explicit dependency on target 'SwiftParser' in project 'swift-syntax'
    Target 'SwiftSyntaxMacros-product' in project 'swift-syntax'
        ➜ Explicit dependency on target 'SwiftSyntaxMacros' in project 'swift-syntax'
        ➜ Explicit dependency on target '_SwiftSyntaxCShims' in project 'swift-syntax'
        ➜ Explicit dependency on target 'SwiftSyntax509' in project 'swift-syntax'
        ➜ Explicit dependency on target 'SwiftSyntax510' in project 'swift-syntax'
        ➜ Explicit dependency on target 'SwiftSyntax600' in project 'swift-syntax'
        ➜ Explicit dependency on target 'SwiftSyntax' in project 'swift-syntax'
        ➜ Explicit dependency on target 'SwiftDiagnostics' in project 'swift-syntax'
        ➜ Explicit dependency on target 'SwiftParser' in project 'swift-syntax'
        ➜ Explicit dependency on target 'SwiftBasicFormat' in project 'swift-syntax'
        ➜ Explicit dependency on target 'SwiftParserDiagnostics' in project 'swift-syntax'
        ➜ Explicit dependency on target 'SwiftSyntaxBuilder' in project 'swift-syntax'
    Target 'SwiftSyntaxMacros' in project 'swift-syntax'
        ➜ Explicit dependency on target '_SwiftSyntaxCShims' in project 'swift-syntax'
        ➜ Explicit dependency on target 'SwiftSyntax509' in project 'swift-syntax'
        ➜ Explicit dependency on target 'SwiftSyntax510' in project 'swift-syntax'
        ➜ Explicit dependency on target 'SwiftSyntax600' in project 'swift-syntax'
        ➜ Explicit dependency on target 'SwiftSyntax' in project 'swift-syntax'
        ➜ Explicit dependency on target 'SwiftDiagnostics' in project 'swift-syntax'
        ➜ Explicit dependency on target 'SwiftParser' in project 'swift-syntax'
        ➜ Explicit dependency on target 'SwiftBasicFormat' in project 'swift-syntax'
        ➜ Explicit dependency on target 'SwiftParserDiagnostics' in project 'swift-syntax'
        ➜ Explicit dependency on target 'SwiftSyntaxBuilder' in project 'swift-syntax'
    Target 'SwiftSyntaxBuilder' in project 'swift-syntax'
        ➜ Explicit dependency on target '_SwiftSyntaxCShims' in project 'swift-syntax'
        ➜ Explicit dependency on target 'SwiftSyntax509' in project 'swift-syntax'
        ➜ Explicit dependency on target 'SwiftSyntax510' in project 'swift-syntax'
        ➜ Explicit dependency on target 'SwiftSyntax600' in project 'swift-syntax'
        ➜ Explicit dependency on target 'SwiftSyntax' in project 'swift-syntax'
        ➜ Explicit dependency on target 'SwiftBasicFormat' in project 'swift-syntax'
        ➜ Explicit dependency on target 'SwiftParser' in project 'swift-syntax'
        ➜ Explicit dependency on target 'SwiftDiagnostics' in project 'swift-syntax'
        ➜ Explicit dependency on target 'SwiftParserDiagnostics' in project 'swift-syntax'
    Target 'SwiftParserDiagnostics' in project 'swift-syntax'
        ➜ Explicit dependency on target '_SwiftSyntaxCShims' in project 'swift-syntax'
        ➜ Explicit dependency on target 'SwiftSyntax509' in project 'swift-syntax'
        ➜ Explicit dependency on target 'SwiftSyntax510' in project 'swift-syntax'
        ➜ Explicit dependency on target 'SwiftSyntax600' in project 'swift-syntax'
        ➜ Explicit dependency on target 'SwiftSyntax' in project 'swift-syntax'
        ➜ Explicit dependency on target 'SwiftBasicFormat' in project 'swift-syntax'
        ➜ Explicit dependency on target 'SwiftDiagnostics' in project 'swift-syntax'
        ➜ Explicit dependency on target 'SwiftParser' in project 'swift-syntax'
    Target 'SwiftBasicFormat' in project 'swift-syntax'
        ➜ Explicit dependency on target '_SwiftSyntaxCShims' in project 'swift-syntax'
        ➜ Explicit dependency on target 'SwiftSyntax509' in project 'swift-syntax'
        ➜ Explicit dependency on target 'SwiftSyntax510' in project 'swift-syntax'
        ➜ Explicit dependency on target 'SwiftSyntax600' in project 'swift-syntax'
        ➜ Explicit dependency on target 'SwiftSyntax' in project 'swift-syntax'
    Target 'SwiftParser' in project 'swift-syntax'
        ➜ Explicit dependency on target '_SwiftSyntaxCShims' in project 'swift-syntax'
        ➜ Explicit dependency on target 'SwiftSyntax509' in project 'swift-syntax'
        ➜ Explicit dependency on target 'SwiftSyntax510' in project 'swift-syntax'
        ➜ Explicit dependency on target 'SwiftSyntax600' in project 'swift-syntax'
        ➜ Explicit dependency on target 'SwiftSyntax' in project 'swift-syntax'
    Target 'SwiftDiagnostics' in project 'swift-syntax'
        ➜ Explicit dependency on target '_SwiftSyntaxCShims' in project 'swift-syntax'
        ➜ Explicit dependency on target 'SwiftSyntax509' in project 'swift-syntax'
        ➜ Explicit dependency on target 'SwiftSyntax510' in project 'swift-syntax'
        ➜ Explicit dependency on target 'SwiftSyntax600' in project 'swift-syntax'
        ➜ Explicit dependency on target 'SwiftSyntax' in project 'swift-syntax'
    Target 'SwiftSyntax' in project 'swift-syntax'
        ➜ Explicit dependency on target '_SwiftSyntaxCShims' in project 'swift-syntax'
        ➜ Explicit dependency on target 'SwiftSyntax509' in project 'swift-syntax'
        ➜ Explicit dependency on target 'SwiftSyntax510' in project 'swift-syntax'
        ➜ Explicit dependency on target 'SwiftSyntax600' in project 'swift-syntax'
    Target 'SwiftSyntax600' in project 'swift-syntax' (no dependencies)
    Target 'SwiftSyntax510' in project 'swift-syntax' (no dependencies)
    Target 'SwiftSyntax509' in project 'swift-syntax' (no dependencies)
    Target '_SwiftSyntaxCShims' in project 'swift-syntax' (no dependencies)
    Target 'MLXLMCommon-product' in project 'mlx-swift-lm'
        ➜ Explicit dependency on target 'MLXLMCommon' in project 'mlx-swift-lm'
        ➜ Explicit dependency on target 'MLX-product' in project 'mlx-swift'
        ➜ Explicit dependency on target 'MLXNN-product' in project 'mlx-swift'
        ➜ Explicit dependency on target 'MLXOptimizers-product' in project 'mlx-swift'
    Target 'MLXLLM-product' in project 'mlx-swift-lm'
        ➜ Explicit dependency on target 'MLXLLM' in project 'mlx-swift-lm'
        ➜ Explicit dependency on target 'MLXLMCommon' in project 'mlx-swift-lm'
        ➜ Explicit dependency on target 'MLX-product' in project 'mlx-swift'
        ➜ Explicit dependency on target 'MLXNN-product' in project 'mlx-swift'
        ➜ Explicit dependency on target 'MLXOptimizers-product' in project 'mlx-swift'
    Target 'MLXLLM' in project 'mlx-swift-lm'
        ➜ Explicit dependency on target 'MLXLMCommon' in project 'mlx-swift-lm'
        ➜ Explicit dependency on target 'MLX-product' in project 'mlx-swift'
        ➜ Explicit dependency on target 'MLXNN-product' in project 'mlx-swift'
        ➜ Explicit dependency on target 'MLXOptimizers-product' in project 'mlx-swift'
    Target 'MLXLMCommon' in project 'mlx-swift-lm'
        ➜ Explicit dependency on target 'MLX-product' in project 'mlx-swift'
        ➜ Explicit dependency on target 'MLXNN-product' in project 'mlx-swift'
        ➜ Explicit dependency on target 'MLXOptimizers-product' in project 'mlx-swift'
    Target 'MLXOptimizers-product' in project 'mlx-swift'
        ➜ Explicit dependency on target 'MLXOptimizers' in project 'mlx-swift'
        ➜ Explicit dependency on target 'CudaBuild' in project 'mlx-swift'
        ➜ Explicit dependency on target 'Cmlx' in project 'mlx-swift'
        ➜ Explicit dependency on target 'MLX' in project 'mlx-swift'
        ➜ Explicit dependency on target 'MLXNN' in project 'mlx-swift'
        ➜ Explicit dependency on target 'Numerics-product' in project 'swift-numerics'
    Target 'MLXOptimizers' in project 'mlx-swift'
        ➜ Explicit dependency on target 'CudaBuild' in project 'mlx-swift'
        ➜ Explicit dependency on target 'Cmlx' in project 'mlx-swift'
        ➜ Explicit dependency on target 'MLX' in project 'mlx-swift'
        ➜ Explicit dependency on target 'MLXNN' in project 'mlx-swift'
        ➜ Explicit dependency on target 'Numerics-product' in project 'swift-numerics'
    Target 'MLXNN-product' in project 'mlx-swift'
        ➜ Explicit dependency on target 'MLXNN' in project 'mlx-swift'
        ➜ Explicit dependency on target 'CudaBuild' in project 'mlx-swift'
        ➜ Explicit dependency on target 'Cmlx' in project 'mlx-swift'
        ➜ Explicit dependency on target 'MLX' in project 'mlx-swift'
        ➜ Explicit dependency on target 'Numerics-product' in project 'swift-numerics'
    Target 'MLXNN' in project 'mlx-swift'
        ➜ Explicit dependency on target 'CudaBuild' in project 'mlx-swift'
        ➜ Explicit dependency on target 'Cmlx' in project 'mlx-swift'
        ➜ Explicit dependency on target 'MLX' in project 'mlx-swift'
        ➜ Explicit dependency on target 'Numerics-product' in project 'swift-numerics'
    Target 'MLX-product' in project 'mlx-swift'
        ➜ Explicit dependency on target 'MLX' in project 'mlx-swift'
        ➜ Explicit dependency on target 'CudaBuild' in project 'mlx-swift'
        ➜ Explicit dependency on target 'Cmlx' in project 'mlx-swift'
        ➜ Explicit dependency on target 'Numerics-product' in project 'swift-numerics'
    Target 'MLX' in project 'mlx-swift'
        ➜ Explicit dependency on target 'CudaBuild' in project 'mlx-swift'
        ➜ Explicit dependency on target 'Cmlx' in project 'mlx-swift'
        ➜ Explicit dependency on target 'Numerics-product' in project 'swift-numerics'
    Target 'Numerics-product' in project 'swift-numerics'
        ➜ Explicit dependency on target 'Numerics' in project 'swift-numerics'
        ➜ Explicit dependency on target '_NumericsShims' in project 'swift-numerics'
        ➜ Explicit dependency on target 'RealModule' in project 'swift-numerics'
        ➜ Explicit dependency on target 'ComplexModule' in project 'swift-numerics'
    Target 'Numerics' in project 'swift-numerics'
        ➜ Explicit dependency on target '_NumericsShims' in project 'swift-numerics'
        ➜ Explicit dependency on target 'RealModule' in project 'swift-numerics'
        ➜ Explicit dependency on target 'ComplexModule' in project 'swift-numerics'
    Target 'ComplexModule' in project 'swift-numerics'
        ➜ Explicit dependency on target '_NumericsShims' in project 'swift-numerics'
        ➜ Explicit dependency on target 'RealModule' in project 'swift-numerics'
    Target 'RealModule' in project 'swift-numerics'
        ➜ Explicit dependency on target '_NumericsShims' in project 'swift-numerics'
    Target '_NumericsShims' in project 'swift-numerics' (no dependencies)
    Target 'Cmlx' in project 'mlx-swift'
        ➜ Explicit dependency on target 'mlx-swift_Cmlx' in project 'mlx-swift'
        ➜ Explicit dependency on target 'CudaBuild' in project 'mlx-swift'
    Target 'mlx-swift_Cmlx' in project 'mlx-swift'
        ➜ Explicit dependency on target 'CudaBuild' in project 'mlx-swift'
    Target 'CudaBuild' in project 'mlx-swift'
        ➜ Explicit dependency on target 'encuda-product' in project 'mlx-swift'
        ➜ Explicit dependency on target 'ArgumentParser-product' in project 'swift-argument-parser'
    Target 'encuda-product' in project 'mlx-swift'
        ➜ Explicit dependency on target 'ArgumentParser-product' in project 'swift-argument-parser'
    Target 'ArgumentParser-product' in project 'swift-argument-parser'
        ➜ Explicit dependency on target 'ArgumentParser' in project 'swift-argument-parser'
        ➜ Explicit dependency on target 'ArgumentParserToolInfo' in project 'swift-argument-parser'
    Target 'ArgumentParser' in project 'swift-argument-parser'
        ➜ Explicit dependency on target 'ArgumentParserToolInfo' in project 'swift-argument-parser'
    Target 'ArgumentParserToolInfo' in project 'swift-argument-parser' (no dependencies)
    Target 'SwiftTerm-product' in project 'SwiftTerm'
        ➜ Explicit dependency on target 'SwiftTerm' in project 'SwiftTerm'
        ➜ Explicit dependency on target 'SwiftTerm_SwiftTerm' in project 'SwiftTerm'
    Target 'SwiftTerm' in project 'SwiftTerm'
        ➜ Explicit dependency on target 'SwiftTerm_SwiftTerm' in project 'SwiftTerm'
    Target 'SwiftTerm_SwiftTerm' in project 'SwiftTerm' (no dependencies)
    Target 'Sparkle-product' in project 'Sparkle' (no dependencies)
    Target 'ThrottleMCPContracts-product' in project 'ThrottleMCPContracts'
        ➜ Explicit dependency on target 'ThrottleMCPContracts' in project 'ThrottleMCPContracts'
    Target 'ThrottleMCPContracts' in project 'ThrottleMCPContracts' (no dependencies)
    Target 'GRDB-product' in project 'GRDB'
        ➜ Explicit dependency on target 'GRDB' in project 'GRDB'
        ➜ Explicit dependency on target 'GRDB_GRDB' in project 'GRDB'
    Target 'GRDB' in project 'GRDB'
        ➜ Explicit dependency on target 'GRDB_GRDB' in project 'GRDB'
        ➜ Explicit dependency on target 'CSQLite' in project 'GRDB'
    Target 'CSQLite' in project 'GRDB' (no dependencies)
    Target 'GRDB_GRDB' in project 'GRDB' (no dependencies)
    Target 'ResearchVaultAgent' in project 'Throttle'
        ➜ Explicit dependency on target 'ResearchVaultServiceRuntime-product' in project 'ResearchVaultKit'
    Target 'ResearchVaultServiceRuntime-product' in project 'ResearchVaultKit'
        ➜ Explicit dependency on target 'ResearchVaultServiceRuntime' in project 'ResearchVaultKit'
        ➜ Explicit dependency on target 'ResearchVaultModel' in project 'ResearchVaultKit'
        ➜ Explicit dependency on target 'ResearchVaultIPCModel' in project 'ResearchVaultKit'
        ➜ Explicit dependency on target 'ResearchVaultXPCClient' in project 'ResearchVaultKit'
        ➜ Explicit dependency on target 'ResearchVaultIngestion' in project 'ResearchVaultKit'
        ➜ Explicit dependency on target 'ResearchVaultReasoning' in project 'ResearchVaultKit'
        ➜ Explicit dependency on target 'ResearchVaultStore' in project 'ResearchVaultKit'
        ➜ Explicit dependency on target 'ResearchVaultSQLCipher' in project 'ResearchVaultKit'
        ➜ Explicit dependency on target 'ResearchVaultGateway' in project 'ResearchVaultKit'
        ➜ Explicit dependency on target 'ResearchVaultXPC' in project 'ResearchVaultKit'
        ➜ Explicit dependency on target 'ResearchVaultKeychain' in project 'ResearchVaultKit'
        ➜ Explicit dependency on target 'ThrottleVaultContract-product' in project 'ThrottleVaultContract'
        ➜ Explicit dependency on target 'ThrottleVaultClient-product' in project 'ThrottleVaultClient'
        ➜ Explicit dependency on target 'SQLCipher-product' in project 'SQLCipher'
    Target 'ResearchVaultServiceRuntime' in project 'ResearchVaultKit'
        ➜ Explicit dependency on target 'ResearchVaultModel' in project 'ResearchVaultKit'
        ➜ Explicit dependency on target 'ResearchVaultIPCModel' in project 'ResearchVaultKit'
        ➜ Explicit dependency on target 'ResearchVaultXPCClient' in project 'ResearchVaultKit'
        ➜ Explicit dependency on target 'ResearchVaultIngestion' in project 'ResearchVaultKit'
        ➜ Explicit dependency on target 'ResearchVaultReasoning' in project 'ResearchVaultKit'
        ➜ Explicit dependency on target 'ResearchVaultStore' in project 'ResearchVaultKit'
        ➜ Explicit dependency on target 'ResearchVaultSQLCipher' in project 'ResearchVaultKit'
        ➜ Explicit dependency on target 'ResearchVaultGateway' in project 'ResearchVaultKit'
        ➜ Explicit dependency on target 'ResearchVaultXPC' in project 'ResearchVaultKit'
        ➜ Explicit dependency on target 'ResearchVaultKeychain' in project 'ResearchVaultKit'
        ➜ Explicit dependency on target 'ThrottleVaultContract-product' in project 'ThrottleVaultContract'
        ➜ Explicit dependency on target 'ThrottleVaultClient-product' in project 'ThrottleVaultClient'
        ➜ Explicit dependency on target 'SQLCipher-product' in project 'SQLCipher'
    Target 'ResearchVaultKeychain' in project 'ResearchVaultKit' (no dependencies)
    Target 'ResearchVaultXPC' in project 'ResearchVaultKit'
        ➜ Explicit dependency on target 'ResearchVaultModel' in project 'ResearchVaultKit'
        ➜ Explicit dependency on target 'ResearchVaultIPCModel' in project 'ResearchVaultKit'
        ➜ Explicit dependency on target 'ResearchVaultXPCClient' in project 'ResearchVaultKit'
        ➜ Explicit dependency on target 'ResearchVaultIngestion' in project 'ResearchVaultKit'
        ➜ Explicit dependency on target 'ResearchVaultReasoning' in project 'ResearchVaultKit'
        ➜ Explicit dependency on target 'ResearchVaultStore' in project 'ResearchVaultKit'
        ➜ Explicit dependency on target 'ResearchVaultSQLCipher' in project 'ResearchVaultKit'
        ➜ Explicit dependency on target 'ResearchVaultGateway' in project 'ResearchVaultKit'
        ➜ Explicit dependency on target 'ThrottleVaultContract-product' in project 'ThrottleVaultContract'
        ➜ Explicit dependency on target 'ThrottleVaultClient-product' in project 'ThrottleVaultClient'
        ➜ Explicit dependency on target 'SQLCipher-product' in project 'SQLCipher'
    Target 'ResearchVaultGateway' in project 'ResearchVaultKit'
        ➜ Explicit dependency on target 'ResearchVaultModel' in project 'ResearchVaultKit'
        ➜ Explicit dependency on target 'ResearchVaultIPCModel' in project 'ResearchVaultKit'
        ➜ Explicit dependency on target 'ResearchVaultIngestion' in project 'ResearchVaultKit'
        ➜ Explicit dependency on target 'ResearchVaultReasoning' in project 'ResearchVaultKit'
        ➜ Explicit dependency on target 'ResearchVaultStore' in project 'ResearchVaultKit'
        ➜ Explicit dependency on target 'ResearchVaultSQLCipher' in project 'ResearchVaultKit'
        ➜ Explicit dependency on target 'ThrottleVaultContract-product' in project 'ThrottleVaultContract'
        ➜ Explicit dependency on target 'SQLCipher-product' in project 'SQLCipher'
    Target 'ResearchVaultSQLCipher' in project 'ResearchVaultKit'
        ➜ Explicit dependency on target 'ResearchVaultModel' in project 'ResearchVaultKit'
        ➜ Explicit dependency on target 'ResearchVaultReasoning' in project 'ResearchVaultKit'
        ➜ Explicit dependency on target 'ResearchVaultStore' in project 'ResearchVaultKit'
        ➜ Explicit dependency on target 'ResearchVaultIPCModel' in project 'ResearchVaultKit'
        ➜ Explicit dependency on target 'ResearchVaultIngestion' in project 'ResearchVaultKit'
        ➜ Explicit dependency on target 'ThrottleVaultContract-product' in project 'ThrottleVaultContract'
        ➜ Explicit dependency on target 'SQLCipher-product' in project 'SQLCipher'
    Target 'SQLCipher-product' in project 'SQLCipher' (no dependencies)
    Target 'ResearchVaultStore' in project 'ResearchVaultKit'
        ➜ Explicit dependency on target 'ResearchVaultModel' in project 'ResearchVaultKit'
        ➜ Explicit dependency on target 'ThrottleVaultContract-product' in project 'ThrottleVaultContract'
    Target 'ResearchVaultReasoning' in project 'ResearchVaultKit'
        ➜ Explicit dependency on target 'ResearchVaultModel' in project 'ResearchVaultKit'
        ➜ Explicit dependency on target 'ThrottleVaultContract-product' in project 'ThrottleVaultContract'
    Target 'ResearchVaultIngestion' in project 'ResearchVaultKit'
        ➜ Explicit dependency on target 'ResearchVaultModel' in project 'ResearchVaultKit'
        ➜ Explicit dependency on target 'ResearchVaultIPCModel' in project 'ResearchVaultKit'
        ➜ Explicit dependency on target 'ThrottleVaultContract-product' in project 'ThrottleVaultContract'
    Target 'ResearchVaultXPCClient' in project 'ResearchVaultKit'
        ➜ Explicit dependency on target 'ResearchVaultModel' in project 'ResearchVaultKit'
        ➜ Explicit dependency on target 'ResearchVaultIPCModel' in project 'ResearchVaultKit'
        ➜ Explicit dependency on target 'ThrottleVaultContract-product' in project 'ThrottleVaultContract'
        ➜ Explicit dependency on target 'ThrottleVaultClient-product' in project 'ThrottleVaultClient'
    Target 'ThrottleVaultClient-product' in project 'ThrottleVaultClient'
        ➜ Explicit dependency on target 'ThrottleVaultClient' in project 'ThrottleVaultClient'
        ➜ Explicit dependency on target 'ThrottleVaultContract-product' in project 'ThrottleVaultContract'
    Target 'ThrottleVaultClient' in project 'ThrottleVaultClient'
        ➜ Explicit dependency on target 'ThrottleVaultContract-product' in project 'ThrottleVaultContract'
    Target 'ResearchVaultIPCModel' in project 'ResearchVaultKit'
        ➜ Explicit dependency on target 'ResearchVaultModel' in project 'ResearchVaultKit'
        ➜ Explicit dependency on target 'ThrottleVaultContract-product' in project 'ThrottleVaultContract'
    Target 'ResearchVaultModel' in project 'ResearchVaultKit'
        ➜ Explicit dependency on target 'ThrottleVaultContract-product' in project 'ThrottleVaultContract'
    Target 'ThrottleVaultContract-product' in project 'ThrottleVaultContract'
        ➜ Explicit dependency on target 'ThrottleVaultContract' in project 'ThrottleVaultContract'
    Target 'ThrottleVaultContract' in project 'ThrottleVaultContract' (no dependencies)
    Target 'ThrottleWidget' in project 'Throttle' (no dependencies)

GatherProvisioningInputs

CreateBuildDescription

ClangStatCache /Applications/Xcode.app/Contents/Developer/Toolchains/XcodeDefault.xctoolchain/usr/bin/clang-stat-cache /Applications/Xcode.app/Contents/Developer/Platforms/MacOSX.platform/Developer/SDKs/MacOSX27.0.sdk /Volumes/DeveloperStorage/BuildScratch/throttle-convergence-20260920/DerivedData/SDKStatCaches.noindex/macosx27.0-26A425-e829b21a6f8c9b70876ba0858053c0447231f6df4def33e022ae2eb8f782df1a.sdkstatcache
    cd /Users/kevinnadjarian/GitHub/Throttle/build/convergence-recovery-20260920/Throttle.xcodeproj
    /Applications/Xcode.app/Contents/Developer/Toolchains/XcodeDefault.xctoolchain/usr/bin/clang-stat-cache /Applications/Xcode.app/Contents/Developer/Platforms/MacOSX.platform/Developer/SDKs/MacOSX27.0.sdk -o /Volumes/DeveloperStorage/BuildScratch/throttle-convergence-20260920/DerivedData/SDKStatCaches.noindex/macosx27.0-26A425-e829b21a6f8c9b70876ba0858053c0447231f6df4def33e022ae2eb8f782df1a.sdkstatcache

SwiftDriver ThrottleTests normal arm64 com.apple.xcode.tools.swift.compiler (in target 'ThrottleTests' from project 'Throttle')
    cd /Users/kevinnadjarian/GitHub/Throttle/build/convergence-recovery-20260920
    builtin-SwiftDriver -- /Applications/Xcode.app/Contents/Developer/Toolchains/XcodeDefault.xctoolchain/usr/bin/swiftc -module-name ThrottleTests -Onone @/Volumes/DeveloperStorage/BuildScratch/throttle-convergence-20260920/DerivedData/Build/Intermediates.noindex/Throttle.build/Debug/ThrottleTests.build/Objects-normal/arm64/ThrottleTests.SwiftFileList -DDEBUG -Xcc -fmodule-map-file\=/Volumes/DeveloperStorage/BuildScratch/throttle-convergence-20260920/SourcePackages/checkouts/GRDB.swift/Sources/CSQLite/module.modulemap -Xcc -fmodule-map-file\=/Volumes/DeveloperStorage/BuildScratch/throttle-convergence-20260920/SourcePackages/checkouts/swift-numerics/Sources/_NumericsShims/include/module.modulemap -Xcc -fmodule-map-file\=/Volumes/DeveloperStorage/BuildScratch/throttle-convergence-20260920/SourcePackages/checkouts/mlx-swift/Source/Cmlx/include/module.modulemap -Xcc -fmodule-map-file\=/Volumes/DeveloperStorage/BuildScratch/throttle-convergence-20260920/SourcePackages/checkouts/swift-atomics/Sources/_AtomicsShims/include/module.modulemap -Xcc -fmodule-map-file\=/Volumes/DeveloperStorage/BuildScratch/throttle-convergence-20260920/DerivedData/Build/Intermediates.noindex/GeneratedModuleMaps/CNIOWASI.modulemap -Xcc -fmodule-map-file\=/Volumes/DeveloperStorage/BuildScratch/throttle-convergence-20260920/SourcePackages/checkouts/swift-nio/Sources/CNIOWindows/include/module.modulemap -Xcc -fmodule-map-file\=/Volumes/DeveloperStorage/BuildScratch/throttle-convergence-20260920/DerivedData/Build/Intermediates.noindex/GeneratedModuleMaps/CNIOLinux.modulemap -Xcc -fmodule-map-file\=/Volumes/DeveloperStorage/BuildScratch/throttle-convergence-20260920/DerivedData/Build/Intermediates.noindex/GeneratedModuleMaps/CNIODarwin.modulemap -Xcc -fmodule-map-file\=/Volumes/DeveloperStorage/BuildScratch/throttle-convergence-20260920/DerivedData/Build/Intermediates.noindex/GeneratedModuleMaps/CNIOFreeBSD.modulemap -Xcc -fmodule-map-file\=/Volumes/DeveloperStorage/BuildScratch/throttle-convergence-20260920/DerivedData/Build/Intermediates.noindex/GeneratedModuleMaps/CNIOOpenBSD.modulemap -Xcc -fmodule-map-file\=/Volumes/DeveloperStorage/BuildScratch/throttle-convergence-20260920/DerivedData/Build/Intermediates.noindex/GeneratedModuleMaps/CNIOAtomics.modulemap -Xcc -fmodule-map-file\=/Volumes/DeveloperStorage/BuildScratch/throttle-convergence-20260920/DerivedData/Build/Intermediates.noindex/GeneratedModuleMaps/yyjson.modulemap -plugin-path /Applications/Xcode.app/Contents/Developer/Toolchains/XcodeDefault.xctoolchain/usr/lib/swift/host/plugins/testing -enable-experimental-feature DebugDescriptionMacro -sdk /Applications/Xcode.app/Contents/Developer/Platforms/MacOSX.platform/Developer/SDKs/MacOSX27.0.sdk -target arm64-apple-macos14.0 -g -module-cache-path /Volumes/DeveloperStorage/BuildScratch/throttle-convergence-20260920/DerivedData/ModuleCache.noindex -Xfrontend -serialize-debugging-options -profile-coverage-mapping -profile-generate -enable-testing -warnings-as-errors -index-store-path /Volumes/DeveloperStorage/BuildScratch/throttle-convergence-20260920/DerivedData/Index.noindex/DataStore -Xcc -D_LIBCPP_HARDENING_MODE\=_LIBCPP_HARDENING_MODE_DEBUG -swift-version 6 -I /Volumes/DeveloperStorage/BuildScratch/throttle-convergence-20260920/DerivedData/Build/Products/Debug -Isystem /Applications/Xcode.app/Contents/Developer/Platforms/MacOSX.platform/Developer/usr/lib -F /Volumes/DeveloperStorage/BuildScratch/throttle-convergence-20260920/DerivedData/Build/Products/Debug/PackageFrameworks -F /Volumes/DeveloperStorage/BuildScratch/throttle-convergence-20260920/DerivedData/Build/Products/Debug -F /Applications/Xcode.app/Contents/Developer/Platforms/MacOSX.platform/Developer/Library/Frameworks -Xfrontend -load-plugin-executable -Xfrontend /Volumes/DeveloperStorage/BuildScratch/throttle-convergence-20260920/DerivedData/Build/Products/Debug/MLXHuggingFaceMacros\#MLXHuggingFaceMacros -c -j10 -enable-batch-mode -incremental -Xcc -ivfsstatcache -Xcc /Volumes/DeveloperStorage/BuildScratch/throttle-convergence-20260920/DerivedData/SDKStatCaches.noindex/macosx27.0-26A425-e829b21a6f8c9b70876ba0858053c0447231f6df4def33e022ae2eb8f782df1a.sdkstatcache -output-file-map /Volumes/DeveloperStorage/BuildScratch/throttle-convergence-20260920/DerivedData/Build/Intermediates.noindex/Throttle.build/Debug/ThrottleTests.build/Objects-normal/arm64/ThrottleTests-OutputFileMap.json -save-temps -no-color-diagnostics -explicit-module-build -module-cache-path /Volumes/DeveloperStorage/BuildScratch/throttle-convergence-20260920/DerivedData/Build/Intermediates.noindex/SwiftExplicitPrecompiledModules -clang-scanner-module-cache-path /Volumes/DeveloperStorage/BuildScratch/throttle-convergence-20260920/DerivedData/ModuleCache.noindex -sdk-module-cache-path /Volumes/DeveloperStorage/BuildScratch/throttle-convergence-20260920/DerivedData/SDKExplicitPrecompiledModules -emit-dependencies -emit-module -emit-module-path /Volumes/DeveloperStorage/BuildScratch/throttle-convergence-20260920/DerivedData/Build/Intermediates.noindex/Throttle.build/Debug/ThrottleTests.build/Objects-normal/arm64/ThrottleTests.swiftmodule -serialize-diagnostics -dependency-scan-serialize-diagnostics-path /Volumes/DeveloperStorage/BuildScratch/throttle-convergence-20260920/DerivedData/Build/Intermediates.noindex/Throttle.build/Debug/ThrottleTests.build/Objects-normal/arm64/ThrottleTests-dependency-scan.dia -validate-clang-modules-once -clang-build-session-file /Volumes/DeveloperStorage/BuildScratch/throttle-convergence-20260920/DerivedData/ModuleCache.noindex/Session.modulevalidation -Xcc -fmodules-prune-interval\=86400 -Xcc -fmodules-prune-after\=345600 -emit-const-values -const-gather-protocols-list /Volumes/DeveloperStorage/BuildScratch/throttle-convergence-20260920/DerivedData/Build/Intermediates.noindex/Throttle.build/Debug/ThrottleTests.build/Objects-normal/arm64/ThrottleTests_const_extract_protocols.json -Xcc -iquote -Xcc /Volumes/DeveloperStorage/BuildScratch/throttle-convergence-20260920/DerivedData/Build/Intermediates.noindex/Throttle.build/Debug/ThrottleTests.build/ThrottleTests-generated-files.hmap -Xcc -I/Volumes/DeveloperStorage/BuildScratch/throttle-convergence-20260920/DerivedData/Build/Intermediates.noindex/Throttle.build/Debug/ThrottleTests.build/ThrottleTests-own-target-headers.hmap -Xcc -I/Volumes/DeveloperStorage/BuildScratch/throttle-convergence-20260920/DerivedData/Build/Intermediates.noindex/Throttle.build/Debug/ThrottleTests.build/ThrottleTests-all-non-framework-target-headers.hmap -Xcc -ivfsoverlay -Xcc /Volumes/DeveloperStorage/BuildScratch/throttle-convergence-20260920/DerivedData/Build/Intermediates.noindex/Throttle.build/Debug/Throttle-c41c58a016fc9f4310c5f27451fa5182-VFS/all-product-headers.yaml -Xcc -iquote -Xcc /Volumes/DeveloperStorage/BuildScratch/throttle-convergence-20260920/DerivedData/Build/Intermediates.noindex/Throttle.build/Debug/ThrottleTests.build/ThrottleTests-project-headers.hmap -Xcc -I/Volumes/DeveloperStorage/BuildScratch/throttle-convergence-20260920/SourcePackages/checkouts/swift-numerics/Sources/_NumericsShims/include -Xcc -I/Volumes/DeveloperStorage/BuildScratch/throttle-convergence-20260920/SourcePackages/checkouts/mlx-swift/Source/Cmlx/include -Xcc -I/Volumes/DeveloperStorage/BuildScratch/throttle-convergence-20260920/SourcePackages/checkouts/swift-atomics/Sources/_AtomicsShims/include -Xcc -I/Volumes/DeveloperStorage/BuildScratch/throttle-convergence-20260920/SourcePackages/checkouts/swift-nio/Sources/CNIOWASI/include -Xcc -I/Volumes/DeveloperStorage/BuildScratch/throttle-convergence-20260920/SourcePackages/checkouts/swift-nio/Sources/CNIOWindows/include -Xcc -I/Volumes/DeveloperStorage/BuildScratch/throttle-convergence-20260920/SourcePackages/checkouts/swift-nio/Sources/CNIOLinux/include -Xcc -I/Volumes/DeveloperStorage/BuildScratch/throttle-convergence-20260920/SourcePackages/checkouts/swift-nio/Sources/CNIODarwin/include -Xcc -I/Volumes/DeveloperStorage/BuildScratch/throttle-convergence-20260920/SourcePackages/checkouts/swift-nio/Sources/CNIOFreeBSD/include -Xcc -I/Volumes/DeveloperStorage/BuildScratch/throttle-convergence-20260920/SourcePackages/checkouts/swift-nio/Sources/CNIOOpenBSD/include -Xcc -I/Volumes/DeveloperStorage/BuildScratch/throttle-convergence-20260920/SourcePackages/checkouts/swift-nio/Sources/CNIOAtomics/include -Xcc -I/Volumes/DeveloperStorage/BuildScratch/throttle-convergence-20260920/SourcePackages/checkouts/yyjson/src -Xcc -I/Volumes/DeveloperStorage/BuildScratch/throttle-convergence-20260920/DerivedData/Build/Products/Debug/include -Xcc -I/Volumes/DeveloperStorage/BuildScratch/throttle-convergence-20260920/DerivedData/Build/Intermediates.noindex/Throttle.build/Debug/ThrottleTests.build/DerivedSources-normal/arm64 -Xcc -I/Volumes/DeveloperStorage/BuildScratch/throttle-convergence-20260920/DerivedData/Build/Intermediates.noindex/Throttle.build/Debug/ThrottleTests.build/DerivedSources/arm64 -Xcc -I/Volumes/DeveloperStorage/BuildScratch/throttle-convergence-20260920/DerivedData/Build/Intermediates.noindex/Throttle.build/Debug/ThrottleTests.build/DerivedSources -Xcc -DDEBUG\=1 -emit-objc-header -emit-objc-header-path /Volumes/DeveloperStorage/BuildScratch/throttle-convergence-20260920/DerivedData/Build/Intermediates.noindex/Throttle.build/Debug/ThrottleTests.build/Objects-normal/arm64/ThrottleTests-Swift.h -working-directory /Users/kevinnadjarian/GitHub/Throttle/build/convergence-recovery-20260920 -experimental-emit-module-separately -disable-cmo

SwiftCompile normal arm64 Compiling\ PlanProjectionIntegrationEventsTests.swift,\ PlanProjectionTests.swift,\ PlanStoreCrashTests.swift,\ PlanStoreTests.swift,\ ProductSignalsTests.swift,\ ProjectAssistantViewTests.swift,\ ProjectInstructionServiceTests.swift,\ ProjectIntakeTests.swift,\ ProjectKnowledgeBoundaryTests.swift /Users/kevinnadjarian/GitHub/Throttle/build/convergence-recovery-20260920/ThrottleTests/ServiceTests/PlanProjectionIntegrationEventsTests.swift /Users/kevinnadjarian/GitHub/Throttle/build/convergence-recovery-20260920/ThrottleTests/ServiceTests/PlanProjectionTests.swift /Users/kevinnadjarian/GitHub/Throttle/build/convergence-recovery-20260920/ThrottleTests/ServiceTests/PlanStoreCrashTests.swift /Users/kevinnadjarian/GitHub/Throttle/build/convergence-recovery-20260920/ThrottleTests/ServiceTests/PlanStoreTests.swift /Users/kevinnadjarian/GitHub/Throttle/build/convergence-recovery-20260920/ThrottleTests/ServiceTests/ProductSignalsTests.swift /Users/kevinnadjarian/GitHub/Throttle/build/convergence-recovery-20260920/ThrottleTests/ServiceTests/ProjectAssistantViewTests.swift /Users/kevinnadjarian/GitHub/Throttle/build/convergence-recovery-20260920/ThrottleTests/ServiceTests/ProjectInstructionServiceTests.swift /Users/kevinnadjarian/GitHub/Throttle/build/convergence-recovery-20260920/ThrottleTests/ServiceTests/ProjectIntakeTests.swift /Users/kevinnadjarian/GitHub/Throttle/build/convergence-recovery-20260920/ThrottleTests/ServiceTests/ProjectKnowledgeBoundaryTests.swift (in target 'ThrottleTests' from project 'Throttle')

SwiftCompile normal arm64 /Users/kevinnadjarian/GitHub/Throttle/build/convergence-recovery-20260920/ThrottleTests/ServiceTests/PlanProjectionIntegrationEventsTests.swift (in target 'ThrottleTests' from project 'Throttle')
    cd /Users/kevinnadjarian/GitHub/Throttle/build/convergence-recovery-20260920
    builtin-SwiftPerFileCompile PlanProjectionIntegrationEventsTests.swift

SwiftCompile normal arm64 /Users/kevinnadjarian/GitHub/Throttle/build/convergence-recovery-20260920/ThrottleTests/ServiceTests/PlanProjectionTests.swift (in target 'ThrottleTests' from project 'Throttle')
    cd /Users/kevinnadjarian/GitHub/Throttle/build/convergence-recovery-20260920
    builtin-SwiftPerFileCompile PlanProjectionTests.swift

SwiftCompile normal arm64 /Users/kevinnadjarian/GitHub/Throttle/build/convergence-recovery-20260920/ThrottleTests/ServiceTests/PlanStoreCrashTests.swift (in target 'ThrottleTests' from project 'Throttle')
    cd /Users/kevinnadjarian/GitHub/Throttle/build/convergence-recovery-20260920
    builtin-SwiftPerFileCompile PlanStoreCrashTests.swift

SwiftCompile normal arm64 /Users/kevinnadjarian/GitHub/Throttle/build/convergence-recovery-20260920/ThrottleTests/ServiceTests/PlanStoreTests.swift (in target 'ThrottleTests' from project 'Throttle')
    cd /Users/kevinnadjarian/GitHub/Throttle/build/convergence-recovery-20260920
    builtin-SwiftPerFileCompile PlanStoreTests.swift

SwiftCompile normal arm64 /Users/kevinnadjarian/GitHub/Throttle/build/convergence-recovery-20260920/ThrottleTests/ServiceTests/ProductSignalsTests.swift (in target 'ThrottleTests' from project 'Throttle')
    cd /Users/kevinnadjarian/GitHub/Throttle/build/convergence-recovery-20260920
    builtin-SwiftPerFileCompile ProductSignalsTests.swift

SwiftCompile normal arm64 /Users/kevinnadjarian/GitHub/Throttle/build/convergence-recovery-20260920/ThrottleTests/ServiceTests/ProjectAssistantViewTests.swift (in target 'ThrottleTests' from project 'Throttle')
    cd /Users/kevinnadjarian/GitHub/Throttle/build/convergence-recovery-20260920
    builtin-SwiftPerFileCompile ProjectAssistantViewTests.swift

SwiftCompile normal arm64 /Users/kevinnadjarian/GitHub/Throttle/build/convergence-recovery-20260920/ThrottleTests/ServiceTests/ProjectInstructionServiceTests.swift (in target 'ThrottleTests' from project 'Throttle')
    cd /Users/kevinnadjarian/GitHub/Throttle/build/convergence-recovery-20260920
    builtin-SwiftPerFileCompile ProjectInstructionServiceTests.swift

SwiftCompile normal arm64 /Users/kevinnadjarian/GitHub/Throttle/build/convergence-recovery-20260920/ThrottleTests/ServiceTests/ProjectIntakeTests.swift (in target 'ThrottleTests' from project 'Throttle')
    cd /Users/kevinnadjarian/GitHub/Throttle/build/convergence-recovery-20260920
    builtin-SwiftPerFileCompile ProjectIntakeTests.swift

SwiftCompile normal arm64 /Users/kevinnadjarian/GitHub/Throttle/build/convergence-recovery-20260920/ThrottleTests/ServiceTests/ProjectKnowledgeBoundaryTests.swift (in target 'ThrottleTests' from project 'Throttle')
    cd /Users/kevinnadjarian/GitHub/Throttle/build/convergence-recovery-20260920
    builtin-SwiftPerFileCompile ProjectKnowledgeBoundaryTests.swift

SwiftEmitModule normal arm64 Emitting\ module\ for\ ThrottleTests (in target 'ThrottleTests' from project 'Throttle')

SwiftCompile normal arm64 (in target 'ThrottleTests' from project 'Throttle')
    cd /Users/kevinnadjarian/GitHub/Throttle/build/convergence-recovery-20260920
    

SwiftCompile normal arm64 Compiling\ WorkflowParityAuditorTests.swift,\ WorkflowRecipeTests.swift,\ WorkflowReleaseGateTests.swift,\ WorkflowReleaseLedgerStoreTests.swift,\ WorkflowResultImporterTests.swift,\ WorkflowReviewGateTests.swift,\ WorkflowReviewMCPTests.swift,\ WorkflowTechnologyReuseTests.swift,\ WorkflowWorkContractTests.swift /Users/kevinnadjarian/GitHub/Throttle/build/convergence-recovery-20260920/ThrottleTests/ServiceTests/WorkflowParityAuditorTests.swift /Users/kevinnadjarian/GitHub/Throttle/build/convergence-recovery-20260920/ThrottleTests/ServiceTests/WorkflowRecipeTests.swift /Users/kevinnadjarian/GitHub/Throttle/build/convergence-recovery-20260920/ThrottleTests/ServiceTests/WorkflowReleaseGateTests.swift /Users/kevinnadjarian/GitHub/Throttle/build/convergence-recovery-20260920/ThrottleTests/ServiceTests/WorkflowReleaseLedgerStoreTests.swift /Users/kevinnadjarian/GitHub/Throttle/build/convergence-recovery-20260920/ThrottleTests/ServiceTests/WorkflowResultImporterTests.swift /Users/kevinnadjarian/GitHub/Throttle/build/convergence-recovery-20260920/ThrottleTests/ServiceTests/WorkflowReviewGateTests.swift /Users/kevinnadjarian/GitHub/Throttle/build/convergence-recovery-20260920/ThrottleTests/ServiceTests/WorkflowReviewMCPTests.swift /Users/kevinnadjarian/GitHub/Throttle/build/convergence-recovery-20260920/ThrottleTests/ServiceTests/WorkflowTechnologyReuseTests.swift /Users/kevinnadjarian/GitHub/Throttle/build/convergence-recovery-20260920/ThrottleTests/ServiceTests/WorkflowWorkContractTests.swift (in target 'ThrottleTests' from project 'Throttle')

SwiftCompile normal arm64 /Users/kevinnadjarian/GitHub/Throttle/build/convergence-recovery-20260920/ThrottleTests/ServiceTests/WorkflowParityAuditorTests.swift (in target 'ThrottleTests' from project 'Throttle')
    cd /Users/kevinnadjarian/GitHub/Throttle/build/convergence-recovery-20260920
    builtin-SwiftPerFileCompile WorkflowParityAuditorTests.swift

SwiftCompile normal arm64 /Users/kevinnadjarian/GitHub/Throttle/build/convergence-recovery-20260920/ThrottleTests/ServiceTests/WorkflowRecipeTests.swift (in target 'ThrottleTests' from project 'Throttle')
    cd /Users/kevinnadjarian/GitHub/Throttle/build/convergence-recovery-20260920
    builtin-SwiftPerFileCompile WorkflowRecipeTests.swift

SwiftCompile normal arm64 /Users/kevinnadjarian/GitHub/Throttle/build/convergence-recovery-20260920/ThrottleTests/ServiceTests/WorkflowReleaseGateTests.swift (in target 'ThrottleTests' from project 'Throttle')
    cd /Users/kevinnadjarian/GitHub/Throttle/build/convergence-recovery-20260920
    builtin-SwiftPerFileCompile WorkflowReleaseGateTests.swift

SwiftCompile normal arm64 /Users/kevinnadjarian/GitHub/Throttle/build/convergence-recovery-20260920/ThrottleTests/ServiceTests/WorkflowReleaseLedgerStoreTests.swift (in target 'ThrottleTests' from project 'Throttle')
    cd /Users/kevinnadjarian/GitHub/Throttle/build/convergence-recovery-20260920
    builtin-SwiftPerFileCompile WorkflowReleaseLedgerStoreTests.swift

SwiftCompile normal arm64 /Users/kevinnadjarian/GitHub/Throttle/build/convergence-recovery-20260920/ThrottleTests/ServiceTests/WorkflowResultImporterTests.swift (in target 'ThrottleTests' from project 'Throttle')
    cd /Users/kevinnadjarian/GitHub/Throttle/build/convergence-recovery-20260920
    builtin-SwiftPerFileCompile WorkflowResultImporterTests.swift

SwiftCompile normal arm64 /Users/kevinnadjarian/GitHub/Throttle/build/convergence-recovery-20260920/ThrottleTests/ServiceTests/WorkflowReviewGateTests.swift (in target 'ThrottleTests' from project 'Throttle')
    cd /Users/kevinnadjarian/GitHub/Throttle/build/convergence-recovery-20260920
    builtin-SwiftPerFileCompile WorkflowReviewGateTests.swift

SwiftCompile normal arm64 /Users/kevinnadjarian/GitHub/Throttle/build/convergence-recovery-20260920/ThrottleTests/ServiceTests/WorkflowReviewMCPTests.swift (in target 'ThrottleTests' from project 'Throttle')
    cd /Users/kevinnadjarian/GitHub/Throttle/build/convergence-recovery-20260920
    builtin-SwiftPerFileCompile WorkflowReviewMCPTests.swift

SwiftCompile normal arm64 /Users/kevinnadjarian/GitHub/Throttle/build/convergence-recovery-20260920/ThrottleTests/ServiceTests/WorkflowTechnologyReuseTests.swift (in target 'ThrottleTests' from project 'Throttle')
    cd /Users/kevinnadjarian/GitHub/Throttle/build/convergence-recovery-20260920
    builtin-SwiftPerFileCompile WorkflowTechnologyReuseTests.swift

SwiftCompile normal arm64 /Users/kevinnadjarian/GitHub/Throttle/build/convergence-recovery-20260920/ThrottleTests/ServiceTests/WorkflowWorkContractTests.swift (in target 'ThrottleTests' from project 'Throttle')
    cd /Users/kevinnadjarian/GitHub/Throttle/build/convergence-recovery-20260920
    builtin-SwiftPerFileCompile WorkflowWorkContractTests.swift

SwiftDriverJobDiscovery normal arm64 Emitting module for ThrottleTests (in target 'ThrottleTests' from project 'Throttle')

SwiftDriver\ Compilation\ Requirements ThrottleTests normal arm64 com.apple.xcode.tools.swift.compiler (in target 'ThrottleTests' from project 'Throttle')
    cd /Users/kevinnadjarian/GitHub/Throttle/build/convergence-recovery-20260920
    builtin-Swift-Compilation-Requirements -- /Applications/Xcode.app/Contents/Developer/Toolchains/XcodeDefault.xctoolchain/usr/bin/swiftc -module-name ThrottleTests -Onone @/Volumes/DeveloperStorage/BuildScratch/throttle-convergence-20260920/DerivedData/Build/Intermediates.noindex/Throttle.build/Debug/ThrottleTests.build/Objects-normal/arm64/ThrottleTests.SwiftFileList -DDEBUG -Xcc -fmodule-map-file\=/Volumes/DeveloperStorage/BuildScratch/throttle-convergence-20260920/SourcePackages/checkouts/GRDB.swift/Sources/CSQLite/module.modulemap -Xcc -fmodule-map-file\=/Volumes/DeveloperStorage/BuildScratch/throttle-convergence-20260920/SourcePackages/checkouts/swift-numerics/Sources/_NumericsShims/include/module.modulemap -Xcc -fmodule-map-file\=/Volumes/DeveloperStorage/BuildScratch/throttle-convergence-20260920/SourcePackages/checkouts/mlx-swift/Source/Cmlx/include/module.modulemap -Xcc -fmodule-map-file\=/Volumes/DeveloperStorage/BuildScratch/throttle-convergence-20260920/SourcePackages/checkouts/swift-atomics/Sources/_AtomicsShims/include/module.modulemap -Xcc -fmodule-map-file\=/Volumes/DeveloperStorage/BuildScratch/throttle-convergence-20260920/DerivedData/Build/Intermediates.noindex/GeneratedModuleMaps/CNIOWASI.modulemap -Xcc -fmodule-map-file\=/Volumes/DeveloperStorage/BuildScratch/throttle-convergence-20260920/SourcePackages/checkouts/swift-nio/Sources/CNIOWindows/include/module.modulemap -Xcc -fmodule-map-file\=/Volumes/DeveloperStorage/BuildScratch/throttle-convergence-20260920/DerivedData/Build/Intermediates.noindex/GeneratedModuleMaps/CNIOLinux.modulemap -Xcc -fmodule-map-file\=/Volumes/DeveloperStorage/BuildScratch/throttle-convergence-20260920/DerivedData/Build/Intermediates.noindex/GeneratedModuleMaps/CNIODarwin.modulemap -Xcc -fmodule-map-file\=/Volumes/DeveloperStorage/BuildScratch/throttle-convergence-20260920/DerivedData/Build/Intermediates.noindex/GeneratedModuleMaps/CNIOFreeBSD.modulemap -Xcc -fmodule-map-file\=/Volumes/DeveloperStorage/BuildScratch/throttle-convergence-20260920/DerivedData/Build/Intermediates.noindex/GeneratedModuleMaps/CNIOOpenBSD.modulemap -Xcc -fmodule-map-file\=/Volumes/DeveloperStorage/BuildScratch/throttle-convergence-20260920/DerivedData/Build/Intermediates.noindex/GeneratedModuleMaps/CNIOAtomics.modulemap -Xcc -fmodule-map-file\=/Volumes/DeveloperStorage/BuildScratch/throttle-convergence-20260920/DerivedData/Build/Intermediates.noindex/GeneratedModuleMaps/yyjson.modulemap -plugin-path /Applications/Xcode.app/Contents/Developer/Toolchains/XcodeDefault.xctoolchain/usr/lib/swift/host/plugins/testing -enable-experimental-feature DebugDescriptionMacro -sdk /Applications/Xcode.app/Contents/Developer/Platforms/MacOSX.platform/Developer/SDKs/MacOSX27.0.sdk -target arm64-apple-macos14.0 -g -module-cache-path /Volumes/DeveloperStorage/BuildScratch/throttle-convergence-20260920/DerivedData/ModuleCache.noindex -Xfrontend -serialize-debugging-options -profile-coverage-mapping -profile-generate -enable-testing -warnings-as-errors -index-store-path /Volumes/DeveloperStorage/BuildScratch/throttle-convergence-20260920/DerivedData/Index.noindex/DataStore -Xcc -D_LIBCPP_HARDENING_MODE\=_LIBCPP_HARDENING_MODE_DEBUG -swift-version 6 -I /Volumes/DeveloperStorage/BuildScratch/throttle-convergence-20260920/DerivedData/Build/Products/Debug -Isystem /Applications/Xcode.app/Contents/Developer/Platforms/MacOSX.platform/Developer/usr/lib -F /Volumes/DeveloperStorage/BuildScratch/throttle-convergence-20260920/DerivedData/Build/Products/Debug/PackageFrameworks -F /Volumes/DeveloperStorage/BuildScratch/throttle-convergence-20260920/DerivedData/Build/Products/Debug -F /Applications/Xcode.app/Contents/Developer/Platforms/MacOSX.platform/Developer/Library/Frameworks -Xfrontend -load-plugin-executable -Xfrontend /Volumes/DeveloperStorage/BuildScratch/throttle-convergence-20260920/DerivedData/Build/Products/Debug/MLXHuggingFaceMacros\#MLXHuggingFaceMacros -c -j10 -enable-batch-mode -incremental -Xcc -ivfsstatcache -Xcc /Volumes/DeveloperStorage/BuildScratch/throttle-convergence-20260920/DerivedData/SDKStatCaches.noindex/macosx27.0-26A425-e829b21a6f8c9b70876ba0858053c0447231f6df4def33e022ae2eb8f782df1a.sdkstatcache -output-file-map /Volumes/DeveloperStorage/BuildScratch/throttle-convergence-20260920/DerivedData/Build/Intermediates.noindex/Throttle.build/Debug/ThrottleTests.build/Objects-normal/arm64/ThrottleTests-OutputFileMap.json -save-temps -no-color-diagnostics -explicit-module-build -module-cache-path /Volumes/DeveloperStorage/BuildScratch/throttle-convergence-20260920/DerivedData/Build/Intermediates.noindex/SwiftExplicitPrecompiledModules -clang-scanner-module-cache-path /Volumes/DeveloperStorage/BuildScratch/throttle-convergence-20260920/DerivedData/ModuleCache.noindex -sdk-module-cache-path /Volumes/DeveloperStorage/BuildScratch/throttle-convergence-20260920/DerivedData/SDKExplicitPrecompiledModules -emit-dependencies -emit-module -emit-module-path /Volumes/DeveloperStorage/BuildScratch/throttle-convergence-20260920/DerivedData/Build/Intermediates.noindex/Throttle.build/Debug/ThrottleTests.build/Objects-normal/arm64/ThrottleTests.swiftmodule -serialize-diagnostics -dependency-scan-serialize-diagnostics-path /Volumes/DeveloperStorage/BuildScratch/throttle-convergence-20260920/DerivedData/Build/Intermediates.noindex/Throttle.build/Debug/ThrottleTests.build/Objects-normal/arm64/ThrottleTests-dependency-scan.dia -validate-clang-modules-once -clang-build-session-file /Volumes/DeveloperStorage/BuildScratch/throttle-convergence-20260920/DerivedData/ModuleCache.noindex/Session.modulevalidation -Xcc -fmodules-prune-interval\=86400 -Xcc -fmodules-prune-after\=345600 -emit-const-values -const-gather-protocols-list /Volumes/DeveloperStorage/BuildScratch/throttle-convergence-20260920/DerivedData/Build/Intermediates.noindex/Throttle.build/Debug/ThrottleTests.build/Objects-normal/arm64/ThrottleTests_const_extract_protocols.json -Xcc -iquote -Xcc /Volumes/DeveloperStorage/BuildScratch/throttle-convergence-20260920/DerivedData/Build/Intermediates.noindex/Throttle.build/Debug/ThrottleTests.build/ThrottleTests-generated-files.hmap -Xcc -I/Volumes/DeveloperStorage/BuildScratch/throttle-convergence-20260920/DerivedData/Build/Intermediates.noindex/Throttle.build/Debug/ThrottleTests.build/ThrottleTests-own-target-headers.hmap -Xcc -I/Volumes/DeveloperStorage/BuildScratch/throttle-convergence-20260920/DerivedData/Build/Intermediates.noindex/Throttle.build/Debug/ThrottleTests.build/ThrottleTests-all-non-framework-target-headers.hmap -Xcc -ivfsoverlay -Xcc /Volumes/DeveloperStorage/BuildScratch/throttle-convergence-20260920/DerivedData/Build/Intermediates.noindex/Throttle.build/Debug/Throttle-c41c58a016fc9f4310c5f27451fa5182-VFS/all-product-headers.yaml -Xcc -iquote -Xcc /Volumes/DeveloperStorage/BuildScratch/throttle-convergence-20260920/DerivedData/Build/Intermediates.noindex/Throttle.build/Debug/ThrottleTests.build/ThrottleTests-project-headers.hmap -Xcc -I/Volumes/DeveloperStorage/BuildScratch/throttle-convergence-20260920/SourcePackages/checkouts/swift-numerics/Sources/_NumericsShims/include -Xcc -I/Volumes/DeveloperStorage/BuildScratch/throttle-convergence-20260920/SourcePackages/checkouts/mlx-swift/Source/Cmlx/include -Xcc -I/Volumes/DeveloperStorage/BuildScratch/throttle-convergence-20260920/SourcePackages/checkouts/swift-atomics/Sources/_AtomicsShims/include -Xcc -I/Volumes/DeveloperStorage/BuildScratch/throttle-convergence-20260920/SourcePackages/checkouts/swift-nio/Sources/CNIOWASI/include -Xcc -I/Volumes/DeveloperStorage/BuildScratch/throttle-convergence-20260920/SourcePackages/checkouts/swift-nio/Sources/CNIOWindows/include -Xcc -I/Volumes/DeveloperStorage/BuildScratch/throttle-convergence-20260920/SourcePackages/checkouts/swift-nio/Sources/CNIOLinux/include -Xcc -I/Volumes/DeveloperStorage/BuildScratch/throttle-convergence-20260920/SourcePackages/checkouts/swift-nio/Sources/CNIODarwin/include -Xcc -I/Volumes/DeveloperStorage/BuildScratch/throttle-convergence-20260920/SourcePackages/checkouts/swift-nio/Sources/CNIOFreeBSD/include -Xcc -I/Volumes/DeveloperStorage/BuildScratch/throttle-convergence-20260920/SourcePackages/checkouts/swift-nio/Sources/CNIOOpenBSD/include -Xcc -I/Volumes/DeveloperStorage/BuildScratch/throttle-convergence-20260920/SourcePackages/checkouts/swift-nio/Sources/CNIOAtomics/include -Xcc -I/Volumes/DeveloperStorage/BuildScratch/throttle-convergence-20260920/SourcePackages/checkouts/yyjson/src -Xcc -I/Volumes/DeveloperStorage/BuildScratch/throttle-convergence-20260920/DerivedData/Build/Products/Debug/include -Xcc -I/Volumes/DeveloperStorage/BuildScratch/throttle-convergence-20260920/DerivedData/Build/Intermediates.noindex/Throttle.build/Debug/ThrottleTests.build/DerivedSources-normal/arm64 -Xcc -I/Volumes/DeveloperStorage/BuildScratch/throttle-convergence-20260920/DerivedData/Build/Intermediates.noindex/Throttle.build/Debug/ThrottleTests.build/DerivedSources/arm64 -Xcc -I/Volumes/DeveloperStorage/BuildScratch/throttle-convergence-20260920/DerivedData/Build/Intermediates.noindex/Throttle.build/Debug/ThrottleTests.build/DerivedSources -Xcc -DDEBUG\=1 -emit-objc-header -emit-objc-header-path /Volumes/DeveloperStorage/BuildScratch/throttle-convergence-20260920/DerivedData/Build/Intermediates.noindex/Throttle.build/Debug/ThrottleTests.build/Objects-normal/arm64/ThrottleTests-Swift.h -working-directory /Users/kevinnadjarian/GitHub/Throttle/build/convergence-recovery-20260920 -experimental-emit-module-separately -disable-cmo

SwiftDriverJobDiscovery normal arm64 Compiling PlanProjectionIntegrationEventsTests.swift, PlanProjectionTests.swift, PlanStoreCrashTests.swift, PlanStoreTests.swift, ProductSignalsTests.swift, ProjectAssistantViewTests.swift, ProjectInstructionServiceTests.swift, ProjectIntakeTests.swift, ProjectKnowledgeBoundaryTests.swift (in target 'ThrottleTests' from project 'Throttle')

SwiftCompile normal arm64 Compiling\ PlanMCPAuthorityLifecycleTests.swift,\ PlanMCPAuthorityTests.swift,\ PlanMCPIntakeAuthorityTests.swift,\ PlanMCPMissionFenceTests.swift,\ PlanMCPRetryTests.swift,\ PlanMCPSchemaContractTests.swift,\ PlanMCPTaskRouterTests.swift,\ PlanMCPToolsTests.swift,\ PlanOrientationTests.swift /Users/kevinnadjarian/GitHub/Throttle/build/convergence-recovery-20260920/ThrottleTests/ServiceTests/PlanMCPAuthorityLifecycleTests.swift /Users/kevinnadjarian/GitHub/Throttle/build/convergence-recovery-20260920/ThrottleTests/ServiceTests/PlanMCPAuthorityTests.swift /Users/kevinnadjarian/GitHub/Throttle/build/convergence-recovery-20260920/ThrottleTests/ServiceTests/PlanMCPIntakeAuthorityTests.swift /Users/kevinnadjarian/GitHub/Throttle/build/convergence-recovery-20260920/ThrottleTests/ServiceTests/PlanMCPMissionFenceTests.swift /Users/kevinnadjarian/GitHub/Throttle/build/convergence-recovery-20260920/ThrottleTests/ServiceTests/PlanMCPRetryTests.swift /Users/kevinnadjarian/GitHub/Throttle/build/convergence-recovery-20260920/ThrottleTests/ServiceTests/PlanMCPSchemaContractTests.swift /Users/kevinnadjarian/GitHub/Throttle/build/convergence-recovery-20260920/ThrottleTests/ServiceTests/PlanMCPTaskRouterTests.swift /Users/kevinnadjarian/GitHub/Throttle/build/convergence-recovery-20260920/ThrottleTests/ServiceTests/PlanMCPToolsTests.swift /Users/kevinnadjarian/GitHub/Throttle/build/convergence-recovery-20260920/ThrottleTests/ServiceTests/PlanOrientationTests.swift (in target 'ThrottleTests' from project 'Throttle')

SwiftCompile normal arm64 /Users/kevinnadjarian/GitHub/Throttle/build/convergence-recovery-20260920/ThrottleTests/ServiceTests/PlanMCPAuthorityLifecycleTests.swift (in target 'ThrottleTests' from project 'Throttle')
    cd /Users/kevinnadjarian/GitHub/Throttle/build/convergence-recovery-20260920
    builtin-SwiftPerFileCompile PlanMCPAuthorityLifecycleTests.swift

SwiftCompile normal arm64 /Users/kevinnadjarian/GitHub/Throttle/build/convergence-recovery-20260920/ThrottleTests/ServiceTests/PlanMCPAuthorityTests.swift (in target 'ThrottleTests' from project 'Throttle')
    cd /Users/kevinnadjarian/GitHub/Throttle/build/convergence-recovery-20260920
    builtin-SwiftPerFileCompile PlanMCPAuthorityTests.swift

SwiftCompile normal arm64 /Users/kevinnadjarian/GitHub/Throttle/build/convergence-recovery-20260920/ThrottleTests/ServiceTests/PlanMCPIntakeAuthorityTests.swift (in target 'ThrottleTests' from project 'Throttle')
    cd /Users/kevinnadjarian/GitHub/Throttle/build/convergence-recovery-20260920
    builtin-SwiftPerFileCompile PlanMCPIntakeAuthorityTests.swift

SwiftCompile normal arm64 /Users/kevinnadjarian/GitHub/Throttle/build/convergence-recovery-20260920/ThrottleTests/ServiceTests/PlanMCPMissionFenceTests.swift (in target 'ThrottleTests' from project 'Throttle')
    cd /Users/kevinnadjarian/GitHub/Throttle/build/convergence-recovery-20260920
    builtin-SwiftPerFileCompile PlanMCPMissionFenceTests.swift

SwiftCompile normal arm64 /Users/kevinnadjarian/GitHub/Throttle/build/convergence-recovery-20260920/ThrottleTests/ServiceTests/PlanMCPRetryTests.swift (in target 'ThrottleTests' from project 'Throttle')
    cd /Users/kevinnadjarian/GitHub/Throttle/build/convergence-recovery-20260920
    builtin-SwiftPerFileCompile PlanMCPRetryTests.swift

SwiftCompile normal arm64 /Users/kevinnadjarian/GitHub/Throttle/build/convergence-recovery-20260920/ThrottleTests/ServiceTests/PlanMCPSchemaContractTests.swift (in target 'ThrottleTests' from project 'Throttle')
    cd /Users/kevinnadjarian/GitHub/Throttle/build/convergence-recovery-20260920
    builtin-SwiftPerFileCompile PlanMCPSchemaContractTests.swift

SwiftCompile normal arm64 /Users/kevinnadjarian/GitHub/Throttle/build/convergence-recovery-20260920/ThrottleTests/ServiceTests/PlanMCPTaskRouterTests.swift (in target 'ThrottleTests' from project 'Throttle')
    cd /Users/kevinnadjarian/GitHub/Throttle/build/convergence-recovery-20260920
    builtin-SwiftPerFileCompile PlanMCPTaskRouterTests.swift

SwiftCompile normal arm64 /Users/kevinnadjarian/GitHub/Throttle/build/convergence-recovery-20260920/ThrottleTests/ServiceTests/PlanMCPToolsTests.swift (in target 'ThrottleTests' from project 'Throttle')
    cd /Users/kevinnadjarian/GitHub/Throttle/build/convergence-recovery-20260920
    builtin-SwiftPerFileCompile PlanMCPToolsTests.swift

SwiftCompile normal arm64 /Users/kevinnadjarian/GitHub/Throttle/build/convergence-recovery-20260920/ThrottleTests/ServiceTests/PlanOrientationTests.swift (in target 'ThrottleTests' from project 'Throttle')
    cd /Users/kevinnadjarian/GitHub/Throttle/build/convergence-recovery-20260920
    builtin-SwiftPerFileCompile PlanOrientationTests.swift

Copy /Volumes/DeveloperStorage/BuildScratch/throttle-convergence-20260920/DerivedData/Build/Products/Debug/ThrottleTests.swiftmodule/arm64-apple-macos.abi.json /Volumes/DeveloperStorage/BuildScratch/throttle-convergence-20260920/DerivedData/Build/Intermediates.noindex/Throttle.build/Debug/ThrottleTests.build/Objects-normal/arm64/ThrottleTests.abi.json (in target 'ThrottleTests' from project 'Throttle')
    cd /Users/kevinnadjarian/GitHub/Throttle/build/convergence-recovery-20260920
    builtin-copy -exclude .DS_Store -exclude CVS -exclude .svn -exclude .git -exclude .hg -resolve-src-symlinks -rename /Volumes/DeveloperStorage/BuildScratch/throttle-convergence-20260920/DerivedData/Build/Intermediates.noindex/Throttle.build/Debug/ThrottleTests.build/Objects-normal/arm64/ThrottleTests.abi.json /Volumes/DeveloperStorage/BuildScratch/throttle-convergence-20260920/DerivedData/Build/Products/Debug/ThrottleTests.swiftmodule/arm64-apple-macos.abi.json

SwiftDriverJobDiscovery normal arm64 Compiling WorkflowParityAuditorTests.swift, WorkflowRecipeTests.swift, WorkflowReleaseGateTests.swift, WorkflowReleaseLedgerStoreTests.swift, WorkflowResultImporterTests.swift, WorkflowReviewGateTests.swift, WorkflowReviewMCPTests.swift, WorkflowTechnologyReuseTests.swift, WorkflowWorkContractTests.swift (in target 'ThrottleTests' from project 'Throttle')

Copy /Volumes/DeveloperStorage/BuildScratch/throttle-convergence-20260920/DerivedData/Build/Products/Debug/ThrottleTests.swiftmodule/Project/arm64-apple-macos.swiftsourceinfo /Volumes/DeveloperStorage/BuildScratch/throttle-convergence-20260920/DerivedData/Build/Intermediates.noindex/Throttle.build/Debug/ThrottleTests.build/Objects-normal/arm64/ThrottleTests.swiftsourceinfo (in target 'ThrottleTests' from project 'Throttle')
    cd /Users/kevinnadjarian/GitHub/Throttle/build/convergence-recovery-20260920
    builtin-copy -exclude .DS_Store -exclude CVS -exclude .svn -exclude .git -exclude .hg -resolve-src-symlinks -rename /Volumes/DeveloperStorage/BuildScratch/throttle-convergence-20260920/DerivedData/Build/Intermediates.noindex/Throttle.build/Debug/ThrottleTests.build/Objects-normal/arm64/ThrottleTests.swiftsourceinfo /Volumes/DeveloperStorage/BuildScratch/throttle-convergence-20260920/DerivedData/Build/Products/Debug/ThrottleTests.swiftmodule/Project/arm64-apple-macos.swiftsourceinfo

SwiftCompile normal arm64 Compiling\ RemoteTransferGitTests.swift,\ RemoteTransferJournalTests.swift,\ RemoteTransferReturnTests.swift,\ RepoIndexerTests.swift,\ ResearchVaultFolderSourceStoreTests.swift,\ ResearchVaultNotebookSyncTests.swift,\ ResearchVaultSpaceStoreTests.swift,\ ResearchVaultURLIntakeTests.swift,\ ResearchVaultWorkbenchProjectionTests.swift /Users/kevinnadjarian/GitHub/Throttle/build/convergence-recovery-20260920/ThrottleTests/ServiceTests/RemoteTransferGitTests.swift /Users/kevinnadjarian/GitHub/Throttle/build/convergence-recovery-20260920/ThrottleTests/ServiceTests/RemoteTransferJournalTests.swift /Users/kevinnadjarian/GitHub/Throttle/build/convergence-recovery-20260920/ThrottleTests/ServiceTests/RemoteTransferReturnTests.swift /Users/kevinnadjarian/GitHub/Throttle/build/convergence-recovery-20260920/ThrottleTests/ServiceTests/RepoIndexerTests.swift /Users/kevinnadjarian/GitHub/Throttle/build/convergence-recovery-20260920/ThrottleTests/ResearchVaultFolderSourceStoreTests.swift /Users/kevinnadjarian/GitHub/Throttle/build/convergence-recovery-20260920/ThrottleTests/ResearchVaultNotebookSyncTests.swift /Users/kevinnadjarian/GitHub/Throttle/build/convergence-recovery-20260920/ThrottleTests/ResearchVaultSpaceStoreTests.swift /Users/kevinnadjarian/GitHub/Throttle/build/convergence-recovery-20260920/ThrottleTests/ServiceTests/ResearchVaultURLIntakeTests.swift /Users/kevinnadjarian/GitHub/Throttle/build/convergence-recovery-20260920/ThrottleTests/ResearchVaultWorkbenchProjectionTests.swift (in target 'ThrottleTests' from project 'Throttle')

SwiftCompile normal arm64 /Users/kevinnadjarian/GitHub/Throttle/build/convergence-recovery-20260920/ThrottleTests/ServiceTests/RemoteTransferGitTests.swift (in target 'ThrottleTests' from project 'Throttle')
    cd /Users/kevinnadjarian/GitHub/Throttle/build/convergence-recovery-20260920
    builtin-SwiftPerFileCompile RemoteTransferGitTests.swift

SwiftCompile normal arm64 /Users/kevinnadjarian/GitHub/Throttle/build/convergence-recovery-20260920/ThrottleTests/ServiceTests/RemoteTransferJournalTests.swift (in target 'ThrottleTests' from project 'Throttle')
    cd /Users/kevinnadjarian/GitHub/Throttle/build/convergence-recovery-20260920
    builtin-SwiftPerFileCompile RemoteTransferJournalTests.swift

SwiftCompile normal arm64 /Users/kevinnadjarian/GitHub/Throttle/build/convergence-recovery-20260920/ThrottleTests/ServiceTests/RemoteTransferReturnTests.swift (in target 'ThrottleTests' from project 'Throttle')
    cd /Users/kevinnadjarian/GitHub/Throttle/build/convergence-recovery-20260920
    builtin-SwiftPerFileCompile RemoteTransferReturnTests.swift

SwiftCompile normal arm64 /Users/kevinnadjarian/GitHub/Throttle/build/convergence-recovery-20260920/ThrottleTests/ServiceTests/RepoIndexerTests.swift (in target 'ThrottleTests' from project 'Throttle')
    cd /Users/kevinnadjarian/GitHub/Throttle/build/convergence-recovery-20260920
    builtin-SwiftPerFileCompile RepoIndexerTests.swift

SwiftCompile normal arm64 /Users/kevinnadjarian/GitHub/Throttle/build/convergence-recovery-20260920/ThrottleTests/ResearchVaultFolderSourceStoreTests.swift (in target 'ThrottleTests' from project 'Throttle')
    cd /Users/kevinnadjarian/GitHub/Throttle/build/convergence-recovery-20260920
    builtin-SwiftPerFileCompile ResearchVaultFolderSourceStoreTests.swift

SwiftCompile normal arm64 /Users/kevinnadjarian/GitHub/Throttle/build/convergence-recovery-20260920/ThrottleTests/ResearchVaultNotebookSyncTests.swift (in target 'ThrottleTests' from project 'Throttle')
    cd /Users/kevinnadjarian/GitHub/Throttle/build/convergence-recovery-20260920
    builtin-SwiftPerFileCompile ResearchVaultNotebookSyncTests.swift

SwiftCompile normal arm64 /Users/kevinnadjarian/GitHub/Throttle/build/convergence-recovery-20260920/ThrottleTests/ResearchVaultSpaceStoreTests.swift (in target 'ThrottleTests' from project 'Throttle')
    cd /Users/kevinnadjarian/GitHub/Throttle/build/convergence-recovery-20260920
    builtin-SwiftPerFileCompile ResearchVaultSpaceStoreTests.swift

SwiftCompile normal arm64 /Users/kevinnadjarian/GitHub/Throttle/build/convergence-recovery-20260920/ThrottleTests/ServiceTests/ResearchVaultURLIntakeTests.swift (in target 'ThrottleTests' from project 'Throttle')
    cd /Users/kevinnadjarian/GitHub/Throttle/build/convergence-recovery-20260920
    builtin-SwiftPerFileCompile ResearchVaultURLIntakeTests.swift

SwiftCompile normal arm64 /Users/kevinnadjarian/GitHub/Throttle/build/convergence-recovery-20260920/ThrottleTests/ResearchVaultWorkbenchProjectionTests.swift (in target 'ThrottleTests' from project 'Throttle')
    cd /Users/kevinnadjarian/GitHub/Throttle/build/convergence-recovery-20260920
    builtin-SwiftPerFileCompile ResearchVaultWorkbenchProjectionTests.swift

SwiftDriverJobDiscovery normal arm64 Compiling PlanMCPAuthorityLifecycleTests.swift, PlanMCPAuthorityTests.swift, PlanMCPIntakeAuthorityTests.swift, PlanMCPMissionFenceTests.swift, PlanMCPRetryTests.swift, PlanMCPSchemaContractTests.swift, PlanMCPTaskRouterTests.swift, PlanMCPToolsTests.swift, PlanOrientationTests.swift (in target 'ThrottleTests' from project 'Throttle')

SwiftCompile normal arm64 Compiling\ ProjectKnowledgeExplorerTests.swift,\ ProjectKnowledgeRaceTests.swift,\ ProjectOverviewProjectionTests.swift,\ PromptCacheImpactServiceTests.swift,\ PromptRefinerModelTests.swift,\ PromptRefinerServiceTests.swift,\ ReadFirewallScannerTests.swift,\ RedTeamCampaignStoreTests.swift,\ RemoteSessionsCredentialTests.swift /Users/kevinnadjarian/GitHub/Throttle/build/convergence-recovery-20260920/ThrottleTests/ServiceTests/ProjectKnowledgeExplorerTests.swift /Users/kevinnadjarian/GitHub/Throttle/build/convergence-recovery-20260920/ThrottleTests/ServiceTests/ProjectKnowledgeRaceTests.swift /Users/kevinnadjarian/GitHub/Throttle/build/convergence-recovery-20260920/ThrottleTests/ServiceTests/ProjectOverviewProjectionTests.swift /Users/kevinnadjarian/GitHub/Throttle/build/convergence-recovery-20260920/ThrottleTests/ServiceTests/PromptCacheImpactServiceTests.swift /Users/kevinnadjarian/GitHub/Throttle/build/convergence-recovery-20260920/ThrottleTests/ServiceTests/PromptRefinerModelTests.swift /Users/kevinnadjarian/GitHub/Throttle/build/convergence-recovery-20260920/ThrottleTests/ServiceTests/PromptRefinerServiceTests.swift /Users/kevinnadjarian/GitHub/Throttle/build/convergence-recovery-20260920/ThrottleTests/ServiceTests/ReadFirewallScannerTests.swift /Users/kevinnadjarian/GitHub/Throttle/build/convergence-recovery-20260920/ThrottleTests/ServiceTests/RedTeamCampaignStoreTests.swift /Users/kevinnadjarian/GitHub/Throttle/build/convergence-recovery-20260920/ThrottleTests/ServiceTests/RemoteSessionsCredentialTests.swift (in target 'ThrottleTests' from project 'Throttle')

SwiftCompile normal arm64 /Users/kevinnadjarian/GitHub/Throttle/build/convergence-recovery-20260920/ThrottleTests/ServiceTests/ProjectKnowledgeExplorerTests.swift (in target 'ThrottleTests' from project 'Throttle')
    cd /Users/kevinnadjarian/GitHub/Throttle/build/convergence-recovery-20260920
    builtin-SwiftPerFileCompile ProjectKnowledgeExplorerTests.swift

SwiftCompile normal arm64 /Users/kevinnadjarian/GitHub/Throttle/build/convergence-recovery-20260920/ThrottleTests/ServiceTests/ProjectKnowledgeRaceTests.swift (in target 'ThrottleTests' from project 'Throttle')
    cd /Users/kevinnadjarian/GitHub/Throttle/build/convergence-recovery-20260920
    builtin-SwiftPerFileCompile ProjectKnowledgeRaceTests.swift

SwiftCompile normal arm64 /Users/kevinnadjarian/GitHub/Throttle/build/convergence-recovery-20260920/ThrottleTests/ServiceTests/ProjectOverviewProjectionTests.swift (in target 'ThrottleTests' from project 'Throttle')
    cd /Users/kevinnadjarian/GitHub/Throttle/build/convergence-recovery-20260920
    builtin-SwiftPerFileCompile ProjectOverviewProjectionTests.swift

SwiftCompile normal arm64 /Users/kevinnadjarian/GitHub/Throttle/build/convergence-recovery-20260920/ThrottleTests/ServiceTests/PromptCacheImpactServiceTests.swift (in target 'ThrottleTests' from project 'Throttle')
    cd /Users/kevinnadjarian/GitHub/Throttle/build/convergence-recovery-20260920
    builtin-SwiftPerFileCompile PromptCacheImpactServiceTests.swift

SwiftCompile normal arm64 /Users/kevinnadjarian/GitHub/Throttle/build/convergence-recovery-20260920/ThrottleTests/ServiceTests/PromptRefinerModelTests.swift (in target 'ThrottleTests' from project 'Throttle')
    cd /Users/kevinnadjarian/GitHub/Throttle/build/convergence-recovery-20260920
    builtin-SwiftPerFileCompile PromptRefinerModelTests.swift

SwiftCompile normal arm64 /Users/kevinnadjarian/GitHub/Throttle/build/convergence-recovery-20260920/ThrottleTests/ServiceTests/PromptRefinerServiceTests.swift (in target 'ThrottleTests' from project 'Throttle')
    cd /Users/kevinnadjarian/GitHub/Throttle/build/convergence-recovery-20260920
    builtin-SwiftPerFileCompile PromptRefinerServiceTests.swift

SwiftCompile normal arm64 /Users/kevinnadjarian/GitHub/Throttle/build/convergence-recovery-20260920/ThrottleTests/ServiceTests/ReadFirewallScannerTests.swift (in target 'ThrottleTests' from project 'Throttle')
    cd /Users/kevinnadjarian/GitHub/Throttle/build/convergence-recovery-20260920
    builtin-SwiftPerFileCompile ReadFirewallScannerTests.swift

SwiftCompile normal arm64 /Users/kevinnadjarian/GitHub/Throttle/build/convergence-recovery-20260920/ThrottleTests/ServiceTests/RedTeamCampaignStoreTests.swift (in target 'ThrottleTests' from project 'Throttle')
    cd /Users/kevinnadjarian/GitHub/Throttle/build/convergence-recovery-20260920
    builtin-SwiftPerFileCompile RedTeamCampaignStoreTests.swift

SwiftCompile normal arm64 /Users/kevinnadjarian/GitHub/Throttle/build/convergence-recovery-20260920/ThrottleTests/ServiceTests/RemoteSessionsCredentialTests.swift (in target 'ThrottleTests' from project 'Throttle')
    cd /Users/kevinnadjarian/GitHub/Throttle/build/convergence-recovery-20260920
    builtin-SwiftPerFileCompile RemoteSessionsCredentialTests.swift

SwiftCompile normal arm64 Compiling\ ReviewedPasteServiceTests.swift,\ RouterAdvisorCacheTests.swift,\ SemanticAutoIndexerTests.swift,\ SemanticIndexTests.swift,\ SessionFileParserTests.swift,\ SessionProjectResolverTests.swift,\ SessionReentryDigestTests.swift,\ SessionResourceEnvelopeTests.swift,\ SessionStateDotTests.swift /Users/kevinnadjarian/GitHub/Throttle/build/convergence-recovery-20260920/ThrottleTests/ServiceTests/ReviewedPasteServiceTests.swift /Users/kevinnadjarian/GitHub/Throttle/build/convergence-recovery-20260920/ThrottleTests/ServiceTests/RouterAdvisorCacheTests.swift /Users/kevinnadjarian/GitHub/Throttle/build/convergence-recovery-20260920/ThrottleTests/ServiceTests/SemanticAutoIndexerTests.swift /Users/kevinnadjarian/GitHub/Throttle/build/convergence-recovery-20260920/ThrottleTests/ServiceTests/SemanticIndexTests.swift /Users/kevinnadjarian/GitHub/Throttle/build/convergence-recovery-20260920/ThrottleTests/ParserTests/SessionFileParserTests.swift /Users/kevinnadjarian/GitHub/Throttle/build/convergence-recovery-20260920/ThrottleTests/ServiceTests/SessionProjectResolverTests.swift /Users/kevinnadjarian/GitHub/Throttle/build/convergence-recovery-20260920/ThrottleTests/ServiceTests/SessionReentryDigestTests.swift /Users/kevinnadjarian/GitHub/Throttle/build/convergence-recovery-20260920/ThrottleTests/ServiceTests/SessionResourceEnvelopeTests.swift /Users/kevinnadjarian/GitHub/Throttle/build/convergence-recovery-20260920/ThrottleTests/StateTests/SessionStateDotTests.swift (in target 'ThrottleTests' from project 'Throttle')

SwiftCompile normal arm64 /Users/kevinnadjarian/GitHub/Throttle/build/convergence-recovery-20260920/ThrottleTests/ServiceTests/ReviewedPasteServiceTests.swift (in target 'ThrottleTests' from project 'Throttle')
    cd /Users/kevinnadjarian/GitHub/Throttle/build/convergence-recovery-20260920
    builtin-SwiftPerFileCompile ReviewedPasteServiceTests.swift

SwiftCompile normal arm64 /Users/kevinnadjarian/GitHub/Throttle/build/convergence-recovery-20260920/ThrottleTests/ServiceTests/RouterAdvisorCacheTests.swift (in target 'ThrottleTests' from project 'Throttle')
    cd /Users/kevinnadjarian/GitHub/Throttle/build/convergence-recovery-20260920
    builtin-SwiftPerFileCompile RouterAdvisorCacheTests.swift

SwiftCompile normal arm64 /Users/kevinnadjarian/GitHub/Throttle/build/convergence-recovery-20260920/ThrottleTests/ServiceTests/SemanticAutoIndexerTests.swift (in target 'ThrottleTests' from project 'Throttle')
    cd /Users/kevinnadjarian/GitHub/Throttle/build/convergence-recovery-20260920
    builtin-SwiftPerFileCompile SemanticAutoIndexerTests.swift

SwiftCompile normal arm64 /Users/kevinnadjarian/GitHub/Throttle/build/convergence-recovery-20260920/ThrottleTests/ServiceTests/SemanticIndexTests.swift (in target 'ThrottleTests' from project 'Throttle')
    cd /Users/kevinnadjarian/GitHub/Throttle/build/convergence-recovery-20260920
    builtin-SwiftPerFileCompile SemanticIndexTests.swift

SwiftCompile normal arm64 /Users/kevinnadjarian/GitHub/Throttle/build/convergence-recovery-20260920/ThrottleTests/ParserTests/SessionFileParserTests.swift (in target 'ThrottleTests' from project 'Throttle')
    cd /Users/kevinnadjarian/GitHub/Throttle/build/convergence-recovery-20260920
    builtin-SwiftPerFileCompile SessionFileParserTests.swift

SwiftCompile normal arm64 /Users/kevinnadjarian/GitHub/Throttle/build/convergence-recovery-20260920/ThrottleTests/ServiceTests/SessionProjectResolverTests.swift (in target 'ThrottleTests' from project 'Throttle')
    cd /Users/kevinnadjarian/GitHub/Throttle/build/convergence-recovery-20260920
    builtin-SwiftPerFileCompile SessionProjectResolverTests.swift

SwiftCompile normal arm64 /Users/kevinnadjarian/GitHub/Throttle/build/convergence-recovery-20260920/ThrottleTests/ServiceTests/SessionReentryDigestTests.swift (in target 'ThrottleTests' from project 'Throttle')
    cd /Users/kevinnadjarian/GitHub/Throttle/build/convergence-recovery-20260920
    builtin-SwiftPerFileCompile SessionReentryDigestTests.swift

SwiftCompile normal arm64 /Users/kevinnadjarian/GitHub/Throttle/build/convergence-recovery-20260920/ThrottleTests/ServiceTests/SessionResourceEnvelopeTests.swift (in target 'ThrottleTests' from project 'Throttle')
    cd /Users/kevinnadjarian/GitHub/Throttle/build/convergence-recovery-20260920
    builtin-SwiftPerFileCompile SessionResourceEnvelopeTests.swift

SwiftCompile normal arm64 /Users/kevinnadjarian/GitHub/Throttle/build/convergence-recovery-20260920/ThrottleTests/StateTests/SessionStateDotTests.swift (in target 'ThrottleTests' from project 'Throttle')
    cd /Users/kevinnadjarian/GitHub/Throttle/build/convergence-recovery-20260920
    builtin-SwiftPerFileCompile SessionStateDotTests.swift

SwiftDriverJobDiscovery normal arm64 Compiling ProjectKnowledgeExplorerTests.swift, ProjectKnowledgeRaceTests.swift, ProjectOverviewProjectionTests.swift, PromptCacheImpactServiceTests.swift, PromptRefinerModelTests.swift, PromptRefinerServiceTests.swift, ReadFirewallScannerTests.swift, RedTeamCampaignStoreTests.swift, RemoteSessionsCredentialTests.swift (in target 'ThrottleTests' from project 'Throttle')

SwiftCompile normal arm64 Compiling\ ShadowReplayLedgerTests.swift,\ StringCatalogFrenchTests.swift,\ TaskBudgetAdmissionTests.swift,\ TaskBudgetLifecycleTests.swift,\ TaskIntegrationHardeningTests.swift,\ TaskIntegrationOutputTests.swift,\ TaskIntegrationRefusalTests.swift,\ TaskIntegrationServiceTests.swift,\ TaskIntegrationWorkContractTests.swift /Users/kevinnadjarian/GitHub/Throttle/build/convergence-recovery-20260920/ThrottleTests/ServiceTests/ShadowReplayLedgerTests.swift /Users/kevinnadjarian/GitHub/Throttle/build/convergence-recovery-20260920/ThrottleTests/Localization/StringCatalogFrenchTests.swift /Users/kevinnadjarian/GitHub/Throttle/build/convergence-recovery-20260920/ThrottleTests/ServiceTests/TaskBudgetAdmissionTests.swift /Users/kevinnadjarian/GitHub/Throttle/build/convergence-recovery-20260920/ThrottleTests/ServiceTests/TaskBudgetLifecycleTests.swift /Users/kevinnadjarian/GitHub/Throttle/build/convergence-recovery-20260920/ThrottleTests/ServiceTests/TaskIntegrationHardeningTests.swift /Users/kevinnadjarian/GitHub/Throttle/build/convergence-recovery-20260920/ThrottleTests/ServiceTests/TaskIntegrationOutputTests.swift /Users/kevinnadjarian/GitHub/Throttle/build/convergence-recovery-20260920/ThrottleTests/ServiceTests/TaskIntegrationRefusalTests.swift /Users/kevinnadjarian/GitHub/Throttle/build/convergence-recovery-20260920/ThrottleTests/ServiceTests/TaskIntegrationServiceTests.swift /Users/kevinnadjarian/GitHub/Throttle/build/convergence-recovery-20260920/ThrottleTests/ServiceTests/TaskIntegrationWorkContractTests.swift (in target 'ThrottleTests' from project 'Throttle')

SwiftCompile normal arm64 /Users/kevinnadjarian/GitHub/Throttle/build/convergence-recovery-20260920/ThrottleTests/ServiceTests/ShadowReplayLedgerTests.swift (in target 'ThrottleTests' from project 'Throttle')
    cd /Users/kevinnadjarian/GitHub/Throttle/build/convergence-recovery-20260920
    builtin-SwiftPerFileCompile ShadowReplayLedgerTests.swift

SwiftCompile normal arm64 /Users/kevinnadjarian/GitHub/Throttle/build/convergence-recovery-20260920/ThrottleTests/Localization/StringCatalogFrenchTests.swift (in target 'ThrottleTests' from project 'Throttle')
    cd /Users/kevinnadjarian/GitHub/Throttle/build/convergence-recovery-20260920
    builtin-SwiftPerFileCompile StringCatalogFrenchTests.swift

SwiftCompile normal arm64 /Users/kevinnadjarian/GitHub/Throttle/build/convergence-recovery-20260920/ThrottleTests/ServiceTests/TaskBudgetAdmissionTests.swift (in target 'ThrottleTests' from project 'Throttle')
    cd /Users/kevinnadjarian/GitHub/Throttle/build/convergence-recovery-20260920
    builtin-SwiftPerFileCompile TaskBudgetAdmissionTests.swift

SwiftCompile normal arm64 /Users/kevinnadjarian/GitHub/Throttle/build/convergence-recovery-20260920/ThrottleTests/ServiceTests/TaskBudgetLifecycleTests.swift (in target 'ThrottleTests' from project 'Throttle')
    cd /Users/kevinnadjarian/GitHub/Throttle/build/convergence-recovery-20260920
    builtin-SwiftPerFileCompile TaskBudgetLifecycleTests.swift

SwiftCompile normal arm64 /Users/kevinnadjarian/GitHub/Throttle/build/convergence-recovery-20260920/ThrottleTests/ServiceTests/TaskIntegrationHardeningTests.swift (in target 'ThrottleTests' from project 'Throttle')
    cd /Users/kevinnadjarian/GitHub/Throttle/build/convergence-recovery-20260920
    builtin-SwiftPerFileCompile TaskIntegrationHardeningTests.swift

SwiftCompile normal arm64 /Users/kevinnadjarian/GitHub/Throttle/build/convergence-recovery-20260920/ThrottleTests/ServiceTests/TaskIntegrationOutputTests.swift (in target 'ThrottleTests' from project 'Throttle')
    cd /Users/kevinnadjarian/GitHub/Throttle/build/convergence-recovery-20260920
    builtin-SwiftPerFileCompile TaskIntegrationOutputTests.swift

SwiftCompile normal arm64 /Users/kevinnadjarian/GitHub/Throttle/build/convergence-recovery-20260920/ThrottleTests/ServiceTests/TaskIntegrationRefusalTests.swift (in target 'ThrottleTests' from project 'Throttle')
    cd /Users/kevinnadjarian/GitHub/Throttle/build/convergence-recovery-20260920
    builtin-SwiftPerFileCompile TaskIntegrationRefusalTests.swift

SwiftCompile normal arm64 /Users/kevinnadjarian/GitHub/Throttle/build/convergence-recovery-20260920/ThrottleTests/ServiceTests/TaskIntegrationServiceTests.swift (in target 'ThrottleTests' from project 'Throttle')
    cd /Users/kevinnadjarian/GitHub/Throttle/build/convergence-recovery-20260920
    builtin-SwiftPerFileCompile TaskIntegrationServiceTests.swift

SwiftCompile normal arm64 /Users/kevinnadjarian/GitHub/Throttle/build/convergence-recovery-20260920/ThrottleTests/ServiceTests/TaskIntegrationWorkContractTests.swift (in target 'ThrottleTests' from project 'Throttle')
    cd /Users/kevinnadjarian/GitHub/Throttle/build/convergence-recovery-20260920
    builtin-SwiftPerFileCompile TaskIntegrationWorkContractTests.swift

SwiftDriverJobDiscovery normal arm64 Compiling RemoteTransferGitTests.swift, RemoteTransferJournalTests.swift, RemoteTransferReturnTests.swift, RepoIndexerTests.swift, ResearchVaultFolderSourceStoreTests.swift, ResearchVaultNotebookSyncTests.swift, ResearchVaultSpaceStoreTests.swift, ResearchVaultURLIntakeTests.swift, ResearchVaultWorkbenchProjectionTests.swift (in target 'ThrottleTests' from project 'Throttle')

SwiftCompile normal arm64 Compiling\ TaskLauncherBudgetTests.swift,\ TaskLauncherTests.swift,\ TaskSpendTests.swift,\ TaskVerificationCrashTests.swift,\ TaskVerificationLifecycleTests.swift,\ TaskVerificationProcessTests.swift,\ TaskWorktreeServiceTests.swift,\ TestOutcomeDetectorTests.swift,\ TestOutcomeStoreTests.swift /Users/kevinnadjarian/GitHub/Throttle/build/convergence-recovery-20260920/ThrottleTests/ServiceTests/TaskLauncherBudgetTests.swift /Users/kevinnadjarian/GitHub/Throttle/build/convergence-recovery-20260920/ThrottleTests/ServiceTests/TaskLauncherTests.swift /Users/kevinnadjarian/GitHub/Throttle/build/convergence-recovery-20260920/ThrottleTests/ServiceTests/TaskSpendTests.swift /Users/kevinnadjarian/GitHub/Throttle/build/convergence-recovery-20260920/ThrottleTests/ServiceTests/TaskVerificationCrashTests.swift /Users/kevinnadjarian/GitHub/Throttle/build/convergence-recovery-20260920/ThrottleTests/ServiceTests/TaskVerificationLifecycleTests.swift /Users/kevinnadjarian/GitHub/Throttle/build/convergence-recovery-20260920/ThrottleTests/ServiceTests/TaskVerificationProcessTests.swift /Users/kevinnadjarian/GitHub/Throttle/build/convergence-recovery-20260920/ThrottleTests/ServiceTests/TaskWorktreeServiceTests.swift /Users/kevinnadjarian/GitHub/Throttle/build/convergence-recovery-20260920/ThrottleTests/ServiceTests/TestOutcomeDetectorTests.swift /Users/kevinnadjarian/GitHub/Throttle/build/convergence-recovery-20260920/ThrottleTests/ServiceTests/TestOutcomeStoreTests.swift (in target 'ThrottleTests' from project 'Throttle')

SwiftCompile normal arm64 /Users/kevinnadjarian/GitHub/Throttle/build/convergence-recovery-20260920/ThrottleTests/ServiceTests/TaskLauncherBudgetTests.swift (in target 'ThrottleTests' from project 'Throttle')
    cd /Users/kevinnadjarian/GitHub/Throttle/build/convergence-recovery-20260920
    builtin-SwiftPerFileCompile TaskLauncherBudgetTests.swift

SwiftCompile normal arm64 /Users/kevinnadjarian/GitHub/Throttle/build/convergence-recovery-20260920/ThrottleTests/ServiceTests/TaskLauncherTests.swift (in target 'ThrottleTests' from project 'Throttle')
    cd /Users/kevinnadjarian/GitHub/Throttle/build/convergence-recovery-20260920
    builtin-SwiftPerFileCompile TaskLauncherTests.swift

SwiftCompile normal arm64 /Users/kevinnadjarian/GitHub/Throttle/build/convergence-recovery-20260920/ThrottleTests/ServiceTests/TaskSpendTests.swift (in target 'ThrottleTests' from project 'Throttle')
    cd /Users/kevinnadjarian/GitHub/Throttle/build/convergence-recovery-20260920
    builtin-SwiftPerFileCompile TaskSpendTests.swift

SwiftCompile normal arm64 /Users/kevinnadjarian/GitHub/Throttle/build/convergence-recovery-20260920/ThrottleTests/ServiceTests/TaskVerificationCrashTests.swift (in target 'ThrottleTests' from project 'Throttle')
    cd /Users/kevinnadjarian/GitHub/Throttle/build/convergence-recovery-20260920
    builtin-SwiftPerFileCompile TaskVerificationCrashTests.swift

SwiftCompile normal arm64 /Users/kevinnadjarian/GitHub/Throttle/build/convergence-recovery-20260920/ThrottleTests/ServiceTests/TaskVerificationLifecycleTests.swift (in target 'ThrottleTests' from project 'Throttle')
    cd /Users/kevinnadjarian/GitHub/Throttle/build/convergence-recovery-20260920
    builtin-SwiftPerFileCompile TaskVerificationLifecycleTests.swift

SwiftCompile normal arm64 /Users/kevinnadjarian/GitHub/Throttle/build/convergence-recovery-20260920/ThrottleTests/ServiceTests/TaskVerificationProcessTests.swift (in target 'ThrottleTests' from project 'Throttle')
    cd /Users/kevinnadjarian/GitHub/Throttle/build/convergence-recovery-20260920
    builtin-SwiftPerFileCompile TaskVerificationProcessTests.swift

SwiftCompile normal arm64 /Users/kevinnadjarian/GitHub/Throttle/build/convergence-recovery-20260920/ThrottleTests/ServiceTests/TaskWorktreeServiceTests.swift (in target 'ThrottleTests' from project 'Throttle')
    cd /Users/kevinnadjarian/GitHub/Throttle/build/convergence-recovery-20260920
    builtin-SwiftPerFileCompile TaskWorktreeServiceTests.swift

SwiftCompile normal arm64 /Users/kevinnadjarian/GitHub/Throttle/build/convergence-recovery-20260920/ThrottleTests/ServiceTests/TestOutcomeDetectorTests.swift (in target 'ThrottleTests' from project 'Throttle')
    cd /Users/kevinnadjarian/GitHub/Throttle/build/convergence-recovery-20260920
    builtin-SwiftPerFileCompile TestOutcomeDetectorTests.swift

SwiftCompile normal arm64 /Users/kevinnadjarian/GitHub/Throttle/build/convergence-recovery-20260920/ThrottleTests/ServiceTests/TestOutcomeStoreTests.swift (in target 'ThrottleTests' from project 'Throttle')
    cd /Users/kevinnadjarian/GitHub/Throttle/build/convergence-recovery-20260920
    builtin-SwiftPerFileCompile TestOutcomeStoreTests.swift

SwiftDriverJobDiscovery normal arm64 Compiling ReviewedPasteServiceTests.swift, RouterAdvisorCacheTests.swift, SemanticAutoIndexerTests.swift, SemanticIndexTests.swift, SessionFileParserTests.swift, SessionProjectResolverTests.swift, SessionReentryDigestTests.swift, SessionResourceEnvelopeTests.swift, SessionStateDotTests.swift (in target 'ThrottleTests' from project 'Throttle')

SwiftCompile normal arm64 Compiling\ VerifyConsentTests.swift,\ WarningDetectorTests.swift,\ WindowCalculatorTests.swift,\ WorkflowContractIntegrationTests.swift,\ WorkflowDependencyEvaluatorTests.swift,\ WorkflowDesignContractTests.swift,\ WorkflowEvidenceReceiptTests.swift,\ WorkflowFoundationTests.swift,\ WorkflowIPEvaluatorTests.swift /Users/kevinnadjarian/GitHub/Throttle/build/convergence-recovery-20260920/ThrottleTests/ServiceTests/VerifyConsentTests.swift /Users/kevinnadjarian/GitHub/Throttle/build/convergence-recovery-20260920/ThrottleTests/ParserTests/WarningDetectorTests.swift /Users/kevinnadjarian/GitHub/Throttle/build/convergence-recovery-20260920/ThrottleTests/CalibrationTests/WindowCalculatorTests.swift /Users/kevinnadjarian/GitHub/Throttle/build/convergence-recovery-20260920/ThrottleTests/ServiceTests/WorkflowContractIntegrationTests.swift /Users/kevinnadjarian/GitHub/Throttle/build/convergence-recovery-20260920/ThrottleTests/ServiceTests/WorkflowDependencyEvaluatorTests.swift /Users/kevinnadjarian/GitHub/Throttle/build/convergence-recovery-20260920/ThrottleTests/ServiceTests/WorkflowDesignContractTests.swift /Users/kevinnadjarian/GitHub/Throttle/build/convergence-recovery-20260920/ThrottleTests/ServiceTests/WorkflowEvidenceReceiptTests.swift /Users/kevinnadjarian/GitHub/Throttle/build/convergence-recovery-20260920/ThrottleTests/ServiceTests/WorkflowFoundationTests.swift /Users/kevinnadjarian/GitHub/Throttle/build/convergence-recovery-20260920/ThrottleTests/ServiceTests/WorkflowIPEvaluatorTests.swift (in target 'ThrottleTests' from project 'Throttle')

SwiftCompile normal arm64 /Users/kevinnadjarian/GitHub/Throttle/build/convergence-recovery-20260920/ThrottleTests/ServiceTests/VerifyConsentTests.swift (in target 'ThrottleTests' from project 'Throttle')
    cd /Users/kevinnadjarian/GitHub/Throttle/build/convergence-recovery-20260920
    builtin-SwiftPerFileCompile VerifyConsentTests.swift

SwiftCompile normal arm64 /Users/kevinnadjarian/GitHub/Throttle/build/convergence-recovery-20260920/ThrottleTests/ParserTests/WarningDetectorTests.swift (in target 'ThrottleTests' from project 'Throttle')
    cd /Users/kevinnadjarian/GitHub/Throttle/build/convergence-recovery-20260920
    builtin-SwiftPerFileCompile WarningDetectorTests.swift

SwiftCompile normal arm64 /Users/kevinnadjarian/GitHub/Throttle/build/convergence-recovery-20260920/ThrottleTests/CalibrationTests/WindowCalculatorTests.swift (in target 'ThrottleTests' from project 'Throttle')
    cd /Users/kevinnadjarian/GitHub/Throttle/build/convergence-recovery-20260920
    builtin-SwiftPerFileCompile WindowCalculatorTests.swift

SwiftCompile normal arm64 /Users/kevinnadjarian/GitHub/Throttle/build/convergence-recovery-20260920/ThrottleTests/ServiceTests/WorkflowContractIntegrationTests.swift (in target 'ThrottleTests' from project 'Throttle')
    cd /Users/kevinnadjarian/GitHub/Throttle/build/convergence-recovery-20260920
    builtin-SwiftPerFileCompile WorkflowContractIntegrationTests.swift

SwiftCompile normal arm64 /Users/kevinnadjarian/GitHub/Throttle/build/convergence-recovery-20260920/ThrottleTests/ServiceTests/WorkflowDependencyEvaluatorTests.swift (in target 'ThrottleTests' from project 'Throttle')
    cd /Users/kevinnadjarian/GitHub/Throttle/build/convergence-recovery-20260920
    builtin-SwiftPerFileCompile WorkflowDependencyEvaluatorTests.swift

SwiftCompile normal arm64 /Users/kevinnadjarian/GitHub/Throttle/build/convergence-recovery-20260920/ThrottleTests/ServiceTests/WorkflowDesignContractTests.swift (in target 'ThrottleTests' from project 'Throttle')
    cd /Users/kevinnadjarian/GitHub/Throttle/build/convergence-recovery-20260920
    builtin-SwiftPerFileCompile WorkflowDesignContractTests.swift

SwiftCompile normal arm64 /Users/kevinnadjarian/GitHub/Throttle/build/convergence-recovery-20260920/ThrottleTests/ServiceTests/WorkflowEvidenceReceiptTests.swift (in target 'ThrottleTests' from project 'Throttle')
    cd /Users/kevinnadjarian/GitHub/Throttle/build/convergence-recovery-20260920
    builtin-SwiftPerFileCompile WorkflowEvidenceReceiptTests.swift

SwiftCompile normal arm64 /Users/kevinnadjarian/GitHub/Throttle/build/convergence-recovery-20260920/ThrottleTests/ServiceTests/WorkflowFoundationTests.swift (in target 'ThrottleTests' from project 'Throttle')
    cd /Users/kevinnadjarian/GitHub/Throttle/build/convergence-recovery-20260920
    builtin-SwiftPerFileCompile WorkflowFoundationTests.swift

SwiftCompile normal arm64 /Users/kevinnadjarian/GitHub/Throttle/build/convergence-recovery-20260920/ThrottleTests/ServiceTests/WorkflowIPEvaluatorTests.swift (in target 'ThrottleTests' from project 'Throttle')
    cd /Users/kevinnadjarian/GitHub/Throttle/build/convergence-recovery-20260920
    builtin-SwiftPerFileCompile WorkflowIPEvaluatorTests.swift

SwiftDriverJobDiscovery normal arm64 Compiling TaskLauncherBudgetTests.swift, TaskLauncherTests.swift, TaskSpendTests.swift, TaskVerificationCrashTests.swift, TaskVerificationLifecycleTests.swift, TaskVerificationProcessTests.swift, TaskWorktreeServiceTests.swift, TestOutcomeDetectorTests.swift, TestOutcomeStoreTests.swift (in target 'ThrottleTests' from project 'Throttle')

SwiftCompile normal arm64 Compiling\ ThrottleWaitingSnapshotTests.swift,\ TokenEstimateTests.swift,\ TokoptBenchmarkTests.swift,\ TokoptHookTests.swift,\ TranscriptMemoryInstallerTests.swift,\ TraycerDecoderTests.swift,\ TraycerStoreTests.swift,\ UsageExtractorTests.swift,\ VectorStoreTests.swift /Users/kevinnadjarian/GitHub/Throttle/build/convergence-recovery-20260920/ThrottleTests/ServiceTests/ThrottleWaitingSnapshotTests.swift /Users/kevinnadjarian/GitHub/Throttle/build/convergence-recovery-20260920/ThrottleTests/ServiceTests/TokenEstimateTests.swift /Users/kevinnadjarian/GitHub/Throttle/build/convergence-recovery-20260920/ThrottleTests/ServiceTests/TokoptBenchmarkTests.swift /Users/kevinnadjarian/GitHub/Throttle/build/convergence-recovery-20260920/ThrottleTests/ServiceTests/TokoptHookTests.swift /Users/kevinnadjarian/GitHub/Throttle/build/convergence-recovery-20260920/ThrottleTests/ServiceTests/TranscriptMemoryInstallerTests.swift /Users/kevinnadjarian/GitHub/Throttle/build/convergence-recovery-20260920/ThrottleTests/ServiceTests/TraycerDecoderTests.swift /Users/kevinnadjarian/GitHub/Throttle/build/convergence-recovery-20260920/ThrottleTests/ServiceTests/TraycerStoreTests.swift /Users/kevinnadjarian/GitHub/Throttle/build/convergence-recovery-20260920/ThrottleTests/ParserTests/UsageExtractorTests.swift /Users/kevinnadjarian/GitHub/Throttle/build/convergence-recovery-20260920/ThrottleTests/ServiceTests/VectorStoreTests.swift (in target 'ThrottleTests' from project 'Throttle')

SwiftCompile normal arm64 /Users/kevinnadjarian/GitHub/Throttle/build/convergence-recovery-20260920/ThrottleTests/ServiceTests/ThrottleWaitingSnapshotTests.swift (in target 'ThrottleTests' from project 'Throttle')
    cd /Users/kevinnadjarian/GitHub/Throttle/build/convergence-recovery-20260920
    builtin-SwiftPerFileCompile ThrottleWaitingSnapshotTests.swift

SwiftCompile normal arm64 /Users/kevinnadjarian/GitHub/Throttle/build/convergence-recovery-20260920/ThrottleTests/ServiceTests/TokenEstimateTests.swift (in target 'ThrottleTests' from project 'Throttle')
    cd /Users/kevinnadjarian/GitHub/Throttle/build/convergence-recovery-20260920
    builtin-SwiftPerFileCompile TokenEstimateTests.swift

SwiftCompile normal arm64 /Users/kevinnadjarian/GitHub/Throttle/build/convergence-recovery-20260920/ThrottleTests/ServiceTests/TokoptBenchmarkTests.swift (in target 'ThrottleTests' from project 'Throttle')
    cd /Users/kevinnadjarian/GitHub/Throttle/build/convergence-recovery-20260920
    builtin-SwiftPerFileCompile TokoptBenchmarkTests.swift

SwiftCompile normal arm64 /Users/kevinnadjarian/GitHub/Throttle/build/convergence-recovery-20260920/ThrottleTests/ServiceTests/TokoptHookTests.swift (in target 'ThrottleTests' from project 'Throttle')
    cd /Users/kevinnadjarian/GitHub/Throttle/build/convergence-recovery-20260920
    builtin-SwiftPerFileCompile TokoptHookTests.swift

SwiftCompile normal arm64 /Users/kevinnadjarian/GitHub/Throttle/build/convergence-recovery-20260920/ThrottleTests/ServiceTests/TranscriptMemoryInstallerTests.swift (in target 'ThrottleTests' from project 'Throttle')
    cd /Users/kevinnadjarian/GitHub/Throttle/build/convergence-recovery-20260920
    builtin-SwiftPerFileCompile TranscriptMemoryInstallerTests.swift

SwiftCompile normal arm64 /Users/kevinnadjarian/GitHub/Throttle/build/convergence-recovery-20260920/ThrottleTests/ServiceTests/TraycerDecoderTests.swift (in target 'ThrottleTests' from project 'Throttle')
    cd /Users/kevinnadjarian/GitHub/Throttle/build/convergence-recovery-20260920
    builtin-SwiftPerFileCompile TraycerDecoderTests.swift

SwiftCompile normal arm64 /Users/kevinnadjarian/GitHub/Throttle/build/convergence-recovery-20260920/ThrottleTests/ServiceTests/TraycerStoreTests.swift (in target 'ThrottleTests' from project 'Throttle')
    cd /Users/kevinnadjarian/GitHub/Throttle/build/convergence-recovery-20260920
    builtin-SwiftPerFileCompile TraycerStoreTests.swift

SwiftCompile normal arm64 /Users/kevinnadjarian/GitHub/Throttle/build/convergence-recovery-20260920/ThrottleTests/ParserTests/UsageExtractorTests.swift (in target 'ThrottleTests' from project 'Throttle')
    cd /Users/kevinnadjarian/GitHub/Throttle/build/convergence-recovery-20260920
    builtin-SwiftPerFileCompile UsageExtractorTests.swift

SwiftCompile normal arm64 /Users/kevinnadjarian/GitHub/Throttle/build/convergence-recovery-20260920/ThrottleTests/ServiceTests/VectorStoreTests.swift (in target 'ThrottleTests' from project 'Throttle')
    cd /Users/kevinnadjarian/GitHub/Throttle/build/convergence-recovery-20260920
    builtin-SwiftPerFileCompile VectorStoreTests.swift

SwiftDriverJobDiscovery normal arm64 Compiling ShadowReplayLedgerTests.swift, StringCatalogFrenchTests.swift, TaskBudgetAdmissionTests.swift, TaskBudgetLifecycleTests.swift, TaskIntegrationHardeningTests.swift, TaskIntegrationOutputTests.swift, TaskIntegrationRefusalTests.swift, TaskIntegrationServiceTests.swift, TaskIntegrationWorkContractTests.swift (in target 'ThrottleTests' from project 'Throttle')

SwiftDriverJobDiscovery normal arm64 Compiling ThrottleWaitingSnapshotTests.swift, TokenEstimateTests.swift, TokoptBenchmarkTests.swift, TokoptHookTests.swift, TranscriptMemoryInstallerTests.swift, TraycerDecoderTests.swift, TraycerStoreTests.swift, UsageExtractorTests.swift, VectorStoreTests.swift (in target 'ThrottleTests' from project 'Throttle')

SwiftDriverJobDiscovery normal arm64 Compiling VerifyConsentTests.swift, WarningDetectorTests.swift, WindowCalculatorTests.swift, WorkflowContractIntegrationTests.swift, WorkflowDependencyEvaluatorTests.swift, WorkflowDesignContractTests.swift, WorkflowEvidenceReceiptTests.swift, WorkflowFoundationTests.swift, WorkflowIPEvaluatorTests.swift (in target 'ThrottleTests' from project 'Throttle')

SwiftDriver\ Compilation ThrottleTests normal arm64 com.apple.xcode.tools.swift.compiler (in target 'ThrottleTests' from project 'Throttle')
    cd /Users/kevinnadjarian/GitHub/Throttle/build/convergence-recovery-20260920
    builtin-Swift-Compilation -- /Applications/Xcode.app/Contents/Developer/Toolchains/XcodeDefault.xctoolchain/usr/bin/swiftc -module-name ThrottleTests -Onone @/Volumes/DeveloperStorage/BuildScratch/throttle-convergence-20260920/DerivedData/Build/Intermediates.noindex/Throttle.build/Debug/ThrottleTests.build/Objects-normal/arm64/ThrottleTests.SwiftFileList -DDEBUG -Xcc -fmodule-map-file\=/Volumes/DeveloperStorage/BuildScratch/throttle-convergence-20260920/SourcePackages/checkouts/GRDB.swift/Sources/CSQLite/module.modulemap -Xcc -fmodule-map-file\=/Volumes/DeveloperStorage/BuildScratch/throttle-convergence-20260920/SourcePackages/checkouts/swift-numerics/Sources/_NumericsShims/include/module.modulemap -Xcc -fmodule-map-file\=/Volumes/DeveloperStorage/BuildScratch/throttle-convergence-20260920/SourcePackages/checkouts/mlx-swift/Source/Cmlx/include/module.modulemap -Xcc -fmodule-map-file\=/Volumes/DeveloperStorage/BuildScratch/throttle-convergence-20260920/SourcePackages/checkouts/swift-atomics/Sources/_AtomicsShims/include/module.modulemap -Xcc -fmodule-map-file\=/Volumes/DeveloperStorage/BuildScratch/throttle-convergence-20260920/DerivedData/Build/Intermediates.noindex/GeneratedModuleMaps/CNIOWASI.modulemap -Xcc -fmodule-map-file\=/Volumes/DeveloperStorage/BuildScratch/throttle-convergence-20260920/SourcePackages/checkouts/swift-nio/Sources/CNIOWindows/include/module.modulemap -Xcc -fmodule-map-file\=/Volumes/DeveloperStorage/BuildScratch/throttle-convergence-20260920/DerivedData/Build/Intermediates.noindex/GeneratedModuleMaps/CNIOLinux.modulemap -Xcc -fmodule-map-file\=/Volumes/DeveloperStorage/BuildScratch/throttle-convergence-20260920/DerivedData/Build/Intermediates.noindex/GeneratedModuleMaps/CNIODarwin.modulemap -Xcc -fmodule-map-file\=/Volumes/DeveloperStorage/BuildScratch/throttle-convergence-20260920/DerivedData/Build/Intermediates.noindex/GeneratedModuleMaps/CNIOFreeBSD.modulemap -Xcc -fmodule-map-file\=/Volumes/DeveloperStorage/BuildScratch/throttle-convergence-20260920/DerivedData/Build/Intermediates.noindex/GeneratedModuleMaps/CNIOOpenBSD.modulemap -Xcc -fmodule-map-file\=/Volumes/DeveloperStorage/BuildScratch/throttle-convergence-20260920/DerivedData/Build/Intermediates.noindex/GeneratedModuleMaps/CNIOAtomics.modulemap -Xcc -fmodule-map-file\=/Volumes/DeveloperStorage/BuildScratch/throttle-convergence-20260920/DerivedData/Build/Intermediates.noindex/GeneratedModuleMaps/yyjson.modulemap -plugin-path /Applications/Xcode.app/Contents/Developer/Toolchains/XcodeDefault.xctoolchain/usr/lib/swift/host/plugins/testing -enable-experimental-feature DebugDescriptionMacro -sdk /Applications/Xcode.app/Contents/Developer/Platforms/MacOSX.platform/Developer/SDKs/MacOSX27.0.sdk -target arm64-apple-macos14.0 -g -module-cache-path /Volumes/DeveloperStorage/BuildScratch/throttle-convergence-20260920/DerivedData/ModuleCache.noindex -Xfrontend -serialize-debugging-options -profile-coverage-mapping -profile-generate -enable-testing -warnings-as-errors -index-store-path /Volumes/DeveloperStorage/BuildScratch/throttle-convergence-20260920/DerivedData/Index.noindex/DataStore -Xcc -D_LIBCPP_HARDENING_MODE\=_LIBCPP_HARDENING_MODE_DEBUG -swift-version 6 -I /Volumes/DeveloperStorage/BuildScratch/throttle-convergence-20260920/DerivedData/Build/Products/Debug -Isystem /Applications/Xcode.app/Contents/Developer/Platforms/MacOSX.platform/Developer/usr/lib -F /Volumes/DeveloperStorage/BuildScratch/throttle-convergence-20260920/DerivedData/Build/Products/Debug/PackageFrameworks -F /Volumes/DeveloperStorage/BuildScratch/throttle-convergence-20260920/DerivedData/Build/Products/Debug -F /Applications/Xcode.app/Contents/Developer/Platforms/MacOSX.platform/Developer/Library/Frameworks -Xfrontend -load-plugin-executable -Xfrontend /Volumes/DeveloperStorage/BuildScratch/throttle-convergence-20260920/DerivedData/Build/Products/Debug/MLXHuggingFaceMacros\#MLXHuggingFaceMacros -c -j10 -enable-batch-mode -incremental -Xcc -ivfsstatcache -Xcc /Volumes/DeveloperStorage/BuildScratch/throttle-convergence-20260920/DerivedData/SDKStatCaches.noindex/macosx27.0-26A425-e829b21a6f8c9b70876ba0858053c0447231f6df4def33e022ae2eb8f782df1a.sdkstatcache -output-file-map /Volumes/DeveloperStorage/BuildScratch/throttle-convergence-20260920/DerivedData/Build/Intermediates.noindex/Throttle.build/Debug/ThrottleTests.build/Objects-normal/arm64/ThrottleTests-OutputFileMap.json -save-temps -no-color-diagnostics -explicit-module-build -module-cache-path /Volumes/DeveloperStorage/BuildScratch/throttle-convergence-20260920/DerivedData/Build/Intermediates.noindex/SwiftExplicitPrecompiledModules -clang-scanner-module-cache-path /Volumes/DeveloperStorage/BuildScratch/throttle-convergence-20260920/DerivedData/ModuleCache.noindex -sdk-module-cache-path /Volumes/DeveloperStorage/BuildScratch/throttle-convergence-20260920/DerivedData/SDKExplicitPrecompiledModules -emit-dependencies -emit-module -emit-module-path /Volumes/DeveloperStorage/BuildScratch/throttle-convergence-20260920/DerivedData/Build/Intermediates.noindex/Throttle.build/Debug/ThrottleTests.build/Objects-normal/arm64/ThrottleTests.swiftmodule -serialize-diagnostics -dependency-scan-serialize-diagnostics-path /Volumes/DeveloperStorage/BuildScratch/throttle-convergence-20260920/DerivedData/Build/Intermediates.noindex/Throttle.build/Debug/ThrottleTests.build/Objects-normal/arm64/ThrottleTests-dependency-scan.dia -validate-clang-modules-once -clang-build-session-file /Volumes/DeveloperStorage/BuildScratch/throttle-convergence-20260920/DerivedData/ModuleCache.noindex/Session.modulevalidation -Xcc -fmodules-prune-interval\=86400 -Xcc -fmodules-prune-after\=345600 -emit-const-values -const-gather-protocols-list /Volumes/DeveloperStorage/BuildScratch/throttle-convergence-20260920/DerivedData/Build/Intermediates.noindex/Throttle.build/Debug/ThrottleTests.build/Objects-normal/arm64/ThrottleTests_const_extract_protocols.json -Xcc -iquote -Xcc /Volumes/DeveloperStorage/BuildScratch/throttle-convergence-20260920/DerivedData/Build/Intermediates.noindex/Throttle.build/Debug/ThrottleTests.build/ThrottleTests-generated-files.hmap -Xcc -I/Volumes/DeveloperStorage/BuildScratch/throttle-convergence-20260920/DerivedData/Build/Intermediates.noindex/Throttle.build/Debug/ThrottleTests.build/ThrottleTests-own-target-headers.hmap -Xcc -I/Volumes/DeveloperStorage/BuildScratch/throttle-convergence-20260920/DerivedData/Build/Intermediates.noindex/Throttle.build/Debug/ThrottleTests.build/ThrottleTests-all-non-framework-target-headers.hmap -Xcc -ivfsoverlay -Xcc /Volumes/DeveloperStorage/BuildScratch/throttle-convergence-20260920/DerivedData/Build/Intermediates.noindex/Throttle.build/Debug/Throttle-c41c58a016fc9f4310c5f27451fa5182-VFS/all-product-headers.yaml -Xcc -iquote -Xcc /Volumes/DeveloperStorage/BuildScratch/throttle-convergence-20260920/DerivedData/Build/Intermediates.noindex/Throttle.build/Debug/ThrottleTests.build/ThrottleTests-project-headers.hmap -Xcc -I/Volumes/DeveloperStorage/BuildScratch/throttle-convergence-20260920/SourcePackages/checkouts/swift-numerics/Sources/_NumericsShims/include -Xcc -I/Volumes/DeveloperStorage/BuildScratch/throttle-convergence-20260920/SourcePackages/checkouts/mlx-swift/Source/Cmlx/include -Xcc -I/Volumes/DeveloperStorage/BuildScratch/throttle-convergence-20260920/SourcePackages/checkouts/swift-atomics/Sources/_AtomicsShims/include -Xcc -I/Volumes/DeveloperStorage/BuildScratch/throttle-convergence-20260920/SourcePackages/checkouts/swift-nio/Sources/CNIOWASI/include -Xcc -I/Volumes/DeveloperStorage/BuildScratch/throttle-convergence-20260920/SourcePackages/checkouts/swift-nio/Sources/CNIOWindows/include -Xcc -I/Volumes/DeveloperStorage/BuildScratch/throttle-convergence-20260920/SourcePackages/checkouts/swift-nio/Sources/CNIOLinux/include -Xcc -I/Volumes/DeveloperStorage/BuildScratch/throttle-convergence-20260920/SourcePackages/checkouts/swift-nio/Sources/CNIODarwin/include -Xcc -I/Volumes/DeveloperStorage/BuildScratch/throttle-convergence-20260920/SourcePackages/checkouts/swift-nio/Sources/CNIOFreeBSD/include -Xcc -I/Volumes/DeveloperStorage/BuildScratch/throttle-convergence-20260920/SourcePackages/checkouts/swift-nio/Sources/CNIOOpenBSD/include -Xcc -I/Volumes/DeveloperStorage/BuildScratch/throttle-convergence-20260920/SourcePackages/checkouts/swift-nio/Sources/CNIOAtomics/include -Xcc -I/Volumes/DeveloperStorage/BuildScratch/throttle-convergence-20260920/SourcePackages/checkouts/yyjson/src -Xcc -I/Volumes/DeveloperStorage/BuildScratch/throttle-convergence-20260920/DerivedData/Build/Products/Debug/include -Xcc -I/Volumes/DeveloperStorage/BuildScratch/throttle-convergence-20260920/DerivedData/Build/Intermediates.noindex/Throttle.build/Debug/ThrottleTests.build/DerivedSources-normal/arm64 -Xcc -I/Volumes/DeveloperStorage/BuildScratch/throttle-convergence-20260920/DerivedData/Build/Intermediates.noindex/Throttle.build/Debug/ThrottleTests.build/DerivedSources/arm64 -Xcc -I/Volumes/DeveloperStorage/BuildScratch/throttle-convergence-20260920/DerivedData/Build/Intermediates.noindex/Throttle.build/Debug/ThrottleTests.build/DerivedSources -Xcc -DDEBUG\=1 -emit-objc-header -emit-objc-header-path /Volumes/DeveloperStorage/BuildScratch/throttle-convergence-20260920/DerivedData/Build/Intermediates.noindex/Throttle.build/Debug/ThrottleTests.build/Objects-normal/arm64/ThrottleTests-Swift.h -working-directory /Users/kevinnadjarian/GitHub/Throttle/build/convergence-recovery-20260920 -experimental-emit-module-separately -disable-cmo

Ld /Volumes/DeveloperStorage/BuildScratch/throttle-convergence-20260920/DerivedData/Build/Products/Debug/Throttle.app/Contents/PlugIns/ThrottleTests.xctest/Contents/MacOS/ThrottleTests normal (in target 'ThrottleTests' from project 'Throttle')
    cd /Users/kevinnadjarian/GitHub/Throttle/build/convergence-recovery-20260920
    /Applications/Xcode.app/Contents/Developer/Toolchains/XcodeDefault.xctoolchain/usr/bin/clang -Xlinker -reproducible -target arm64-apple-macos14.0 -bundle -isysroot /Applications/Xcode.app/Contents/Developer/Platforms/MacOSX.platform/Developer/SDKs/MacOSX27.0.sdk -O0 -Xlinker -no_warn_duplicate_libraries -L/Volumes/DeveloperStorage/BuildScratch/throttle-convergence-20260920/DerivedData/Build/Intermediates.noindex/EagerLinkingTBDs/Debug -L/Volumes/DeveloperStorage/BuildScratch/throttle-convergence-20260920/DerivedData/Build/Products/Debug -L/Applications/Xcode.app/Contents/Developer/Platforms/MacOSX.platform/Developer/usr/lib -F/Volumes/DeveloperStorage/BuildScratch/throttle-convergence-20260920/DerivedData/Build/Intermediates.noindex/EagerLinkingTBDs/Debug -F/Volumes/DeveloperStorage/BuildScratch/throttle-convergence-20260920/DerivedData/Build/Products/Debug/PackageFrameworks -F/Volumes/DeveloperStorage/BuildScratch/throttle-convergence-20260920/DerivedData/Build/Products/Debug -iframework /Applications/Xcode.app/Contents/Developer/Platforms/MacOSX.platform/Developer/Library/Frameworks -filelist /Volumes/DeveloperStorage/BuildScratch/throttle-convergence-20260920/DerivedData/Build/Intermediates.noindex/Throttle.build/Debug/ThrottleTests.build/Objects-normal/arm64/ThrottleTests.LinkFileList -Xlinker -rpath -Xlinker /usr/lib/swift -Xlinker -rpath -Xlinker @loader_path -Xlinker -rpath -Xlinker /Volumes/DeveloperStorage/BuildScratch/throttle-convergence-20260920/DerivedData/Build/Products/Debug/PackageFrameworks -Xlinker -rpath -Xlinker @loader_path/../Frameworks -Xlinker -rpath -Xlinker @executable_path/../Frameworks -bundle_loader /Volumes/DeveloperStorage/BuildScratch/throttle-convergence-20260920/DerivedData/Build/Products/Debug/Throttle.app/Contents/MacOS/Throttle -Xlinker -object_path_lto -Xlinker /Volumes/DeveloperStorage/BuildScratch/throttle-convergence-20260920/DerivedData/Build/Intermediates.noindex/Throttle.build/Debug/ThrottleTests.build/Objects-normal/arm64/ThrottleTests_lto.o -rdynamic -Xlinker -no_deduplicate -Xlinker -debug_variant -Xlinker -dependency_info -Xlinker /Volumes/DeveloperStorage/BuildScratch/throttle-convergence-20260920/DerivedData/Build/Intermediates.noindex/Throttle.build/Debug/ThrottleTests.build/Objects-normal/arm64/ThrottleTests_dependency_info.dat -fobjc-link-runtime -fprofile-instr-generate -L/Applications/Xcode.app/Contents/Developer/Toolchains/XcodeDefault.xctoolchain/usr/lib/swift/macosx -L/usr/lib/swift -Xlinker -add_ast_path -Xlinker /Volumes/DeveloperStorage/BuildScratch/throttle-convergence-20260920/DerivedData/Build/Intermediates.noindex/Throttle.build/Debug/ThrottleTests.build/Objects-normal/arm64/ThrottleTests.swiftmodule -lc++ -framework Security -framework Security -framework Foundation -framework Metal -framework Accelerate -Xlinker -needed_framework -Xlinker XCTest -framework XCTest -Xlinker -needed-lXCTestSwiftSupport -lXCTestSwiftSupport /Volumes/DeveloperStorage/BuildScratch/throttle-convergence-20260920/DerivedData/Build/Products/Debug/Throttle.app/Contents/MacOS/Throttle.debug.dylib -o /Volumes/DeveloperStorage/BuildScratch/throttle-convergence-20260920/DerivedData/Build/Products/Debug/Throttle.app/Contents/PlugIns/ThrottleTests.xctest/Contents/MacOS/ThrottleTests

CopySwiftLibs /Volumes/DeveloperStorage/BuildScratch/throttle-convergence-20260920/DerivedData/Build/Products/Debug/Throttle.app/Contents/PlugIns/ThrottleTests.xctest (in target 'ThrottleTests' from project 'Throttle')
    cd /Users/kevinnadjarian/GitHub/Throttle/build/convergence-recovery-20260920
    builtin-swiftStdLibTool --copy --verbose --scan-executable /Volumes/DeveloperStorage/BuildScratch/throttle-convergence-20260920/DerivedData/Build/Products/Debug/Throttle.app/Contents/PlugIns/ThrottleTests.xctest/Contents/MacOS/ThrottleTests --scan-folder /Volumes/DeveloperStorage/BuildScratch/throttle-convergence-20260920/DerivedData/Build/Products/Debug/Throttle.app/Contents/PlugIns/ThrottleTests.xctest/Contents/Frameworks --scan-folder /Volumes/DeveloperStorage/BuildScratch/throttle-convergence-20260920/DerivedData/Build/Products/Debug/Throttle.app/Contents/PlugIns/ThrottleTests.xctest/Contents/PlugIns --scan-folder /Volumes/DeveloperStorage/BuildScratch/throttle-convergence-20260920/DerivedData/Build/Products/Debug/Throttle.app/Contents/PlugIns/ThrottleTests.xctest/Contents/Library/SystemExtensions --scan-folder /Volumes/DeveloperStorage/BuildScratch/throttle-convergence-20260920/DerivedData/Build/Products/Debug/Throttle.app/Contents/PlugIns/ThrottleTests.xctest/Contents/Extensions --platform macosx --toolchain /var/run/com.apple.security.cryptexd/mnt/com.apple.MobileAsset.MetalToolchain-v27.1.266.1.s263Mc/Metal.xctoolchain --toolchain /Applications/Xcode.app/Contents/Developer/Toolchains/XcodeDefault.xctoolchain --destination /Volumes/DeveloperStorage/BuildScratch/throttle-convergence-20260920/DerivedData/Build/Products/Debug/Throttle.app/Contents/PlugIns/ThrottleTests.xctest/Contents/Frameworks --strip-bitcode --scan-executable /Applications/Xcode.app/Contents/Developer/Platforms/MacOSX.platform/Developer/usr/lib/libXCTestSwiftSupport.dylib --strip-bitcode-tool /Applications/Xcode.app/Contents/Developer/Toolchains/XcodeDefault.xctoolchain/usr/bin/bitcode_strip --emit-dependency-info /Volumes/DeveloperStorage/BuildScratch/throttle-convergence-20260920/DerivedData/Build/Intermediates.noindex/Throttle.build/Debug/ThrottleTests.build/SwiftStdLibToolInputDependencies.dep --filter-for-swift-os --back-deploy-swift-span
Ignoring --strip-bitcode because --sign was not passed

ExtractAppIntentsMetadata (in target 'ThrottleTests' from project 'Throttle')
    cd /Users/kevinnadjarian/GitHub/Throttle/build/convergence-recovery-20260920
    /Applications/Xcode.app/Contents/Developer/Toolchains/XcodeDefault.xctoolchain/usr/bin/appintentsmetadataprocessor --toolchain-dir /var/run/com.apple.security.cryptexd/mnt/com.apple.MobileAsset.MetalToolchain-v27.1.266.1.s263Mc/Metal.xctoolchain --module-name ThrottleTests --sdk-root /Applications/Xcode.app/Contents/Developer/Platforms/MacOSX.platform/Developer/SDKs/MacOSX27.0.sdk --xcode-version 27A266a --platform-family macOS --deployment-target 14.0 --bundle-identifier com.lorislab.throttle.tests --output /Volumes/DeveloperStorage/BuildScratch/throttle-convergence-20260920/DerivedData/Build/Products/Debug/Throttle.app/Contents/PlugIns/ThrottleTests.xctest/Contents/Resources --target-triple arm64-apple-macos14.0 --binary-file /Volumes/DeveloperStorage/BuildScratch/throttle-convergence-20260920/DerivedData/Build/Products/Debug/Throttle.app/Contents/PlugIns/ThrottleTests.xctest/Contents/MacOS/ThrottleTests --dependency-file /Volumes/DeveloperStorage/BuildScratch/throttle-convergence-20260920/DerivedData/Build/Intermediates.noindex/Throttle.build/Debug/ThrottleTests.build/Objects-normal/arm64/ThrottleTests_dependency_info.dat --stringsdata-file /Volumes/DeveloperStorage/BuildScratch/throttle-convergence-20260920/DerivedData/Build/Intermediates.noindex/Throttle.build/Debug/ThrottleTests.build/Objects-normal/arm64/ExtractedAppShortcutsMetadata.stringsdata --source-file-list /Volumes/DeveloperStorage/BuildScratch/throttle-convergence-20260920/DerivedData/Build/Intermediates.noindex/Throttle.build/Debug/ThrottleTests.build/Objects-normal/arm64/ThrottleTests.SwiftFileList --metadata-file-list /Volumes/DeveloperStorage/BuildScratch/throttle-convergence-20260920/DerivedData/Build/Intermediates.noindex/Throttle.build/Debug/ThrottleTests.build/ThrottleTests.DependencyMetadataFileList --static-metadata-file-list /Volumes/DeveloperStorage/BuildScratch/throttle-convergence-20260920/DerivedData/Build/Intermediates.noindex/Throttle.build/Debug/ThrottleTests.build/ThrottleTests.DependencyStaticMetadataFileList --swift-const-vals-list /Volumes/DeveloperStorage/BuildScratch/throttle-convergence-20260920/DerivedData/Build/Intermediates.noindex/Throttle.build/Debug/ThrottleTests.build/Objects-normal/arm64/ThrottleTests.SwiftConstValuesFileList --compile-time-extraction --deployment-aware-processing --no-app-shortcuts-localization
2026-09-21 00:29:08.790 appintentsmetadataprocessor[51534:776077] Starting appintentsmetadataprocessor export
2026-09-21 00:29:08.828 appintentsmetadataprocessor[51534:776077] Extracted no relevant App Intents symbols, skipping writing output

Validate /Volumes/DeveloperStorage/BuildScratch/throttle-convergence-20260920/DerivedData/Build/Products/Debug/Throttle.app (in target 'Throttle' from project 'Throttle')
    cd /Users/kevinnadjarian/GitHub/Throttle/build/convergence-recovery-20260920
    builtin-validationUtility /Volumes/DeveloperStorage/BuildScratch/throttle-convergence-20260920/DerivedData/Build/Products/Debug/Throttle.app -no-validate-extension -infoplist-subpath Contents/Info.plist

RegisterWithLaunchServices /Volumes/DeveloperStorage/BuildScratch/throttle-convergence-20260920/DerivedData/Build/Products/Debug/Throttle.app (in target 'Throttle' from project 'Throttle')
    cd /Users/kevinnadjarian/GitHub/Throttle/build/convergence-recovery-20260920
    builtin-lsregisterurl --record-path /Volumes/DeveloperStorage/BuildScratch/throttle-convergence-20260920/DerivedData/Build/Intermediates.noindex/XCBuildData/registered-launchservices.txt -- /System/Library/Frameworks/CoreServices.framework/Versions/Current/Frameworks/LaunchServices.framework/Versions/Current/Support/lsregister -f -R -trusted /Volumes/DeveloperStorage/BuildScratch/throttle-convergence-20260920/DerivedData/Build/Products/Debug/Throttle.app

PruneExplicitPrecompiledModules /Volumes/DeveloperStorage/BuildScratch/throttle-convergence-20260920/DerivedData/SDKExplicitPrecompiledModules

PruneExplicitPrecompiledModules /Volumes/DeveloperStorage/BuildScratch/throttle-convergence-20260920/DerivedData/Build/Intermediates.noindex/ExplicitPrecompiledModules

PruneExplicitPrecompiledModules /Volumes/DeveloperStorage/BuildScratch/throttle-convergence-20260920/DerivedData/Build/Intermediates.noindex/SwiftExplicitPrecompiledModules

** TEST BUILD SUCCEEDED **

