Command line invocation:
    /Applications/Xcode.app/Contents/Developer/usr/bin/xcodebuild build-for-testing -project Throttle.xcodeproj -scheme Throttle -configuration Debug -destination generic/platform=macOS -derivedDataPath /Volumes/DeveloperStorage/BuildScratch/throttle-convergence-20260920/DerivedData -clonedSourcePackagesDirPath /Volumes/DeveloperStorage/BuildScratch/throttle-convergence-20260920/SourcePackages -disableAutomaticPackageResolution -onlyUsePackageVersionsFromResolvedFile -skipPackageUpdates -jobs 2 CODE_SIGNING_ALLOWED=NO ONLY_ACTIVE_ARCH=YES ARCHS=arm64 -skipPackagePluginValidation -skipMacroValidation

Build settings from command line:
    ARCHS = arm64
    CODE_SIGNING_ALLOWED = NO
    ONLY_ACTIVE_ARCH = YES

Resolve Package Graph


Resolved source packages:
  mlx-swift: https://github.com/ml-explore/mlx-swift @ 0.31.6
  ThrottleVaultClient: /Users/kevinnadjarian/GitHub/Throttle/build/convergence-recovery-20260920/Packages/ThrottleVaultClient @ local
  ThrottleShared: /Users/kevinnadjarian/GitHub/Throttle/build/convergence-recovery-20260920/ThrottleShared
  swift-huggingface: https://github.com/huggingface/swift-huggingface @ 0.9.0
  SQLCipher: https://github.com/sqlcipher/SQLCipher.swift.git @ 4.18.0
  swift-system: https://github.com/apple/swift-system.git @ 1.8.1
  GRDB: https://github.com/groue/GRDB.swift @ 6.29.3
  ThrottlePeerProtocol: /Users/kevinnadjarian/GitHub/Throttle/build/convergence-recovery-20260920/Packages/ThrottlePeerProtocol @ local
  swift-argument-parser: https://github.com/apple/swift-argument-parser @ 1.8.2
  ThrottleMCPContracts: /Users/kevinnadjarian/GitHub/Throttle/build/convergence-recovery-20260920/Packages/ThrottleMCPContracts
  EventSource: https://github.com/mattt/EventSource.git @ 1.4.2
  ResearchVaultKit: /Users/kevinnadjarian/GitHub/Throttle/build/convergence-recovery-20260920/Packages/ResearchVaultKit
  Jinja: https://github.com/huggingface/swift-jinja.git @ 2.4.2
  Sparkle: https://github.com/sparkle-project/Sparkle @ 2.9.6
  mlx-swift-lm: https://github.com/ml-explore/mlx-swift-lm @ 3.31.3
  swift-numerics: https://github.com/apple/swift-numerics @ 1.1.1
  swift-collections: https://github.com/apple/swift-collections.git @ 1.6.0
  swift-asn1: https://github.com/apple/swift-asn1.git @ 1.7.1
  SwiftTerm: https://github.com/migueldeicaza/SwiftTerm @ 1.14.0
  ThrottleMirrorContract: /Users/kevinnadjarian/GitHub/Throttle/build/convergence-recovery-20260920/Packages/ThrottleMirrorContract @ local
  swift-nio: https://github.com/apple/swift-nio.git @ 2.101.3
  swift-transformers: https://github.com/huggingface/swift-transformers @ 1.3.0
  swift-syntax: https://github.com/swiftlang/swift-syntax.git @ 600.0.1
  swift-crypto: https://github.com/apple/swift-crypto.git @ 4.5.1
  ThrottleVaultContract: /Users/kevinnadjarian/GitHub/Throttle/build/convergence-recovery-20260920/Packages/ThrottleVaultContract @ local
  yyjson: https://github.com/ibireme/yyjson.git @ 0.12.0
  swift-atomics: https://github.com/apple/swift-atomics.git @ 1.3.1

Build Preparation
Build task concurrency set to 2 via user default IDEBuildOperationMaxNumberOfConcurrentCompileTasks

ComputePackagePrebuildTargetDependencyGraph

Prepare packages

Compile plug-in “CudaBuild” in package “mlx-swift”
[debug]: Compiling plugin to executable at /Volumes/DeveloperStorage/BuildScratch/throttle-convergence-20260920/DerivedData/Build/Products/PluginExecutables/CudaBuild
[debug]: Using compiler /Applications/Xcode.app/Contents/Developer/Toolchains/XcodeDefault.xctoolchain/usr/bin/swiftc
[debug]: Plugin compilation output directory '/Volumes/DeveloperStorage/BuildScratch/throttle-convergence-20260920/DerivedData/Build/Products/PluginExecutables'
[debug]: Computed hash of plugin compilation inputs: 02067c51225864deaee5d872781553401422fdd2d1d4ee88010f525f6f671c94


Apply build tool plug-in “CudaBuild” to target “Cmlx” in package “mlx-swift”
CUDA Build Plugin
CUDA is disabled

Process build tool plug-in results
package: <IDESwiftPackageCore.IDESwiftPackageDependency:0x753fceb600 path:'/Volumes/DeveloperStorage/BuildScratch/throttle-convergence-20260920/SourcePackages/checkouts/mlx-swift'>
    target: Cmlx
        prebuildCommandOutputPaths: []
        buildCommands: []
        allDerivedOutputPaths: []

CreateBuildRequest

SendProjectDescription

CreateBuildOperation

ComputeTargetDependencyGraph
note: Building targets in dependency order
note: Target dependency graph (123 targets)
    Target 'ThrottleTests' in project 'Throttle'
        ➜ Explicit dependency on target 'Throttle' in project 'Throttle'
        ➜ Explicit dependency on target 'ThrottleMCPContracts-product' in project 'ThrottleMCPContracts'
        ➜ Explicit dependency on target 'GRDB-product' in project 'GRDB'
    Target 'Throttle' in project 'Throttle'
        ➜ Explicit dependency on target 'ThrottleWidget' in project 'Throttle'
        ➜ Explicit dependency on target 'ResearchVaultAgent' in project 'Throttle'
        ➜ Explicit dependency on target 'GRDB-product' in project 'GRDB'
        ➜ Explicit dependency on target 'ThrottleMCPContracts-product' in project 'ThrottleMCPContracts'
        ➜ Explicit dependency on target 'Sparkle-product' in project 'Sparkle'
        ➜ Explicit dependency on target 'SwiftTerm-product' in project 'SwiftTerm'
        ➜ Explicit dependency on target 'MLXLLM-product' in project 'mlx-swift-lm'
        ➜ Explicit dependency on target 'MLXLMCommon-product' in project 'mlx-swift-lm'
        ➜ Explicit dependency on target 'MLXHuggingFace-product' in project 'mlx-swift-lm'
        ➜ Explicit dependency on target 'HuggingFace-product' in project 'swift-huggingface'
        ➜ Explicit dependency on target 'Tokenizers-product' in project 'swift-transformers'
        ➜ Explicit dependency on target 'ThrottleShared-product' in project 'ThrottleShared'
        ➜ Explicit dependency on target 'ThrottlePeer-product' in project 'ThrottleShared'
        ➜ Explicit dependency on target 'ResearchVaultIPCModel-product' in project 'ResearchVaultKit'
        ➜ Explicit dependency on target 'ResearchVaultXPCClient-product' in project 'ResearchVaultKit'
        ➜ Explicit dependency on target 'ResearchVaultSynthesis-product' in project 'ResearchVaultKit'
        ➜ Explicit dependency on target 'ResearchVaultIngestion-product' in project 'ResearchVaultKit'
        ➜ Explicit dependency on target 'ResearchVaultReasoning-product' in project 'ResearchVaultKit'
    Target 'ResearchVaultReasoning-product' in project 'ResearchVaultKit'
        ➜ Explicit dependency on target 'ResearchVaultReasoning' in project 'ResearchVaultKit'
        ➜ Explicit dependency on target 'ResearchVaultModel' in project 'ResearchVaultKit'
        ➜ Explicit dependency on target 'ThrottleVaultContract-product' in project 'ThrottleVaultContract'
    Target 'ResearchVaultIngestion-product' in project 'ResearchVaultKit'
        ➜ Explicit dependency on target 'ResearchVaultIngestion' in project 'ResearchVaultKit'
        ➜ Explicit dependency on target 'ResearchVaultModel' in project 'ResearchVaultKit'
        ➜ Explicit dependency on target 'ResearchVaultIPCModel' in project 'ResearchVaultKit'
        ➜ Explicit dependency on target 'ThrottleVaultContract-product' in project 'ThrottleVaultContract'
    Target 'ResearchVaultSynthesis-product' in project 'ResearchVaultKit'
        ➜ Explicit dependency on target 'ResearchVaultSynthesis' in project 'ResearchVaultKit'
        ➜ Explicit dependency on target 'ResearchVaultModel' in project 'ResearchVaultKit'
        ➜ Explicit dependency on target 'ResearchVaultIPCModel' in project 'ResearchVaultKit'
        ➜ Explicit dependency on target 'ThrottleVaultContract-product' in project 'ThrottleVaultContract'
    Target 'ResearchVaultSynthesis' in project 'ResearchVaultKit'
        ➜ Explicit dependency on target 'ResearchVaultModel' in project 'ResearchVaultKit'
        ➜ Explicit dependency on target 'ResearchVaultIPCModel' in project 'ResearchVaultKit'
        ➜ Explicit dependency on target 'ThrottleVaultContract-product' in project 'ThrottleVaultContract'
    Target 'ResearchVaultXPCClient-product' in project 'ResearchVaultKit'
        ➜ Explicit dependency on target 'ResearchVaultXPCClient' in project 'ResearchVaultKit'
        ➜ Explicit dependency on target 'ResearchVaultModel' in project 'ResearchVaultKit'
        ➜ Explicit dependency on target 'ResearchVaultIPCModel' in project 'ResearchVaultKit'
        ➜ Explicit dependency on target 'ThrottleVaultContract-product' in project 'ThrottleVaultContract'
        ➜ Explicit dependency on target 'ThrottleVaultClient-product' in project 'ThrottleVaultClient'
    Target 'ResearchVaultIPCModel-product' in project 'ResearchVaultKit'
        ➜ Explicit dependency on target 'ResearchVaultIPCModel' in project 'ResearchVaultKit'
        ➜ Explicit dependency on target 'ResearchVaultModel' in project 'ResearchVaultKit'
        ➜ Explicit dependency on target 'ThrottleVaultContract-product' in project 'ThrottleVaultContract'
    Target 'ThrottlePeer-product' in project 'ThrottleShared'
        ➜ Explicit dependency on target 'ThrottlePeer' in project 'ThrottleShared'
        ➜ Explicit dependency on target 'ThrottleShared' in project 'ThrottleShared'
        ➜ Explicit dependency on target 'ThrottleMirrorContract-product' in project 'ThrottleMirrorContract'
        ➜ Explicit dependency on target 'ThrottlePeerProtocol-product' in project 'ThrottlePeerProtocol'
    Target 'ThrottlePeer' in project 'ThrottleShared'
        ➜ Explicit dependency on target 'ThrottleShared' in project 'ThrottleShared'
        ➜ Explicit dependency on target 'ThrottleMirrorContract-product' in project 'ThrottleMirrorContract'
        ➜ Explicit dependency on target 'ThrottlePeerProtocol-product' in project 'ThrottlePeerProtocol'
    Target 'ThrottlePeerProtocol-product' in project 'ThrottlePeerProtocol'
        ➜ Explicit dependency on target 'ThrottlePeerProtocol' in project 'ThrottlePeerProtocol'
    Target 'ThrottlePeerProtocol' in project 'ThrottlePeerProtocol' (no dependencies)
    Target 'ThrottleShared-product' in project 'ThrottleShared'
        ➜ Explicit dependency on target 'ThrottleShared' in project 'ThrottleShared'
        ➜ Explicit dependency on target 'ThrottleMirrorContract-product' in project 'ThrottleMirrorContract'
    Target 'ThrottleShared' in project 'ThrottleShared'
        ➜ Explicit dependency on target 'ThrottleMirrorContract-product' in project 'ThrottleMirrorContract'
    Target 'ThrottleMirrorContract-product' in project 'ThrottleMirrorContract'
        ➜ Explicit dependency on target 'ThrottleMirrorContract' in project 'ThrottleMirrorContract'
    Target 'ThrottleMirrorContract' in project 'ThrottleMirrorContract' (no dependencies)
    Target 'Tokenizers-product' in project 'swift-transformers'
        ➜ Explicit dependency on target 'Tokenizers' in project 'swift-transformers'
        ➜ Explicit dependency on target 'Hub' in project 'swift-transformers'
        ➜ Explicit dependency on target 'Jinja-product' in project 'Jinja'
        ➜ Explicit dependency on target 'HuggingFace-product' in project 'swift-huggingface'
        ➜ Explicit dependency on target 'OrderedCollections-product' in project 'swift-collections'
        ➜ Explicit dependency on target 'Crypto-product' in project 'swift-crypto'
        ➜ Explicit dependency on target 'yyjson-product' in project 'yyjson'
    Target 'Tokenizers' in project 'swift-transformers'
        ➜ Explicit dependency on target 'Hub' in project 'swift-transformers'
        ➜ Explicit dependency on target 'Jinja-product' in project 'Jinja'
        ➜ Explicit dependency on target 'HuggingFace-product' in project 'swift-huggingface'
        ➜ Explicit dependency on target 'OrderedCollections-product' in project 'swift-collections'
        ➜ Explicit dependency on target 'Crypto-product' in project 'swift-crypto'
        ➜ Explicit dependency on target 'yyjson-product' in project 'yyjson'
    Target 'Hub' in project 'swift-transformers'
        ➜ Explicit dependency on target 'swift-transformers_Hub' in project 'swift-transformers'
        ➜ Explicit dependency on target 'Jinja-product' in project 'Jinja'
        ➜ Explicit dependency on target 'HuggingFace-product' in project 'swift-huggingface'
        ➜ Explicit dependency on target 'OrderedCollections-product' in project 'swift-collections'
        ➜ Explicit dependency on target 'Crypto-product' in project 'swift-crypto'
        ➜ Explicit dependency on target 'yyjson-product' in project 'yyjson'
    Target 'yyjson-product' in project 'yyjson'
        ➜ Explicit dependency on target 'yyjson' in project 'yyjson'
    Target 'yyjson' in project 'yyjson' (no dependencies)
    Target 'Jinja-product' in project 'Jinja'
        ➜ Explicit dependency on target 'Jinja' in project 'Jinja'
        ➜ Explicit dependency on target 'OrderedCollections-product' in project 'swift-collections'
    Target 'Jinja' in project 'Jinja'
        ➜ Explicit dependency on target 'OrderedCollections-product' in project 'swift-collections'
    Target 'OrderedCollections-product' in project 'swift-collections'
        ➜ Explicit dependency on target 'OrderedCollections' in project 'swift-collections'
        ➜ Explicit dependency on target 'InternalCollectionsUtilities' in project 'swift-collections'
    Target 'OrderedCollections' in project 'swift-collections'
        ➜ Explicit dependency on target 'InternalCollectionsUtilities' in project 'swift-collections'
    Target 'swift-transformers_Hub' in project 'swift-transformers' (no dependencies)
    Target 'HuggingFace-product' in project 'swift-huggingface'
        ➜ Explicit dependency on target 'HuggingFace' in project 'swift-huggingface'
        ➜ Explicit dependency on target 'EventSource-product' in project 'EventSource'
        ➜ Explicit dependency on target 'Crypto-product' in project 'swift-crypto'
    Target 'HuggingFace' in project 'swift-huggingface'
        ➜ Explicit dependency on target 'EventSource-product' in project 'EventSource'
        ➜ Explicit dependency on target 'Crypto-product' in project 'swift-crypto'
    Target 'Crypto-product' in project 'swift-crypto'
        ➜ Explicit dependency on target 'Crypto' in project 'swift-crypto'
        ➜ Explicit dependency on target 'swift-crypto_Crypto' in project 'swift-crypto'
    Target 'Crypto' in project 'swift-crypto'
        ➜ Explicit dependency on target 'swift-crypto_Crypto' in project 'swift-crypto'
    Target 'swift-crypto_Crypto' in project 'swift-crypto' (no dependencies)
    Target 'EventSource-product' in project 'EventSource'
        ➜ Explicit dependency on target 'EventSource' in project 'EventSource'
        ➜ Explicit dependency on target 'NIOCore-product' in project 'swift-nio'
    Target 'EventSource' in project 'EventSource'
        ➜ Explicit dependency on target 'NIOCore-product' in project 'swift-nio'
    Target 'NIOCore-product' in project 'swift-nio'
        ➜ Explicit dependency on target 'NIOCore' in project 'swift-nio'
        ➜ Explicit dependency on target 'CNIOAtomics' in project 'swift-nio'
        ➜ Explicit dependency on target 'NIOConcurrencyHelpers' in project 'swift-nio'
        ➜ Explicit dependency on target '_NIOBase64' in project 'swift-nio'
        ➜ Explicit dependency on target 'CNIOOpenBSD' in project 'swift-nio'
        ➜ Explicit dependency on target 'CNIOFreeBSD' in project 'swift-nio'
        ➜ Explicit dependency on target 'CNIODarwin' in project 'swift-nio'
        ➜ Explicit dependency on target 'CNIOLinux' in project 'swift-nio'
        ➜ Explicit dependency on target 'CNIOWindows' in project 'swift-nio'
        ➜ Explicit dependency on target 'CNIOWASI' in project 'swift-nio'
        ➜ Explicit dependency on target '_NIODataStructures' in project 'swift-nio'
        ➜ Explicit dependency on target 'DequeModule-product' in project 'swift-collections'
        ➜ Explicit dependency on target 'Atomics-product' in project 'swift-atomics'
    Target 'NIOCore' in project 'swift-nio'
        ➜ Explicit dependency on target 'CNIOAtomics' in project 'swift-nio'
        ➜ Explicit dependency on target 'NIOConcurrencyHelpers' in project 'swift-nio'
        ➜ Explicit dependency on target '_NIOBase64' in project 'swift-nio'
        ➜ Explicit dependency on target 'CNIOOpenBSD' in project 'swift-nio'
        ➜ Explicit dependency on target 'CNIOFreeBSD' in project 'swift-nio'
        ➜ Explicit dependency on target 'CNIODarwin' in project 'swift-nio'
        ➜ Explicit dependency on target 'CNIOLinux' in project 'swift-nio'
        ➜ Explicit dependency on target 'CNIOWindows' in project 'swift-nio'
        ➜ Explicit dependency on target 'CNIOWASI' in project 'swift-nio'
        ➜ Explicit dependency on target '_NIODataStructures' in project 'swift-nio'
        ➜ Explicit dependency on target 'DequeModule-product' in project 'swift-collections'
        ➜ Explicit dependency on target 'Atomics-product' in project 'swift-atomics'
    Target 'Atomics-product' in project 'swift-atomics'
        ➜ Explicit dependency on target 'Atomics' in project 'swift-atomics'
        ➜ Explicit dependency on target '_AtomicsShims' in project 'swift-atomics'
    Target 'Atomics' in project 'swift-atomics'
        ➜ Explicit dependency on target '_AtomicsShims' in project 'swift-atomics'
    Target '_AtomicsShims' in project 'swift-atomics' (no dependencies)
    Target 'DequeModule-product' in project 'swift-collections'
        ➜ Explicit dependency on target 'DequeModule' in project 'swift-collections'
        ➜ Explicit dependency on target 'InternalCollectionsUtilities' in project 'swift-collections'
        ➜ Explicit dependency on target 'ContainersPreview' in project 'swift-collections'
    Target 'DequeModule' in project 'swift-collections'
        ➜ Explicit dependency on target 'InternalCollectionsUtilities' in project 'swift-collections'
        ➜ Explicit dependency on target 'ContainersPreview' in project 'swift-collections'
    Target 'ContainersPreview' in project 'swift-collections'
        ➜ Explicit dependency on target 'InternalCollectionsUtilities' in project 'swift-collections'
    Target 'InternalCollectionsUtilities' in project 'swift-collections' (no dependencies)
    Target '_NIODataStructures' in project 'swift-nio' (no dependencies)
    Target 'CNIOWASI' in project 'swift-nio' (no dependencies)
    Target 'CNIOWindows' in project 'swift-nio' (no dependencies)
    Target 'CNIOLinux' in project 'swift-nio' (no dependencies)
    Target 'CNIODarwin' in project 'swift-nio' (no dependencies)
    Target 'CNIOFreeBSD' in project 'swift-nio' (no dependencies)
    Target 'CNIOOpenBSD' in project 'swift-nio' (no dependencies)
    Target '_NIOBase64' in project 'swift-nio' (no dependencies)
    Target 'NIOConcurrencyHelpers' in project 'swift-nio'
        ➜ Explicit dependency on target 'CNIOAtomics' in project 'swift-nio'
    Target 'CNIOAtomics' in project 'swift-nio' (no dependencies)
    Target 'MLXHuggingFace-product' in project 'mlx-swift-lm'
        ➜ Explicit dependency on target 'MLXHuggingFace' in project 'mlx-swift-lm'
        ➜ Explicit dependency on target 'MLXHuggingFaceMacros' in project 'mlx-swift-lm'
        ➜ Explicit dependency on target 'MLXLMCommon' in project 'mlx-swift-lm'
        ➜ Explicit dependency on target 'MLX-product' in project 'mlx-swift'
        ➜ Explicit dependency on target 'MLXNN-product' in project 'mlx-swift'
        ➜ Explicit dependency on target 'MLXOptimizers-product' in project 'mlx-swift'
    Target 'MLXHuggingFace' in project 'mlx-swift-lm'
        ➜ Explicit dependency on target 'MLXHuggingFaceMacros' in project 'mlx-swift-lm'
        ➜ Explicit dependency on target 'MLXLMCommon' in project 'mlx-swift-lm'
        ➜ Explicit dependency on target 'MLX-product' in project 'mlx-swift'
        ➜ Explicit dependency on target 'MLXNN-product' in project 'mlx-swift'
        ➜ Explicit dependency on target 'MLXOptimizers-product' in project 'mlx-swift'
    Target 'MLXHuggingFaceMacros' in project 'mlx-swift-lm'
        ➜ Explicit dependency on target 'SwiftSyntaxMacros-product' in project 'swift-syntax'
        ➜ Explicit dependency on target 'SwiftCompilerPlugin-product' in project 'swift-syntax'
    Target 'SwiftCompilerPlugin-product' in project 'swift-syntax'
        ➜ Explicit dependency on target 'SwiftCompilerPlugin' in project 'swift-syntax'
        ➜ Explicit dependency on target '_SwiftSyntaxCShims' in project 'swift-syntax'
        ➜ Explicit dependency on target 'SwiftSyntax509' in project 'swift-syntax'
        ➜ Explicit dependency on target 'SwiftSyntax510' in project 'swift-syntax'
        ➜ Explicit dependency on target 'SwiftSyntax600' in project 'swift-syntax'
        ➜ Explicit dependency on target 'SwiftSyntax' in project 'swift-syntax'
        ➜ Explicit dependency on target 'SwiftDiagnostics' in project 'swift-syntax'
        ➜ Explicit dependency on target 'SwiftParser' in project 'swift-syntax'
        ➜ Explicit dependency on target 'SwiftOperators' in project 'swift-syntax'
        ➜ Explicit dependency on target 'SwiftBasicFormat' in project 'swift-syntax'
        ➜ Explicit dependency on target 'SwiftParserDiagnostics' in project 'swift-syntax'
        ➜ Explicit dependency on target 'SwiftSyntaxBuilder' in project 'swift-syntax'
        ➜ Explicit dependency on target 'SwiftSyntaxMacros' in project 'swift-syntax'
        ➜ Explicit dependency on target 'SwiftSyntaxMacroExpansion' in project 'swift-syntax'
        ➜ Explicit dependency on target 'SwiftCompilerPluginMessageHandling' in project 'swift-syntax'
    Target 'SwiftCompilerPlugin' in project 'swift-syntax'
        ➜ Explicit dependency on target '_SwiftSyntaxCShims' in project 'swift-syntax'
        ➜ Explicit dependency on target 'SwiftSyntax509' in project 'swift-syntax'
        ➜ Explicit dependency on target 'SwiftSyntax510' in project 'swift-syntax'
        ➜ Explicit dependency on target 'SwiftSyntax600' in project 'swift-syntax'
        ➜ Explicit dependency on target 'SwiftSyntax' in project 'swift-syntax'
        ➜ Explicit dependency on target 'SwiftDiagnostics' in project 'swift-syntax'
        ➜ Explicit dependency on target 'SwiftParser' in project 'swift-syntax'
        ➜ Explicit dependency on target 'SwiftOperators' in project 'swift-syntax'
        ➜ Explicit dependency on target 'SwiftBasicFormat' in project 'swift-syntax'
        ➜ Explicit dependency on target 'SwiftParserDiagnostics' in project 'swift-syntax'
        ➜ Explicit dependency on target 'SwiftSyntaxBuilder' in project 'swift-syntax'
        ➜ Explicit dependency on target 'SwiftSyntaxMacros' in project 'swift-syntax'
        ➜ Explicit dependency on target 'SwiftSyntaxMacroExpansion' in project 'swift-syntax'
        ➜ Explicit dependency on target 'SwiftCompilerPluginMessageHandling' in project 'swift-syntax'
    Target 'SwiftCompilerPluginMessageHandling' in project 'swift-syntax'
        ➜ Explicit dependency on target '_SwiftSyntaxCShims' in project 'swift-syntax'
        ➜ Explicit dependency on target 'SwiftSyntax509' in project 'swift-syntax'
        ➜ Explicit dependency on target 'SwiftSyntax510' in project 'swift-syntax'
        ➜ Explicit dependency on target 'SwiftSyntax600' in project 'swift-syntax'
        ➜ Explicit dependency on target 'SwiftSyntax' in project 'swift-syntax'
        ➜ Explicit dependency on target 'SwiftDiagnostics' in project 'swift-syntax'
        ➜ Explicit dependency on target 'SwiftParser' in project 'swift-syntax'
        ➜ Explicit dependency on target 'SwiftOperators' in project 'swift-syntax'
        ➜ Explicit dependency on target 'SwiftBasicFormat' in project 'swift-syntax'
        ➜ Explicit dependency on target 'SwiftParserDiagnostics' in project 'swift-syntax'
        ➜ Explicit dependency on target 'SwiftSyntaxBuilder' in project 'swift-syntax'
        ➜ Explicit dependency on target 'SwiftSyntaxMacros' in project 'swift-syntax'
        ➜ Explicit dependency on target 'SwiftSyntaxMacroExpansion' in project 'swift-syntax'
    Target 'SwiftSyntaxMacroExpansion' in project 'swift-syntax'
        ➜ Explicit dependency on target '_SwiftSyntaxCShims' in project 'swift-syntax'
        ➜ Explicit dependency on target 'SwiftSyntax509' in project 'swift-syntax'
        ➜ Explicit dependency on target 'SwiftSyntax510' in project 'swift-syntax'
        ➜ Explicit dependency on target 'SwiftSyntax600' in project 'swift-syntax'
        ➜ Explicit dependency on target 'SwiftSyntax' in project 'swift-syntax'
        ➜ Explicit dependency on target 'SwiftBasicFormat' in project 'swift-syntax'
        ➜ Explicit dependency on target 'SwiftParser' in project 'swift-syntax'
        ➜ Explicit dependency on target 'SwiftDiagnostics' in project 'swift-syntax'
        ➜ Explicit dependency on target 'SwiftParserDiagnostics' in project 'swift-syntax'
        ➜ Explicit dependency on target 'SwiftSyntaxBuilder' in project 'swift-syntax'
        ➜ Explicit dependency on target 'SwiftSyntaxMacros' in project 'swift-syntax'
        ➜ Explicit dependency on target 'SwiftOperators' in project 'swift-syntax'
    Target 'SwiftOperators' in project 'swift-syntax'
        ➜ Explicit dependency on target '_SwiftSyntaxCShims' in project 'swift-syntax'
        ➜ Explicit dependency on target 'SwiftSyntax509' in project 'swift-syntax'
        ➜ Explicit dependency on target 'SwiftSyntax510' in project 'swift-syntax'
        ➜ Explicit dependency on target 'SwiftSyntax600' in project 'swift-syntax'
        ➜ Explicit dependency on target 'SwiftSyntax' in project 'swift-syntax'
        ➜ Explicit dependency on target 'SwiftDiagnostics' in project 'swift-syntax'
        ➜ Explicit dependency on target 'SwiftParser' in project 'swift-syntax'
    Target 'SwiftSyntaxMacros-product' in project 'swift-syntax'
        ➜ Explicit dependency on target 'SwiftSyntaxMacros' in project 'swift-syntax'
        ➜ Explicit dependency on target '_SwiftSyntaxCShims' in project 'swift-syntax'
        ➜ Explicit dependency on target 'SwiftSyntax509' in project 'swift-syntax'
        ➜ Explicit dependency on target 'SwiftSyntax510' in project 'swift-syntax'
        ➜ Explicit dependency on target 'SwiftSyntax600' in project 'swift-syntax'
        ➜ Explicit dependency on target 'SwiftSyntax' in project 'swift-syntax'
        ➜ Explicit dependency on target 'SwiftDiagnostics' in project 'swift-syntax'
        ➜ Explicit dependency on target 'SwiftParser' in project 'swift-syntax'
        ➜ Explicit dependency on target 'SwiftBasicFormat' in project 'swift-syntax'
        ➜ Explicit dependency on target 'SwiftParserDiagnostics' in project 'swift-syntax'
        ➜ Explicit dependency on target 'SwiftSyntaxBuilder' in project 'swift-syntax'
    Target 'SwiftSyntaxMacros' in project 'swift-syntax'
        ➜ Explicit dependency on target '_SwiftSyntaxCShims' in project 'swift-syntax'
        ➜ Explicit dependency on target 'SwiftSyntax509' in project 'swift-syntax'
        ➜ Explicit dependency on target 'SwiftSyntax510' in project 'swift-syntax'
        ➜ Explicit dependency on target 'SwiftSyntax600' in project 'swift-syntax'
        ➜ Explicit dependency on target 'SwiftSyntax' in project 'swift-syntax'
        ➜ Explicit dependency on target 'SwiftDiagnostics' in project 'swift-syntax'
        ➜ Explicit dependency on target 'SwiftParser' in project 'swift-syntax'
        ➜ Explicit dependency on target 'SwiftBasicFormat' in project 'swift-syntax'
        ➜ Explicit dependency on target 'SwiftParserDiagnostics' in project 'swift-syntax'
        ➜ Explicit dependency on target 'SwiftSyntaxBuilder' in project 'swift-syntax'
    Target 'SwiftSyntaxBuilder' in project 'swift-syntax'
        ➜ Explicit dependency on target '_SwiftSyntaxCShims' in project 'swift-syntax'
        ➜ Explicit dependency on target 'SwiftSyntax509' in project 'swift-syntax'
        ➜ Explicit dependency on target 'SwiftSyntax510' in project 'swift-syntax'
        ➜ Explicit dependency on target 'SwiftSyntax600' in project 'swift-syntax'
        ➜ Explicit dependency on target 'SwiftSyntax' in project 'swift-syntax'
        ➜ Explicit dependency on target 'SwiftBasicFormat' in project 'swift-syntax'
        ➜ Explicit dependency on target 'SwiftParser' in project 'swift-syntax'
        ➜ Explicit dependency on target 'SwiftDiagnostics' in project 'swift-syntax'
        ➜ Explicit dependency on target 'SwiftParserDiagnostics' in project 'swift-syntax'
    Target 'SwiftParserDiagnostics' in project 'swift-syntax'
        ➜ Explicit dependency on target '_SwiftSyntaxCShims' in project 'swift-syntax'
        ➜ Explicit dependency on target 'SwiftSyntax509' in project 'swift-syntax'
        ➜ Explicit dependency on target 'SwiftSyntax510' in project 'swift-syntax'
        ➜ Explicit dependency on target 'SwiftSyntax600' in project 'swift-syntax'
        ➜ Explicit dependency on target 'SwiftSyntax' in project 'swift-syntax'
        ➜ Explicit dependency on target 'SwiftBasicFormat' in project 'swift-syntax'
        ➜ Explicit dependency on target 'SwiftDiagnostics' in project 'swift-syntax'
        ➜ Explicit dependency on target 'SwiftParser' in project 'swift-syntax'
    Target 'SwiftBasicFormat' in project 'swift-syntax'
        ➜ Explicit dependency on target '_SwiftSyntaxCShims' in project 'swift-syntax'
        ➜ Explicit dependency on target 'SwiftSyntax509' in project 'swift-syntax'
        ➜ Explicit dependency on target 'SwiftSyntax510' in project 'swift-syntax'
        ➜ Explicit dependency on target 'SwiftSyntax600' in project 'swift-syntax'
        ➜ Explicit dependency on target 'SwiftSyntax' in project 'swift-syntax'
    Target 'SwiftParser' in project 'swift-syntax'
        ➜ Explicit dependency on target '_SwiftSyntaxCShims' in project 'swift-syntax'
        ➜ Explicit dependency on target 'SwiftSyntax509' in project 'swift-syntax'
        ➜ Explicit dependency on target 'SwiftSyntax510' in project 'swift-syntax'
        ➜ Explicit dependency on target 'SwiftSyntax600' in project 'swift-syntax'
        ➜ Explicit dependency on target 'SwiftSyntax' in project 'swift-syntax'
    Target 'SwiftDiagnostics' in project 'swift-syntax'
        ➜ Explicit dependency on target '_SwiftSyntaxCShims' in project 'swift-syntax'
        ➜ Explicit dependency on target 'SwiftSyntax509' in project 'swift-syntax'
        ➜ Explicit dependency on target 'SwiftSyntax510' in project 'swift-syntax'
        ➜ Explicit dependency on target 'SwiftSyntax600' in project 'swift-syntax'
        ➜ Explicit dependency on target 'SwiftSyntax' in project 'swift-syntax'
    Target 'SwiftSyntax' in project 'swift-syntax'
        ➜ Explicit dependency on target '_SwiftSyntaxCShims' in project 'swift-syntax'
        ➜ Explicit dependency on target 'SwiftSyntax509' in project 'swift-syntax'
        ➜ Explicit dependency on target 'SwiftSyntax510' in project 'swift-syntax'
        ➜ Explicit dependency on target 'SwiftSyntax600' in project 'swift-syntax'
    Target 'SwiftSyntax600' in project 'swift-syntax' (no dependencies)
    Target 'SwiftSyntax510' in project 'swift-syntax' (no dependencies)
    Target 'SwiftSyntax509' in project 'swift-syntax' (no dependencies)
    Target '_SwiftSyntaxCShims' in project 'swift-syntax' (no dependencies)
    Target 'MLXLMCommon-product' in project 'mlx-swift-lm'
        ➜ Explicit dependency on target 'MLXLMCommon' in project 'mlx-swift-lm'
        ➜ Explicit dependency on target 'MLX-product' in project 'mlx-swift'
        ➜ Explicit dependency on target 'MLXNN-product' in project 'mlx-swift'
        ➜ Explicit dependency on target 'MLXOptimizers-product' in project 'mlx-swift'
    Target 'MLXLLM-product' in project 'mlx-swift-lm'
        ➜ Explicit dependency on target 'MLXLLM' in project 'mlx-swift-lm'
        ➜ Explicit dependency on target 'MLXLMCommon' in project 'mlx-swift-lm'
        ➜ Explicit dependency on target 'MLX-product' in project 'mlx-swift'
        ➜ Explicit dependency on target 'MLXNN-product' in project 'mlx-swift'
        ➜ Explicit dependency on target 'MLXOptimizers-product' in project 'mlx-swift'
    Target 'MLXLLM' in project 'mlx-swift-lm'
        ➜ Explicit dependency on target 'MLXLMCommon' in project 'mlx-swift-lm'
        ➜ Explicit dependency on target 'MLX-product' in project 'mlx-swift'
        ➜ Explicit dependency on target 'MLXNN-product' in project 'mlx-swift'
        ➜ Explicit dependency on target 'MLXOptimizers-product' in project 'mlx-swift'
    Target 'MLXLMCommon' in project 'mlx-swift-lm'
        ➜ Explicit dependency on target 'MLX-product' in project 'mlx-swift'
        ➜ Explicit dependency on target 'MLXNN-product' in project 'mlx-swift'
        ➜ Explicit dependency on target 'MLXOptimizers-product' in project 'mlx-swift'
    Target 'MLXOptimizers-product' in project 'mlx-swift'
        ➜ Explicit dependency on target 'MLXOptimizers' in project 'mlx-swift'
        ➜ Explicit dependency on target 'CudaBuild' in project 'mlx-swift'
        ➜ Explicit dependency on target 'Cmlx' in project 'mlx-swift'
        ➜ Explicit dependency on target 'MLX' in project 'mlx-swift'
        ➜ Explicit dependency on target 'MLXNN' in project 'mlx-swift'
        ➜ Explicit dependency on target 'Numerics-product' in project 'swift-numerics'
    Target 'MLXOptimizers' in project 'mlx-swift'
        ➜ Explicit dependency on target 'CudaBuild' in project 'mlx-swift'
        ➜ Explicit dependency on target 'Cmlx' in project 'mlx-swift'
        ➜ Explicit dependency on target 'MLX' in project 'mlx-swift'
        ➜ Explicit dependency on target 'MLXNN' in project 'mlx-swift'
        ➜ Explicit dependency on target 'Numerics-product' in project 'swift-numerics'
    Target 'MLXNN-product' in project 'mlx-swift'
        ➜ Explicit dependency on target 'MLXNN' in project 'mlx-swift'
        ➜ Explicit dependency on target 'CudaBuild' in project 'mlx-swift'
        ➜ Explicit dependency on target 'Cmlx' in project 'mlx-swift'
        ➜ Explicit dependency on target 'MLX' in project 'mlx-swift'
        ➜ Explicit dependency on target 'Numerics-product' in project 'swift-numerics'
    Target 'MLXNN' in project 'mlx-swift'
        ➜ Explicit dependency on target 'CudaBuild' in project 'mlx-swift'
        ➜ Explicit dependency on target 'Cmlx' in project 'mlx-swift'
        ➜ Explicit dependency on target 'MLX' in project 'mlx-swift'
        ➜ Explicit dependency on target 'Numerics-product' in project 'swift-numerics'
    Target 'MLX-product' in project 'mlx-swift'
        ➜ Explicit dependency on target 'MLX' in project 'mlx-swift'
        ➜ Explicit dependency on target 'CudaBuild' in project 'mlx-swift'
        ➜ Explicit dependency on target 'Cmlx' in project 'mlx-swift'
        ➜ Explicit dependency on target 'Numerics-product' in project 'swift-numerics'
    Target 'MLX' in project 'mlx-swift'
        ➜ Explicit dependency on target 'CudaBuild' in project 'mlx-swift'
        ➜ Explicit dependency on target 'Cmlx' in project 'mlx-swift'
        ➜ Explicit dependency on target 'Numerics-product' in project 'swift-numerics'
    Target 'Numerics-product' in project 'swift-numerics'
        ➜ Explicit dependency on target 'Numerics' in project 'swift-numerics'
        ➜ Explicit dependency on target '_NumericsShims' in project 'swift-numerics'
        ➜ Explicit dependency on target 'RealModule' in project 'swift-numerics'
        ➜ Explicit dependency on target 'ComplexModule' in project 'swift-numerics'
    Target 'Numerics' in project 'swift-numerics'
        ➜ Explicit dependency on target '_NumericsShims' in project 'swift-numerics'
        ➜ Explicit dependency on target 'RealModule' in project 'swift-numerics'
        ➜ Explicit dependency on target 'ComplexModule' in project 'swift-numerics'
    Target 'ComplexModule' in project 'swift-numerics'
        ➜ Explicit dependency on target '_NumericsShims' in project 'swift-numerics'
        ➜ Explicit dependency on target 'RealModule' in project 'swift-numerics'
    Target 'RealModule' in project 'swift-numerics'
        ➜ Explicit dependency on target '_NumericsShims' in project 'swift-numerics'
    Target '_NumericsShims' in project 'swift-numerics' (no dependencies)
    Target 'Cmlx' in project 'mlx-swift'
        ➜ Explicit dependency on target 'mlx-swift_Cmlx' in project 'mlx-swift'
        ➜ Explicit dependency on target 'CudaBuild' in project 'mlx-swift'
    Target 'mlx-swift_Cmlx' in project 'mlx-swift'
        ➜ Explicit dependency on target 'CudaBuild' in project 'mlx-swift'
    Target 'CudaBuild' in project 'mlx-swift'
        ➜ Explicit dependency on target 'encuda-product' in project 'mlx-swift'
        ➜ Explicit dependency on target 'ArgumentParser-product' in project 'swift-argument-parser'
    Target 'encuda-product' in project 'mlx-swift'
        ➜ Explicit dependency on target 'ArgumentParser-product' in project 'swift-argument-parser'
    Target 'ArgumentParser-product' in project 'swift-argument-parser'
        ➜ Explicit dependency on target 'ArgumentParser' in project 'swift-argument-parser'
        ➜ Explicit dependency on target 'ArgumentParserToolInfo' in project 'swift-argument-parser'
    Target 'ArgumentParser' in project 'swift-argument-parser'
        ➜ Explicit dependency on target 'ArgumentParserToolInfo' in project 'swift-argument-parser'
    Target 'ArgumentParserToolInfo' in project 'swift-argument-parser' (no dependencies)
    Target 'SwiftTerm-product' in project 'SwiftTerm'
        ➜ Explicit dependency on target 'SwiftTerm' in project 'SwiftTerm'
        ➜ Explicit dependency on target 'SwiftTerm_SwiftTerm' in project 'SwiftTerm'
    Target 'SwiftTerm' in project 'SwiftTerm'
        ➜ Explicit dependency on target 'SwiftTerm_SwiftTerm' in project 'SwiftTerm'
    Target 'SwiftTerm_SwiftTerm' in project 'SwiftTerm' (no dependencies)
    Target 'Sparkle-product' in project 'Sparkle' (no dependencies)
    Target 'ThrottleMCPContracts-product' in project 'ThrottleMCPContracts'
        ➜ Explicit dependency on target 'ThrottleMCPContracts' in project 'ThrottleMCPContracts'
    Target 'ThrottleMCPContracts' in project 'ThrottleMCPContracts' (no dependencies)
    Target 'GRDB-product' in project 'GRDB'
        ➜ Explicit dependency on target 'GRDB' in project 'GRDB'
        ➜ Explicit dependency on target 'GRDB_GRDB' in project 'GRDB'
    Target 'GRDB' in project 'GRDB'
        ➜ Explicit dependency on target 'GRDB_GRDB' in project 'GRDB'
        ➜ Explicit dependency on target 'CSQLite' in project 'GRDB'
    Target 'CSQLite' in project 'GRDB' (no dependencies)
    Target 'GRDB_GRDB' in project 'GRDB' (no dependencies)
    Target 'ResearchVaultAgent' in project 'Throttle'
        ➜ Explicit dependency on target 'ResearchVaultServiceRuntime-product' in project 'ResearchVaultKit'
    Target 'ResearchVaultServiceRuntime-product' in project 'ResearchVaultKit'
        ➜ Explicit dependency on target 'ResearchVaultServiceRuntime' in project 'ResearchVaultKit'
        ➜ Explicit dependency on target 'ResearchVaultModel' in project 'ResearchVaultKit'
        ➜ Explicit dependency on target 'ResearchVaultIPCModel' in project 'ResearchVaultKit'
        ➜ Explicit dependency on target 'ResearchVaultXPCClient' in project 'ResearchVaultKit'
        ➜ Explicit dependency on target 'ResearchVaultIngestion' in project 'ResearchVaultKit'
        ➜ Explicit dependency on target 'ResearchVaultReasoning' in project 'ResearchVaultKit'
        ➜ Explicit dependency on target 'ResearchVaultStore' in project 'ResearchVaultKit'
        ➜ Explicit dependency on target 'ResearchVaultSQLCipher' in project 'ResearchVaultKit'
        ➜ Explicit dependency on target 'ResearchVaultGateway' in project 'ResearchVaultKit'
        ➜ Explicit dependency on target 'ResearchVaultXPC' in project 'ResearchVaultKit'
        ➜ Explicit dependency on target 'ResearchVaultKeychain' in project 'ResearchVaultKit'
        ➜ Explicit dependency on target 'ThrottleVaultContract-product' in project 'ThrottleVaultContract'
        ➜ Explicit dependency on target 'ThrottleVaultClient-product' in project 'ThrottleVaultClient'
        ➜ Explicit dependency on target 'SQLCipher-product' in project 'SQLCipher'
    Target 'ResearchVaultServiceRuntime' in project 'ResearchVaultKit'
        ➜ Explicit dependency on target 'ResearchVaultModel' in project 'ResearchVaultKit'
        ➜ Explicit dependency on target 'ResearchVaultIPCModel' in project 'ResearchVaultKit'
        ➜ Explicit dependency on target 'ResearchVaultXPCClient' in project 'ResearchVaultKit'
        ➜ Explicit dependency on target 'ResearchVaultIngestion' in project 'ResearchVaultKit'
        ➜ Explicit dependency on target 'ResearchVaultReasoning' in project 'ResearchVaultKit'
        ➜ Explicit dependency on target 'ResearchVaultStore' in project 'ResearchVaultKit'
        ➜ Explicit dependency on target 'ResearchVaultSQLCipher' in project 'ResearchVaultKit'
        ➜ Explicit dependency on target 'ResearchVaultGateway' in project 'ResearchVaultKit'
        ➜ Explicit dependency on target 'ResearchVaultXPC' in project 'ResearchVaultKit'
        ➜ Explicit dependency on target 'ResearchVaultKeychain' in project 'ResearchVaultKit'
        ➜ Explicit dependency on target 'ThrottleVaultContract-product' in project 'ThrottleVaultContract'
        ➜ Explicit dependency on target 'ThrottleVaultClient-product' in project 'ThrottleVaultClient'
        ➜ Explicit dependency on target 'SQLCipher-product' in project 'SQLCipher'
    Target 'ResearchVaultKeychain' in project 'ResearchVaultKit' (no dependencies)
    Target 'ResearchVaultXPC' in project 'ResearchVaultKit'
        ➜ Explicit dependency on target 'ResearchVaultModel' in project 'ResearchVaultKit'
        ➜ Explicit dependency on target 'ResearchVaultIPCModel' in project 'ResearchVaultKit'
        ➜ Explicit dependency on target 'ResearchVaultXPCClient' in project 'ResearchVaultKit'
        ➜ Explicit dependency on target 'ResearchVaultIngestion' in project 'ResearchVaultKit'
        ➜ Explicit dependency on target 'ResearchVaultReasoning' in project 'ResearchVaultKit'
        ➜ Explicit dependency on target 'ResearchVaultStore' in project 'ResearchVaultKit'
        ➜ Explicit dependency on target 'ResearchVaultSQLCipher' in project 'ResearchVaultKit'
        ➜ Explicit dependency on target 'ResearchVaultGateway' in project 'ResearchVaultKit'
        ➜ Explicit dependency on target 'ThrottleVaultContract-product' in project 'ThrottleVaultContract'
        ➜ Explicit dependency on target 'ThrottleVaultClient-product' in project 'ThrottleVaultClient'
        ➜ Explicit dependency on target 'SQLCipher-product' in project 'SQLCipher'
    Target 'ResearchVaultGateway' in project 'ResearchVaultKit'
        ➜ Explicit dependency on target 'ResearchVaultModel' in project 'ResearchVaultKit'
        ➜ Explicit dependency on target 'ResearchVaultIPCModel' in project 'ResearchVaultKit'
        ➜ Explicit dependency on target 'ResearchVaultIngestion' in project 'ResearchVaultKit'
        ➜ Explicit dependency on target 'ResearchVaultReasoning' in project 'ResearchVaultKit'
        ➜ Explicit dependency on target 'ResearchVaultStore' in project 'ResearchVaultKit'
        ➜ Explicit dependency on target 'ResearchVaultSQLCipher' in project 'ResearchVaultKit'
        ➜ Explicit dependency on target 'ThrottleVaultContract-product' in project 'ThrottleVaultContract'
        ➜ Explicit dependency on target 'SQLCipher-product' in project 'SQLCipher'
    Target 'ResearchVaultSQLCipher' in project 'ResearchVaultKit'
        ➜ Explicit dependency on target 'ResearchVaultModel' in project 'ResearchVaultKit'
        ➜ Explicit dependency on target 'ResearchVaultReasoning' in project 'ResearchVaultKit'
        ➜ Explicit dependency on target 'ResearchVaultStore' in project 'ResearchVaultKit'
        ➜ Explicit dependency on target 'ResearchVaultIPCModel' in project 'ResearchVaultKit'
        ➜ Explicit dependency on target 'ResearchVaultIngestion' in project 'ResearchVaultKit'
        ➜ Explicit dependency on target 'ThrottleVaultContract-product' in project 'ThrottleVaultContract'
        ➜ Explicit dependency on target 'SQLCipher-product' in project 'SQLCipher'
    Target 'SQLCipher-product' in project 'SQLCipher' (no dependencies)
    Target 'ResearchVaultStore' in project 'ResearchVaultKit'
        ➜ Explicit dependency on target 'ResearchVaultModel' in project 'ResearchVaultKit'
        ➜ Explicit dependency on target 'ThrottleVaultContract-product' in project 'ThrottleVaultContract'
    Target 'ResearchVaultReasoning' in project 'ResearchVaultKit'
        ➜ Explicit dependency on target 'ResearchVaultModel' in project 'ResearchVaultKit'
        ➜ Explicit dependency on target 'ThrottleVaultContract-product' in project 'ThrottleVaultContract'
    Target 'ResearchVaultIngestion' in project 'ResearchVaultKit'
        ➜ Explicit dependency on target 'ResearchVaultModel' in project 'ResearchVaultKit'
        ➜ Explicit dependency on target 'ResearchVaultIPCModel' in project 'ResearchVaultKit'
        ➜ Explicit dependency on target 'ThrottleVaultContract-product' in project 'ThrottleVaultContract'
    Target 'ResearchVaultXPCClient' in project 'ResearchVaultKit'
        ➜ Explicit dependency on target 'ResearchVaultModel' in project 'ResearchVaultKit'
        ➜ Explicit dependency on target 'ResearchVaultIPCModel' in project 'ResearchVaultKit'
        ➜ Explicit dependency on target 'ThrottleVaultContract-product' in project 'ThrottleVaultContract'
        ➜ Explicit dependency on target 'ThrottleVaultClient-product' in project 'ThrottleVaultClient'
    Target 'ThrottleVaultClient-product' in project 'ThrottleVaultClient'
        ➜ Explicit dependency on target 'ThrottleVaultClient' in project 'ThrottleVaultClient'
        ➜ Explicit dependency on target 'ThrottleVaultContract-product' in project 'ThrottleVaultContract'
    Target 'ThrottleVaultClient' in project 'ThrottleVaultClient'
        ➜ Explicit dependency on target 'ThrottleVaultContract-product' in project 'ThrottleVaultContract'
    Target 'ResearchVaultIPCModel' in project 'ResearchVaultKit'
        ➜ Explicit dependency on target 'ResearchVaultModel' in project 'ResearchVaultKit'
        ➜ Explicit dependency on target 'ThrottleVaultContract-product' in project 'ThrottleVaultContract'
    Target 'ResearchVaultModel' in project 'ResearchVaultKit'
        ➜ Explicit dependency on target 'ThrottleVaultContract-product' in project 'ThrottleVaultContract'
    Target 'ThrottleVaultContract-product' in project 'ThrottleVaultContract'
        ➜ Explicit dependency on target 'ThrottleVaultContract' in project 'ThrottleVaultContract'
    Target 'ThrottleVaultContract' in project 'ThrottleVaultContract' (no dependencies)
    Target 'ThrottleWidget' in project 'Throttle' (no dependencies)

GatherProvisioningInputs

CreateBuildDescription

ExecuteExternalTool /Applications/Xcode.app/Contents/Developer/Toolchains/XcodeDefault.xctoolchain/usr/bin/swiftc --version

ExecuteExternalTool /Applications/Xcode.app/Contents/Developer/Toolchains/XcodeDefault.xctoolchain/usr/bin/clang -v -E -dM -arch arm64 -isysroot /Applications/Xcode.app/Contents/Developer/Platforms/MacOSX.platform/Developer/SDKs/MacOSX27.0.sdk -x c -c /dev/null

ExecuteExternalTool /Applications/Xcode.app/Contents/Developer/Toolchains/XcodeDefault.xctoolchain/usr/bin/clang -v -E -dM -arch arm64 -isysroot /Applications/Xcode.app/Contents/Developer/Platforms/MacOSX.platform/Developer/SDKs/MacOSX27.0.sdk -x objective-c -c /dev/null

ExecuteExternalTool /Applications/Xcode.app/Contents/Developer/Toolchains/XcodeDefault.xctoolchain/usr/bin/clang -v -E -dM -isysroot /Applications/Xcode.app/Contents/Developer/Platforms/MacOSX.platform/Developer/SDKs/MacOSX27.0.sdk -x c -c /dev/null

ExecuteExternalTool /Applications/Xcode.app/Contents/Developer/usr/bin/xcstringstool compile --dry-run --output-directory /Volumes/DeveloperStorage/BuildScratch/throttle-convergence-20260920/DerivedData/Build/Intermediates.noindex/Throttle.build/Debug/Throttle.build /Users/kevinnadjarian/GitHub/Throttle/build/convergence-recovery-20260920/Throttle/Resources/Localizable.xcstrings

ExecuteExternalTool /Applications/Xcode.app/Contents/Developer/Toolchains/XcodeDefault.xctoolchain/usr/bin/ld -version_details

ExecuteExternalTool /Applications/Xcode.app/Contents/Developer/usr/bin/actool --version --output-format xml1

ExecuteExternalTool /Applications/Xcode.app/Contents/Developer/Toolchains/XcodeDefault.xctoolchain/usr/bin/clang -v -E -dM -arch arm64 -isysroot /Applications/Xcode.app/Contents/Developer/Platforms/MacOSX.platform/Developer/SDKs/MacOSX27.0.sdk -x c++ -c /dev/null

ReadFileContents /Applications/Xcode.app/Contents/Developer/Toolchains/XcodeDefault.xctoolchain/usr/share/docc/features.json

Build description signature: bcaf7e232fce57883f6a0eb230509e56
Build description path: /Volumes/DeveloperStorage/BuildScratch/throttle-convergence-20260920/DerivedData/Build/Intermediates.noindex/XCBuildData/bcaf7e232fce57883f6a0eb230509e56.xcbuilddata
ClangStatCache /Applications/Xcode.app/Contents/Developer/Toolchains/XcodeDefault.xctoolchain/usr/bin/clang-stat-cache /Applications/Xcode.app/Contents/Developer/Platforms/MacOSX.platform/Developer/SDKs/MacOSX27.0.sdk /Volumes/DeveloperStorage/BuildScratch/throttle-convergence-20260920/DerivedData/SDKStatCaches.noindex/macosx27.0-26A425-e829b21a6f8c9b70876ba0858053c0447231f6df4def33e022ae2eb8f782df1a.sdkstatcache
    cd /Users/kevinnadjarian/GitHub/Throttle/build/convergence-recovery-20260920/Throttle.xcodeproj
    /Applications/Xcode.app/Contents/Developer/Toolchains/XcodeDefault.xctoolchain/usr/bin/clang-stat-cache /Applications/Xcode.app/Contents/Developer/Platforms/MacOSX.platform/Developer/SDKs/MacOSX27.0.sdk -o /Volumes/DeveloperStorage/BuildScratch/throttle-convergence-20260920/DerivedData/SDKStatCaches.noindex/macosx27.0-26A425-e829b21a6f8c9b70876ba0858053c0447231f6df4def33e022ae2eb8f782df1a.sdkstatcache

ProcessInfoPlistFile /Volumes/DeveloperStorage/BuildScratch/throttle-convergence-20260920/DerivedData/Build/Products/Debug/swift-transformers_Hub.bundle/Contents/Info.plist /Volumes/DeveloperStorage/BuildScratch/throttle-convergence-20260920/DerivedData/Build/Intermediates.noindex/swift-transformers.build/Debug/swift-transformers_Hub-b.build/empty-swift-transformers_Hub.plist (in target 'swift-transformers_Hub' from project 'swift-transformers')
    cd /Volumes/DeveloperStorage/BuildScratch/throttle-convergence-20260920/SourcePackages/checkouts/swift-transformers
    builtin-infoPlistUtility /Volumes/DeveloperStorage/BuildScratch/throttle-convergence-20260920/DerivedData/Build/Intermediates.noindex/swift-transformers.build/Debug/swift-transformers_Hub-b.build/empty-swift-transformers_Hub.plist -producttype com.apple.product-type.bundle -expandbuildsettings -platform macosx -o /Volumes/DeveloperStorage/BuildScratch/throttle-convergence-20260920/DerivedData/Build/Products/Debug/swift-transformers_Hub.bundle/Contents/Info.plist

ProcessInfoPlistFile /Volumes/DeveloperStorage/BuildScratch/throttle-convergence-20260920/DerivedData/Build/Products/Debug/swift-crypto_Crypto.bundle/Contents/Info.plist /Volumes/DeveloperStorage/BuildScratch/throttle-convergence-20260920/DerivedData/Build/Intermediates.noindex/swift-crypto.build/Debug/swift-crypto_Crypto-b.build/empty-swift-crypto_Crypto.plist (in target 'swift-crypto_Crypto' from project 'swift-crypto')
    cd /Volumes/DeveloperStorage/BuildScratch/throttle-convergence-20260920/SourcePackages/checkouts/swift-crypto
    builtin-infoPlistUtility /Volumes/DeveloperStorage/BuildScratch/throttle-convergence-20260920/DerivedData/Build/Intermediates.noindex/swift-crypto.build/Debug/swift-crypto_Crypto-b.build/empty-swift-crypto_Crypto.plist -producttype com.apple.product-type.bundle -expandbuildsettings -platform macosx -o /Volumes/DeveloperStorage/BuildScratch/throttle-convergence-20260920/DerivedData/Build/Products/Debug/swift-crypto_Crypto.bundle/Contents/Info.plist

ProcessInfoPlistFile /Volumes/DeveloperStorage/BuildScratch/throttle-convergence-20260920/DerivedData/Build/Products/Debug/ThrottleWidget.appex/Contents/Info.plist /Users/kevinnadjarian/GitHub/Throttle/build/convergence-recovery-20260920/ThrottleWidget/Info.plist (in target 'ThrottleWidget' from project 'Throttle')
    cd /Users/kevinnadjarian/GitHub/Throttle/build/convergence-recovery-20260920
    builtin-infoPlistUtility /Users/kevinnadjarian/GitHub/Throttle/build/convergence-recovery-20260920/ThrottleWidget/Info.plist -producttype com.apple.product-type.app-extension -expandbuildsettings -platform macosx -o /Volumes/DeveloperStorage/BuildScratch/throttle-convergence-20260920/DerivedData/Build/Products/Debug/ThrottleWidget.appex/Contents/Info.plist

ProcessInfoPlistFile /Volumes/DeveloperStorage/BuildScratch/throttle-convergence-20260920/DerivedData/Build/Products/Debug/SwiftTerm_SwiftTerm.bundle/Contents/Info.plist /Volumes/DeveloperStorage/BuildScratch/throttle-convergence-20260920/DerivedData/Build/Intermediates.noindex/SwiftTerm.build/Debug/SwiftTerm_SwiftTerm-b.build/empty-SwiftTerm_SwiftTerm.plist (in target 'SwiftTerm_SwiftTerm' from project 'SwiftTerm')
    cd /Volumes/DeveloperStorage/BuildScratch/throttle-convergence-20260920/SourcePackages/checkouts/SwiftTerm
    builtin-infoPlistUtility /Volumes/DeveloperStorage/BuildScratch/throttle-convergence-20260920/DerivedData/Build/Intermediates.noindex/SwiftTerm.build/Debug/SwiftTerm_SwiftTerm-b.build/empty-SwiftTerm_SwiftTerm.plist -producttype com.apple.product-type.bundle -expandbuildsettings -platform macosx -o /Volumes/DeveloperStorage/BuildScratch/throttle-convergence-20260920/DerivedData/Build/Products/Debug/SwiftTerm_SwiftTerm.bundle/Contents/Info.plist

WriteAuxiliaryFile /Volumes/DeveloperStorage/BuildScratch/throttle-convergence-20260920/DerivedData/Build/Intermediates.noindex/Throttle.build/Debug/ThrottleTests.build/Objects-normal/arm64/ThrottleTests.SwiftFileList (in target 'ThrottleTests' from project 'Throttle')
    cd /Users/kevinnadjarian/GitHub/Throttle/build/convergence-recovery-20260920
    write-file /Volumes/DeveloperStorage/BuildScratch/throttle-convergence-20260920/DerivedData/Build/Intermediates.noindex/Throttle.build/Debug/ThrottleTests.build/Objects-normal/arm64/ThrottleTests.SwiftFileList

WriteAuxiliaryFile /Volumes/DeveloperStorage/BuildScratch/throttle-convergence-20260920/DerivedData/Build/Intermediates.noindex/Throttle.build/Debug/ThrottleTests.build/Objects-normal/arm64/ThrottleTests.SwiftConstValuesFileList (in target 'ThrottleTests' from project 'Throttle')
    cd /Users/kevinnadjarian/GitHub/Throttle/build/convergence-recovery-20260920
    write-file /Volumes/DeveloperStorage/BuildScratch/throttle-convergence-20260920/DerivedData/Build/Intermediates.noindex/Throttle.build/Debug/ThrottleTests.build/Objects-normal/arm64/ThrottleTests.SwiftConstValuesFileList

WriteAuxiliaryFile /Volumes/DeveloperStorage/BuildScratch/throttle-convergence-20260920/DerivedData/Build/Intermediates.noindex/Throttle.build/Debug/ThrottleTests.build/Objects-normal/arm64/ThrottleTests.LinkFileList (in target 'ThrottleTests' from project 'Throttle')
    cd /Users/kevinnadjarian/GitHub/Throttle/build/convergence-recovery-20260920
    write-file /Volumes/DeveloperStorage/BuildScratch/throttle-convergence-20260920/DerivedData/Build/Intermediates.noindex/Throttle.build/Debug/ThrottleTests.build/Objects-normal/arm64/ThrottleTests.LinkFileList

WriteAuxiliaryFile /Volumes/DeveloperStorage/BuildScratch/throttle-convergence-20260920/DerivedData/Build/Intermediates.noindex/Throttle.build/Debug/ThrottleTests.build/Objects-normal/arm64/ThrottleTests-OutputFileMap.json (in target 'ThrottleTests' from project 'Throttle')
    cd /Users/kevinnadjarian/GitHub/Throttle/build/convergence-recovery-20260920
    write-file /Volumes/DeveloperStorage/BuildScratch/throttle-convergence-20260920/DerivedData/Build/Intermediates.noindex/Throttle.build/Debug/ThrottleTests.build/Objects-normal/arm64/ThrottleTests-OutputFileMap.json

WriteAuxiliaryFile /Volumes/DeveloperStorage/BuildScratch/throttle-convergence-20260920/DerivedData/Build/Intermediates.noindex/Throttle.build/Debug/Throttle.build/Objects-normal/arm64/Throttle.SwiftFileList (in target 'Throttle' from project 'Throttle')
    cd /Users/kevinnadjarian/GitHub/Throttle/build/convergence-recovery-20260920
    write-file /Volumes/DeveloperStorage/BuildScratch/throttle-convergence-20260920/DerivedData/Build/Intermediates.noindex/Throttle.build/Debug/Throttle.build/Objects-normal/arm64/Throttle.SwiftFileList

WriteAuxiliaryFile /Volumes/DeveloperStorage/BuildScratch/throttle-convergence-20260920/DerivedData/Build/Intermediates.noindex/Throttle.build/Debug/Throttle.build/Objects-normal/arm64/Throttle.SwiftConstValuesFileList (in target 'Throttle' from project 'Throttle')
    cd /Users/kevinnadjarian/GitHub/Throttle/build/convergence-recovery-20260920
    write-file /Volumes/DeveloperStorage/BuildScratch/throttle-convergence-20260920/DerivedData/Build/Intermediates.noindex/Throttle.build/Debug/Throttle.build/Objects-normal/arm64/Throttle.SwiftConstValuesFileList

WriteAuxiliaryFile /Volumes/DeveloperStorage/BuildScratch/throttle-convergence-20260920/DerivedData/Build/Intermediates.noindex/Throttle.build/Debug/Throttle.build/Objects-normal/arm64/Throttle.LinkFileList (in target 'Throttle' from project 'Throttle')
    cd /Users/kevinnadjarian/GitHub/Throttle/build/convergence-recovery-20260920
    write-file /Volumes/DeveloperStorage/BuildScratch/throttle-convergence-20260920/DerivedData/Build/Intermediates.noindex/Throttle.build/Debug/Throttle.build/Objects-normal/arm64/Throttle.LinkFileList

WriteAuxiliaryFile /Volumes/DeveloperStorage/BuildScratch/throttle-convergence-20260920/DerivedData/Build/Intermediates.noindex/Throttle.build/Debug/Throttle.build/Objects-normal/arm64/Throttle-OutputFileMap.json (in target 'Throttle' from project 'Throttle')
    cd /Users/kevinnadjarian/GitHub/Throttle/build/convergence-recovery-20260920
    write-file /Volumes/DeveloperStorage/BuildScratch/throttle-convergence-20260920/DerivedData/Build/Intermediates.noindex/Throttle.build/Debug/Throttle.build/Objects-normal/arm64/Throttle-OutputFileMap.json

ProcessInfoPlistFile /Volumes/DeveloperStorage/BuildScratch/throttle-convergence-20260920/DerivedData/Build/Products/Debug/GRDB_GRDB.bundle/Contents/Info.plist /Volumes/DeveloperStorage/BuildScratch/throttle-convergence-20260920/DerivedData/Build/Intermediates.noindex/GRDB.build/Debug/GRDB_GRDB-b.build/empty-GRDB_GRDB.plist (in target 'GRDB_GRDB' from project 'GRDB')
    cd /Volumes/DeveloperStorage/BuildScratch/throttle-convergence-20260920/SourcePackages/checkouts/GRDB.swift
    builtin-infoPlistUtility /Volumes/DeveloperStorage/BuildScratch/throttle-convergence-20260920/DerivedData/Build/Intermediates.noindex/GRDB.build/Debug/GRDB_GRDB-b.build/empty-GRDB_GRDB.plist -producttype com.apple.product-type.bundle -expandbuildsettings -platform macosx -o /Volumes/DeveloperStorage/BuildScratch/throttle-convergence-20260920/DerivedData/Build/Products/Debug/GRDB_GRDB.bundle/Contents/Info.plist

CopySwiftLibs /Volumes/DeveloperStorage/BuildScratch/throttle-convergence-20260920/DerivedData/Build/Products/Debug/ResearchVaultAgent.app (in target 'ResearchVaultAgent' from project 'Throttle')
    cd /Users/kevinnadjarian/GitHub/Throttle/build/convergence-recovery-20260920
    builtin-swiftStdLibTool --copy --verbose --scan-executable /Volumes/DeveloperStorage/BuildScratch/throttle-convergence-20260920/DerivedData/Build/Products/Debug/ResearchVaultAgent.app/Contents/MacOS/ResearchVaultAgent.debug.dylib --scan-folder /Volumes/DeveloperStorage/BuildScratch/throttle-convergence-20260920/DerivedData/Build/Products/Debug/ResearchVaultAgent.app/Contents/Frameworks --scan-folder /Volumes/DeveloperStorage/BuildScratch/throttle-convergence-20260920/DerivedData/Build/Products/Debug/ResearchVaultAgent.app/Contents/PlugIns --scan-folder /Volumes/DeveloperStorage/BuildScratch/throttle-convergence-20260920/DerivedData/Build/Products/Debug/ResearchVaultAgent.app/Contents/Library/SystemExtensions --scan-folder /Volumes/DeveloperStorage/BuildScratch/throttle-convergence-20260920/DerivedData/Build/Products/Debug/ResearchVaultAgent.app/Contents/Extensions --platform macosx --toolchain /var/run/com.apple.security.cryptexd/mnt/com.apple.MobileAsset.MetalToolchain-v27.1.266.1.s263Mc/Metal.xctoolchain --toolchain /Applications/Xcode.app/Contents/Developer/Toolchains/XcodeDefault.xctoolchain --destination /Volumes/DeveloperStorage/BuildScratch/throttle-convergence-20260920/DerivedData/Build/Products/Debug/ResearchVaultAgent.app/Contents/Frameworks --strip-bitcode --strip-bitcode-tool /Applications/Xcode.app/Contents/Developer/Toolchains/XcodeDefault.xctoolchain/usr/bin/bitcode_strip --emit-dependency-info /Volumes/DeveloperStorage/BuildScratch/throttle-convergence-20260920/DerivedData/Build/Intermediates.noindex/Throttle.build/Debug/ResearchVaultAgent.build/SwiftStdLibToolInputDependencies.dep --filter-for-swift-os --back-deploy-swift-span
Ignoring --strip-bitcode because --sign was not passed

ProcessInfoPlistFile /Volumes/DeveloperStorage/BuildScratch/throttle-convergence-20260920/DerivedData/Build/Products/Debug/mlx-swift_Cmlx.bundle/Contents/Info.plist /Volumes/DeveloperStorage/BuildScratch/throttle-convergence-20260920/DerivedData/Build/Intermediates.noindex/mlx-swift.build/Debug/mlx-swift_Cmlx-b.build/empty-mlx-swift_Cmlx.plist (in target 'mlx-swift_Cmlx' from project 'mlx-swift')
    cd /Volumes/DeveloperStorage/BuildScratch/throttle-convergence-20260920/SourcePackages/checkouts/mlx-swift
    builtin-infoPlistUtility /Volumes/DeveloperStorage/BuildScratch/throttle-convergence-20260920/DerivedData/Build/Intermediates.noindex/mlx-swift.build/Debug/mlx-swift_Cmlx-b.build/empty-mlx-swift_Cmlx.plist -producttype com.apple.product-type.bundle -expandbuildsettings -platform macosx -o /Volumes/DeveloperStorage/BuildScratch/throttle-convergence-20260920/DerivedData/Build/Products/Debug/mlx-swift_Cmlx.bundle/Contents/Info.plist

SwiftDriver ThrottleShared normal arm64 com.apple.xcode.tools.swift.compiler (in target 'ThrottleShared' from project 'ThrottleShared')
    cd /Users/kevinnadjarian/GitHub/Throttle/build/convergence-recovery-20260920/Throttle.xcodeproj
    builtin-SwiftDriver -- /Applications/Xcode.app/Contents/Developer/Toolchains/XcodeDefault.xctoolchain/usr/bin/swiftc -parse-as-library -module-name ThrottleShared -Onone @/Volumes/DeveloperStorage/BuildScratch/throttle-convergence-20260920/DerivedData/Build/Intermediates.noindex/ThrottleShared.build/Debug/ThrottleShared-t.build/Objects-normal/arm64/ThrottleShared.SwiftFileList -DSWIFT_PACKAGE -DDEBUG -DSWIFT_MODULE_RESOURCE_BUNDLE_UNAVAILABLE -DXcode -plugin-path /Applications/Xcode.app/Contents/Developer/Toolchains/XcodeDefault.xctoolchain/usr/lib/swift/host/plugins/testing -enable-experimental-feature DebugDescriptionMacro -sdk /Applications/Xcode.app/Contents/Developer/Platforms/MacOSX.platform/Developer/SDKs/MacOSX27.0.sdk -target arm64-apple-macos14.0 -g -module-cache-path /Volumes/DeveloperStorage/BuildScratch/throttle-convergence-20260920/DerivedData/ModuleCache.noindex -Xfrontend -serialize-debugging-options -profile-coverage-mapping -profile-generate -enable-testing -index-store-path /Volumes/DeveloperStorage/BuildScratch/throttle-convergence-20260920/DerivedData/Index.noindex/DataStore -Xcc -D_LIBCPP_HARDENING_MODE\=_LIBCPP_HARDENING_MODE_DEBUG -swift-version 6 -I /Volumes/DeveloperStorage/BuildScratch/throttle-convergence-20260920/DerivedData/Build/Products/Debug -Isystem /Applications/Xcode.app/Contents/Developer/Platforms/MacOSX.platform/Developer/usr/lib -F /Volumes/DeveloperStorage/BuildScratch/throttle-convergence-20260920/DerivedData/Build/Products/Debug/PackageFrameworks -F /Volumes/DeveloperStorage/BuildScratch/throttle-convergence-20260920/DerivedData/Build/Products/Debug -F /Applications/Xcode.app/Contents/Developer/Platforms/MacOSX.platform/Developer/Library/Frameworks -c -j10 -enable-batch-mode -incremental -Xcc -ivfsstatcache -Xcc /Volumes/DeveloperStorage/BuildScratch/throttle-convergence-20260920/DerivedData/SDKStatCaches.noindex/macosx27.0-26A425-e829b21a6f8c9b70876ba0858053c0447231f6df4def33e022ae2eb8f782df1a.sdkstatcache -output-file-map /Volumes/DeveloperStorage/BuildScratch/throttle-convergence-20260920/DerivedData/Build/Intermediates.noindex/ThrottleShared.build/Debug/ThrottleShared-t.build/Objects-normal/arm64/ThrottleShared-OutputFileMap.json -save-temps -no-color-diagnostics -explicit-module-build -module-cache-path /Volumes/DeveloperStorage/BuildScratch/throttle-convergence-20260920/DerivedData/Build/Intermediates.noindex/SwiftExplicitPrecompiledModules -clang-scanner-module-cache-path /Volumes/DeveloperStorage/BuildScratch/throttle-convergence-20260920/DerivedData/ModuleCache.noindex -sdk-module-cache-path /Volumes/DeveloperStorage/BuildScratch/throttle-convergence-20260920/DerivedData/SDKExplicitPrecompiledModules -emit-dependencies -emit-module -emit-module-path /Volumes/DeveloperStorage/BuildScratch/throttle-convergence-20260920/DerivedData/Build/Intermediates.noindex/ThrottleShared.build/Debug/ThrottleShared-t.build/Objects-normal/arm64/ThrottleShared.swiftmodule -serialize-diagnostics -dependency-scan-serialize-diagnostics-path /Volumes/DeveloperStorage/BuildScratch/throttle-convergence-20260920/DerivedData/Build/Intermediates.noindex/ThrottleShared.build/Debug/ThrottleShared-t.build/Objects-normal/arm64/ThrottleShared-dependency-scan.dia -validate-clang-modules-once -clang-build-session-file /Volumes/DeveloperStorage/BuildScratch/throttle-convergence-20260920/DerivedData/ModuleCache.noindex/Session.modulevalidation -Xcc -fmodules-prune-interval\=86400 -Xcc -fmodules-prune-after\=345600 -package-name throttleshared -emit-const-values -const-gather-protocols-list /Volumes/DeveloperStorage/BuildScratch/throttle-convergence-20260920/DerivedData/Build/Intermediates.noindex/ThrottleShared.build/Debug/ThrottleShared-t.build/Objects-normal/arm64/ThrottleShared_const_extract_protocols.json -Xcc -I/Volumes/DeveloperStorage/BuildScratch/throttle-convergence-20260920/DerivedData/Build/Products/Debug/include -Xcc -I/Volumes/DeveloperStorage/BuildScratch/throttle-convergence-20260920/DerivedData/Build/Intermediates.noindex/ThrottleShared.build/Debug/ThrottleShared-t.build/DerivedSources-normal/arm64 -Xcc -I/Volumes/DeveloperStorage/BuildScratch/throttle-convergence-20260920/DerivedData/Build/Intermediates.noindex/ThrottleShared.build/Debug/ThrottleShared-t.build/DerivedSources/arm64 -Xcc -I/Volumes/DeveloperStorage/BuildScratch/throttle-convergence-20260920/DerivedData/Build/Intermediates.noindex/ThrottleShared.build/Debug/ThrottleShared-t.build/DerivedSources -Xcc -DSWIFT_PACKAGE -Xcc -DDEBUG\=1 -emit-objc-header -emit-objc-header-path /Volumes/DeveloperStorage/BuildScratch/throttle-convergence-20260920/DerivedData/Build/Intermediates.noindex/ThrottleShared.build/Debug/ThrottleShared-t.build/Objects-normal/arm64/ThrottleShared-Swift.h -working-directory /Users/kevinnadjarian/GitHub/Throttle/build/convergence-recovery-20260920/Throttle.xcodeproj -experimental-emit-module-separately -disable-cmo

ProcessInfoPlistFile /Volumes/DeveloperStorage/BuildScratch/throttle-convergence-20260920/DerivedData/Build/Products/Debug/ResearchVaultAgent.app/Contents/Info.plist /Users/kevinnadjarian/GitHub/Throttle/build/convergence-recovery-20260920/ResearchVaultAgent/Info.plist (in target 'ResearchVaultAgent' from project 'Throttle')
    cd /Users/kevinnadjarian/GitHub/Throttle/build/convergence-recovery-20260920
    builtin-infoPlistUtility /Users/kevinnadjarian/GitHub/Throttle/build/convergence-recovery-20260920/ResearchVaultAgent/Info.plist -producttype com.apple.product-type.application -genpkginfo /Volumes/DeveloperStorage/BuildScratch/throttle-convergence-20260920/DerivedData/Build/Products/Debug/ResearchVaultAgent.app/Contents/PkgInfo -expandbuildsettings -platform macosx -scanforprivacyfile /Volumes/DeveloperStorage/BuildScratch/throttle-convergence-20260920/DerivedData/Build/Products/Debug/ResearchVaultAgent.app/Contents/Frameworks/SQLCipher.framework -o /Volumes/DeveloperStorage/BuildScratch/throttle-convergence-20260920/DerivedData/Build/Products/Debug/ResearchVaultAgent.app/Contents/Info.plist

SwiftCompile normal arm64 Compiling\ KeychainStore.swift /Users/kevinnadjarian/GitHub/Throttle/build/convergence-recovery-20260920/ThrottleShared/Sources/ThrottleShared/KeychainStore.swift (in target 'ThrottleShared' from project 'ThrottleShared')

SwiftCompile normal arm64 /Users/kevinnadjarian/GitHub/Throttle/build/convergence-recovery-20260920/ThrottleShared/Sources/ThrottleShared/KeychainStore.swift (in target 'ThrottleShared' from project 'ThrottleShared')
    cd /Users/kevinnadjarian/GitHub/Throttle/build/convergence-recovery-20260920/Throttle.xcodeproj
    builtin-SwiftPerFileCompile KeychainStore.swift

SwiftEmitModule normal arm64 Emitting\ module\ for\ ThrottleShared (in target 'ThrottleShared' from project 'ThrottleShared')

SwiftCompile normal arm64 (in target 'ThrottleShared' from project 'ThrottleShared')
    cd /Users/kevinnadjarian/GitHub/Throttle/build/convergence-recovery-20260920/Throttle.xcodeproj
    

SwiftDriverJobDiscovery normal arm64 Compiling KeychainStore.swift (in target 'ThrottleShared' from project 'ThrottleShared')

SwiftDriverJobDiscovery normal arm64 Emitting module for ThrottleShared (in target 'ThrottleShared' from project 'ThrottleShared')

SwiftDriver\ Compilation\ Requirements ThrottleShared normal arm64 com.apple.xcode.tools.swift.compiler (in target 'ThrottleShared' from project 'ThrottleShared')
    cd /Users/kevinnadjarian/GitHub/Throttle/build/convergence-recovery-20260920/Throttle.xcodeproj
    builtin-Swift-Compilation-Requirements -- /Applications/Xcode.app/Contents/Developer/Toolchains/XcodeDefault.xctoolchain/usr/bin/swiftc -parse-as-library -module-name ThrottleShared -Onone @/Volumes/DeveloperStorage/BuildScratch/throttle-convergence-20260920/DerivedData/Build/Intermediates.noindex/ThrottleShared.build/Debug/ThrottleShared-t.build/Objects-normal/arm64/ThrottleShared.SwiftFileList -DSWIFT_PACKAGE -DDEBUG -DSWIFT_MODULE_RESOURCE_BUNDLE_UNAVAILABLE -DXcode -plugin-path /Applications/Xcode.app/Contents/Developer/Toolchains/XcodeDefault.xctoolchain/usr/lib/swift/host/plugins/testing -enable-experimental-feature DebugDescriptionMacro -sdk /Applications/Xcode.app/Contents/Developer/Platforms/MacOSX.platform/Developer/SDKs/MacOSX27.0.sdk -target arm64-apple-macos14.0 -g -module-cache-path /Volumes/DeveloperStorage/BuildScratch/throttle-convergence-20260920/DerivedData/ModuleCache.noindex -Xfrontend -serialize-debugging-options -profile-coverage-mapping -profile-generate -enable-testing -index-store-path /Volumes/DeveloperStorage/BuildScratch/throttle-convergence-20260920/DerivedData/Index.noindex/DataStore -Xcc -D_LIBCPP_HARDENING_MODE\=_LIBCPP_HARDENING_MODE_DEBUG -swift-version 6 -I /Volumes/DeveloperStorage/BuildScratch/throttle-convergence-20260920/DerivedData/Build/Products/Debug -Isystem /Applications/Xcode.app/Contents/Developer/Platforms/MacOSX.platform/Developer/usr/lib -F /Volumes/DeveloperStorage/BuildScratch/throttle-convergence-20260920/DerivedData/Build/Products/Debug/PackageFrameworks -F /Volumes/DeveloperStorage/BuildScratch/throttle-convergence-20260920/DerivedData/Build/Products/Debug -F /Applications/Xcode.app/Contents/Developer/Platforms/MacOSX.platform/Developer/Library/Frameworks -c -j10 -enable-batch-mode -incremental -Xcc -ivfsstatcache -Xcc /Volumes/DeveloperStorage/BuildScratch/throttle-convergence-20260920/DerivedData/SDKStatCaches.noindex/macosx27.0-26A425-e829b21a6f8c9b70876ba0858053c0447231f6df4def33e022ae2eb8f782df1a.sdkstatcache -output-file-map /Volumes/DeveloperStorage/BuildScratch/throttle-convergence-20260920/DerivedData/Build/Intermediates.noindex/ThrottleShared.build/Debug/ThrottleShared-t.build/Objects-normal/arm64/ThrottleShared-OutputFileMap.json -save-temps -no-color-diagnostics -explicit-module-build -module-cache-path /Volumes/DeveloperStorage/BuildScratch/throttle-convergence-20260920/DerivedData/Build/Intermediates.noindex/SwiftExplicitPrecompiledModules -clang-scanner-module-cache-path /Volumes/DeveloperStorage/BuildScratch/throttle-convergence-20260920/DerivedData/ModuleCache.noindex -sdk-module-cache-path /Volumes/DeveloperStorage/BuildScratch/throttle-convergence-20260920/DerivedData/SDKExplicitPrecompiledModules -emit-dependencies -emit-module -emit-module-path /Volumes/DeveloperStorage/BuildScratch/throttle-convergence-20260920/DerivedData/Build/Intermediates.noindex/ThrottleShared.build/Debug/ThrottleShared-t.build/Objects-normal/arm64/ThrottleShared.swiftmodule -serialize-diagnostics -dependency-scan-serialize-diagnostics-path /Volumes/DeveloperStorage/BuildScratch/throttle-convergence-20260920/DerivedData/Build/Intermediates.noindex/ThrottleShared.build/Debug/ThrottleShared-t.build/Objects-normal/arm64/ThrottleShared-dependency-scan.dia -validate-clang-modules-once -clang-build-session-file /Volumes/DeveloperStorage/BuildScratch/throttle-convergence-20260920/DerivedData/ModuleCache.noindex/Session.modulevalidation -Xcc -fmodules-prune-interval\=86400 -Xcc -fmodules-prune-after\=345600 -package-name throttleshared -emit-const-values -const-gather-protocols-list /Volumes/DeveloperStorage/BuildScratch/throttle-convergence-20260920/DerivedData/Build/Intermediates.noindex/ThrottleShared.build/Debug/ThrottleShared-t.build/Objects-normal/arm64/ThrottleShared_const_extract_protocols.json -Xcc -I/Volumes/DeveloperStorage/BuildScratch/throttle-convergence-20260920/DerivedData/Build/Products/Debug/include -Xcc -I/Volumes/DeveloperStorage/BuildScratch/throttle-convergence-20260920/DerivedData/Build/Intermediates.noindex/ThrottleShared.build/Debug/ThrottleShared-t.build/DerivedSources-normal/arm64 -Xcc -I/Volumes/DeveloperStorage/BuildScratch/throttle-convergence-20260920/DerivedData/Build/Intermediates.noindex/ThrottleShared.build/Debug/ThrottleShared-t.build/DerivedSources/arm64 -Xcc -I/Volumes/DeveloperStorage/BuildScratch/throttle-convergence-20260920/DerivedData/Build/Intermediates.noindex/ThrottleShared.build/Debug/ThrottleShared-t.build/DerivedSources -Xcc -DSWIFT_PACKAGE -Xcc -DDEBUG\=1 -emit-objc-header -emit-objc-header-path /Volumes/DeveloperStorage/BuildScratch/throttle-convergence-20260920/DerivedData/Build/Intermediates.noindex/ThrottleShared.build/Debug/ThrottleShared-t.build/Objects-normal/arm64/ThrottleShared-Swift.h -working-directory /Users/kevinnadjarian/GitHub/Throttle/build/convergence-recovery-20260920/Throttle.xcodeproj -experimental-emit-module-separately -disable-cmo

SwiftDriver\ Compilation ThrottleShared normal arm64 com.apple.xcode.tools.swift.compiler (in target 'ThrottleShared' from project 'ThrottleShared')
    cd /Users/kevinnadjarian/GitHub/Throttle/build/convergence-recovery-20260920/Throttle.xcodeproj
    builtin-Swift-Compilation -- /Applications/Xcode.app/Contents/Developer/Toolchains/XcodeDefault.xctoolchain/usr/bin/swiftc -parse-as-library -module-name ThrottleShared -Onone @/Volumes/DeveloperStorage/BuildScratch/throttle-convergence-20260920/DerivedData/Build/Intermediates.noindex/ThrottleShared.build/Debug/ThrottleShared-t.build/Objects-normal/arm64/ThrottleShared.SwiftFileList -DSWIFT_PACKAGE -DDEBUG -DSWIFT_MODULE_RESOURCE_BUNDLE_UNAVAILABLE -DXcode -plugin-path /Applications/Xcode.app/Contents/Developer/Toolchains/XcodeDefault.xctoolchain/usr/lib/swift/host/plugins/testing -enable-experimental-feature DebugDescriptionMacro -sdk /Applications/Xcode.app/Contents/Developer/Platforms/MacOSX.platform/Developer/SDKs/MacOSX27.0.sdk -target arm64-apple-macos14.0 -g -module-cache-path /Volumes/DeveloperStorage/BuildScratch/throttle-convergence-20260920/DerivedData/ModuleCache.noindex -Xfrontend -serialize-debugging-options -profile-coverage-mapping -profile-generate -enable-testing -index-store-path /Volumes/DeveloperStorage/BuildScratch/throttle-convergence-20260920/DerivedData/Index.noindex/DataStore -Xcc -D_LIBCPP_HARDENING_MODE\=_LIBCPP_HARDENING_MODE_DEBUG -swift-version 6 -I /Volumes/DeveloperStorage/BuildScratch/throttle-convergence-20260920/DerivedData/Build/Products/Debug -Isystem /Applications/Xcode.app/Contents/Developer/Platforms/MacOSX.platform/Developer/usr/lib -F /Volumes/DeveloperStorage/BuildScratch/throttle-convergence-20260920/DerivedData/Build/Products/Debug/PackageFrameworks -F /Volumes/DeveloperStorage/BuildScratch/throttle-convergence-20260920/DerivedData/Build/Products/Debug -F /Applications/Xcode.app/Contents/Developer/Platforms/MacOSX.platform/Developer/Library/Frameworks -c -j10 -enable-batch-mode -incremental -Xcc -ivfsstatcache -Xcc /Volumes/DeveloperStorage/BuildScratch/throttle-convergence-20260920/DerivedData/SDKStatCaches.noindex/macosx27.0-26A425-e829b21a6f8c9b70876ba0858053c0447231f6df4def33e022ae2eb8f782df1a.sdkstatcache -output-file-map /Volumes/DeveloperStorage/BuildScratch/throttle-convergence-20260920/DerivedData/Build/Intermediates.noindex/ThrottleShared.build/Debug/ThrottleShared-t.build/Objects-normal/arm64/ThrottleShared-OutputFileMap.json -save-temps -no-color-diagnostics -explicit-module-build -module-cache-path /Volumes/DeveloperStorage/BuildScratch/throttle-convergence-20260920/DerivedData/Build/Intermediates.noindex/SwiftExplicitPrecompiledModules -clang-scanner-module-cache-path /Volumes/DeveloperStorage/BuildScratch/throttle-convergence-20260920/DerivedData/ModuleCache.noindex -sdk-module-cache-path /Volumes/DeveloperStorage/BuildScratch/throttle-convergence-20260920/DerivedData/SDKExplicitPrecompiledModules -emit-dependencies -emit-module -emit-module-path /Volumes/DeveloperStorage/BuildScratch/throttle-convergence-20260920/DerivedData/Build/Intermediates.noindex/ThrottleShared.build/Debug/ThrottleShared-t.build/Objects-normal/arm64/ThrottleShared.swiftmodule -serialize-diagnostics -dependency-scan-serialize-diagnostics-path /Volumes/DeveloperStorage/BuildScratch/throttle-convergence-20260920/DerivedData/Build/Intermediates.noindex/ThrottleShared.build/Debug/ThrottleShared-t.build/Objects-normal/arm64/ThrottleShared-dependency-scan.dia -validate-clang-modules-once -clang-build-session-file /Volumes/DeveloperStorage/BuildScratch/throttle-convergence-20260920/DerivedData/ModuleCache.noindex/Session.modulevalidation -Xcc -fmodules-prune-interval\=86400 -Xcc -fmodules-prune-after\=345600 -package-name throttleshared -emit-const-values -const-gather-protocols-list /Volumes/DeveloperStorage/BuildScratch/throttle-convergence-20260920/DerivedData/Build/Intermediates.noindex/ThrottleShared.build/Debug/ThrottleShared-t.build/Objects-normal/arm64/ThrottleShared_const_extract_protocols.json -Xcc -I/Volumes/DeveloperStorage/BuildScratch/throttle-convergence-20260920/DerivedData/Build/Products/Debug/include -Xcc -I/Volumes/DeveloperStorage/BuildScratch/throttle-convergence-20260920/DerivedData/Build/Intermediates.noindex/ThrottleShared.build/Debug/ThrottleShared-t.build/DerivedSources-normal/arm64 -Xcc -I/Volumes/DeveloperStorage/BuildScratch/throttle-convergence-20260920/DerivedData/Build/Intermediates.noindex/ThrottleShared.build/Debug/ThrottleShared-t.build/DerivedSources/arm64 -Xcc -I/Volumes/DeveloperStorage/BuildScratch/throttle-convergence-20260920/DerivedData/Build/Intermediates.noindex/ThrottleShared.build/Debug/ThrottleShared-t.build/DerivedSources -Xcc -DSWIFT_PACKAGE -Xcc -DDEBUG\=1 -emit-objc-header -emit-objc-header-path /Volumes/DeveloperStorage/BuildScratch/throttle-convergence-20260920/DerivedData/Build/Intermediates.noindex/ThrottleShared.build/Debug/ThrottleShared-t.build/Objects-normal/arm64/ThrottleShared-Swift.h -working-directory /Users/kevinnadjarian/GitHub/Throttle/build/convergence-recovery-20260920/Throttle.xcodeproj -experimental-emit-module-separately -disable-cmo

Copy /Volumes/DeveloperStorage/BuildScratch/throttle-convergence-20260920/DerivedData/Build/Products/Debug/ThrottleShared.swiftmodule/Project/arm64-apple-macos.swiftsourceinfo /Volumes/DeveloperStorage/BuildScratch/throttle-convergence-20260920/DerivedData/Build/Intermediates.noindex/ThrottleShared.build/Debug/ThrottleShared-t.build/Objects-normal/arm64/ThrottleShared.swiftsourceinfo (in target 'ThrottleShared' from project 'ThrottleShared')
    cd /Users/kevinnadjarian/GitHub/Throttle/build/convergence-recovery-20260920/ThrottleShared
    builtin-copy -exclude .DS_Store -exclude CVS -exclude .svn -exclude .git -exclude .hg -resolve-src-symlinks -rename /Volumes/DeveloperStorage/BuildScratch/throttle-convergence-20260920/DerivedData/Build/Intermediates.noindex/ThrottleShared.build/Debug/ThrottleShared-t.build/Objects-normal/arm64/ThrottleShared.swiftsourceinfo /Volumes/DeveloperStorage/BuildScratch/throttle-convergence-20260920/DerivedData/Build/Products/Debug/ThrottleShared.swiftmodule/Project/arm64-apple-macos.swiftsourceinfo

Copy /Volumes/DeveloperStorage/BuildScratch/throttle-convergence-20260920/DerivedData/Build/Products/Debug/ThrottleShared.swiftmodule/arm64-apple-macos.swiftmodule /Volumes/DeveloperStorage/BuildScratch/throttle-convergence-20260920/DerivedData/Build/Intermediates.noindex/ThrottleShared.build/Debug/ThrottleShared-t.build/Objects-normal/arm64/ThrottleShared.swiftmodule (in target 'ThrottleShared' from project 'ThrottleShared')
    cd /Users/kevinnadjarian/GitHub/Throttle/build/convergence-recovery-20260920/ThrottleShared
    builtin-copy -exclude .DS_Store -exclude CVS -exclude .svn -exclude .git -exclude .hg -resolve-src-symlinks -rename /Volumes/DeveloperStorage/BuildScratch/throttle-convergence-20260920/DerivedData/Build/Intermediates.noindex/ThrottleShared.build/Debug/ThrottleShared-t.build/Objects-normal/arm64/ThrottleShared.swiftmodule /Volumes/DeveloperStorage/BuildScratch/throttle-convergence-20260920/DerivedData/Build/Products/Debug/ThrottleShared.swiftmodule/arm64-apple-macos.swiftmodule

Copy /Volumes/DeveloperStorage/BuildScratch/throttle-convergence-20260920/DerivedData/Build/Products/Debug/ThrottleShared.swiftmodule/arm64-apple-macos.swiftdoc /Volumes/DeveloperStorage/BuildScratch/throttle-convergence-20260920/DerivedData/Build/Intermediates.noindex/ThrottleShared.build/Debug/ThrottleShared-t.build/Objects-normal/arm64/ThrottleShared.swiftdoc (in target 'ThrottleShared' from project 'ThrottleShared')
    cd /Users/kevinnadjarian/GitHub/Throttle/build/convergence-recovery-20260920/ThrottleShared
    builtin-copy -exclude .DS_Store -exclude CVS -exclude .svn -exclude .git -exclude .hg -resolve-src-symlinks -rename /Volumes/DeveloperStorage/BuildScratch/throttle-convergence-20260920/DerivedData/Build/Intermediates.noindex/ThrottleShared.build/Debug/ThrottleShared-t.build/Objects-normal/arm64/ThrottleShared.swiftdoc /Volumes/DeveloperStorage/BuildScratch/throttle-convergence-20260920/DerivedData/Build/Products/Debug/ThrottleShared.swiftmodule/arm64-apple-macos.swiftdoc

Copy /Volumes/DeveloperStorage/BuildScratch/throttle-convergence-20260920/DerivedData/Build/Products/Debug/ThrottleShared.swiftmodule/arm64-apple-macos.abi.json /Volumes/DeveloperStorage/BuildScratch/throttle-convergence-20260920/DerivedData/Build/Intermediates.noindex/ThrottleShared.build/Debug/ThrottleShared-t.build/Objects-normal/arm64/ThrottleShared.abi.json (in target 'ThrottleShared' from project 'ThrottleShared')
    cd /Users/kevinnadjarian/GitHub/Throttle/build/convergence-recovery-20260920/ThrottleShared
    builtin-copy -exclude .DS_Store -exclude CVS -exclude .svn -exclude .git -exclude .hg -resolve-src-symlinks -rename /Volumes/DeveloperStorage/BuildScratch/throttle-convergence-20260920/DerivedData/Build/Intermediates.noindex/ThrottleShared.build/Debug/ThrottleShared-t.build/Objects-normal/arm64/ThrottleShared.abi.json /Volumes/DeveloperStorage/BuildScratch/throttle-convergence-20260920/DerivedData/Build/Products/Debug/ThrottleShared.swiftmodule/arm64-apple-macos.abi.json

Ld /Volumes/DeveloperStorage/BuildScratch/throttle-convergence-20260920/DerivedData/Build/Products/Debug/ThrottleShared.o normal (in target 'ThrottleShared' from project 'ThrottleShared')
    cd /Users/kevinnadjarian/GitHub/Throttle/build/convergence-recovery-20260920/ThrottleShared
    /Applications/Xcode.app/Contents/Developer/Toolchains/XcodeDefault.xctoolchain/usr/bin/clang -Xlinker -reproducible -target arm64-apple-macos14.0 -r -isysroot /Applications/Xcode.app/Contents/Developer/Platforms/MacOSX.platform/Developer/SDKs/MacOSX27.0.sdk -O0 -Xlinker -no_warn_duplicate_libraries -F/Volumes/DeveloperStorage/BuildScratch/throttle-convergence-20260920/DerivedData/Build/Intermediates.noindex/EagerLinkingTBDs/Debug -F/Volumes/DeveloperStorage/BuildScratch/throttle-convergence-20260920/DerivedData/Build/Products/Debug/PackageFrameworks -F/Volumes/DeveloperStorage/BuildScratch/throttle-convergence-20260920/DerivedData/Build/Products/Debug -iframework /Applications/Xcode.app/Contents/Developer/Platforms/MacOSX.platform/Developer/Library/Frameworks -filelist /Volumes/DeveloperStorage/BuildScratch/throttle-convergence-20260920/DerivedData/Build/Intermediates.noindex/ThrottleShared.build/Debug/ThrottleShared-t.build/Objects-normal/arm64/ThrottleShared.LinkFileList -nostdlib -Xlinker -object_path_lto -Xlinker /Volumes/DeveloperStorage/BuildScratch/throttle-convergence-20260920/DerivedData/Build/Intermediates.noindex/ThrottleShared.build/Debug/ThrottleShared-t.build/Objects-normal/arm64/ThrottleShared_lto.o -Xlinker -no_deduplicate -Xlinker -debug_variant -Xlinker -dependency_info -Xlinker /Volumes/DeveloperStorage/BuildScratch/throttle-convergence-20260920/DerivedData/Build/Intermediates.noindex/ThrottleShared.build/Debug/ThrottleShared-t.build/Objects-normal/arm64/ThrottleShared_dependency_info.dat -fobjc-link-runtime -L/Applications/Xcode.app/Contents/Developer/Toolchains/XcodeDefault.xctoolchain/usr/lib/swift/macosx -L/usr/lib/swift -Xlinker -add_ast_path -Xlinker /Volumes/DeveloperStorage/BuildScratch/throttle-convergence-20260920/DerivedData/Build/Intermediates.noindex/ThrottleShared.build/Debug/ThrottleShared-t.build/Objects-normal/arm64/ThrottleShared.swiftmodule -o /Volumes/DeveloperStorage/BuildScratch/throttle-convergence-20260920/DerivedData/Build/Products/Debug/ThrottleShared.o

SwiftDriver Throttle normal arm64 com.apple.xcode.tools.swift.compiler (in target 'Throttle' from project 'Throttle')
    cd /Users/kevinnadjarian/GitHub/Throttle/build/convergence-recovery-20260920
    builtin-SwiftDriver -- /Applications/Xcode.app/Contents/Developer/Toolchains/XcodeDefault.xctoolchain/usr/bin/swiftc -module-name Throttle -Onone @/Volumes/DeveloperStorage/BuildScratch/throttle-convergence-20260920/DerivedData/Build/Intermediates.noindex/Throttle.build/Debug/Throttle.build/Objects-normal/arm64/Throttle.SwiftFileList -DDEBUG -Xcc -fmodule-map-file\=/Volumes/DeveloperStorage/BuildScratch/throttle-convergence-20260920/SourcePackages/checkouts/GRDB.swift/Sources/CSQLite/module.modulemap -Xcc -fmodule-map-file\=/Volumes/DeveloperStorage/BuildScratch/throttle-convergence-20260920/SourcePackages/checkouts/swift-numerics/Sources/_NumericsShims/include/module.modulemap -Xcc -fmodule-map-file\=/Volumes/DeveloperStorage/BuildScratch/throttle-convergence-20260920/SourcePackages/checkouts/mlx-swift/Source/Cmlx/include/module.modulemap -Xcc -fmodule-map-file\=/Volumes/DeveloperStorage/BuildScratch/throttle-convergence-20260920/SourcePackages/checkouts/swift-atomics/Sources/_AtomicsShims/include/module.modulemap -Xcc -fmodule-map-file\=/Volumes/DeveloperStorage/BuildScratch/throttle-convergence-20260920/DerivedData/Build/Intermediates.noindex/GeneratedModuleMaps/CNIOWASI.modulemap -Xcc -fmodule-map-file\=/Volumes/DeveloperStorage/BuildScratch/throttle-convergence-20260920/SourcePackages/checkouts/swift-nio/Sources/CNIOWindows/include/module.modulemap -Xcc -fmodule-map-file\=/Volumes/DeveloperStorage/BuildScratch/throttle-convergence-20260920/DerivedData/Build/Intermediates.noindex/GeneratedModuleMaps/CNIOLinux.modulemap -Xcc -fmodule-map-file\=/Volumes/DeveloperStorage/BuildScratch/throttle-convergence-20260920/DerivedData/Build/Intermediates.noindex/GeneratedModuleMaps/CNIODarwin.modulemap -Xcc -fmodule-map-file\=/Volumes/DeveloperStorage/BuildScratch/throttle-convergence-20260920/DerivedData/Build/Intermediates.noindex/GeneratedModuleMaps/CNIOFreeBSD.modulemap -Xcc -fmodule-map-file\=/Volumes/DeveloperStorage/BuildScratch/throttle-convergence-20260920/DerivedData/Build/Intermediates.noindex/GeneratedModuleMaps/CNIOOpenBSD.modulemap -Xcc -fmodule-map-file\=/Volumes/DeveloperStorage/BuildScratch/throttle-convergence-20260920/DerivedData/Build/Intermediates.noindex/GeneratedModuleMaps/CNIOAtomics.modulemap -Xcc -fmodule-map-file\=/Volumes/DeveloperStorage/BuildScratch/throttle-convergence-20260920/DerivedData/Build/Intermediates.noindex/GeneratedModuleMaps/yyjson.modulemap -enable-experimental-feature DebugDescriptionMacro -sdk /Applications/Xcode.app/Contents/Developer/Platforms/MacOSX.platform/Developer/SDKs/MacOSX27.0.sdk -target arm64-apple-macos14.0 -g -module-cache-path /Volumes/DeveloperStorage/BuildScratch/throttle-convergence-20260920/DerivedData/ModuleCache.noindex -Xfrontend -serialize-debugging-options -profile-coverage-mapping -profile-generate -enable-testing -warnings-as-errors -index-store-path /Volumes/DeveloperStorage/BuildScratch/throttle-convergence-20260920/DerivedData/Index.noindex/DataStore -Xcc -D_LIBCPP_HARDENING_MODE\=_LIBCPP_HARDENING_MODE_DEBUG -swift-version 6 -I /Volumes/DeveloperStorage/BuildScratch/throttle-convergence-20260920/DerivedData/Build/Products/Debug -F /Volumes/DeveloperStorage/BuildScratch/throttle-convergence-20260920/DerivedData/Build/Products/Debug/PackageFrameworks -F /Volumes/DeveloperStorage/BuildScratch/throttle-convergence-20260920/DerivedData/Build/Products/Debug -Xfrontend -load-plugin-executable -Xfrontend /Volumes/DeveloperStorage/BuildScratch/throttle-convergence-20260920/DerivedData/Build/Products/Debug/MLXHuggingFaceMacros\#MLXHuggingFaceMacros -c -j10 -enable-batch-mode -incremental -Xcc -ivfsstatcache -Xcc /Volumes/DeveloperStorage/BuildScratch/throttle-convergence-20260920/DerivedData/SDKStatCaches.noindex/macosx27.0-26A425-e829b21a6f8c9b70876ba0858053c0447231f6df4def33e022ae2eb8f782df1a.sdkstatcache -output-file-map /Volumes/DeveloperStorage/BuildScratch/throttle-convergence-20260920/DerivedData/Build/Intermediates.noindex/Throttle.build/Debug/Throttle.build/Objects-normal/arm64/Throttle-OutputFileMap.json -save-temps -no-color-diagnostics -explicit-module-build -module-cache-path /Volumes/DeveloperStorage/BuildScratch/throttle-convergence-20260920/DerivedData/Build/Intermediates.noindex/SwiftExplicitPrecompiledModules -clang-scanner-module-cache-path /Volumes/DeveloperStorage/BuildScratch/throttle-convergence-20260920/DerivedData/ModuleCache.noindex -sdk-module-cache-path /Volumes/DeveloperStorage/BuildScratch/throttle-convergence-20260920/DerivedData/SDKExplicitPrecompiledModules -emit-dependencies -emit-module -emit-module-path /Volumes/DeveloperStorage/BuildScratch/throttle-convergence-20260920/DerivedData/Build/Intermediates.noindex/Throttle.build/Debug/Throttle.build/Objects-normal/arm64/Throttle.swiftmodule -serialize-diagnostics -dependency-scan-serialize-diagnostics-path /Volumes/DeveloperStorage/BuildScratch/throttle-convergence-20260920/DerivedData/Build/Intermediates.noindex/Throttle.build/Debug/Throttle.build/Objects-normal/arm64/Throttle-dependency-scan.dia -validate-clang-modules-once -clang-build-session-file /Volumes/DeveloperStorage/BuildScratch/throttle-convergence-20260920/DerivedData/ModuleCache.noindex/Session.modulevalidation -Xcc -fmodules-prune-interval\=86400 -Xcc -fmodules-prune-after\=345600 -emit-const-values -const-gather-protocols-list /Volumes/DeveloperStorage/BuildScratch/throttle-convergence-20260920/DerivedData/Build/Intermediates.noindex/Throttle.build/Debug/Throttle.build/Objects-normal/arm64/Throttle_const_extract_protocols.json -Xcc -iquote -Xcc /Volumes/DeveloperStorage/BuildScratch/throttle-convergence-20260920/DerivedData/Build/Intermediates.noindex/Throttle.build/Debug/Throttle.build/Throttle-generated-files.hmap -Xcc -I/Volumes/DeveloperStorage/BuildScratch/throttle-convergence-20260920/DerivedData/Build/Intermediates.noindex/Throttle.build/Debug/Throttle.build/Throttle-own-target-headers.hmap -Xcc -I/Volumes/DeveloperStorage/BuildScratch/throttle-convergence-20260920/DerivedData/Build/Intermediates.noindex/Throttle.build/Debug/Throttle.build/Throttle-all-non-framework-target-headers.hmap -Xcc -ivfsoverlay -Xcc /Volumes/DeveloperStorage/BuildScratch/throttle-convergence-20260920/DerivedData/Build/Intermediates.noindex/Throttle.build/Debug/Throttle-c41c58a016fc9f4310c5f27451fa5182-VFS/all-product-headers.yaml -Xcc -iquote -Xcc /Volumes/DeveloperStorage/BuildScratch/throttle-convergence-20260920/DerivedData/Build/Intermediates.noindex/Throttle.build/Debug/Throttle.build/Throttle-project-headers.hmap -Xcc -I/Volumes/DeveloperStorage/BuildScratch/throttle-convergence-20260920/SourcePackages/checkouts/swift-numerics/Sources/_NumericsShims/include -Xcc -I/Volumes/DeveloperStorage/BuildScratch/throttle-convergence-20260920/SourcePackages/checkouts/mlx-swift/Source/Cmlx/include -Xcc -I/Volumes/DeveloperStorage/BuildScratch/throttle-convergence-20260920/SourcePackages/checkouts/swift-atomics/Sources/_AtomicsShims/include -Xcc -I/Volumes/DeveloperStorage/BuildScratch/throttle-convergence-20260920/SourcePackages/checkouts/swift-nio/Sources/CNIOWASI/include -Xcc -I/Volumes/DeveloperStorage/BuildScratch/throttle-convergence-20260920/SourcePackages/checkouts/swift-nio/Sources/CNIOWindows/include -Xcc -I/Volumes/DeveloperStorage/BuildScratch/throttle-convergence-20260920/SourcePackages/checkouts/swift-nio/Sources/CNIOLinux/include -Xcc -I/Volumes/DeveloperStorage/BuildScratch/throttle-convergence-20260920/SourcePackages/checkouts/swift-nio/Sources/CNIODarwin/include -Xcc -I/Volumes/DeveloperStorage/BuildScratch/throttle-convergence-20260920/SourcePackages/checkouts/swift-nio/Sources/CNIOFreeBSD/include -Xcc -I/Volumes/DeveloperStorage/BuildScratch/throttle-convergence-20260920/SourcePackages/checkouts/swift-nio/Sources/CNIOOpenBSD/include -Xcc -I/Volumes/DeveloperStorage/BuildScratch/throttle-convergence-20260920/SourcePackages/checkouts/swift-nio/Sources/CNIOAtomics/include -Xcc -I/Volumes/DeveloperStorage/BuildScratch/throttle-convergence-20260920/SourcePackages/checkouts/yyjson/src -Xcc -I/Volumes/DeveloperStorage/BuildScratch/throttle-convergence-20260920/DerivedData/Build/Products/Debug/include -Xcc -I/Volumes/DeveloperStorage/BuildScratch/throttle-convergence-20260920/DerivedData/Build/Intermediates.noindex/Throttle.build/Debug/Throttle.build/DerivedSources-normal/arm64 -Xcc -I/Volumes/DeveloperStorage/BuildScratch/throttle-convergence-20260920/DerivedData/Build/Intermediates.noindex/Throttle.build/Debug/Throttle.build/DerivedSources/arm64 -Xcc -I/Volumes/DeveloperStorage/BuildScratch/throttle-convergence-20260920/DerivedData/Build/Intermediates.noindex/Throttle.build/Debug/Throttle.build/DerivedSources -Xcc -DDEBUG\=1 -emit-objc-header -emit-objc-header-path /Volumes/DeveloperStorage/BuildScratch/throttle-convergence-20260920/DerivedData/Build/Intermediates.noindex/Throttle.build/Debug/Throttle.build/Objects-normal/arm64/Throttle-Swift.h -working-directory /Users/kevinnadjarian/GitHub/Throttle/build/convergence-recovery-20260920 -experimental-emit-module-separately -disable-cmo

ExtractAppIntentsMetadata (in target 'ThrottleShared' from project 'ThrottleShared')
    cd /Users/kevinnadjarian/GitHub/Throttle/build/convergence-recovery-20260920/ThrottleShared
    /Applications/Xcode.app/Contents/Developer/Toolchains/XcodeDefault.xctoolchain/usr/bin/appintentsmetadataprocessor --toolchain-dir /var/run/com.apple.security.cryptexd/mnt/com.apple.MobileAsset.MetalToolchain-v27.1.266.1.s263Mc/Metal.xctoolchain --module-name ThrottleShared --sdk-root /Applications/Xcode.app/Contents/Developer/Platforms/MacOSX.platform/Developer/SDKs/MacOSX27.0.sdk --xcode-version 27A266a --platform-family macOS --deployment-target 14.0 --bundle-identifier throttleshared.ThrottleShared --output /Volumes/DeveloperStorage/BuildScratch/throttle-convergence-20260920/DerivedData/Build/Products/Debug/ThrottleShared.appintents --target-triple arm64-apple-macos14.0 --binary-file /Volumes/DeveloperStorage/BuildScratch/throttle-convergence-20260920/DerivedData/Build/Products/Debug/ThrottleShared.o --dependency-file /Volumes/DeveloperStorage/BuildScratch/throttle-convergence-20260920/DerivedData/Build/Intermediates.noindex/ThrottleShared.build/Debug/ThrottleShared-t.build/Objects-normal/arm64/ThrottleShared_dependency_info.dat --stringsdata-file /Volumes/DeveloperStorage/BuildScratch/throttle-convergence-20260920/DerivedData/Build/Intermediates.noindex/ThrottleShared.build/Debug/ThrottleShared-t.build/Objects-normal/arm64/ExtractedAppShortcutsMetadata.stringsdata --source-file-list /Volumes/DeveloperStorage/BuildScratch/throttle-convergence-20260920/DerivedData/Build/Intermediates.noindex/ThrottleShared.build/Debug/ThrottleShared-t.build/Objects-normal/arm64/ThrottleShared.SwiftFileList --metadata-file-list /Volumes/DeveloperStorage/BuildScratch/throttle-convergence-20260920/DerivedData/Build/Intermediates.noindex/ThrottleShared.build/Debug/ThrottleShared-t.build/ThrottleShared.DependencyMetadataFileList --static-metadata-file-list /Volumes/DeveloperStorage/BuildScratch/throttle-convergence-20260920/DerivedData/Build/Intermediates.noindex/ThrottleShared.build/Debug/ThrottleShared-t.build/ThrottleShared.DependencyStaticMetadataFileList --swift-const-vals-list /Volumes/DeveloperStorage/BuildScratch/throttle-convergence-20260920/DerivedData/Build/Intermediates.noindex/ThrottleShared.build/Debug/ThrottleShared-t.build/Objects-normal/arm64/ThrottleShared.SwiftConstValuesFileList --force --compile-time-extraction --deployment-aware-processing --no-app-shortcuts-localization
2026-09-20 22:58:40.773 appintentsmetadataprocessor[90624:508402] Starting appintentsmetadataprocessor export
2026-09-20 22:58:40.822 appintentsmetadataprocessor[90624:508402] Extracted no relevant App Intents symbols, skipping writing output

CpResource /Volumes/DeveloperStorage/BuildScratch/throttle-convergence-20260920/DerivedData/Build/Products/Debug/Throttle.app/Contents/Resources/throttle-license-public.pem /Users/kevinnadjarian/GitHub/Throttle/build/convergence-recovery-20260920/Throttle/Resources/throttle-license-public.pem (in target 'Throttle' from project 'Throttle')
    cd /Users/kevinnadjarian/GitHub/Throttle/build/convergence-recovery-20260920
    builtin-copy -exclude .DS_Store -exclude CVS -exclude .svn -exclude .git -exclude .hg -resolve-src-symlinks /Users/kevinnadjarian/GitHub/Throttle/build/convergence-recovery-20260920/Throttle/Resources/throttle-license-public.pem /Volumes/DeveloperStorage/BuildScratch/throttle-convergence-20260920/DerivedData/Build/Products/Debug/Throttle.app/Contents/Resources

CpResource /Volumes/DeveloperStorage/BuildScratch/throttle-convergence-20260920/DerivedData/Build/Products/Debug/Throttle.app/Contents/Resources/throttle-agent.mjs /Users/kevinnadjarian/GitHub/Throttle/build/convergence-recovery-20260920/edge-agent/throttle-agent.mjs (in target 'Throttle' from project 'Throttle')
    cd /Users/kevinnadjarian/GitHub/Throttle/build/convergence-recovery-20260920
    builtin-copy -exclude .DS_Store -exclude CVS -exclude .svn -exclude .git -exclude .hg -resolve-src-symlinks /Users/kevinnadjarian/GitHub/Throttle/build/convergence-recovery-20260920/edge-agent/throttle-agent.mjs /Volumes/DeveloperStorage/BuildScratch/throttle-convergence-20260920/DerivedData/Build/Products/Debug/Throttle.app/Contents/Resources

CpResource /Volumes/DeveloperStorage/BuildScratch/throttle-convergence-20260920/DerivedData/Build/Products/Debug/Throttle.app/Contents/Resources/fresh-runtime.mjs /Users/kevinnadjarian/GitHub/Throttle/build/convergence-recovery-20260920/edge-agent/fresh-runtime.mjs (in target 'Throttle' from project 'Throttle')
    cd /Users/kevinnadjarian/GitHub/Throttle/build/convergence-recovery-20260920
    builtin-copy -exclude .DS_Store -exclude CVS -exclude .svn -exclude .git -exclude .hg -resolve-src-symlinks /Users/kevinnadjarian/GitHub/Throttle/build/convergence-recovery-20260920/edge-agent/fresh-runtime.mjs /Volumes/DeveloperStorage/BuildScratch/throttle-convergence-20260920/DerivedData/Build/Products/Debug/Throttle.app/Contents/Resources

CpResource /Volumes/DeveloperStorage/BuildScratch/throttle-convergence-20260920/DerivedData/Build/Products/Debug/Throttle.app/Contents/Resources/PrivacyInfo.xcprivacy /Users/kevinnadjarian/GitHub/Throttle/build/convergence-recovery-20260920/Throttle/Resources/PrivacyInfo.xcprivacy (in target 'Throttle' from project 'Throttle')
    cd /Users/kevinnadjarian/GitHub/Throttle/build/convergence-recovery-20260920
    builtin-copy -exclude .DS_Store -exclude CVS -exclude .svn -exclude .git -exclude .hg -resolve-src-symlinks /Users/kevinnadjarian/GitHub/Throttle/build/convergence-recovery-20260920/Throttle/Resources/PrivacyInfo.xcprivacy /Volumes/DeveloperStorage/BuildScratch/throttle-convergence-20260920/DerivedData/Build/Products/Debug/Throttle.app/Contents/Resources

Copy /Volumes/DeveloperStorage/BuildScratch/throttle-convergence-20260920/DerivedData/Build/Products/Debug/Throttle.app/Contents/Resources/swift-transformers_Hub.bundle /Volumes/DeveloperStorage/BuildScratch/throttle-convergence-20260920/DerivedData/Build/Products/Debug/swift-transformers_Hub.bundle (in target 'Throttle' from project 'Throttle')
    cd /Users/kevinnadjarian/GitHub/Throttle/build/convergence-recovery-20260920
    builtin-copy -exclude .DS_Store -exclude CVS -exclude .svn -exclude .git -exclude .hg -resolve-src-symlinks /Volumes/DeveloperStorage/BuildScratch/throttle-convergence-20260920/DerivedData/Build/Products/Debug/swift-transformers_Hub.bundle /Volumes/DeveloperStorage/BuildScratch/throttle-convergence-20260920/DerivedData/Build/Products/Debug/Throttle.app/Contents/Resources

Copy /Volumes/DeveloperStorage/BuildScratch/throttle-convergence-20260920/DerivedData/Build/Products/Debug/Throttle.app/Contents/Resources/swift-crypto_Crypto.bundle /Volumes/DeveloperStorage/BuildScratch/throttle-convergence-20260920/DerivedData/Build/Products/Debug/swift-crypto_Crypto.bundle (in target 'Throttle' from project 'Throttle')
    cd /Users/kevinnadjarian/GitHub/Throttle/build/convergence-recovery-20260920
    builtin-copy -exclude .DS_Store -exclude CVS -exclude .svn -exclude .git -exclude .hg -resolve-src-symlinks /Volumes/DeveloperStorage/BuildScratch/throttle-convergence-20260920/DerivedData/Build/Products/Debug/swift-crypto_Crypto.bundle /Volumes/DeveloperStorage/BuildScratch/throttle-convergence-20260920/DerivedData/Build/Products/Debug/Throttle.app/Contents/Resources

Copy /Volumes/DeveloperStorage/BuildScratch/throttle-convergence-20260920/DerivedData/Build/Products/Debug/Throttle.app/Contents/Resources/mlx-swift_Cmlx.bundle /Volumes/DeveloperStorage/BuildScratch/throttle-convergence-20260920/DerivedData/Build/Products/Debug/mlx-swift_Cmlx.bundle (in target 'Throttle' from project 'Throttle')
    cd /Users/kevinnadjarian/GitHub/Throttle/build/convergence-recovery-20260920
    builtin-copy -exclude .DS_Store -exclude CVS -exclude .svn -exclude .git -exclude .hg -resolve-src-symlinks /Volumes/DeveloperStorage/BuildScratch/throttle-convergence-20260920/DerivedData/Build/Products/Debug/mlx-swift_Cmlx.bundle /Volumes/DeveloperStorage/BuildScratch/throttle-convergence-20260920/DerivedData/Build/Products/Debug/Throttle.app/Contents/Resources

Copy /Volumes/DeveloperStorage/BuildScratch/throttle-convergence-20260920/DerivedData/Build/Products/Debug/Throttle.app/Contents/Resources/SwiftTerm_SwiftTerm.bundle /Volumes/DeveloperStorage/BuildScratch/throttle-convergence-20260920/DerivedData/Build/Products/Debug/SwiftTerm_SwiftTerm.bundle (in target 'Throttle' from project 'Throttle')
    cd /Users/kevinnadjarian/GitHub/Throttle/build/convergence-recovery-20260920
    builtin-copy -exclude .DS_Store -exclude CVS -exclude .svn -exclude .git -exclude .hg -resolve-src-symlinks /Volumes/DeveloperStorage/BuildScratch/throttle-convergence-20260920/DerivedData/Build/Products/Debug/SwiftTerm_SwiftTerm.bundle /Volumes/DeveloperStorage/BuildScratch/throttle-convergence-20260920/DerivedData/Build/Products/Debug/Throttle.app/Contents/Resources

Copy /Volumes/DeveloperStorage/BuildScratch/throttle-convergence-20260920/DerivedData/Build/Products/Debug/Throttle.app/Contents/Resources/GRDB_GRDB.bundle /Volumes/DeveloperStorage/BuildScratch/throttle-convergence-20260920/DerivedData/Build/Products/Debug/GRDB_GRDB.bundle (in target 'Throttle' from project 'Throttle')
    cd /Users/kevinnadjarian/GitHub/Throttle/build/convergence-recovery-20260920
    builtin-copy -exclude .DS_Store -exclude CVS -exclude .svn -exclude .git -exclude .hg -resolve-src-symlinks /Volumes/DeveloperStorage/BuildScratch/throttle-convergence-20260920/DerivedData/Build/Products/Debug/GRDB_GRDB.bundle /Volumes/DeveloperStorage/BuildScratch/throttle-convergence-20260920/DerivedData/Build/Products/Debug/Throttle.app/Contents/Resources

Copy /Volumes/DeveloperStorage/BuildScratch/throttle-convergence-20260920/DerivedData/Build/Products/Debug/Throttle.app/Contents/Frameworks/Sparkle.framework /Volumes/DeveloperStorage/BuildScratch/throttle-convergence-20260920/SourcePackages/artifacts/sparkle/Sparkle/Sparkle.xcframework/macos-arm64_x86_64/Sparkle.framework (in target 'Throttle' from project 'Throttle')
    cd /Users/kevinnadjarian/GitHub/Throttle/build/convergence-recovery-20260920
    builtin-copy -exclude .DS_Store -exclude CVS -exclude .svn -exclude .git -exclude .hg -exclude Headers -exclude PrivateHeaders -exclude Modules -exclude \*.tbd -resolve-src-symlinks -remove-static-executable /Volumes/DeveloperStorage/BuildScratch/throttle-convergence-20260920/SourcePackages/artifacts/sparkle/Sparkle/Sparkle.xcframework/macos-arm64_x86_64/Sparkle.framework /Volumes/DeveloperStorage/BuildScratch/throttle-convergence-20260920/DerivedData/Build/Products/Debug/Throttle.app/Contents/Frameworks

CompileXCStrings /Volumes/DeveloperStorage/BuildScratch/throttle-convergence-20260920/DerivedData/Build/Intermediates.noindex/Throttle.build/Debug/Throttle.build/ /Users/kevinnadjarian/GitHub/Throttle/build/convergence-recovery-20260920/Throttle/Resources/Localizable.xcstrings (in target 'Throttle' from project 'Throttle')
    cd /Users/kevinnadjarian/GitHub/Throttle/build/convergence-recovery-20260920
    /Applications/Xcode.app/Contents/Developer/usr/bin/xcstringstool compile --output-directory /Volumes/DeveloperStorage/BuildScratch/throttle-convergence-20260920/DerivedData/Build/Intermediates.noindex/Throttle.build/Debug/Throttle.build /Users/kevinnadjarian/GitHub/Throttle/build/convergence-recovery-20260920/Throttle/Resources/Localizable.xcstrings

CopyStringsFile /Volumes/DeveloperStorage/BuildScratch/throttle-convergence-20260920/DerivedData/Build/Products/Debug/Throttle.app/Contents/Resources/fr.lproj/Localizable.strings /Volumes/DeveloperStorage/BuildScratch/throttle-convergence-20260920/DerivedData/Build/Intermediates.noindex/Throttle.build/Debug/Throttle.build/fr.lproj/Localizable.strings (in target 'Throttle' from project 'Throttle')
    cd /Users/kevinnadjarian/GitHub/Throttle/build/convergence-recovery-20260920
    builtin-copyStrings --validate --outputencoding UTF-16 --outfilename Localizable.strings --outdir /Volumes/DeveloperStorage/BuildScratch/throttle-convergence-20260920/DerivedData/Build/Products/Debug/Throttle.app/Contents/Resources/fr.lproj -- /Volumes/DeveloperStorage/BuildScratch/throttle-convergence-20260920/DerivedData/Build/Intermediates.noindex/Throttle.build/Debug/Throttle.build/fr.lproj/Localizable.strings
/Volumes/DeveloperStorage/BuildScratch/throttle-convergence-20260920/DerivedData/Build/Intermediates.noindex/Throttle.build/Debug/Throttle.build/fr.lproj/Localizable.strings:1:1: note: detected encoding of input file as Unicode (UTF-8) (in target 'Throttle' from project 'Throttle')

CopyStringsFile /Volumes/DeveloperStorage/BuildScratch/throttle-convergence-20260920/DerivedData/Build/Products/Debug/Throttle.app/Contents/Resources/en.lproj/Localizable.strings /Volumes/DeveloperStorage/BuildScratch/throttle-convergence-20260920/DerivedData/Build/Intermediates.noindex/Throttle.build/Debug/Throttle.build/en.lproj/Localizable.strings (in target 'Throttle' from project 'Throttle')
    cd /Users/kevinnadjarian/GitHub/Throttle/build/convergence-recovery-20260920
    builtin-copyStrings --validate --outputencoding UTF-16 --outfilename Localizable.strings --outdir /Volumes/DeveloperStorage/BuildScratch/throttle-convergence-20260920/DerivedData/Build/Products/Debug/Throttle.app/Contents/Resources/en.lproj -- /Volumes/DeveloperStorage/BuildScratch/throttle-convergence-20260920/DerivedData/Build/Intermediates.noindex/Throttle.build/Debug/Throttle.build/en.lproj/Localizable.strings
/Volumes/DeveloperStorage/BuildScratch/throttle-convergence-20260920/DerivedData/Build/Intermediates.noindex/Throttle.build/Debug/Throttle.build/en.lproj/Localizable.strings:1:1: note: detected encoding of input file as Unicode (UTF-8) (in target 'Throttle' from project 'Throttle')

SwiftCompile normal arm64 Compiling\ CockpitWindowController.swift,\ CodexProgressService.swift,\ CodexUsageIngester.swift,\ CodexUsageService.swift,\ CodexUsageSnapshot.swift,\ ColdStartScanner.swift,\ CommandRunnerService.swift,\ CommandRunnerSheet.swift,\ CommandRunnerWindowController.swift,\ ConfigDedupService.swift,\ ContentStore.swift,\ ContextBloatService.swift,\ ContextFirewall.swift,\ ContextTrimmerService.swift,\ CrashReporter.swift,\ DataLayerCoordinator.swift,\ DatabaseManager.swift,\ DatabaseQueries.swift,\ DeadSkillService.swift,\ DeltaMemStore.swift,\ DevUnlockService.swift,\ DevUnlockSheet.swift,\ DiagnosticArchive.swift,\ DiagnosticReport.swift,\ DiagnosticsExporter.swift /Users/kevinnadjarian/GitHub/Throttle/build/convergence-recovery-20260920/Throttle/UI/Cockpit/CockpitWindowController.swift /Users/kevinnadjarian/GitHub/Throttle/build/convergence-recovery-20260920/Throttle/Services/CodexProgressService.swift /Users/kevinnadjarian/GitHub/Throttle/build/convergence-recovery-20260920/Throttle/DataLayer/CodexUsageIngester.swift /Users/kevinnadjarian/GitHub/Throttle/build/convergence-recovery-20260920/Throttle/Services/CodexUsageService.swift /Users/kevinnadjarian/GitHub/Throttle/build/convergence-recovery-20260920/Throttle/State/CodexUsageSnapshot.swift /Users/kevinnadjarian/GitHub/Throttle/build/convergence-recovery-20260920/Throttle/DataLayer/ColdStartScanner.swift /Users/kevinnadjarian/GitHub/Throttle/build/convergence-recovery-20260920/Throttle/Services/CommandRunnerService.swift /Users/kevinnadjarian/GitHub/Throttle/build/convergence-recovery-20260920/Throttle/UI/MenuBar/CommandRunnerSheet.swift /Users/kevinnadjarian/GitHub/Throttle/build/convergence-recovery-20260920/Throttle/UI/MenuBar/CommandRunnerWindowController.swift /Users/kevinnadjarian/GitHub/Throttle/build/convergence-recovery-20260920/Throttle/Services/ConfigDedupService.swift /Users/kevinnadjarian/GitHub/Throttle/build/convergence-recovery-20260920/Throttle/Services/ContentStore.swift /Users/kevinnadjarian/GitHub/Throttle/build/convergence-recovery-20260920/Throttle/Services/ContextBloatService.swift /Users/kevinnadjarian/GitHub/Throttle/build/convergence-recovery-20260920/Throttle/Services/ContextFirewall.swift /Users/kevinnadjarian/GitHub/Throttle/build/convergence-recovery-20260920/Throttle/Services/ContextTrimmerService.swift /Users/kevinnadjarian/GitHub/Throttle/build/convergence-recovery-20260920/Throttle/Services/CrashReporter.swift /Users/kevinnadjarian/GitHub/Throttle/build/convergence-recovery-20260920/Throttle/DataLayer/DataLayerCoordinator.swift /Users/kevinnadjarian/GitHub/Throttle/build/convergence-recovery-20260920/Throttle/Database/DatabaseManager.swift /Users/kevinnadjarian/GitHub/Throttle/build/convergence-recovery-20260920/Throttle/Database/DatabaseQueries.swift /Users/kevinnadjarian/GitHub/Throttle/build/convergence-recovery-20260920/Throttle/Services/DeadSkillService.swift /Users/kevinnadjarian/GitHub/Throttle/build/convergence-recovery-20260920/Throttle/Services/DeltaMemStore.swift /Users/kevinnadjarian/GitHub/Throttle/build/convergence-recovery-20260920/Throttle/Services/DevUnlockService.swift /Users/kevinnadjarian/GitHub/Throttle/build/convergence-recovery-20260920/Throttle/UI/MenuBar/DevUnlockSheet.swift /Users/kevinnadjarian/GitHub/Throttle/build/convergence-recovery-20260920/Throttle/Services/DiagnosticArchive.swift /Users/kevinnadjarian/GitHub/Throttle/build/convergence-recovery-20260920/Throttle/Services/DiagnosticReport.swift /Users/kevinnadjarian/GitHub/Throttle/build/convergence-recovery-20260920/Throttle/Services/DiagnosticsExporter.swift (in target 'Throttle' from project 'Throttle')

SwiftCompile normal arm64 /Users/kevinnadjarian/GitHub/Throttle/build/convergence-recovery-20260920/Throttle/UI/Cockpit/CockpitWindowController.swift (in target 'Throttle' from project 'Throttle')
    cd /Users/kevinnadjarian/GitHub/Throttle/build/convergence-recovery-20260920
    builtin-SwiftPerFileCompile CockpitWindowController.swift

SwiftCompile normal arm64 /Users/kevinnadjarian/GitHub/Throttle/build/convergence-recovery-20260920/Throttle/Services/CodexProgressService.swift (in target 'Throttle' from project 'Throttle')
    cd /Users/kevinnadjarian/GitHub/Throttle/build/convergence-recovery-20260920
    builtin-SwiftPerFileCompile CodexProgressService.swift

SwiftCompile normal arm64 /Users/kevinnadjarian/GitHub/Throttle/build/convergence-recovery-20260920/Throttle/DataLayer/CodexUsageIngester.swift (in target 'Throttle' from project 'Throttle')
    cd /Users/kevinnadjarian/GitHub/Throttle/build/convergence-recovery-20260920
    builtin-SwiftPerFileCompile CodexUsageIngester.swift

SwiftCompile normal arm64 /Users/kevinnadjarian/GitHub/Throttle/build/convergence-recovery-20260920/Throttle/Services/CodexUsageService.swift (in target 'Throttle' from project 'Throttle')
    cd /Users/kevinnadjarian/GitHub/Throttle/build/convergence-recovery-20260920
    builtin-SwiftPerFileCompile CodexUsageService.swift

SwiftCompile normal arm64 /Users/kevinnadjarian/GitHub/Throttle/build/convergence-recovery-20260920/Throttle/State/CodexUsageSnapshot.swift (in target 'Throttle' from project 'Throttle')
    cd /Users/kevinnadjarian/GitHub/Throttle/build/convergence-recovery-20260920
    builtin-SwiftPerFileCompile CodexUsageSnapshot.swift

SwiftCompile normal arm64 /Users/kevinnadjarian/GitHub/Throttle/build/convergence-recovery-20260920/Throttle/DataLayer/ColdStartScanner.swift (in target 'Throttle' from project 'Throttle')
    cd /Users/kevinnadjarian/GitHub/Throttle/build/convergence-recovery-20260920
    builtin-SwiftPerFileCompile ColdStartScanner.swift

SwiftCompile normal arm64 /Users/kevinnadjarian/GitHub/Throttle/build/convergence-recovery-20260920/Throttle/Services/CommandRunnerService.swift (in target 'Throttle' from project 'Throttle')
    cd /Users/kevinnadjarian/GitHub/Throttle/build/convergence-recovery-20260920
    builtin-SwiftPerFileCompile CommandRunnerService.swift

SwiftCompile normal arm64 /Users/kevinnadjarian/GitHub/Throttle/build/convergence-recovery-20260920/Throttle/UI/MenuBar/CommandRunnerSheet.swift (in target 'Throttle' from project 'Throttle')
    cd /Users/kevinnadjarian/GitHub/Throttle/build/convergence-recovery-20260920
    builtin-SwiftPerFileCompile CommandRunnerSheet.swift

SwiftCompile normal arm64 /Users/kevinnadjarian/GitHub/Throttle/build/convergence-recovery-20260920/Throttle/UI/MenuBar/CommandRunnerWindowController.swift (in target 'Throttle' from project 'Throttle')
    cd /Users/kevinnadjarian/GitHub/Throttle/build/convergence-recovery-20260920
    builtin-SwiftPerFileCompile CommandRunnerWindowController.swift

SwiftCompile normal arm64 /Users/kevinnadjarian/GitHub/Throttle/build/convergence-recovery-20260920/Throttle/Services/ConfigDedupService.swift (in target 'Throttle' from project 'Throttle')
    cd /Users/kevinnadjarian/GitHub/Throttle/build/convergence-recovery-20260920
    builtin-SwiftPerFileCompile ConfigDedupService.swift

SwiftCompile normal arm64 /Users/kevinnadjarian/GitHub/Throttle/build/convergence-recovery-20260920/Throttle/Services/ContentStore.swift (in target 'Throttle' from project 'Throttle')
    cd /Users/kevinnadjarian/GitHub/Throttle/build/convergence-recovery-20260920
    builtin-SwiftPerFileCompile ContentStore.swift

SwiftCompile normal arm64 /Users/kevinnadjarian/GitHub/Throttle/build/convergence-recovery-20260920/Throttle/Services/ContextBloatService.swift (in target 'Throttle' from project 'Throttle')
    cd /Users/kevinnadjarian/GitHub/Throttle/build/convergence-recovery-20260920
    builtin-SwiftPerFileCompile ContextBloatService.swift

SwiftCompile normal arm64 /Users/kevinnadjarian/GitHub/Throttle/build/convergence-recovery-20260920/Throttle/Services/ContextFirewall.swift (in target 'Throttle' from project 'Throttle')
    cd /Users/kevinnadjarian/GitHub/Throttle/build/convergence-recovery-20260920
    builtin-SwiftPerFileCompile ContextFirewall.swift

SwiftCompile normal arm64 /Users/kevinnadjarian/GitHub/Throttle/build/convergence-recovery-20260920/Throttle/Services/ContextTrimmerService.swift (in target 'Throttle' from project 'Throttle')
    cd /Users/kevinnadjarian/GitHub/Throttle/build/convergence-recovery-20260920
    builtin-SwiftPerFileCompile ContextTrimmerService.swift

SwiftCompile normal arm64 /Users/kevinnadjarian/GitHub/Throttle/build/convergence-recovery-20260920/Throttle/Services/CrashReporter.swift (in target 'Throttle' from project 'Throttle')
    cd /Users/kevinnadjarian/GitHub/Throttle/build/convergence-recovery-20260920
    builtin-SwiftPerFileCompile CrashReporter.swift

SwiftCompile normal arm64 /Users/kevinnadjarian/GitHub/Throttle/build/convergence-recovery-20260920/Throttle/DataLayer/DataLayerCoordinator.swift (in target 'Throttle' from project 'Throttle')
    cd /Users/kevinnadjarian/GitHub/Throttle/build/convergence-recovery-20260920
    builtin-SwiftPerFileCompile DataLayerCoordinator.swift

SwiftCompile normal arm64 /Users/kevinnadjarian/GitHub/Throttle/build/convergence-recovery-20260920/Throttle/Database/DatabaseManager.swift (in target 'Throttle' from project 'Throttle')
    cd /Users/kevinnadjarian/GitHub/Throttle/build/convergence-recovery-20260920
    builtin-SwiftPerFileCompile DatabaseManager.swift

SwiftCompile normal arm64 /Users/kevinnadjarian/GitHub/Throttle/build/convergence-recovery-20260920/Throttle/Database/DatabaseQueries.swift (in target 'Throttle' from project 'Throttle')
    cd /Users/kevinnadjarian/GitHub/Throttle/build/convergence-recovery-20260920
    builtin-SwiftPerFileCompile DatabaseQueries.swift

SwiftCompile normal arm64 /Users/kevinnadjarian/GitHub/Throttle/build/convergence-recovery-20260920/Throttle/Services/DeadSkillService.swift (in target 'Throttle' from project 'Throttle')
    cd /Users/kevinnadjarian/GitHub/Throttle/build/convergence-recovery-20260920
    builtin-SwiftPerFileCompile DeadSkillService.swift

SwiftCompile normal arm64 /Users/kevinnadjarian/GitHub/Throttle/build/convergence-recovery-20260920/Throttle/Services/DeltaMemStore.swift (in target 'Throttle' from project 'Throttle')
    cd /Users/kevinnadjarian/GitHub/Throttle/build/convergence-recovery-20260920
    builtin-SwiftPerFileCompile DeltaMemStore.swift

SwiftCompile normal arm64 /Users/kevinnadjarian/GitHub/Throttle/build/convergence-recovery-20260920/Throttle/Services/DevUnlockService.swift (in target 'Throttle' from project 'Throttle')
    cd /Users/kevinnadjarian/GitHub/Throttle/build/convergence-recovery-20260920
    builtin-SwiftPerFileCompile DevUnlockService.swift

SwiftCompile normal arm64 /Users/kevinnadjarian/GitHub/Throttle/build/convergence-recovery-20260920/Throttle/UI/MenuBar/DevUnlockSheet.swift (in target 'Throttle' from project 'Throttle')
    cd /Users/kevinnadjarian/GitHub/Throttle/build/convergence-recovery-20260920
    builtin-SwiftPerFileCompile DevUnlockSheet.swift

SwiftCompile normal arm64 /Users/kevinnadjarian/GitHub/Throttle/build/convergence-recovery-20260920/Throttle/Services/DiagnosticArchive.swift (in target 'Throttle' from project 'Throttle')
    cd /Users/kevinnadjarian/GitHub/Throttle/build/convergence-recovery-20260920
    builtin-SwiftPerFileCompile DiagnosticArchive.swift

SwiftCompile normal arm64 /Users/kevinnadjarian/GitHub/Throttle/build/convergence-recovery-20260920/Throttle/Services/DiagnosticReport.swift (in target 'Throttle' from project 'Throttle')
    cd /Users/kevinnadjarian/GitHub/Throttle/build/convergence-recovery-20260920
    builtin-SwiftPerFileCompile DiagnosticReport.swift

SwiftCompile normal arm64 /Users/kevinnadjarian/GitHub/Throttle/build/convergence-recovery-20260920/Throttle/Services/DiagnosticsExporter.swift (in target 'Throttle' from project 'Throttle')
    cd /Users/kevinnadjarian/GitHub/Throttle/build/convergence-recovery-20260920
    builtin-SwiftPerFileCompile DiagnosticsExporter.swift

SwiftCompile normal arm64 Compiling\ MultiCockpitModel+Activity.swift,\ MultiCockpitModel+AutoPause.swift,\ MultiCockpitModel+Binding.swift,\ MultiCockpitModel+Display.swift,\ MultiCockpitModel+Lifecycle.swift,\ MultiCockpitModel+Memory.swift,\ MultiCockpitModel+Pacing.swift,\ MultiCockpitModel+Persistence.swift,\ MultiCockpitModel+PlanFocus.swift,\ MultiCockpitModel+Projects.swift,\ MultiCockpitModel+Sessions.swift,\ MultiCockpitModel+Statistics.swift,\ MultiCockpitModel+TransferRecovery.swift,\ MultiCockpitModel.swift,\ MultiCockpitRoot+Banners.swift,\ MultiCockpitRoot+Metrics.swift,\ MultiCockpitRoot+NewSession.swift,\ MultiCockpitRoot+ProjectAttach.swift,\ MultiCockpitRoot+Rail.swift,\ MultiCockpitRoot+Reentry.swift,\ MultiCockpitRoot+Remote.swift,\ MultiCockpitRoot+SessionActions.swift,\ MultiCockpitRoot+Terminal.swift,\ MultiCockpitRoot+Toolbar.swift,\ MultiCockpitRoot.swift /Users/kevinnadjarian/GitHub/Throttle/build/convergence-recovery-20260920/Throttle/UI/Cockpit/MultiCockpitModel+Activity.swift /Users/kevinnadjarian/GitHub/Throttle/build/convergence-recovery-20260920/Throttle/UI/Cockpit/MultiCockpitModel+AutoPause.swift /Users/kevinnadjarian/GitHub/Throttle/build/convergence-recovery-20260920/Throttle/UI/Cockpit/MultiCockpitModel+Binding.swift /Users/kevinnadjarian/GitHub/Throttle/build/convergence-recovery-20260920/Throttle/UI/Cockpit/MultiCockpitModel+Display.swift /Users/kevinnadjarian/GitHub/Throttle/build/convergence-recovery-20260920/Throttle/UI/Cockpit/MultiCockpitModel+Lifecycle.swift /Users/kevinnadjarian/GitHub/Throttle/build/convergence-recovery-20260920/Throttle/UI/Cockpit/MultiCockpitModel+Memory.swift /Users/kevinnadjarian/GitHub/Throttle/build/convergence-recovery-20260920/Throttle/UI/Cockpit/MultiCockpitModel+Pacing.swift /Users/kevinnadjarian/GitHub/Throttle/build/convergence-recovery-20260920/Throttle/UI/Cockpit/MultiCockpitModel+Persistence.swift /Users/kevinnadjarian/GitHub/Throttle/build/convergence-recovery-20260920/Throttle/UI/Cockpit/MultiCockpitModel+PlanFocus.swift /Users/kevinnadjarian/GitHub/Throttle/build/convergence-recovery-20260920/Throttle/UI/Cockpit/MultiCockpitModel+Projects.swift /Users/kevinnadjarian/GitHub/Throttle/build/convergence-recovery-20260920/Throttle/UI/Cockpit/MultiCockpitModel+Sessions.swift /Users/kevinnadjarian/GitHub/Throttle/build/convergence-recovery-20260920/Throttle/UI/Cockpit/MultiCockpitModel+Statistics.swift /Users/kevinnadjarian/GitHub/Throttle/build/convergence-recovery-20260920/Throttle/UI/Cockpit/MultiCockpitModel+TransferRecovery.swift /Users/kevinnadjarian/GitHub/Throttle/build/convergence-recovery-20260920/Throttle/UI/Cockpit/MultiCockpitModel.swift /Users/kevinnadjarian/GitHub/Throttle/build/convergence-recovery-20260920/Throttle/UI/Cockpit/MultiCockpitRoot+Banners.swift /Users/kevinnadjarian/GitHub/Throttle/build/convergence-recovery-20260920/Throttle/UI/Cockpit/MultiCockpitRoot+Metrics.swift /Users/kevinnadjarian/GitHub/Throttle/build/convergence-recovery-20260920/Throttle/UI/Cockpit/MultiCockpitRoot+NewSession.swift /Users/kevinnadjarian/GitHub/Throttle/build/convergence-recovery-20260920/Throttle/UI/Cockpit/MultiCockpitRoot+ProjectAttach.swift /Users/kevinnadjarian/GitHub/Throttle/build/convergence-recovery-20260920/Throttle/UI/Cockpit/MultiCockpitRoot+Rail.swift /Users/kevinnadjarian/GitHub/Throttle/build/convergence-recovery-20260920/Throttle/UI/Cockpit/MultiCockpitRoot+Reentry.swift /Users/kevinnadjarian/GitHub/Throttle/build/convergence-recovery-20260920/Throttle/UI/Cockpit/MultiCockpitRoot+Remote.swift /Users/kevinnadjarian/GitHub/Throttle/build/convergence-recovery-20260920/Throttle/UI/Cockpit/MultiCockpitRoot+SessionActions.swift /Users/kevinnadjarian/GitHub/Throttle/build/convergence-recovery-20260920/Throttle/UI/Cockpit/MultiCockpitRoot+Terminal.swift /Users/kevinnadjarian/GitHub/Throttle/build/convergence-recovery-20260920/Throttle/UI/Cockpit/MultiCockpitRoot+Toolbar.swift /Users/kevinnadjarian/GitHub/Throttle/build/convergence-recovery-20260920/Throttle/UI/Cockpit/MultiCockpitRoot.swift (in target 'Throttle' from project 'Throttle')

SwiftCompile normal arm64 /Users/kevinnadjarian/GitHub/Throttle/build/convergence-recovery-20260920/Throttle/UI/Cockpit/MultiCockpitModel+Activity.swift (in target 'Throttle' from project 'Throttle')
    cd /Users/kevinnadjarian/GitHub/Throttle/build/convergence-recovery-20260920
    builtin-SwiftPerFileCompile MultiCockpitModel+Activity.swift

SwiftCompile normal arm64 /Users/kevinnadjarian/GitHub/Throttle/build/convergence-recovery-20260920/Throttle/UI/Cockpit/MultiCockpitModel+AutoPause.swift (in target 'Throttle' from project 'Throttle')
    cd /Users/kevinnadjarian/GitHub/Throttle/build/convergence-recovery-20260920
    builtin-SwiftPerFileCompile MultiCockpitModel+AutoPause.swift

SwiftCompile normal arm64 /Users/kevinnadjarian/GitHub/Throttle/build/convergence-recovery-20260920/Throttle/UI/Cockpit/MultiCockpitModel+Binding.swift (in target 'Throttle' from project 'Throttle')
    cd /Users/kevinnadjarian/GitHub/Throttle/build/convergence-recovery-20260920
    builtin-SwiftPerFileCompile MultiCockpitModel+Binding.swift

SwiftCompile normal arm64 /Users/kevinnadjarian/GitHub/Throttle/build/convergence-recovery-20260920/Throttle/UI/Cockpit/MultiCockpitModel+Display.swift (in target 'Throttle' from project 'Throttle')
    cd /Users/kevinnadjarian/GitHub/Throttle/build/convergence-recovery-20260920
    builtin-SwiftPerFileCompile MultiCockpitModel+Display.swift

SwiftCompile normal arm64 /Users/kevinnadjarian/GitHub/Throttle/build/convergence-recovery-20260920/Throttle/UI/Cockpit/MultiCockpitModel+Lifecycle.swift (in target 'Throttle' from project 'Throttle')
    cd /Users/kevinnadjarian/GitHub/Throttle/build/convergence-recovery-20260920
    builtin-SwiftPerFileCompile MultiCockpitModel+Lifecycle.swift

SwiftCompile normal arm64 /Users/kevinnadjarian/GitHub/Throttle/build/convergence-recovery-20260920/Throttle/UI/Cockpit/MultiCockpitModel+Memory.swift (in target 'Throttle' from project 'Throttle')
    cd /Users/kevinnadjarian/GitHub/Throttle/build/convergence-recovery-20260920
    builtin-SwiftPerFileCompile MultiCockpitModel+Memory.swift

SwiftCompile normal arm64 /Users/kevinnadjarian/GitHub/Throttle/build/convergence-recovery-20260920/Throttle/UI/Cockpit/MultiCockpitModel+Pacing.swift (in target 'Throttle' from project 'Throttle')
    cd /Users/kevinnadjarian/GitHub/Throttle/build/convergence-recovery-20260920
    builtin-SwiftPerFileCompile MultiCockpitModel+Pacing.swift

SwiftCompile normal arm64 /Users/kevinnadjarian/GitHub/Throttle/build/convergence-recovery-20260920/Throttle/UI/Cockpit/MultiCockpitModel+Persistence.swift (in target 'Throttle' from project 'Throttle')
    cd /Users/kevinnadjarian/GitHub/Throttle/build/convergence-recovery-20260920
    builtin-SwiftPerFileCompile MultiCockpitModel+Persistence.swift

SwiftCompile normal arm64 /Users/kevinnadjarian/GitHub/Throttle/build/convergence-recovery-20260920/Throttle/UI/Cockpit/MultiCockpitModel+PlanFocus.swift (in target 'Throttle' from project 'Throttle')
    cd /Users/kevinnadjarian/GitHub/Throttle/build/convergence-recovery-20260920
    builtin-SwiftPerFileCompile MultiCockpitModel+PlanFocus.swift

SwiftCompile normal arm64 /Users/kevinnadjarian/GitHub/Throttle/build/convergence-recovery-20260920/Throttle/UI/Cockpit/MultiCockpitModel+Projects.swift (in target 'Throttle' from project 'Throttle')
    cd /Users/kevinnadjarian/GitHub/Throttle/build/convergence-recovery-20260920
    builtin-SwiftPerFileCompile MultiCockpitModel+Projects.swift

SwiftCompile normal arm64 /Users/kevinnadjarian/GitHub/Throttle/build/convergence-recovery-20260920/Throttle/UI/Cockpit/MultiCockpitModel+Sessions.swift (in target 'Throttle' from project 'Throttle')
    cd /Users/kevinnadjarian/GitHub/Throttle/build/convergence-recovery-20260920
    builtin-SwiftPerFileCompile MultiCockpitModel+Sessions.swift

SwiftCompile normal arm64 /Users/kevinnadjarian/GitHub/Throttle/build/convergence-recovery-20260920/Throttle/UI/Cockpit/MultiCockpitModel+Statistics.swift (in target 'Throttle' from project 'Throttle')
    cd /Users/kevinnadjarian/GitHub/Throttle/build/convergence-recovery-20260920
    builtin-SwiftPerFileCompile MultiCockpitModel+Statistics.swift

SwiftCompile normal arm64 /Users/kevinnadjarian/GitHub/Throttle/build/convergence-recovery-20260920/Throttle/UI/Cockpit/MultiCockpitModel+TransferRecovery.swift (in target 'Throttle' from project 'Throttle')
    cd /Users/kevinnadjarian/GitHub/Throttle/build/convergence-recovery-20260920
    builtin-SwiftPerFileCompile MultiCockpitModel+TransferRecovery.swift

SwiftCompile normal arm64 /Users/kevinnadjarian/GitHub/Throttle/build/convergence-recovery-20260920/Throttle/UI/Cockpit/MultiCockpitModel.swift (in target 'Throttle' from project 'Throttle')
    cd /Users/kevinnadjarian/GitHub/Throttle/build/convergence-recovery-20260920
    builtin-SwiftPerFileCompile MultiCockpitModel.swift

SwiftCompile normal arm64 /Users/kevinnadjarian/GitHub/Throttle/build/convergence-recovery-20260920/Throttle/UI/Cockpit/MultiCockpitRoot+Banners.swift (in target 'Throttle' from project 'Throttle')
    cd /Users/kevinnadjarian/GitHub/Throttle/build/convergence-recovery-20260920
    builtin-SwiftPerFileCompile MultiCockpitRoot+Banners.swift

SwiftCompile normal arm64 /Users/kevinnadjarian/GitHub/Throttle/build/convergence-recovery-20260920/Throttle/UI/Cockpit/MultiCockpitRoot+Metrics.swift (in target 'Throttle' from project 'Throttle')
    cd /Users/kevinnadjarian/GitHub/Throttle/build/convergence-recovery-20260920
    builtin-SwiftPerFileCompile MultiCockpitRoot+Metrics.swift

SwiftCompile normal arm64 /Users/kevinnadjarian/GitHub/Throttle/build/convergence-recovery-20260920/Throttle/UI/Cockpit/MultiCockpitRoot+NewSession.swift (in target 'Throttle' from project 'Throttle')
    cd /Users/kevinnadjarian/GitHub/Throttle/build/convergence-recovery-20260920
    builtin-SwiftPerFileCompile MultiCockpitRoot+NewSession.swift

SwiftCompile normal arm64 /Users/kevinnadjarian/GitHub/Throttle/build/convergence-recovery-20260920/Throttle/UI/Cockpit/MultiCockpitRoot+ProjectAttach.swift (in target 'Throttle' from project 'Throttle')
    cd /Users/kevinnadjarian/GitHub/Throttle/build/convergence-recovery-20260920
    builtin-SwiftPerFileCompile MultiCockpitRoot+ProjectAttach.swift

SwiftCompile normal arm64 /Users/kevinnadjarian/GitHub/Throttle/build/convergence-recovery-20260920/Throttle/UI/Cockpit/MultiCockpitRoot+Rail.swift (in target 'Throttle' from project 'Throttle')
    cd /Users/kevinnadjarian/GitHub/Throttle/build/convergence-recovery-20260920
    builtin-SwiftPerFileCompile MultiCockpitRoot+Rail.swift

SwiftCompile normal arm64 /Users/kevinnadjarian/GitHub/Throttle/build/convergence-recovery-20260920/Throttle/UI/Cockpit/MultiCockpitRoot+Reentry.swift (in target 'Throttle' from project 'Throttle')
    cd /Users/kevinnadjarian/GitHub/Throttle/build/convergence-recovery-20260920
    builtin-SwiftPerFileCompile MultiCockpitRoot+Reentry.swift

SwiftCompile normal arm64 /Users/kevinnadjarian/GitHub/Throttle/build/convergence-recovery-20260920/Throttle/UI/Cockpit/MultiCockpitRoot+Remote.swift (in target 'Throttle' from project 'Throttle')
    cd /Users/kevinnadjarian/GitHub/Throttle/build/convergence-recovery-20260920
    builtin-SwiftPerFileCompile MultiCockpitRoot+Remote.swift

SwiftCompile normal arm64 /Users/kevinnadjarian/GitHub/Throttle/build/convergence-recovery-20260920/Throttle/UI/Cockpit/MultiCockpitRoot+SessionActions.swift (in target 'Throttle' from project 'Throttle')
    cd /Users/kevinnadjarian/GitHub/Throttle/build/convergence-recovery-20260920
    builtin-SwiftPerFileCompile MultiCockpitRoot+SessionActions.swift

SwiftCompile normal arm64 /Users/kevinnadjarian/GitHub/Throttle/build/convergence-recovery-20260920/Throttle/UI/Cockpit/MultiCockpitRoot+Terminal.swift (in target 'Throttle' from project 'Throttle')
    cd /Users/kevinnadjarian/GitHub/Throttle/build/convergence-recovery-20260920
    builtin-SwiftPerFileCompile MultiCockpitRoot+Terminal.swift

SwiftCompile normal arm64 /Users/kevinnadjarian/GitHub/Throttle/build/convergence-recovery-20260920/Throttle/UI/Cockpit/MultiCockpitRoot+Toolbar.swift (in target 'Throttle' from project 'Throttle')
    cd /Users/kevinnadjarian/GitHub/Throttle/build/convergence-recovery-20260920
    builtin-SwiftPerFileCompile MultiCockpitRoot+Toolbar.swift

SwiftCompile normal arm64 /Users/kevinnadjarian/GitHub/Throttle/build/convergence-recovery-20260920/Throttle/UI/Cockpit/MultiCockpitRoot.swift (in target 'Throttle' from project 'Throttle')
    cd /Users/kevinnadjarian/GitHub/Throttle/build/convergence-recovery-20260920
    builtin-SwiftPerFileCompile MultiCockpitRoot.swift

SwiftEmitModule normal arm64 Emitting\ module\ for\ Throttle (in target 'Throttle' from project 'Throttle')

SwiftCompile normal arm64 (in target 'Throttle' from project 'Throttle')
    cd /Users/kevinnadjarian/GitHub/Throttle/build/convergence-recovery-20260920
    

SwiftDriverJobDiscovery normal arm64 Compiling CockpitWindowController.swift, CodexProgressService.swift, CodexUsageIngester.swift, CodexUsageService.swift, CodexUsageSnapshot.swift, ColdStartScanner.swift, CommandRunnerService.swift, CommandRunnerSheet.swift, CommandRunnerWindowController.swift, ConfigDedupService.swift, ContentStore.swift, ContextBloatService.swift, ContextFirewall.swift, ContextTrimmerService.swift, CrashReporter.swift, DataLayerCoordinator.swift, DatabaseManager.swift, DatabaseQueries.swift, DeadSkillService.swift, DeltaMemStore.swift, DevUnlockService.swift, DevUnlockSheet.swift, DiagnosticArchive.swift, DiagnosticReport.swift, DiagnosticsExporter.swift (in target 'Throttle' from project 'Throttle')

SwiftCompile normal arm64 Compiling\ WindowCalculator.swift,\ WindowKind.swift,\ WorkActivityView.swift,\ WorkflowClaimContract.swift,\ WorkflowDependencyModels.swift,\ WorkflowDesignContract.swift,\ WorkflowEvidenceReceipt.swift,\ WorkflowIPModels.swift,\ WorkflowPlatformModels.swift,\ WorkflowProductCycleContract.swift,\ WorkflowRecipeModels.swift,\ WorkflowReleaseLedgerStorage.swift,\ WorkflowReleaseLedgerStore.swift,\ WorkflowReleaseModels.swift,\ WorkflowResultImporter.swift,\ WorkflowReviewGate.swift,\ WorkflowReviewModels.swift,\ WorkflowSecurityFinding.swift,\ WorkflowTechnologyReuseModels.swift,\ WorkflowWorkContract.swift,\ WorkspaceOpen.swift,\ XcodeBuildErrorsService.swift,\ main.swift,\ GeneratedAssetSymbols.swift /Users/kevinnadjarian/GitHub/Throttle/build/convergence-recovery-20260920/Throttle/Calibration/WindowCalculator.swift /Users/kevinnadjarian/GitHub/Throttle/build/convergence-recovery-20260920/Throttle/Models/WindowKind.swift /Users/kevinnadjarian/GitHub/Throttle/build/convergence-recovery-20260920/Throttle/UI/Cockpit/WorkActivityView.swift /Users/kevinnadjarian/GitHub/Throttle/build/convergence-recovery-20260920/Throttle/Services/WorkflowClaimContract.swift /Users/kevinnadjarian/GitHub/Throttle/build/convergence-recovery-20260920/Throttle/Models/WorkflowDependencyModels.swift /Users/kevinnadjarian/GitHub/Throttle/build/convergence-recovery-20260920/Throttle/Models/WorkflowDesignContract.swift /Users/kevinnadjarian/GitHub/Throttle/build/convergence-recovery-20260920/Throttle/Models/WorkflowEvidenceReceipt.swift /Users/kevinnadjarian/GitHub/Throttle/build/convergence-recovery-20260920/Throttle/Models/WorkflowIPModels.swift /Users/kevinnadjarian/GitHub/Throttle/build/convergence-recovery-20260920/Throttle/Models/WorkflowPlatformModels.swift /Users/kevinnadjarian/GitHub/Throttle/build/convergence-recovery-20260920/Throttle/Models/WorkflowProductCycleContract.swift /Users/kevinnadjarian/GitHub/Throttle/build/convergence-recovery-20260920/Throttle/Models/WorkflowRecipeModels.swift /Users/kevinnadjarian/GitHub/Throttle/build/convergence-recovery-20260920/Throttle/Services/WorkflowReleaseLedgerStorage.swift /Users/kevinnadjarian/GitHub/Throttle/build/convergence-recovery-20260920/Throttle/Services/WorkflowReleaseLedgerStore.swift /Users/kevinnadjarian/GitHub/Throttle/build/convergence-recovery-20260920/Throttle/Models/WorkflowReleaseModels.swift /Users/kevinnadjarian/GitHub/Throttle/build/convergence-recovery-20260920/Throttle/Services/WorkflowResultImporter.swift /Users/kevinnadjarian/GitHub/Throttle/build/convergence-recovery-20260920/Throttle/Services/WorkflowReviewGate.swift /Users/kevinnadjarian/GitHub/Throttle/build/convergence-recovery-20260920/Throttle/Models/WorkflowReviewModels.swift /Users/kevinnadjarian/GitHub/Throttle/build/convergence-recovery-20260920/Throttle/Models/WorkflowSecurityFinding.swift /Users/kevinnadjarian/GitHub/Throttle/build/convergence-recovery-20260920/Throttle/Models/WorkflowTechnologyReuseModels.swift /Users/kevinnadjarian/GitHub/Throttle/build/convergence-recovery-20260920/Throttle/Models/WorkflowWorkContract.swift /Users/kevinnadjarian/GitHub/Throttle/build/convergence-recovery-20260920/Throttle/Services/WorkspaceOpen.swift /Users/kevinnadjarian/GitHub/Throttle/build/convergence-recovery-20260920/Throttle/Services/XcodeBuildErrorsService.swift /Users/kevinnadjarian/GitHub/Throttle/build/convergence-recovery-20260920/Throttle/main.swift /Volumes/DeveloperStorage/BuildScratch/throttle-convergence-20260920/DerivedData/Build/Intermediates.noindex/Throttle.build/Debug/Throttle.build/DerivedSources/GeneratedAssetSymbols.swift (in target 'Throttle' from project 'Throttle')

SwiftCompile normal arm64 /Users/kevinnadjarian/GitHub/Throttle/build/convergence-recovery-20260920/Throttle/Calibration/WindowCalculator.swift (in target 'Throttle' from project 'Throttle')
    cd /Users/kevinnadjarian/GitHub/Throttle/build/convergence-recovery-20260920
    builtin-SwiftPerFileCompile WindowCalculator.swift

SwiftCompile normal arm64 /Users/kevinnadjarian/GitHub/Throttle/build/convergence-recovery-20260920/Throttle/Models/WindowKind.swift (in target 'Throttle' from project 'Throttle')
    cd /Users/kevinnadjarian/GitHub/Throttle/build/convergence-recovery-20260920
    builtin-SwiftPerFileCompile WindowKind.swift

SwiftCompile normal arm64 /Users/kevinnadjarian/GitHub/Throttle/build/convergence-recovery-20260920/Throttle/UI/Cockpit/WorkActivityView.swift (in target 'Throttle' from project 'Throttle')
    cd /Users/kevinnadjarian/GitHub/Throttle/build/convergence-recovery-20260920
    builtin-SwiftPerFileCompile WorkActivityView.swift

SwiftCompile normal arm64 /Users/kevinnadjarian/GitHub/Throttle/build/convergence-recovery-20260920/Throttle/Services/WorkflowClaimContract.swift (in target 'Throttle' from project 'Throttle')
    cd /Users/kevinnadjarian/GitHub/Throttle/build/convergence-recovery-20260920
    builtin-SwiftPerFileCompile WorkflowClaimContract.swift

SwiftCompile normal arm64 /Users/kevinnadjarian/GitHub/Throttle/build/convergence-recovery-20260920/Throttle/Models/WorkflowDependencyModels.swift (in target 'Throttle' from project 'Throttle')
    cd /Users/kevinnadjarian/GitHub/Throttle/build/convergence-recovery-20260920
    builtin-SwiftPerFileCompile WorkflowDependencyModels.swift

SwiftCompile normal arm64 /Users/kevinnadjarian/GitHub/Throttle/build/convergence-recovery-20260920/Throttle/Models/WorkflowDesignContract.swift (in target 'Throttle' from project 'Throttle')
    cd /Users/kevinnadjarian/GitHub/Throttle/build/convergence-recovery-20260920
    builtin-SwiftPerFileCompile WorkflowDesignContract.swift

SwiftCompile normal arm64 /Users/kevinnadjarian/GitHub/Throttle/build/convergence-recovery-20260920/Throttle/Models/WorkflowEvidenceReceipt.swift (in target 'Throttle' from project 'Throttle')
    cd /Users/kevinnadjarian/GitHub/Throttle/build/convergence-recovery-20260920
    builtin-SwiftPerFileCompile WorkflowEvidenceReceipt.swift

SwiftCompile normal arm64 /Users/kevinnadjarian/GitHub/Throttle/build/convergence-recovery-20260920/Throttle/Models/WorkflowIPModels.swift (in target 'Throttle' from project 'Throttle')
    cd /Users/kevinnadjarian/GitHub/Throttle/build/convergence-recovery-20260920
    builtin-SwiftPerFileCompile WorkflowIPModels.swift

SwiftCompile normal arm64 /Users/kevinnadjarian/GitHub/Throttle/build/convergence-recovery-20260920/Throttle/Models/WorkflowPlatformModels.swift (in target 'Throttle' from project 'Throttle')
    cd /Users/kevinnadjarian/GitHub/Throttle/build/convergence-recovery-20260920
    builtin-SwiftPerFileCompile WorkflowPlatformModels.swift

SwiftCompile normal arm64 /Users/kevinnadjarian/GitHub/Throttle/build/convergence-recovery-20260920/Throttle/Models/WorkflowProductCycleContract.swift (in target 'Throttle' from project 'Throttle')
    cd /Users/kevinnadjarian/GitHub/Throttle/build/convergence-recovery-20260920
    builtin-SwiftPerFileCompile WorkflowProductCycleContract.swift

SwiftCompile normal arm64 /Users/kevinnadjarian/GitHub/Throttle/build/convergence-recovery-20260920/Throttle/Models/WorkflowRecipeModels.swift (in target 'Throttle' from project 'Throttle')
    cd /Users/kevinnadjarian/GitHub/Throttle/build/convergence-recovery-20260920
    builtin-SwiftPerFileCompile WorkflowRecipeModels.swift

SwiftCompile normal arm64 /Users/kevinnadjarian/GitHub/Throttle/build/convergence-recovery-20260920/Throttle/Services/WorkflowReleaseLedgerStorage.swift (in target 'Throttle' from project 'Throttle')
    cd /Users/kevinnadjarian/GitHub/Throttle/build/convergence-recovery-20260920
    builtin-SwiftPerFileCompile WorkflowReleaseLedgerStorage.swift

SwiftCompile normal arm64 /Users/kevinnadjarian/GitHub/Throttle/build/convergence-recovery-20260920/Throttle/Services/WorkflowReleaseLedgerStore.swift (in target 'Throttle' from project 'Throttle')
    cd /Users/kevinnadjarian/GitHub/Throttle/build/convergence-recovery-20260920
    builtin-SwiftPerFileCompile WorkflowReleaseLedgerStore.swift

SwiftCompile normal arm64 /Users/kevinnadjarian/GitHub/Throttle/build/convergence-recovery-20260920/Throttle/Models/WorkflowReleaseModels.swift (in target 'Throttle' from project 'Throttle')
    cd /Users/kevinnadjarian/GitHub/Throttle/build/convergence-recovery-20260920
    builtin-SwiftPerFileCompile WorkflowReleaseModels.swift

SwiftCompile normal arm64 /Users/kevinnadjarian/GitHub/Throttle/build/convergence-recovery-20260920/Throttle/Services/WorkflowResultImporter.swift (in target 'Throttle' from project 'Throttle')
    cd /Users/kevinnadjarian/GitHub/Throttle/build/convergence-recovery-20260920
    builtin-SwiftPerFileCompile WorkflowResultImporter.swift

SwiftCompile normal arm64 /Users/kevinnadjarian/GitHub/Throttle/build/convergence-recovery-20260920/Throttle/Services/WorkflowReviewGate.swift (in target 'Throttle' from project 'Throttle')
    cd /Users/kevinnadjarian/GitHub/Throttle/build/convergence-recovery-20260920
    builtin-SwiftPerFileCompile WorkflowReviewGate.swift

SwiftCompile normal arm64 /Users/kevinnadjarian/GitHub/Throttle/build/convergence-recovery-20260920/Throttle/Models/WorkflowReviewModels.swift (in target 'Throttle' from project 'Throttle')
    cd /Users/kevinnadjarian/GitHub/Throttle/build/convergence-recovery-20260920
    builtin-SwiftPerFileCompile WorkflowReviewModels.swift

SwiftCompile normal arm64 /Users/kevinnadjarian/GitHub/Throttle/build/convergence-recovery-20260920/Throttle/Models/WorkflowSecurityFinding.swift (in target 'Throttle' from project 'Throttle')
    cd /Users/kevinnadjarian/GitHub/Throttle/build/convergence-recovery-20260920
    builtin-SwiftPerFileCompile WorkflowSecurityFinding.swift

SwiftCompile normal arm64 /Users/kevinnadjarian/GitHub/Throttle/build/convergence-recovery-20260920/Throttle/Models/WorkflowTechnologyReuseModels.swift (in target 'Throttle' from project 'Throttle')
    cd /Users/kevinnadjarian/GitHub/Throttle/build/convergence-recovery-20260920
    builtin-SwiftPerFileCompile WorkflowTechnologyReuseModels.swift

SwiftCompile normal arm64 /Users/kevinnadjarian/GitHub/Throttle/build/convergence-recovery-20260920/Throttle/Models/WorkflowWorkContract.swift (in target 'Throttle' from project 'Throttle')
    cd /Users/kevinnadjarian/GitHub/Throttle/build/convergence-recovery-20260920
    builtin-SwiftPerFileCompile WorkflowWorkContract.swift

SwiftCompile normal arm64 /Users/kevinnadjarian/GitHub/Throttle/build/convergence-recovery-20260920/Throttle/Services/WorkspaceOpen.swift (in target 'Throttle' from project 'Throttle')
    cd /Users/kevinnadjarian/GitHub/Throttle/build/convergence-recovery-20260920
    builtin-SwiftPerFileCompile WorkspaceOpen.swift

SwiftCompile normal arm64 /Users/kevinnadjarian/GitHub/Throttle/build/convergence-recovery-20260920/Throttle/Services/XcodeBuildErrorsService.swift (in target 'Throttle' from project 'Throttle')
    cd /Users/kevinnadjarian/GitHub/Throttle/build/convergence-recovery-20260920
    builtin-SwiftPerFileCompile XcodeBuildErrorsService.swift

SwiftCompile normal arm64 /Users/kevinnadjarian/GitHub/Throttle/build/convergence-recovery-20260920/Throttle/main.swift (in target 'Throttle' from project 'Throttle')
    cd /Users/kevinnadjarian/GitHub/Throttle/build/convergence-recovery-20260920
    builtin-SwiftPerFileCompile main.swift

SwiftCompile normal arm64 /Volumes/DeveloperStorage/BuildScratch/throttle-convergence-20260920/DerivedData/Build/Intermediates.noindex/Throttle.build/Debug/Throttle.build/DerivedSources/GeneratedAssetSymbols.swift (in target 'Throttle' from project 'Throttle')
    cd /Users/kevinnadjarian/GitHub/Throttle/build/convergence-recovery-20260920
    builtin-SwiftPerFileCompile GeneratedAssetSymbols.swift

SwiftDriverJobDiscovery normal arm64 Compiling MultiCockpitModel+Activity.swift, MultiCockpitModel+AutoPause.swift, MultiCockpitModel+Binding.swift, MultiCockpitModel+Display.swift, MultiCockpitModel+Lifecycle.swift, MultiCockpitModel+Memory.swift, MultiCockpitModel+Pacing.swift, MultiCockpitModel+Persistence.swift, MultiCockpitModel+PlanFocus.swift, MultiCockpitModel+Projects.swift, MultiCockpitModel+Sessions.swift, MultiCockpitModel+Statistics.swift, MultiCockpitModel+TransferRecovery.swift, MultiCockpitModel.swift, MultiCockpitRoot+Banners.swift, MultiCockpitRoot+Metrics.swift, MultiCockpitRoot+NewSession.swift, MultiCockpitRoot+ProjectAttach.swift, MultiCockpitRoot+Rail.swift, MultiCockpitRoot+Reentry.swift, MultiCockpitRoot+Remote.swift, MultiCockpitRoot+SessionActions.swift, MultiCockpitRoot+Terminal.swift, MultiCockpitRoot+Toolbar.swift, MultiCockpitRoot.swift (in target 'Throttle' from project 'Throttle')

SwiftCompile normal arm64 Compiling\ MCPConfigService.swift /Users/kevinnadjarian/GitHub/Throttle/build/convergence-recovery-20260920/Throttle/Services/MCPConfigService.swift (in target 'Throttle' from project 'Throttle')

SwiftCompile normal arm64 /Users/kevinnadjarian/GitHub/Throttle/build/convergence-recovery-20260920/Throttle/Services/MCPConfigService.swift (in target 'Throttle' from project 'Throttle')
    cd /Users/kevinnadjarian/GitHub/Throttle/build/convergence-recovery-20260920
    builtin-SwiftPerFileCompile MCPConfigService.swift

SwiftDriverJobDiscovery normal arm64 Emitting module for Throttle (in target 'Throttle' from project 'Throttle')

SwiftDriver\ Compilation\ Requirements Throttle normal arm64 com.apple.xcode.tools.swift.compiler (in target 'Throttle' from project 'Throttle')
    cd /Users/kevinnadjarian/GitHub/Throttle/build/convergence-recovery-20260920
    builtin-Swift-Compilation-Requirements -- /Applications/Xcode.app/Contents/Developer/Toolchains/XcodeDefault.xctoolchain/usr/bin/swiftc -module-name Throttle -Onone @/Volumes/DeveloperStorage/BuildScratch/throttle-convergence-20260920/DerivedData/Build/Intermediates.noindex/Throttle.build/Debug/Throttle.build/Objects-normal/arm64/Throttle.SwiftFileList -DDEBUG -Xcc -fmodule-map-file\=/Volumes/DeveloperStorage/BuildScratch/throttle-convergence-20260920/SourcePackages/checkouts/GRDB.swift/Sources/CSQLite/module.modulemap -Xcc -fmodule-map-file\=/Volumes/DeveloperStorage/BuildScratch/throttle-convergence-20260920/SourcePackages/checkouts/swift-numerics/Sources/_NumericsShims/include/module.modulemap -Xcc -fmodule-map-file\=/Volumes/DeveloperStorage/BuildScratch/throttle-convergence-20260920/SourcePackages/checkouts/mlx-swift/Source/Cmlx/include/module.modulemap -Xcc -fmodule-map-file\=/Volumes/DeveloperStorage/BuildScratch/throttle-convergence-20260920/SourcePackages/checkouts/swift-atomics/Sources/_AtomicsShims/include/module.modulemap -Xcc -fmodule-map-file\=/Volumes/DeveloperStorage/BuildScratch/throttle-convergence-20260920/DerivedData/Build/Intermediates.noindex/GeneratedModuleMaps/CNIOWASI.modulemap -Xcc -fmodule-map-file\=/Volumes/DeveloperStorage/BuildScratch/throttle-convergence-20260920/SourcePackages/checkouts/swift-nio/Sources/CNIOWindows/include/module.modulemap -Xcc -fmodule-map-file\=/Volumes/DeveloperStorage/BuildScratch/throttle-convergence-20260920/DerivedData/Build/Intermediates.noindex/GeneratedModuleMaps/CNIOLinux.modulemap -Xcc -fmodule-map-file\=/Volumes/DeveloperStorage/BuildScratch/throttle-convergence-20260920/DerivedData/Build/Intermediates.noindex/GeneratedModuleMaps/CNIODarwin.modulemap -Xcc -fmodule-map-file\=/Volumes/DeveloperStorage/BuildScratch/throttle-convergence-20260920/DerivedData/Build/Intermediates.noindex/GeneratedModuleMaps/CNIOFreeBSD.modulemap -Xcc -fmodule-map-file\=/Volumes/DeveloperStorage/BuildScratch/throttle-convergence-20260920/DerivedData/Build/Intermediates.noindex/GeneratedModuleMaps/CNIOOpenBSD.modulemap -Xcc -fmodule-map-file\=/Volumes/DeveloperStorage/BuildScratch/throttle-convergence-20260920/DerivedData/Build/Intermediates.noindex/GeneratedModuleMaps/CNIOAtomics.modulemap -Xcc -fmodule-map-file\=/Volumes/DeveloperStorage/BuildScratch/throttle-convergence-20260920/DerivedData/Build/Intermediates.noindex/GeneratedModuleMaps/yyjson.modulemap -enable-experimental-feature DebugDescriptionMacro -sdk /Applications/Xcode.app/Contents/Developer/Platforms/MacOSX.platform/Developer/SDKs/MacOSX27.0.sdk -target arm64-apple-macos14.0 -g -module-cache-path /Volumes/DeveloperStorage/BuildScratch/throttle-convergence-20260920/DerivedData/ModuleCache.noindex -Xfrontend -serialize-debugging-options -profile-coverage-mapping -profile-generate -enable-testing -warnings-as-errors -index-store-path /Volumes/DeveloperStorage/BuildScratch/throttle-convergence-20260920/DerivedData/Index.noindex/DataStore -Xcc -D_LIBCPP_HARDENING_MODE\=_LIBCPP_HARDENING_MODE_DEBUG -swift-version 6 -I /Volumes/DeveloperStorage/BuildScratch/throttle-convergence-20260920/DerivedData/Build/Products/Debug -F /Volumes/DeveloperStorage/BuildScratch/throttle-convergence-20260920/DerivedData/Build/Products/Debug/PackageFrameworks -F /Volumes/DeveloperStorage/BuildScratch/throttle-convergence-20260920/DerivedData/Build/Products/Debug -Xfrontend -load-plugin-executable -Xfrontend /Volumes/DeveloperStorage/BuildScratch/throttle-convergence-20260920/DerivedData/Build/Products/Debug/MLXHuggingFaceMacros\#MLXHuggingFaceMacros -c -j10 -enable-batch-mode -incremental -Xcc -ivfsstatcache -Xcc /Volumes/DeveloperStorage/BuildScratch/throttle-convergence-20260920/DerivedData/SDKStatCaches.noindex/macosx27.0-26A425-e829b21a6f8c9b70876ba0858053c0447231f6df4def33e022ae2eb8f782df1a.sdkstatcache -output-file-map /Volumes/DeveloperStorage/BuildScratch/throttle-convergence-20260920/DerivedData/Build/Intermediates.noindex/Throttle.build/Debug/Throttle.build/Objects-normal/arm64/Throttle-OutputFileMap.json -save-temps -no-color-diagnostics -explicit-module-build -module-cache-path /Volumes/DeveloperStorage/BuildScratch/throttle-convergence-20260920/DerivedData/Build/Intermediates.noindex/SwiftExplicitPrecompiledModules -clang-scanner-module-cache-path /Volumes/DeveloperStorage/BuildScratch/throttle-convergence-20260920/DerivedData/ModuleCache.noindex -sdk-module-cache-path /Volumes/DeveloperStorage/BuildScratch/throttle-convergence-20260920/DerivedData/SDKExplicitPrecompiledModules -emit-dependencies -emit-module -emit-module-path /Volumes/DeveloperStorage/BuildScratch/throttle-convergence-20260920/DerivedData/Build/Intermediates.noindex/Throttle.build/Debug/Throttle.build/Objects-normal/arm64/Throttle.swiftmodule -serialize-diagnostics -dependency-scan-serialize-diagnostics-path /Volumes/DeveloperStorage/BuildScratch/throttle-convergence-20260920/DerivedData/Build/Intermediates.noindex/Throttle.build/Debug/Throttle.build/Objects-normal/arm64/Throttle-dependency-scan.dia -validate-clang-modules-once -clang-build-session-file /Volumes/DeveloperStorage/BuildScratch/throttle-convergence-20260920/DerivedData/ModuleCache.noindex/Session.modulevalidation -Xcc -fmodules-prune-interval\=86400 -Xcc -fmodules-prune-after\=345600 -emit-const-values -const-gather-protocols-list /Volumes/DeveloperStorage/BuildScratch/throttle-convergence-20260920/DerivedData/Build/Intermediates.noindex/Throttle.build/Debug/Throttle.build/Objects-normal/arm64/Throttle_const_extract_protocols.json -Xcc -iquote -Xcc /Volumes/DeveloperStorage/BuildScratch/throttle-convergence-20260920/DerivedData/Build/Intermediates.noindex/Throttle.build/Debug/Throttle.build/Throttle-generated-files.hmap -Xcc -I/Volumes/DeveloperStorage/BuildScratch/throttle-convergence-20260920/DerivedData/Build/Intermediates.noindex/Throttle.build/Debug/Throttle.build/Throttle-own-target-headers.hmap -Xcc -I/Volumes/DeveloperStorage/BuildScratch/throttle-convergence-20260920/DerivedData/Build/Intermediates.noindex/Throttle.build/Debug/Throttle.build/Throttle-all-non-framework-target-headers.hmap -Xcc -ivfsoverlay -Xcc /Volumes/DeveloperStorage/BuildScratch/throttle-convergence-20260920/DerivedData/Build/Intermediates.noindex/Throttle.build/Debug/Throttle-c41c58a016fc9f4310c5f27451fa5182-VFS/all-product-headers.yaml -Xcc -iquote -Xcc /Volumes/DeveloperStorage/BuildScratch/throttle-convergence-20260920/DerivedData/Build/Intermediates.noindex/Throttle.build/Debug/Throttle.build/Throttle-project-headers.hmap -Xcc -I/Volumes/DeveloperStorage/BuildScratch/throttle-convergence-20260920/SourcePackages/checkouts/swift-numerics/Sources/_NumericsShims/include -Xcc -I/Volumes/DeveloperStorage/BuildScratch/throttle-convergence-20260920/SourcePackages/checkouts/mlx-swift/Source/Cmlx/include -Xcc -I/Volumes/DeveloperStorage/BuildScratch/throttle-convergence-20260920/SourcePackages/checkouts/swift-atomics/Sources/_AtomicsShims/include -Xcc -I/Volumes/DeveloperStorage/BuildScratch/throttle-convergence-20260920/SourcePackages/checkouts/swift-nio/Sources/CNIOWASI/include -Xcc -I/Volumes/DeveloperStorage/BuildScratch/throttle-convergence-20260920/SourcePackages/checkouts/swift-nio/Sources/CNIOWindows/include -Xcc -I/Volumes/DeveloperStorage/BuildScratch/throttle-convergence-20260920/SourcePackages/checkouts/swift-nio/Sources/CNIOLinux/include -Xcc -I/Volumes/DeveloperStorage/BuildScratch/throttle-convergence-20260920/SourcePackages/checkouts/swift-nio/Sources/CNIODarwin/include -Xcc -I/Volumes/DeveloperStorage/BuildScratch/throttle-convergence-20260920/SourcePackages/checkouts/swift-nio/Sources/CNIOFreeBSD/include -Xcc -I/Volumes/DeveloperStorage/BuildScratch/throttle-convergence-20260920/SourcePackages/checkouts/swift-nio/Sources/CNIOOpenBSD/include -Xcc -I/Volumes/DeveloperStorage/BuildScratch/throttle-convergence-20260920/SourcePackages/checkouts/swift-nio/Sources/CNIOAtomics/include -Xcc -I/Volumes/DeveloperStorage/BuildScratch/throttle-convergence-20260920/SourcePackages/checkouts/yyjson/src -Xcc -I/Volumes/DeveloperStorage/BuildScratch/throttle-convergence-20260920/DerivedData/Build/Products/Debug/include -Xcc -I/Volumes/DeveloperStorage/BuildScratch/throttle-convergence-20260920/DerivedData/Build/Intermediates.noindex/Throttle.build/Debug/Throttle.build/DerivedSources-normal/arm64 -Xcc -I/Volumes/DeveloperStorage/BuildScratch/throttle-convergence-20260920/DerivedData/Build/Intermediates.noindex/Throttle.build/Debug/Throttle.build/DerivedSources/arm64 -Xcc -I/Volumes/DeveloperStorage/BuildScratch/throttle-convergence-20260920/DerivedData/Build/Intermediates.noindex/Throttle.build/Debug/Throttle.build/DerivedSources -Xcc -DDEBUG\=1 -emit-objc-header -emit-objc-header-path /Volumes/DeveloperStorage/BuildScratch/throttle-convergence-20260920/DerivedData/Build/Intermediates.noindex/Throttle.build/Debug/Throttle.build/Objects-normal/arm64/Throttle-Swift.h -working-directory /Users/kevinnadjarian/GitHub/Throttle/build/convergence-recovery-20260920 -experimental-emit-module-separately -disable-cmo

SwiftDriverJobDiscovery normal arm64 Compiling MCPConfigService.swift (in target 'Throttle' from project 'Throttle')

SwiftCompile normal arm64 Compiling\ MCPHealthService.swift /Users/kevinnadjarian/GitHub/Throttle/build/convergence-recovery-20260920/Throttle/Services/MCPHealthService.swift (in target 'Throttle' from project 'Throttle')

SwiftCompile normal arm64 /Users/kevinnadjarian/GitHub/Throttle/build/convergence-recovery-20260920/Throttle/Services/MCPHealthService.swift (in target 'Throttle' from project 'Throttle')
    cd /Users/kevinnadjarian/GitHub/Throttle/build/convergence-recovery-20260920
    builtin-SwiftPerFileCompile MCPHealthService.swift

SwiftMergeGeneratedHeaders /Volumes/DeveloperStorage/BuildScratch/throttle-convergence-20260920/DerivedData/Build/Intermediates.noindex/Throttle.build/Debug/Throttle.build/DerivedSources/Throttle-Swift.h /Volumes/DeveloperStorage/BuildScratch/throttle-convergence-20260920/DerivedData/Build/Intermediates.noindex/Throttle.build/Debug/Throttle.build/Objects-normal/arm64/Throttle-Swift.h (in target 'Throttle' from project 'Throttle')
    cd /Users/kevinnadjarian/GitHub/Throttle/build/convergence-recovery-20260920
    builtin-swiftHeaderTool -arch arm64 /Volumes/DeveloperStorage/BuildScratch/throttle-convergence-20260920/DerivedData/Build/Intermediates.noindex/Throttle.build/Debug/Throttle.build/Objects-normal/arm64/Throttle-Swift.h -o /Volumes/DeveloperStorage/BuildScratch/throttle-convergence-20260920/DerivedData/Build/Intermediates.noindex/Throttle.build/Debug/Throttle.build/DerivedSources/Throttle-Swift.h

SwiftDriverJobDiscovery normal arm64 Compiling MCPHealthService.swift (in target 'Throttle' from project 'Throttle')

Copy /Volumes/DeveloperStorage/BuildScratch/throttle-convergence-20260920/DerivedData/Build/Products/Debug/Throttle.swiftmodule/arm64-apple-macos.swiftmodule /Volumes/DeveloperStorage/BuildScratch/throttle-convergence-20260920/DerivedData/Build/Intermediates.noindex/Throttle.build/Debug/Throttle.build/Objects-normal/arm64/Throttle.swiftmodule (in target 'Throttle' from project 'Throttle')
    cd /Users/kevinnadjarian/GitHub/Throttle/build/convergence-recovery-20260920
    builtin-copy -exclude .DS_Store -exclude CVS -exclude .svn -exclude .git -exclude .hg -resolve-src-symlinks -rename /Volumes/DeveloperStorage/BuildScratch/throttle-convergence-20260920/DerivedData/Build/Intermediates.noindex/Throttle.build/Debug/Throttle.build/Objects-normal/arm64/Throttle.swiftmodule /Volumes/DeveloperStorage/BuildScratch/throttle-convergence-20260920/DerivedData/Build/Products/Debug/Throttle.swiftmodule/arm64-apple-macos.swiftmodule

Copy /Volumes/DeveloperStorage/BuildScratch/throttle-convergence-20260920/DerivedData/Build/Products/Debug/Throttle.swiftmodule/arm64-apple-macos.swiftdoc /Volumes/DeveloperStorage/BuildScratch/throttle-convergence-20260920/DerivedData/Build/Intermediates.noindex/Throttle.build/Debug/Throttle.build/Objects-normal/arm64/Throttle.swiftdoc (in target 'Throttle' from project 'Throttle')
    cd /Users/kevinnadjarian/GitHub/Throttle/build/convergence-recovery-20260920
    builtin-copy -exclude .DS_Store -exclude CVS -exclude .svn -exclude .git -exclude .hg -resolve-src-symlinks -rename /Volumes/DeveloperStorage/BuildScratch/throttle-convergence-20260920/DerivedData/Build/Intermediates.noindex/Throttle.build/Debug/Throttle.build/Objects-normal/arm64/Throttle.swiftdoc /Volumes/DeveloperStorage/BuildScratch/throttle-convergence-20260920/DerivedData/Build/Products/Debug/Throttle.swiftmodule/arm64-apple-macos.swiftdoc

Copy /Volumes/DeveloperStorage/BuildScratch/throttle-convergence-20260920/DerivedData/Build/Products/Debug/Throttle.swiftmodule/arm64-apple-macos.abi.json /Volumes/DeveloperStorage/BuildScratch/throttle-convergence-20260920/DerivedData/Build/Intermediates.noindex/Throttle.build/Debug/Throttle.build/Objects-normal/arm64/Throttle.abi.json (in target 'Throttle' from project 'Throttle')
    cd /Users/kevinnadjarian/GitHub/Throttle/build/convergence-recovery-20260920
    builtin-copy -exclude .DS_Store -exclude CVS -exclude .svn -exclude .git -exclude .hg -resolve-src-symlinks -rename /Volumes/DeveloperStorage/BuildScratch/throttle-convergence-20260920/DerivedData/Build/Intermediates.noindex/Throttle.build/Debug/Throttle.build/Objects-normal/arm64/Throttle.abi.json /Volumes/DeveloperStorage/BuildScratch/throttle-convergence-20260920/DerivedData/Build/Products/Debug/Throttle.swiftmodule/arm64-apple-macos.abi.json

Copy /Volumes/DeveloperStorage/BuildScratch/throttle-convergence-20260920/DerivedData/Build/Products/Debug/Throttle.swiftmodule/Project/arm64-apple-macos.swiftsourceinfo /Volumes/DeveloperStorage/BuildScratch/throttle-convergence-20260920/DerivedData/Build/Intermediates.noindex/Throttle.build/Debug/Throttle.build/Objects-normal/arm64/Throttle.swiftsourceinfo (in target 'Throttle' from project 'Throttle')
    cd /Users/kevinnadjarian/GitHub/Throttle/build/convergence-recovery-20260920
    builtin-copy -exclude .DS_Store -exclude CVS -exclude .svn -exclude .git -exclude .hg -resolve-src-symlinks -rename /Volumes/DeveloperStorage/BuildScratch/throttle-convergence-20260920/DerivedData/Build/Intermediates.noindex/Throttle.build/Debug/Throttle.build/Objects-normal/arm64/Throttle.swiftsourceinfo /Volumes/DeveloperStorage/BuildScratch/throttle-convergence-20260920/DerivedData/Build/Products/Debug/Throttle.swiftmodule/Project/arm64-apple-macos.swiftsourceinfo

SwiftCompile normal arm64 Compiling\ LogViewerWindow.swift,\ LoopDetectorService.swift /Users/kevinnadjarian/GitHub/Throttle/build/convergence-recovery-20260920/Throttle/UI/States/LogViewerWindow.swift /Users/kevinnadjarian/GitHub/Throttle/build/convergence-recovery-20260920/Throttle/Services/LoopDetectorService.swift (in target 'Throttle' from project 'Throttle')

SwiftCompile normal arm64 /Users/kevinnadjarian/GitHub/Throttle/build/convergence-recovery-20260920/Throttle/UI/States/LogViewerWindow.swift (in target 'Throttle' from project 'Throttle')
    cd /Users/kevinnadjarian/GitHub/Throttle/build/convergence-recovery-20260920
    builtin-SwiftPerFileCompile LogViewerWindow.swift

SwiftCompile normal arm64 /Users/kevinnadjarian/GitHub/Throttle/build/convergence-recovery-20260920/Throttle/Services/LoopDetectorService.swift (in target 'Throttle' from project 'Throttle')
    cd /Users/kevinnadjarian/GitHub/Throttle/build/convergence-recovery-20260920
    builtin-SwiftPerFileCompile LoopDetectorService.swift

SwiftCompile normal arm64 Compiling\ PlanIntegrationModel.swift,\ PlanIntegrationView.swift,\ PlanMCPAuthority.swift,\ PlanMCPAuthorityLifecycle.swift,\ PlanMCPAuthorityRevocation.swift,\ PlanMCPIntakeTools.swift,\ PlanMCPRecipeTools.swift,\ PlanMCPRetry.swift,\ PlanMCPReviewTools.swift,\ PlanMCPSchemas.swift,\ PlanMCPTaskRouter.swift,\ PlanMCPTools.swift,\ PlanMCPTransport.swift,\ PlanModel.swift,\ PlanModels.swift,\ PlanOrientation.swift,\ PlanProductCycleView.swift,\ PlanProjection.swift,\ PlanRecommendationView.swift,\ PlanStore.swift,\ PlanTemplate.swift,\ PlanTreeView+NextStep.swift,\ PlanTreeView.swift,\ PlanViewContext.swift,\ PlanWatcher.swift /Users/kevinnadjarian/GitHub/Throttle/build/convergence-recovery-20260920/Throttle/State/PlanIntegrationModel.swift /Users/kevinnadjarian/GitHub/Throttle/build/convergence-recovery-20260920/Throttle/UI/Cockpit/PlanIntegrationView.swift /Users/kevinnadjarian/GitHub/Throttle/build/convergence-recovery-20260920/Throttle/Services/PlanMCPAuthority.swift /Users/kevinnadjarian/GitHub/Throttle/build/convergence-recovery-20260920/Throttle/Services/PlanMCPAuthorityLifecycle.swift /Users/kevinnadjarian/GitHub/Throttle/build/convergence-recovery-20260920/Throttle/Services/PlanMCPAuthorityRevocation.swift /Users/kevinnadjarian/GitHub/Throttle/build/convergence-recovery-20260920/Throttle/Services/PlanMCPIntakeTools.swift /Users/kevinnadjarian/GitHub/Throttle/build/convergence-recovery-20260920/Throttle/Services/PlanMCPRecipeTools.swift /Users/kevinnadjarian/GitHub/Throttle/build/convergence-recovery-20260920/Throttle/Services/PlanMCPRetry.swift /Users/kevinnadjarian/GitHub/Throttle/build/convergence-recovery-20260920/Throttle/Services/PlanMCPReviewTools.swift /Users/kevinnadjarian/GitHub/Throttle/build/convergence-recovery-20260920/Throttle/Services/PlanMCPSchemas.swift /Users/kevinnadjarian/GitHub/Throttle/build/convergence-recovery-20260920/Throttle/Services/PlanMCPTaskRouter.swift /Users/kevinnadjarian/GitHub/Throttle/build/convergence-recovery-20260920/Throttle/Services/PlanMCPTools.swift /Users/kevinnadjarian/GitHub/Throttle/build/convergence-recovery-20260920/Throttle/Services/PlanMCPTransport.swift /Users/kevinnadjarian/GitHub/Throttle/build/convergence-recovery-20260920/Throttle/State/PlanModel.swift /Users/kevinnadjarian/GitHub/Throttle/build/convergence-recovery-20260920/Throttle/Models/PlanModels.swift /Users/kevinnadjarian/GitHub/Throttle/build/convergence-recovery-20260920/Throttle/Services/PlanOrientation.swift /Users/kevinnadjarian/GitHub/Throttle/build/convergence-recovery-20260920/Throttle/UI/Cockpit/PlanProductCycleView.swift /Users/kevinnadjarian/GitHub/Throttle/build/convergence-recovery-20260920/Throttle/Services/PlanProjection.swift /Users/kevinnadjarian/GitHub/Throttle/build/convergence-recovery-20260920/Throttle/UI/Cockpit/PlanRecommendationView.swift /Users/kevinnadjarian/GitHub/Throttle/build/convergence-recovery-20260920/Throttle/Services/PlanStore.swift /Users/kevinnadjarian/GitHub/Throttle/build/convergence-recovery-20260920/Throttle/Services/PlanTemplate.swift /Users/kevinnadjarian/GitHub/Throttle/build/convergence-recovery-20260920/Throttle/UI/Cockpit/PlanTreeView+NextStep.swift /Users/kevinnadjarian/GitHub/Throttle/build/convergence-recovery-20260920/Throttle/UI/Cockpit/PlanTreeView.swift /Users/kevinnadjarian/GitHub/Throttle/build/convergence-recovery-20260920/Throttle/UI/Cockpit/PlanViewContext.swift /Users/kevinnadjarian/GitHub/Throttle/build/convergence-recovery-20260920/Throttle/Services/PlanWatcher.swift (in target 'Throttle' from project 'Throttle')

SwiftCompile normal arm64 /Users/kevinnadjarian/GitHub/Throttle/build/convergence-recovery-20260920/Throttle/State/PlanIntegrationModel.swift (in target 'Throttle' from project 'Throttle')
    cd /Users/kevinnadjarian/GitHub/Throttle/build/convergence-recovery-20260920
    builtin-SwiftPerFileCompile PlanIntegrationModel.swift

SwiftCompile normal arm64 /Users/kevinnadjarian/GitHub/Throttle/build/convergence-recovery-20260920/Throttle/UI/Cockpit/PlanIntegrationView.swift (in target 'Throttle' from project 'Throttle')
    cd /Users/kevinnadjarian/GitHub/Throttle/build/convergence-recovery-20260920
    builtin-SwiftPerFileCompile PlanIntegrationView.swift

SwiftCompile normal arm64 /Users/kevinnadjarian/GitHub/Throttle/build/convergence-recovery-20260920/Throttle/Services/PlanMCPAuthority.swift (in target 'Throttle' from project 'Throttle')
    cd /Users/kevinnadjarian/GitHub/Throttle/build/convergence-recovery-20260920
    builtin-SwiftPerFileCompile PlanMCPAuthority.swift

SwiftCompile normal arm64 /Users/kevinnadjarian/GitHub/Throttle/build/convergence-recovery-20260920/Throttle/Services/PlanMCPAuthorityLifecycle.swift (in target 'Throttle' from project 'Throttle')
    cd /Users/kevinnadjarian/GitHub/Throttle/build/convergence-recovery-20260920
    builtin-SwiftPerFileCompile PlanMCPAuthorityLifecycle.swift

SwiftCompile normal arm64 /Users/kevinnadjarian/GitHub/Throttle/build/convergence-recovery-20260920/Throttle/Services/PlanMCPAuthorityRevocation.swift (in target 'Throttle' from project 'Throttle')
    cd /Users/kevinnadjarian/GitHub/Throttle/build/convergence-recovery-20260920
    builtin-SwiftPerFileCompile PlanMCPAuthorityRevocation.swift

SwiftCompile normal arm64 /Users/kevinnadjarian/GitHub/Throttle/build/convergence-recovery-20260920/Throttle/Services/PlanMCPIntakeTools.swift (in target 'Throttle' from project 'Throttle')
    cd /Users/kevinnadjarian/GitHub/Throttle/build/convergence-recovery-20260920
    builtin-SwiftPerFileCompile PlanMCPIntakeTools.swift

SwiftCompile normal arm64 /Users/kevinnadjarian/GitHub/Throttle/build/convergence-recovery-20260920/Throttle/Services/PlanMCPRecipeTools.swift (in target 'Throttle' from project 'Throttle')
    cd /Users/kevinnadjarian/GitHub/Throttle/build/convergence-recovery-20260920
    builtin-SwiftPerFileCompile PlanMCPRecipeTools.swift

SwiftCompile normal arm64 /Users/kevinnadjarian/GitHub/Throttle/build/convergence-recovery-20260920/Throttle/Services/PlanMCPRetry.swift (in target 'Throttle' from project 'Throttle')
    cd /Users/kevinnadjarian/GitHub/Throttle/build/convergence-recovery-20260920
    builtin-SwiftPerFileCompile PlanMCPRetry.swift

SwiftCompile normal arm64 /Users/kevinnadjarian/GitHub/Throttle/build/convergence-recovery-20260920/Throttle/Services/PlanMCPReviewTools.swift (in target 'Throttle' from project 'Throttle')
    cd /Users/kevinnadjarian/GitHub/Throttle/build/convergence-recovery-20260920
    builtin-SwiftPerFileCompile PlanMCPReviewTools.swift

SwiftCompile normal arm64 /Users/kevinnadjarian/GitHub/Throttle/build/convergence-recovery-20260920/Throttle/Services/PlanMCPSchemas.swift (in target 'Throttle' from project 'Throttle')
    cd /Users/kevinnadjarian/GitHub/Throttle/build/convergence-recovery-20260920
    builtin-SwiftPerFileCompile PlanMCPSchemas.swift

SwiftCompile normal arm64 /Users/kevinnadjarian/GitHub/Throttle/build/convergence-recovery-20260920/Throttle/Services/PlanMCPTaskRouter.swift (in target 'Throttle' from project 'Throttle')
    cd /Users/kevinnadjarian/GitHub/Throttle/build/convergence-recovery-20260920
    builtin-SwiftPerFileCompile PlanMCPTaskRouter.swift

SwiftCompile normal arm64 /Users/kevinnadjarian/GitHub/Throttle/build/convergence-recovery-20260920/Throttle/Services/PlanMCPTools.swift (in target 'Throttle' from project 'Throttle')
    cd /Users/kevinnadjarian/GitHub/Throttle/build/convergence-recovery-20260920
    builtin-SwiftPerFileCompile PlanMCPTools.swift

SwiftCompile normal arm64 /Users/kevinnadjarian/GitHub/Throttle/build/convergence-recovery-20260920/Throttle/Services/PlanMCPTransport.swift (in target 'Throttle' from project 'Throttle')
    cd /Users/kevinnadjarian/GitHub/Throttle/build/convergence-recovery-20260920
    builtin-SwiftPerFileCompile PlanMCPTransport.swift

SwiftCompile normal arm64 /Users/kevinnadjarian/GitHub/Throttle/build/convergence-recovery-20260920/Throttle/State/PlanModel.swift (in target 'Throttle' from project 'Throttle')
    cd /Users/kevinnadjarian/GitHub/Throttle/build/convergence-recovery-20260920
    builtin-SwiftPerFileCompile PlanModel.swift

SwiftCompile normal arm64 /Users/kevinnadjarian/GitHub/Throttle/build/convergence-recovery-20260920/Throttle/Models/PlanModels.swift (in target 'Throttle' from project 'Throttle')
    cd /Users/kevinnadjarian/GitHub/Throttle/build/convergence-recovery-20260920
    builtin-SwiftPerFileCompile PlanModels.swift

SwiftCompile normal arm64 /Users/kevinnadjarian/GitHub/Throttle/build/convergence-recovery-20260920/Throttle/Services/PlanOrientation.swift (in target 'Throttle' from project 'Throttle')
    cd /Users/kevinnadjarian/GitHub/Throttle/build/convergence-recovery-20260920
    builtin-SwiftPerFileCompile PlanOrientation.swift

SwiftCompile normal arm64 /Users/kevinnadjarian/GitHub/Throttle/build/convergence-recovery-20260920/Throttle/UI/Cockpit/PlanProductCycleView.swift (in target 'Throttle' from project 'Throttle')
    cd /Users/kevinnadjarian/GitHub/Throttle/build/convergence-recovery-20260920
    builtin-SwiftPerFileCompile PlanProductCycleView.swift

SwiftCompile normal arm64 /Users/kevinnadjarian/GitHub/Throttle/build/convergence-recovery-20260920/Throttle/Services/PlanProjection.swift (in target 'Throttle' from project 'Throttle')
    cd /Users/kevinnadjarian/GitHub/Throttle/build/convergence-recovery-20260920
    builtin-SwiftPerFileCompile PlanProjection.swift

SwiftCompile normal arm64 /Users/kevinnadjarian/GitHub/Throttle/build/convergence-recovery-20260920/Throttle/UI/Cockpit/PlanRecommendationView.swift (in target 'Throttle' from project 'Throttle')
    cd /Users/kevinnadjarian/GitHub/Throttle/build/convergence-recovery-20260920
    builtin-SwiftPerFileCompile PlanRecommendationView.swift

SwiftCompile normal arm64 /Users/kevinnadjarian/GitHub/Throttle/build/convergence-recovery-20260920/Throttle/Services/PlanStore.swift (in target 'Throttle' from project 'Throttle')
    cd /Users/kevinnadjarian/GitHub/Throttle/build/convergence-recovery-20260920
    builtin-SwiftPerFileCompile PlanStore.swift

SwiftCompile normal arm64 /Users/kevinnadjarian/GitHub/Throttle/build/convergence-recovery-20260920/Throttle/Services/PlanTemplate.swift (in target 'Throttle' from project 'Throttle')
    cd /Users/kevinnadjarian/GitHub/Throttle/build/convergence-recovery-20260920
    builtin-SwiftPerFileCompile PlanTemplate.swift

SwiftCompile normal arm64 /Users/kevinnadjarian/GitHub/Throttle/build/convergence-recovery-20260920/Throttle/UI/Cockpit/PlanTreeView+NextStep.swift (in target 'Throttle' from project 'Throttle')
    cd /Users/kevinnadjarian/GitHub/Throttle/build/convergence-recovery-20260920
    builtin-SwiftPerFileCompile PlanTreeView+NextStep.swift

SwiftCompile normal arm64 /Users/kevinnadjarian/GitHub/Throttle/build/convergence-recovery-20260920/Throttle/UI/Cockpit/PlanTreeView.swift (in target 'Throttle' from project 'Throttle')
    cd /Users/kevinnadjarian/GitHub/Throttle/build/convergence-recovery-20260920
    builtin-SwiftPerFileCompile PlanTreeView.swift

SwiftCompile normal arm64 /Users/kevinnadjarian/GitHub/Throttle/build/convergence-recovery-20260920/Throttle/UI/Cockpit/PlanViewContext.swift (in target 'Throttle' from project 'Throttle')
    cd /Users/kevinnadjarian/GitHub/Throttle/build/convergence-recovery-20260920
    builtin-SwiftPerFileCompile PlanViewContext.swift

SwiftCompile normal arm64 /Users/kevinnadjarian/GitHub/Throttle/build/convergence-recovery-20260920/Throttle/Services/PlanWatcher.swift (in target 'Throttle' from project 'Throttle')
    cd /Users/kevinnadjarian/GitHub/Throttle/build/convergence-recovery-20260920
    builtin-SwiftPerFileCompile PlanWatcher.swift

SwiftDriverJobDiscovery normal arm64 Compiling LogViewerWindow.swift, LoopDetectorService.swift (in target 'Throttle' from project 'Throttle')

SwiftDriverJobDiscovery normal arm64 Compiling WindowCalculator.swift, WindowKind.swift, WorkActivityView.swift, WorkflowClaimContract.swift, WorkflowDependencyModels.swift, WorkflowDesignContract.swift, WorkflowEvidenceReceipt.swift, WorkflowIPModels.swift, WorkflowPlatformModels.swift, WorkflowProductCycleContract.swift, WorkflowRecipeModels.swift, WorkflowReleaseLedgerStorage.swift, WorkflowReleaseLedgerStore.swift, WorkflowReleaseModels.swift, WorkflowResultImporter.swift, WorkflowReviewGate.swift, WorkflowReviewModels.swift, WorkflowSecurityFinding.swift, WorkflowTechnologyReuseModels.swift, WorkflowWorkContract.swift, WorkspaceOpen.swift, XcodeBuildErrorsService.swift, main.swift, GeneratedAssetSymbols.swift (in target 'Throttle' from project 'Throttle')

SwiftCompile normal arm64 Compiling\ SessionStateDot.swift,\ SessionWorkingDirectory.swift,\ SettingsAuditService.swift,\ SettleDecisionSheet.swift,\ ShadowReplayService+Certification.swift,\ ShadowReplayService.swift,\ SkillScopeService.swift,\ SkillUsageService.swift,\ StatsDataService.swift,\ StatsInline.swift,\ StatuslineService.swift,\ SystemMemoryService.swift,\ TOONPotentialReadout.swift,\ TOONTranspiler.swift,\ TaskBudgetAdmission.swift,\ TaskIntegrationService.swift,\ TaskIntegrationServiceReview.swift,\ TaskIntegrationServiceVerify.swift,\ TaskIntegrationVerifyChild.swift,\ TaskIntegrationVerifyProcess.swift,\ TaskLauncher.swift,\ TaskLauncherAuthority.swift,\ TaskSpend.swift,\ TaskSpendReadout.swift,\ TaskVerificationLaunchGate.swift /Users/kevinnadjarian/GitHub/Throttle/build/convergence-recovery-20260920/Throttle/UI/Cockpit/SessionStateDot.swift /Users/kevinnadjarian/GitHub/Throttle/build/convergence-recovery-20260920/Throttle/UI/Cockpit/SessionWorkingDirectory.swift /Users/kevinnadjarian/GitHub/Throttle/build/convergence-recovery-20260920/Throttle/Services/SettingsAuditService.swift /Users/kevinnadjarian/GitHub/Throttle/build/convergence-recovery-20260920/Throttle/UI/ProjectWindow/SettleDecisionSheet.swift /Users/kevinnadjarian/GitHub/Throttle/build/convergence-recovery-20260920/Throttle/Services/ShadowReplayService+Certification.swift /Users/kevinnadjarian/GitHub/Throttle/build/convergence-recovery-20260920/Throttle/Services/ShadowReplayService.swift /Users/kevinnadjarian/GitHub/Throttle/build/convergence-recovery-20260920/Throttle/Services/SkillScopeService.swift /Users/kevinnadjarian/GitHub/Throttle/build/convergence-recovery-20260920/Throttle/Services/SkillUsageService.swift /Users/kevinnadjarian/GitHub/Throttle/build/convergence-recovery-20260920/Throttle/Services/StatsDataService.swift /Users/kevinnadjarian/GitHub/Throttle/build/convergence-recovery-20260920/Throttle/UI/Stats/StatsInline.swift /Users/kevinnadjarian/GitHub/Throttle/build/convergence-recovery-20260920/Throttle/Services/StatuslineService.swift /Users/kevinnadjarian/GitHub/Throttle/build/convergence-recovery-20260920/Throttle/Services/SystemMemoryService.swift /Users/kevinnadjarian/GitHub/Throttle/build/convergence-recovery-20260920/Throttle/UI/ProjectWindow/TOONPotentialReadout.swift /Users/kevinnadjarian/GitHub/Throttle/build/convergence-recovery-20260920/Throttle/Services/TOONTranspiler.swift /Users/kevinnadjarian/GitHub/Throttle/build/convergence-recovery-20260920/Throttle/Services/TaskBudgetAdmission.swift /Users/kevinnadjarian/GitHub/Throttle/build/convergence-recovery-20260920/Throttle/Services/TaskIntegrationService.swift /Users/kevinnadjarian/GitHub/Throttle/build/convergence-recovery-20260920/Throttle/Services/TaskIntegrationServiceReview.swift /Users/kevinnadjarian/GitHub/Throttle/build/convergence-recovery-20260920/Throttle/Services/TaskIntegrationServiceVerify.swift /Users/kevinnadjarian/GitHub/Throttle/build/convergence-recovery-20260920/Throttle/Services/TaskIntegrationVerifyChild.swift /Users/kevinnadjarian/GitHub/Throttle/build/convergence-recovery-20260920/Throttle/Services/TaskIntegrationVerifyProcess.swift /Users/kevinnadjarian/GitHub/Throttle/build/convergence-recovery-20260920/Throttle/Services/TaskLauncher.swift /Users/kevinnadjarian/GitHub/Throttle/build/convergence-recovery-20260920/Throttle/Services/TaskLauncherAuthority.swift /Users/kevinnadjarian/GitHub/Throttle/build/convergence-recovery-20260920/Throttle/Services/TaskSpend.swift /Users/kevinnadjarian/GitHub/Throttle/build/convergence-recovery-20260920/Throttle/UI/Cockpit/Navigation/TaskSpendReadout.swift /Users/kevinnadjarian/GitHub/Throttle/build/convergence-recovery-20260920/Throttle/Services/TaskVerificationLaunchGate.swift (in target 'Throttle' from project 'Throttle')

SwiftCompile normal arm64 /Users/kevinnadjarian/GitHub/Throttle/build/convergence-recovery-20260920/Throttle/UI/Cockpit/SessionStateDot.swift (in target 'Throttle' from project 'Throttle')
    cd /Users/kevinnadjarian/GitHub/Throttle/build/convergence-recovery-20260920
    builtin-SwiftPerFileCompile SessionStateDot.swift

SwiftCompile normal arm64 /Users/kevinnadjarian/GitHub/Throttle/build/convergence-recovery-20260920/Throttle/UI/Cockpit/SessionWorkingDirectory.swift (in target 'Throttle' from project 'Throttle')
    cd /Users/kevinnadjarian/GitHub/Throttle/build/convergence-recovery-20260920
    builtin-SwiftPerFileCompile SessionWorkingDirectory.swift

SwiftCompile normal arm64 /Users/kevinnadjarian/GitHub/Throttle/build/convergence-recovery-20260920/Throttle/Services/SettingsAuditService.swift (in target 'Throttle' from project 'Throttle')
    cd /Users/kevinnadjarian/GitHub/Throttle/build/convergence-recovery-20260920
    builtin-SwiftPerFileCompile SettingsAuditService.swift

SwiftCompile normal arm64 /Users/kevinnadjarian/GitHub/Throttle/build/convergence-recovery-20260920/Throttle/UI/ProjectWindow/SettleDecisionSheet.swift (in target 'Throttle' from project 'Throttle')
    cd /Users/kevinnadjarian/GitHub/Throttle/build/convergence-recovery-20260920
    builtin-SwiftPerFileCompile SettleDecisionSheet.swift

SwiftCompile normal arm64 /Users/kevinnadjarian/GitHub/Throttle/build/convergence-recovery-20260920/Throttle/Services/ShadowReplayService+Certification.swift (in target 'Throttle' from project 'Throttle')
    cd /Users/kevinnadjarian/GitHub/Throttle/build/convergence-recovery-20260920
    builtin-SwiftPerFileCompile ShadowReplayService+Certification.swift

SwiftCompile normal arm64 /Users/kevinnadjarian/GitHub/Throttle/build/convergence-recovery-20260920/Throttle/Services/ShadowReplayService.swift (in target 'Throttle' from project 'Throttle')
    cd /Users/kevinnadjarian/GitHub/Throttle/build/convergence-recovery-20260920
    builtin-SwiftPerFileCompile ShadowReplayService.swift

SwiftCompile normal arm64 /Users/kevinnadjarian/GitHub/Throttle/build/convergence-recovery-20260920/Throttle/Services/SkillScopeService.swift (in target 'Throttle' from project 'Throttle')
    cd /Users/kevinnadjarian/GitHub/Throttle/build/convergence-recovery-20260920
    builtin-SwiftPerFileCompile SkillScopeService.swift

SwiftCompile normal arm64 /Users/kevinnadjarian/GitHub/Throttle/build/convergence-recovery-20260920/Throttle/Services/SkillUsageService.swift (in target 'Throttle' from project 'Throttle')
    cd /Users/kevinnadjarian/GitHub/Throttle/build/convergence-recovery-20260920
    builtin-SwiftPerFileCompile SkillUsageService.swift

SwiftCompile normal arm64 /Users/kevinnadjarian/GitHub/Throttle/build/convergence-recovery-20260920/Throttle/Services/StatsDataService.swift (in target 'Throttle' from project 'Throttle')
    cd /Users/kevinnadjarian/GitHub/Throttle/build/convergence-recovery-20260920
    builtin-SwiftPerFileCompile StatsDataService.swift

SwiftCompile normal arm64 /Users/kevinnadjarian/GitHub/Throttle/build/convergence-recovery-20260920/Throttle/UI/Stats/StatsInline.swift (in target 'Throttle' from project 'Throttle')
    cd /Users/kevinnadjarian/GitHub/Throttle/build/convergence-recovery-20260920
    builtin-SwiftPerFileCompile StatsInline.swift

SwiftCompile normal arm64 /Users/kevinnadjarian/GitHub/Throttle/build/convergence-recovery-20260920/Throttle/Services/StatuslineService.swift (in target 'Throttle' from project 'Throttle')
    cd /Users/kevinnadjarian/GitHub/Throttle/build/convergence-recovery-20260920
    builtin-SwiftPerFileCompile StatuslineService.swift

SwiftCompile normal arm64 /Users/kevinnadjarian/GitHub/Throttle/build/convergence-recovery-20260920/Throttle/Services/SystemMemoryService.swift (in target 'Throttle' from project 'Throttle')
    cd /Users/kevinnadjarian/GitHub/Throttle/build/convergence-recovery-20260920
    builtin-SwiftPerFileCompile SystemMemoryService.swift

SwiftCompile normal arm64 /Users/kevinnadjarian/GitHub/Throttle/build/convergence-recovery-20260920/Throttle/UI/ProjectWindow/TOONPotentialReadout.swift (in target 'Throttle' from project 'Throttle')
    cd /Users/kevinnadjarian/GitHub/Throttle/build/convergence-recovery-20260920
    builtin-SwiftPerFileCompile TOONPotentialReadout.swift

SwiftCompile normal arm64 /Users/kevinnadjarian/GitHub/Throttle/build/convergence-recovery-20260920/Throttle/Services/TOONTranspiler.swift (in target 'Throttle' from project 'Throttle')
    cd /Users/kevinnadjarian/GitHub/Throttle/build/convergence-recovery-20260920
    builtin-SwiftPerFileCompile TOONTranspiler.swift

SwiftCompile normal arm64 /Users/kevinnadjarian/GitHub/Throttle/build/convergence-recovery-20260920/Throttle/Services/TaskBudgetAdmission.swift (in target 'Throttle' from project 'Throttle')
    cd /Users/kevinnadjarian/GitHub/Throttle/build/convergence-recovery-20260920
    builtin-SwiftPerFileCompile TaskBudgetAdmission.swift

SwiftCompile normal arm64 /Users/kevinnadjarian/GitHub/Throttle/build/convergence-recovery-20260920/Throttle/Services/TaskIntegrationService.swift (in target 'Throttle' from project 'Throttle')
    cd /Users/kevinnadjarian/GitHub/Throttle/build/convergence-recovery-20260920
    builtin-SwiftPerFileCompile TaskIntegrationService.swift

SwiftCompile normal arm64 /Users/kevinnadjarian/GitHub/Throttle/build/convergence-recovery-20260920/Throttle/Services/TaskIntegrationServiceReview.swift (in target 'Throttle' from project 'Throttle')
    cd /Users/kevinnadjarian/GitHub/Throttle/build/convergence-recovery-20260920
    builtin-SwiftPerFileCompile TaskIntegrationServiceReview.swift

SwiftCompile normal arm64 /Users/kevinnadjarian/GitHub/Throttle/build/convergence-recovery-20260920/Throttle/Services/TaskIntegrationServiceVerify.swift (in target 'Throttle' from project 'Throttle')
    cd /Users/kevinnadjarian/GitHub/Throttle/build/convergence-recovery-20260920
    builtin-SwiftPerFileCompile TaskIntegrationServiceVerify.swift

SwiftCompile normal arm64 /Users/kevinnadjarian/GitHub/Throttle/build/convergence-recovery-20260920/Throttle/Services/TaskIntegrationVerifyChild.swift (in target 'Throttle' from project 'Throttle')
    cd /Users/kevinnadjarian/GitHub/Throttle/build/convergence-recovery-20260920
    builtin-SwiftPerFileCompile TaskIntegrationVerifyChild.swift

SwiftCompile normal arm64 /Users/kevinnadjarian/GitHub/Throttle/build/convergence-recovery-20260920/Throttle/Services/TaskIntegrationVerifyProcess.swift (in target 'Throttle' from project 'Throttle')
    cd /Users/kevinnadjarian/GitHub/Throttle/build/convergence-recovery-20260920
    builtin-SwiftPerFileCompile TaskIntegrationVerifyProcess.swift

SwiftCompile normal arm64 /Users/kevinnadjarian/GitHub/Throttle/build/convergence-recovery-20260920/Throttle/Services/TaskLauncher.swift (in target 'Throttle' from project 'Throttle')
    cd /Users/kevinnadjarian/GitHub/Throttle/build/convergence-recovery-20260920
    builtin-SwiftPerFileCompile TaskLauncher.swift

SwiftCompile normal arm64 /Users/kevinnadjarian/GitHub/Throttle/build/convergence-recovery-20260920/Throttle/Services/TaskLauncherAuthority.swift (in target 'Throttle' from project 'Throttle')
    cd /Users/kevinnadjarian/GitHub/Throttle/build/convergence-recovery-20260920
    builtin-SwiftPerFileCompile TaskLauncherAuthority.swift

SwiftCompile normal arm64 /Users/kevinnadjarian/GitHub/Throttle/build/convergence-recovery-20260920/Throttle/Services/TaskSpend.swift (in target 'Throttle' from project 'Throttle')
    cd /Users/kevinnadjarian/GitHub/Throttle/build/convergence-recovery-20260920
    builtin-SwiftPerFileCompile TaskSpend.swift

SwiftCompile normal arm64 /Users/kevinnadjarian/GitHub/Throttle/build/convergence-recovery-20260920/Throttle/UI/Cockpit/Navigation/TaskSpendReadout.swift (in target 'Throttle' from project 'Throttle')
    cd /Users/kevinnadjarian/GitHub/Throttle/build/convergence-recovery-20260920
    builtin-SwiftPerFileCompile TaskSpendReadout.swift

SwiftCompile normal arm64 /Users/kevinnadjarian/GitHub/Throttle/build/convergence-recovery-20260920/Throttle/Services/TaskVerificationLaunchGate.swift (in target 'Throttle' from project 'Throttle')
    cd /Users/kevinnadjarian/GitHub/Throttle/build/convergence-recovery-20260920
    builtin-SwiftPerFileCompile TaskVerificationLaunchGate.swift

SwiftDriverJobDiscovery normal arm64 Compiling PlanIntegrationModel.swift, PlanIntegrationView.swift, PlanMCPAuthority.swift, PlanMCPAuthorityLifecycle.swift, PlanMCPAuthorityRevocation.swift, PlanMCPIntakeTools.swift, PlanMCPRecipeTools.swift, PlanMCPRetry.swift, PlanMCPReviewTools.swift, PlanMCPSchemas.swift, PlanMCPTaskRouter.swift, PlanMCPTools.swift, PlanMCPTransport.swift, PlanModel.swift, PlanModels.swift, PlanOrientation.swift, PlanProductCycleView.swift, PlanProjection.swift, PlanRecommendationView.swift, PlanStore.swift, PlanTemplate.swift, PlanTreeView+NextStep.swift, PlanTreeView.swift, PlanViewContext.swift, PlanWatcher.swift (in target 'Throttle' from project 'Throttle')

SwiftCompile normal arm64 Compiling\ InlineProPane+ExactMode.swift /Users/kevinnadjarian/GitHub/Throttle/build/convergence-recovery-20260920/Throttle/UI/MenuBar/InlineProPane+ExactMode.swift (in target 'Throttle' from project 'Throttle')

SwiftCompile normal arm64 /Users/kevinnadjarian/GitHub/Throttle/build/convergence-recovery-20260920/Throttle/UI/MenuBar/InlineProPane+ExactMode.swift (in target 'Throttle' from project 'Throttle')
    cd /Users/kevinnadjarian/GitHub/Throttle/build/convergence-recovery-20260920
    builtin-SwiftPerFileCompile InlineProPane+ExactMode.swift

SwiftDriverJobDiscovery normal arm64 Compiling InlineProPane+ExactMode.swift (in target 'Throttle' from project 'Throttle')

SwiftCompile normal arm64 Compiling\ MCPAdvisorService.swift /Users/kevinnadjarian/GitHub/Throttle/build/convergence-recovery-20260920/Throttle/Services/MCPAdvisorService.swift (in target 'Throttle' from project 'Throttle')

SwiftCompile normal arm64 /Users/kevinnadjarian/GitHub/Throttle/build/convergence-recovery-20260920/Throttle/Services/MCPAdvisorService.swift (in target 'Throttle' from project 'Throttle')
    cd /Users/kevinnadjarian/GitHub/Throttle/build/convergence-recovery-20260920
    builtin-SwiftPerFileCompile MCPAdvisorService.swift

SwiftCompile normal arm64 Compiling\ LicenseService.swift,\ LiveFileWatcher.swift /Users/kevinnadjarian/GitHub/Throttle/build/convergence-recovery-20260920/Throttle/Network/LicenseService.swift /Users/kevinnadjarian/GitHub/Throttle/build/convergence-recovery-20260920/Throttle/DataLayer/LiveFileWatcher.swift (in target 'Throttle' from project 'Throttle')

SwiftCompile normal arm64 /Users/kevinnadjarian/GitHub/Throttle/build/convergence-recovery-20260920/Throttle/Network/LicenseService.swift (in target 'Throttle' from project 'Throttle')
    cd /Users/kevinnadjarian/GitHub/Throttle/build/convergence-recovery-20260920
    builtin-SwiftPerFileCompile LicenseService.swift

SwiftCompile normal arm64 /Users/kevinnadjarian/GitHub/Throttle/build/convergence-recovery-20260920/Throttle/DataLayer/LiveFileWatcher.swift (in target 'Throttle' from project 'Throttle')
    cd /Users/kevinnadjarian/GitHub/Throttle/build/convergence-recovery-20260920
    builtin-SwiftPerFileCompile LiveFileWatcher.swift

SwiftDriverJobDiscovery normal arm64 Compiling MCPAdvisorService.swift (in target 'Throttle' from project 'Throttle')

SwiftCompile normal arm64 Compiling\ InlineGeneralPane+Context.swift,\ InlineGeneralPane+General.swift /Users/kevinnadjarian/GitHub/Throttle/build/convergence-recovery-20260920/Throttle/UI/MenuBar/InlineGeneralPane+Context.swift /Users/kevinnadjarian/GitHub/Throttle/build/convergence-recovery-20260920/Throttle/UI/MenuBar/InlineGeneralPane+General.swift (in target 'Throttle' from project 'Throttle')

SwiftCompile normal arm64 /Users/kevinnadjarian/GitHub/Throttle/build/convergence-recovery-20260920/Throttle/UI/MenuBar/InlineGeneralPane+Context.swift (in target 'Throttle' from project 'Throttle')
    cd /Users/kevinnadjarian/GitHub/Throttle/build/convergence-recovery-20260920
    builtin-SwiftPerFileCompile InlineGeneralPane+Context.swift

SwiftCompile normal arm64 /Users/kevinnadjarian/GitHub/Throttle/build/convergence-recovery-20260920/Throttle/UI/MenuBar/InlineGeneralPane+General.swift (in target 'Throttle' from project 'Throttle')
    cd /Users/kevinnadjarian/GitHub/Throttle/build/convergence-recovery-20260920
    builtin-SwiftPerFileCompile InlineGeneralPane+General.swift

SwiftDriverJobDiscovery normal arm64 Compiling LicenseService.swift, LiveFileWatcher.swift (in target 'Throttle' from project 'Throttle')

SwiftCompile normal arm64 Compiling\ TraycerQueries.swift,\ TraycerReadout.swift,\ TraycerReceiver.swift,\ TraycerStore.swift,\ TrialService.swift,\ UpdaterService.swift,\ UsageEvent.swift,\ UsageExtractor.swift,\ UsagePressure.swift,\ UsageSnapshot.swift,\ UsageSnapshotRow.swift,\ VectorStore.swift,\ VerifyConsent.swift,\ WaitingIntent.swift,\ WarningDetector.swift,\ WebNavigationPlanner.swift,\ WebRenderBridge.swift,\ WebRenderClient.swift,\ WebRenderer.swift,\ WebResearchCache.swift,\ WebURLPolicy.swift,\ WeekComparisonView.swift,\ WhatsNewService.swift,\ WhatsNewView.swift /Users/kevinnadjarian/GitHub/Throttle/build/convergence-recovery-20260920/Throttle/Services/TraycerQueries.swift /Users/kevinnadjarian/GitHub/Throttle/build/convergence-recovery-20260920/Throttle/UI/ProjectWindow/TraycerReadout.swift /Users/kevinnadjarian/GitHub/Throttle/build/convergence-recovery-20260920/Throttle/Services/TraycerReceiver.swift /Users/kevinnadjarian/GitHub/Throttle/build/convergence-recovery-20260920/Throttle/Services/TraycerStore.swift /Users/kevinnadjarian/GitHub/Throttle/build/convergence-recovery-20260920/Throttle/Network/TrialService.swift /Users/kevinnadjarian/GitHub/Throttle/build/convergence-recovery-20260920/Throttle/Services/UpdaterService.swift /Users/kevinnadjarian/GitHub/Throttle/build/convergence-recovery-20260920/Throttle/Models/UsageEvent.swift /Users/kevinnadjarian/GitHub/Throttle/build/convergence-recovery-20260920/Throttle/Parser/UsageExtractor.swift /Users/kevinnadjarian/GitHub/Throttle/build/convergence-recovery-20260920/Throttle/Services/UsagePressure.swift /Users/kevinnadjarian/GitHub/Throttle/build/convergence-recovery-20260920/Throttle/State/UsageSnapshot.swift /Users/kevinnadjarian/GitHub/Throttle/build/convergence-recovery-20260920/Throttle/Models/UsageSnapshotRow.swift /Users/kevinnadjarian/GitHub/Throttle/build/convergence-recovery-20260920/Throttle/Services/VectorStore.swift /Users/kevinnadjarian/GitHub/Throttle/build/convergence-recovery-20260920/Throttle/Services/VerifyConsent.swift /Users/kevinnadjarian/GitHub/Throttle/build/convergence-recovery-20260920/Throttle/Intents/WaitingIntent.swift /Users/kevinnadjarian/GitHub/Throttle/build/convergence-recovery-20260920/Throttle/Parser/WarningDetector.swift /Users/kevinnadjarian/GitHub/Throttle/build/convergence-recovery-20260920/Throttle/Services/WebNavigationPlanner.swift /Users/kevinnadjarian/GitHub/Throttle/build/convergence-recovery-20260920/Throttle/Services/WebRenderBridge.swift /Users/kevinnadjarian/GitHub/Throttle/build/convergence-recovery-20260920/Throttle/Services/WebRenderClient.swift /Users/kevinnadjarian/GitHub/Throttle/build/convergence-recovery-20260920/Throttle/Services/WebRenderer.swift /Users/kevinnadjarian/GitHub/Throttle/build/convergence-recovery-20260920/Throttle/Services/WebResearchCache.swift /Users/kevinnadjarian/GitHub/Throttle/build/convergence-recovery-20260920/Throttle/Services/WebURLPolicy.swift /Users/kevinnadjarian/GitHub/Throttle/build/convergence-recovery-20260920/Throttle/UI/Cockpit/WeekComparisonView.swift /Users/kevinnadjarian/GitHub/Throttle/build/convergence-recovery-20260920/Throttle/Services/WhatsNewService.swift /Users/kevinnadjarian/GitHub/Throttle/build/convergence-recovery-20260920/Throttle/UI/Cockpit/WhatsNewView.swift (in target 'Throttle' from project 'Throttle')

SwiftCompile normal arm64 /Users/kevinnadjarian/GitHub/Throttle/build/convergence-recovery-20260920/Throttle/Services/TraycerQueries.swift (in target 'Throttle' from project 'Throttle')
    cd /Users/kevinnadjarian/GitHub/Throttle/build/convergence-recovery-20260920
    builtin-SwiftPerFileCompile TraycerQueries.swift

SwiftCompile normal arm64 /Users/kevinnadjarian/GitHub/Throttle/build/convergence-recovery-20260920/Throttle/UI/ProjectWindow/TraycerReadout.swift (in target 'Throttle' from project 'Throttle')
    cd /Users/kevinnadjarian/GitHub/Throttle/build/convergence-recovery-20260920
    builtin-SwiftPerFileCompile TraycerReadout.swift

SwiftCompile normal arm64 /Users/kevinnadjarian/GitHub/Throttle/build/convergence-recovery-20260920/Throttle/Services/TraycerReceiver.swift (in target 'Throttle' from project 'Throttle')
    cd /Users/kevinnadjarian/GitHub/Throttle/build/convergence-recovery-20260920
    builtin-SwiftPerFileCompile TraycerReceiver.swift

SwiftCompile normal arm64 /Users/kevinnadjarian/GitHub/Throttle/build/convergence-recovery-20260920/Throttle/Services/TraycerStore.swift (in target 'Throttle' from project 'Throttle')
    cd /Users/kevinnadjarian/GitHub/Throttle/build/convergence-recovery-20260920
    builtin-SwiftPerFileCompile TraycerStore.swift

SwiftCompile normal arm64 /Users/kevinnadjarian/GitHub/Throttle/build/convergence-recovery-20260920/Throttle/Network/TrialService.swift (in target 'Throttle' from project 'Throttle')
    cd /Users/kevinnadjarian/GitHub/Throttle/build/convergence-recovery-20260920
    builtin-SwiftPerFileCompile TrialService.swift

SwiftCompile normal arm64 /Users/kevinnadjarian/GitHub/Throttle/build/convergence-recovery-20260920/Throttle/Services/UpdaterService.swift (in target 'Throttle' from project 'Throttle')
    cd /Users/kevinnadjarian/GitHub/Throttle/build/convergence-recovery-20260920
    builtin-SwiftPerFileCompile UpdaterService.swift

SwiftCompile normal arm64 /Users/kevinnadjarian/GitHub/Throttle/build/convergence-recovery-20260920/Throttle/Models/UsageEvent.swift (in target 'Throttle' from project 'Throttle')
    cd /Users/kevinnadjarian/GitHub/Throttle/build/convergence-recovery-20260920
    builtin-SwiftPerFileCompile UsageEvent.swift

SwiftCompile normal arm64 /Users/kevinnadjarian/GitHub/Throttle/build/convergence-recovery-20260920/Throttle/Parser/UsageExtractor.swift (in target 'Throttle' from project 'Throttle')
    cd /Users/kevinnadjarian/GitHub/Throttle/build/convergence-recovery-20260920
    builtin-SwiftPerFileCompile UsageExtractor.swift

SwiftCompile normal arm64 /Users/kevinnadjarian/GitHub/Throttle/build/convergence-recovery-20260920/Throttle/Services/UsagePressure.swift (in target 'Throttle' from project 'Throttle')
    cd /Users/kevinnadjarian/GitHub/Throttle/build/convergence-recovery-20260920
    builtin-SwiftPerFileCompile UsagePressure.swift

SwiftCompile normal arm64 /Users/kevinnadjarian/GitHub/Throttle/build/convergence-recovery-20260920/Throttle/State/UsageSnapshot.swift (in target 'Throttle' from project 'Throttle')
    cd /Users/kevinnadjarian/GitHub/Throttle/build/convergence-recovery-20260920
    builtin-SwiftPerFileCompile UsageSnapshot.swift

SwiftCompile normal arm64 /Users/kevinnadjarian/GitHub/Throttle/build/convergence-recovery-20260920/Throttle/Models/UsageSnapshotRow.swift (in target 'Throttle' from project 'Throttle')
    cd /Users/kevinnadjarian/GitHub/Throttle/build/convergence-recovery-20260920
    builtin-SwiftPerFileCompile UsageSnapshotRow.swift

SwiftCompile normal arm64 /Users/kevinnadjarian/GitHub/Throttle/build/convergence-recovery-20260920/Throttle/Services/VectorStore.swift (in target 'Throttle' from project 'Throttle')
    cd /Users/kevinnadjarian/GitHub/Throttle/build/convergence-recovery-20260920
    builtin-SwiftPerFileCompile VectorStore.swift

SwiftCompile normal arm64 /Users/kevinnadjarian/GitHub/Throttle/build/convergence-recovery-20260920/Throttle/Services/VerifyConsent.swift (in target 'Throttle' from project 'Throttle')
    cd /Users/kevinnadjarian/GitHub/Throttle/build/convergence-recovery-20260920
    builtin-SwiftPerFileCompile VerifyConsent.swift

SwiftCompile normal arm64 /Users/kevinnadjarian/GitHub/Throttle/build/convergence-recovery-20260920/Throttle/Intents/WaitingIntent.swift (in target 'Throttle' from project 'Throttle')
    cd /Users/kevinnadjarian/GitHub/Throttle/build/convergence-recovery-20260920
    builtin-SwiftPerFileCompile WaitingIntent.swift

SwiftCompile normal arm64 /Users/kevinnadjarian/GitHub/Throttle/build/convergence-recovery-20260920/Throttle/Parser/WarningDetector.swift (in target 'Throttle' from project 'Throttle')
    cd /Users/kevinnadjarian/GitHub/Throttle/build/convergence-recovery-20260920
    builtin-SwiftPerFileCompile WarningDetector.swift

SwiftCompile normal arm64 /Users/kevinnadjarian/GitHub/Throttle/build/convergence-recovery-20260920/Throttle/Services/WebNavigationPlanner.swift (in target 'Throttle' from project 'Throttle')
    cd /Users/kevinnadjarian/GitHub/Throttle/build/convergence-recovery-20260920
    builtin-SwiftPerFileCompile WebNavigationPlanner.swift

SwiftCompile normal arm64 /Users/kevinnadjarian/GitHub/Throttle/build/convergence-recovery-20260920/Throttle/Services/WebRenderBridge.swift (in target 'Throttle' from project 'Throttle')
    cd /Users/kevinnadjarian/GitHub/Throttle/build/convergence-recovery-20260920
    builtin-SwiftPerFileCompile WebRenderBridge.swift

SwiftCompile normal arm64 /Users/kevinnadjarian/GitHub/Throttle/build/convergence-recovery-20260920/Throttle/Services/WebRenderClient.swift (in target 'Throttle' from project 'Throttle')
    cd /Users/kevinnadjarian/GitHub/Throttle/build/convergence-recovery-20260920
    builtin-SwiftPerFileCompile WebRenderClient.swift

SwiftCompile normal arm64 /Users/kevinnadjarian/GitHub/Throttle/build/convergence-recovery-20260920/Throttle/Services/WebRenderer.swift (in target 'Throttle' from project 'Throttle')
    cd /Users/kevinnadjarian/GitHub/Throttle/build/convergence-recovery-20260920
    builtin-SwiftPerFileCompile WebRenderer.swift

SwiftCompile normal arm64 /Users/kevinnadjarian/GitHub/Throttle/build/convergence-recovery-20260920/Throttle/Services/WebResearchCache.swift (in target 'Throttle' from project 'Throttle')
    cd /Users/kevinnadjarian/GitHub/Throttle/build/convergence-recovery-20260920
    builtin-SwiftPerFileCompile WebResearchCache.swift

SwiftCompile normal arm64 /Users/kevinnadjarian/GitHub/Throttle/build/convergence-recovery-20260920/Throttle/Services/WebURLPolicy.swift (in target 'Throttle' from project 'Throttle')
    cd /Users/kevinnadjarian/GitHub/Throttle/build/convergence-recovery-20260920
    builtin-SwiftPerFileCompile WebURLPolicy.swift

SwiftCompile normal arm64 /Users/kevinnadjarian/GitHub/Throttle/build/convergence-recovery-20260920/Throttle/UI/Cockpit/WeekComparisonView.swift (in target 'Throttle' from project 'Throttle')
    cd /Users/kevinnadjarian/GitHub/Throttle/build/convergence-recovery-20260920
    builtin-SwiftPerFileCompile WeekComparisonView.swift

SwiftCompile normal arm64 /Users/kevinnadjarian/GitHub/Throttle/build/convergence-recovery-20260920/Throttle/Services/WhatsNewService.swift (in target 'Throttle' from project 'Throttle')
    cd /Users/kevinnadjarian/GitHub/Throttle/build/convergence-recovery-20260920
    builtin-SwiftPerFileCompile WhatsNewService.swift

SwiftCompile normal arm64 /Users/kevinnadjarian/GitHub/Throttle/build/convergence-recovery-20260920/Throttle/UI/Cockpit/WhatsNewView.swift (in target 'Throttle' from project 'Throttle')
    cd /Users/kevinnadjarian/GitHub/Throttle/build/convergence-recovery-20260920
    builtin-SwiftPerFileCompile WhatsNewView.swift

SwiftDriverJobDiscovery normal arm64 Compiling SessionStateDot.swift, SessionWorkingDirectory.swift, SettingsAuditService.swift, SettleDecisionSheet.swift, ShadowReplayService+Certification.swift, ShadowReplayService.swift, SkillScopeService.swift, SkillUsageService.swift, StatsDataService.swift, StatsInline.swift, StatuslineService.swift, SystemMemoryService.swift, TOONPotentialReadout.swift, TOONTranspiler.swift, TaskBudgetAdmission.swift, TaskIntegrationService.swift, TaskIntegrationServiceReview.swift, TaskIntegrationServiceVerify.swift, TaskIntegrationVerifyChild.swift, TaskIntegrationVerifyProcess.swift, TaskLauncher.swift, TaskLauncherAuthority.swift, TaskSpend.swift, TaskSpendReadout.swift, TaskVerificationLaunchGate.swift (in target 'Throttle' from project 'Throttle')

SwiftCompile normal arm64 Compiling\ LiveAgentRoots.swift /Users/kevinnadjarian/GitHub/Throttle/build/convergence-recovery-20260920/Throttle/Services/LiveAgentRoots.swift (in target 'Throttle' from project 'Throttle')

SwiftCompile normal arm64 /Users/kevinnadjarian/GitHub/Throttle/build/convergence-recovery-20260920/Throttle/Services/LiveAgentRoots.swift (in target 'Throttle' from project 'Throttle')
    cd /Users/kevinnadjarian/GitHub/Throttle/build/convergence-recovery-20260920
    builtin-SwiftPerFileCompile LiveAgentRoots.swift

SwiftDriverJobDiscovery normal arm64 Compiling InlineGeneralPane+Context.swift, InlineGeneralPane+General.swift (in target 'Throttle' from project 'Throttle')

SwiftCompile normal arm64 Compiling\ LicenseService+Payload.swift /Users/kevinnadjarian/GitHub/Throttle/build/convergence-recovery-20260920/Throttle/Network/LicenseService+Payload.swift (in target 'Throttle' from project 'Throttle')

SwiftCompile normal arm64 /Users/kevinnadjarian/GitHub/Throttle/build/convergence-recovery-20260920/Throttle/Network/LicenseService+Payload.swift (in target 'Throttle' from project 'Throttle')
    cd /Users/kevinnadjarian/GitHub/Throttle/build/convergence-recovery-20260920
    builtin-SwiftPerFileCompile LicenseService+Payload.swift

SwiftDriverJobDiscovery normal arm64 Compiling LiveAgentRoots.swift (in target 'Throttle' from project 'Throttle')

SwiftCompile normal arm64 Compiling\ AutopilotService.swift,\ BashSandbox.swift,\ BrevityHookService.swift,\ BudgetAdmissionModels.swift,\ BudgetAdmissionStorage.swift,\ BudgetAdmissionStore.swift,\ CSVExporter.swift,\ CacheBreakEven.swift,\ CacheBustAnalyzer.swift,\ CacheHygieneService.swift,\ CaffeineService.swift,\ CalendarReminderService.swift,\ Calibration.swift,\ CalibrationEngine.swift,\ CapabilityHostService.swift,\ CcusageImporter.swift,\ ClaudeAPIKeyProtocol.swift,\ ClaudeAPIKeyProvider.swift,\ ClaudeAgentInventory.swift,\ ClaudeCodePathProvider.swift,\ ClaudeSetupService.swift,\ ClaudeSetupView.swift,\ ClaudeWebSessionProvider.swift,\ CloudKitPublisher.swift,\ CockpitAuditInspector.swift /Users/kevinnadjarian/GitHub/Throttle/build/convergence-recovery-20260920/Throttle/Services/AutopilotService.swift /Users/kevinnadjarian/GitHub/Throttle/build/convergence-recovery-20260920/Throttle/Services/BashSandbox.swift /Users/kevinnadjarian/GitHub/Throttle/build/convergence-recovery-20260920/Throttle/Services/BrevityHookService.swift /Users/kevinnadjarian/GitHub/Throttle/build/convergence-recovery-20260920/Throttle/Models/BudgetAdmissionModels.swift /Users/kevinnadjarian/GitHub/Throttle/build/convergence-recovery-20260920/Throttle/Services/BudgetAdmissionStorage.swift /Users/kevinnadjarian/GitHub/Throttle/build/convergence-recovery-20260920/Throttle/Services/BudgetAdmissionStore.swift /Users/kevinnadjarian/GitHub/Throttle/build/convergence-recovery-20260920/Throttle/Services/CSVExporter.swift /Users/kevinnadjarian/GitHub/Throttle/build/convergence-recovery-20260920/Throttle/Services/CacheBreakEven.swift /Users/kevinnadjarian/GitHub/Throttle/build/convergence-recovery-20260920/Throttle/Services/CacheBustAnalyzer.swift /Users/kevinnadjarian/GitHub/Throttle/build/convergence-recovery-20260920/Throttle/Services/CacheHygieneService.swift /Users/kevinnadjarian/GitHub/Throttle/build/convergence-recovery-20260920/Throttle/Services/CaffeineService.swift /Users/kevinnadjarian/GitHub/Throttle/build/convergence-recovery-20260920/Throttle/Services/CalendarReminderService.swift /Users/kevinnadjarian/GitHub/Throttle/build/convergence-recovery-20260920/Throttle/Models/Calibration.swift /Users/kevinnadjarian/GitHub/Throttle/build/convergence-recovery-20260920/Throttle/Calibration/CalibrationEngine.swift /Users/kevinnadjarian/GitHub/Throttle/build/convergence-recovery-20260920/Throttle/Services/CapabilityHostService.swift /Users/kevinnadjarian/GitHub/Throttle/build/convergence-recovery-20260920/Throttle/Services/CcusageImporter.swift /Users/kevinnadjarian/GitHub/Throttle/build/convergence-recovery-20260920/Throttle/Services/ClaudeAPIKeyProtocol.swift /Users/kevinnadjarian/GitHub/Throttle/build/convergence-recovery-20260920/Throttle/Services/ClaudeAPIKeyProvider.swift /Users/kevinnadjarian/GitHub/Throttle/build/convergence-recovery-20260920/Throttle/Services/ClaudeAgentInventory.swift /Users/kevinnadjarian/GitHub/Throttle/build/convergence-recovery-20260920/Throttle/Services/ClaudeCodePathProvider.swift /Users/kevinnadjarian/GitHub/Throttle/build/convergence-recovery-20260920/Throttle/Services/ClaudeSetupService.swift /Users/kevinnadjarian/GitHub/Throttle/build/convergence-recovery-20260920/Throttle/UI/Cockpit/ClaudeSetupView.swift /Users/kevinnadjarian/GitHub/Throttle/build/convergence-recovery-20260920/Throttle/Services/ClaudeWebSessionProvider.swift /Users/kevinnadjarian/GitHub/Throttle/build/convergence-recovery-20260920/Throttle/Network/CloudKitPublisher.swift /Users/kevinnadjarian/GitHub/Throttle/build/convergence-recovery-20260920/Throttle/UI/Cockpit/CockpitAuditInspector.swift (in target 'Throttle' from project 'Throttle')

SwiftCompile normal arm64 /Users/kevinnadjarian/GitHub/Throttle/build/convergence-recovery-20260920/Throttle/Services/AutopilotService.swift (in target 'Throttle' from project 'Throttle')
    cd /Users/kevinnadjarian/GitHub/Throttle/build/convergence-recovery-20260920
    builtin-SwiftPerFileCompile AutopilotService.swift

SwiftCompile normal arm64 /Users/kevinnadjarian/GitHub/Throttle/build/convergence-recovery-20260920/Throttle/Services/BashSandbox.swift (in target 'Throttle' from project 'Throttle')
    cd /Users/kevinnadjarian/GitHub/Throttle/build/convergence-recovery-20260920
    builtin-SwiftPerFileCompile BashSandbox.swift

SwiftCompile normal arm64 /Users/kevinnadjarian/GitHub/Throttle/build/convergence-recovery-20260920/Throttle/Services/BrevityHookService.swift (in target 'Throttle' from project 'Throttle')
    cd /Users/kevinnadjarian/GitHub/Throttle/build/convergence-recovery-20260920
    builtin-SwiftPerFileCompile BrevityHookService.swift

SwiftCompile normal arm64 /Users/kevinnadjarian/GitHub/Throttle/build/convergence-recovery-20260920/Throttle/Models/BudgetAdmissionModels.swift (in target 'Throttle' from project 'Throttle')
    cd /Users/kevinnadjarian/GitHub/Throttle/build/convergence-recovery-20260920
    builtin-SwiftPerFileCompile BudgetAdmissionModels.swift

SwiftCompile normal arm64 /Users/kevinnadjarian/GitHub/Throttle/build/convergence-recovery-20260920/Throttle/Services/BudgetAdmissionStorage.swift (in target 'Throttle' from project 'Throttle')
    cd /Users/kevinnadjarian/GitHub/Throttle/build/convergence-recovery-20260920
    builtin-SwiftPerFileCompile BudgetAdmissionStorage.swift

SwiftCompile normal arm64 /Users/kevinnadjarian/GitHub/Throttle/build/convergence-recovery-20260920/Throttle/Services/BudgetAdmissionStore.swift (in target 'Throttle' from project 'Throttle')
    cd /Users/kevinnadjarian/GitHub/Throttle/build/convergence-recovery-20260920
    builtin-SwiftPerFileCompile BudgetAdmissionStore.swift

SwiftCompile normal arm64 /Users/kevinnadjarian/GitHub/Throttle/build/convergence-recovery-20260920/Throttle/Services/CSVExporter.swift (in target 'Throttle' from project 'Throttle')
    cd /Users/kevinnadjarian/GitHub/Throttle/build/convergence-recovery-20260920
    builtin-SwiftPerFileCompile CSVExporter.swift

SwiftCompile normal arm64 /Users/kevinnadjarian/GitHub/Throttle/build/convergence-recovery-20260920/Throttle/Services/CacheBreakEven.swift (in target 'Throttle' from project 'Throttle')
    cd /Users/kevinnadjarian/GitHub/Throttle/build/convergence-recovery-20260920
    builtin-SwiftPerFileCompile CacheBreakEven.swift

SwiftCompile normal arm64 /Users/kevinnadjarian/GitHub/Throttle/build/convergence-recovery-20260920/Throttle/Services/CacheBustAnalyzer.swift (in target 'Throttle' from project 'Throttle')
    cd /Users/kevinnadjarian/GitHub/Throttle/build/convergence-recovery-20260920
    builtin-SwiftPerFileCompile CacheBustAnalyzer.swift

SwiftCompile normal arm64 /Users/kevinnadjarian/GitHub/Throttle/build/convergence-recovery-20260920/Throttle/Services/CacheHygieneService.swift (in target 'Throttle' from project 'Throttle')
    cd /Users/kevinnadjarian/GitHub/Throttle/build/convergence-recovery-20260920
    builtin-SwiftPerFileCompile CacheHygieneService.swift

SwiftCompile normal arm64 /Users/kevinnadjarian/GitHub/Throttle/build/convergence-recovery-20260920/Throttle/Services/CaffeineService.swift (in target 'Throttle' from project 'Throttle')
    cd /Users/kevinnadjarian/GitHub/Throttle/build/convergence-recovery-20260920
    builtin-SwiftPerFileCompile CaffeineService.swift

SwiftCompile normal arm64 /Users/kevinnadjarian/GitHub/Throttle/build/convergence-recovery-20260920/Throttle/Services/CalendarReminderService.swift (in target 'Throttle' from project 'Throttle')
    cd /Users/kevinnadjarian/GitHub/Throttle/build/convergence-recovery-20260920
    builtin-SwiftPerFileCompile CalendarReminderService.swift

SwiftCompile normal arm64 /Users/kevinnadjarian/GitHub/Throttle/build/convergence-recovery-20260920/Throttle/Models/Calibration.swift (in target 'Throttle' from project 'Throttle')
    cd /Users/kevinnadjarian/GitHub/Throttle/build/convergence-recovery-20260920
    builtin-SwiftPerFileCompile Calibration.swift

SwiftCompile normal arm64 /Users/kevinnadjarian/GitHub/Throttle/build/convergence-recovery-20260920/Throttle/Calibration/CalibrationEngine.swift (in target 'Throttle' from project 'Throttle')
    cd /Users/kevinnadjarian/GitHub/Throttle/build/convergence-recovery-20260920
    builtin-SwiftPerFileCompile CalibrationEngine.swift

SwiftCompile normal arm64 /Users/kevinnadjarian/GitHub/Throttle/build/convergence-recovery-20260920/Throttle/Services/CapabilityHostService.swift (in target 'Throttle' from project 'Throttle')
    cd /Users/kevinnadjarian/GitHub/Throttle/build/convergence-recovery-20260920
    builtin-SwiftPerFileCompile CapabilityHostService.swift

SwiftCompile normal arm64 /Users/kevinnadjarian/GitHub/Throttle/build/convergence-recovery-20260920/Throttle/Services/CcusageImporter.swift (in target 'Throttle' from project 'Throttle')
    cd /Users/kevinnadjarian/GitHub/Throttle/build/convergence-recovery-20260920
    builtin-SwiftPerFileCompile CcusageImporter.swift

SwiftCompile normal arm64 /Users/kevinnadjarian/GitHub/Throttle/build/convergence-recovery-20260920/Throttle/Services/ClaudeAPIKeyProtocol.swift (in target 'Throttle' from project 'Throttle')
    cd /Users/kevinnadjarian/GitHub/Throttle/build/convergence-recovery-20260920
    builtin-SwiftPerFileCompile ClaudeAPIKeyProtocol.swift

SwiftCompile normal arm64 /Users/kevinnadjarian/GitHub/Throttle/build/convergence-recovery-20260920/Throttle/Services/ClaudeAPIKeyProvider.swift (in target 'Throttle' from project 'Throttle')
    cd /Users/kevinnadjarian/GitHub/Throttle/build/convergence-recovery-20260920
    builtin-SwiftPerFileCompile ClaudeAPIKeyProvider.swift

SwiftCompile normal arm64 /Users/kevinnadjarian/GitHub/Throttle/build/convergence-recovery-20260920/Throttle/Services/ClaudeAgentInventory.swift (in target 'Throttle' from project 'Throttle')
    cd /Users/kevinnadjarian/GitHub/Throttle/build/convergence-recovery-20260920
    builtin-SwiftPerFileCompile ClaudeAgentInventory.swift

SwiftCompile normal arm64 /Users/kevinnadjarian/GitHub/Throttle/build/convergence-recovery-20260920/Throttle/Services/ClaudeCodePathProvider.swift (in target 'Throttle' from project 'Throttle')
    cd /Users/kevinnadjarian/GitHub/Throttle/build/convergence-recovery-20260920
    builtin-SwiftPerFileCompile ClaudeCodePathProvider.swift

SwiftCompile normal arm64 /Users/kevinnadjarian/GitHub/Throttle/build/convergence-recovery-20260920/Throttle/Services/ClaudeSetupService.swift (in target 'Throttle' from project 'Throttle')
    cd /Users/kevinnadjarian/GitHub/Throttle/build/convergence-recovery-20260920
    builtin-SwiftPerFileCompile ClaudeSetupService.swift

SwiftCompile normal arm64 /Users/kevinnadjarian/GitHub/Throttle/build/convergence-recovery-20260920/Throttle/UI/Cockpit/ClaudeSetupView.swift (in target 'Throttle' from project 'Throttle')
    cd /Users/kevinnadjarian/GitHub/Throttle/build/convergence-recovery-20260920
    builtin-SwiftPerFileCompile ClaudeSetupView.swift

SwiftCompile normal arm64 /Users/kevinnadjarian/GitHub/Throttle/build/convergence-recovery-20260920/Throttle/Services/ClaudeWebSessionProvider.swift (in target 'Throttle' from project 'Throttle')
    cd /Users/kevinnadjarian/GitHub/Throttle/build/convergence-recovery-20260920
    builtin-SwiftPerFileCompile ClaudeWebSessionProvider.swift

SwiftCompile normal arm64 /Users/kevinnadjarian/GitHub/Throttle/build/convergence-recovery-20260920/Throttle/Network/CloudKitPublisher.swift (in target 'Throttle' from project 'Throttle')
    cd /Users/kevinnadjarian/GitHub/Throttle/build/convergence-recovery-20260920
    builtin-SwiftPerFileCompile CloudKitPublisher.swift

SwiftCompile normal arm64 /Users/kevinnadjarian/GitHub/Throttle/build/convergence-recovery-20260920/Throttle/UI/Cockpit/CockpitAuditInspector.swift (in target 'Throttle' from project 'Throttle')
    cd /Users/kevinnadjarian/GitHub/Throttle/build/convergence-recovery-20260920
    builtin-SwiftPerFileCompile CockpitAuditInspector.swift

SwiftDriverJobDiscovery normal arm64 Compiling LicenseService+Payload.swift (in target 'Throttle' from project 'Throttle')

SwiftCompile normal arm64 Compiling\ LocalModelBenchService.swift,\ LocalWorkerRouter.swift /Users/kevinnadjarian/GitHub/Throttle/build/convergence-recovery-20260920/Throttle/Services/LocalModelBenchService.swift /Users/kevinnadjarian/GitHub/Throttle/build/convergence-recovery-20260920/Throttle/Services/LocalWorkerRouter.swift (in target 'Throttle' from project 'Throttle')

SwiftCompile normal arm64 /Users/kevinnadjarian/GitHub/Throttle/build/convergence-recovery-20260920/Throttle/Services/LocalModelBenchService.swift (in target 'Throttle' from project 'Throttle')
    cd /Users/kevinnadjarian/GitHub/Throttle/build/convergence-recovery-20260920
    builtin-SwiftPerFileCompile LocalModelBenchService.swift

SwiftCompile normal arm64 /Users/kevinnadjarian/GitHub/Throttle/build/convergence-recovery-20260920/Throttle/Services/LocalWorkerRouter.swift (in target 'Throttle' from project 'Throttle')
    cd /Users/kevinnadjarian/GitHub/Throttle/build/convergence-recovery-20260920
    builtin-SwiftPerFileCompile LocalWorkerRouter.swift

SwiftDriverJobDiscovery normal arm64 Compiling TraycerQueries.swift, TraycerReadout.swift, TraycerReceiver.swift, TraycerStore.swift, TrialService.swift, UpdaterService.swift, UsageEvent.swift, UsageExtractor.swift, UsagePressure.swift, UsageSnapshot.swift, UsageSnapshotRow.swift, VectorStore.swift, VerifyConsent.swift, WaitingIntent.swift, WarningDetector.swift, WebNavigationPlanner.swift, WebRenderBridge.swift, WebRenderClient.swift, WebRenderer.swift, WebResearchCache.swift, WebURLPolicy.swift, WeekComparisonView.swift, WhatsNewService.swift, WhatsNewView.swift (in target 'Throttle' from project 'Throttle')

SwiftCompile normal arm64 Compiling\ AIOptimizerService.swift,\ AIProvider.swift,\ AIProviderRegistry.swift,\ AIRoutingWindowController.swift,\ AdjudicationSheet.swift,\ AgentRole.swift,\ AppDelegate+Launch.swift,\ AppDelegate+License.swift,\ AppDelegate+Observations.swift,\ AppDelegate+Termination.swift,\ AppDelegate+TestHost.swift,\ AppDelegate.swift,\ AppDelegateDeepLinks.swift,\ AppLogger.swift,\ AppSetting.swift,\ AppState+Mirror.swift,\ AppState.swift,\ AppleIntelligenceProvider.swift,\ AppleIntelligenceTools.swift,\ ApplyPatchesSheet.swift,\ AssistantPatchParser.swift,\ AssistantProjectTools.swift,\ AssistantTools.swift,\ AttemptHistory.swift,\ AutoRelaunchPolicy.swift /Users/kevinnadjarian/GitHub/Throttle/build/convergence-recovery-20260920/Throttle/Services/AIOptimizerService.swift /Users/kevinnadjarian/GitHub/Throttle/build/convergence-recovery-20260920/Throttle/Services/AIProvider.swift /Users/kevinnadjarian/GitHub/Throttle/build/convergence-recovery-20260920/Throttle/Services/AIProviderRegistry.swift /Users/kevinnadjarian/GitHub/Throttle/build/convergence-recovery-20260920/Throttle/UI/Cockpit/AIRoutingWindowController.swift /Users/kevinnadjarian/GitHub/Throttle/build/convergence-recovery-20260920/Throttle/UI/Cockpit/AdjudicationSheet.swift /Users/kevinnadjarian/GitHub/Throttle/build/convergence-recovery-20260920/Throttle/Services/AgentRole.swift /Users/kevinnadjarian/GitHub/Throttle/build/convergence-recovery-20260920/Throttle/AppDelegate+Launch.swift /Users/kevinnadjarian/GitHub/Throttle/build/convergence-recovery-20260920/Throttle/AppDelegate+License.swift /Users/kevinnadjarian/GitHub/Throttle/build/convergence-recovery-20260920/Throttle/AppDelegate+Observations.swift /Users/kevinnadjarian/GitHub/Throttle/build/convergence-recovery-20260920/Throttle/AppDelegate+Termination.swift /Users/kevinnadjarian/GitHub/Throttle/build/convergence-recovery-20260920/Throttle/AppDelegate+TestHost.swift /Users/kevinnadjarian/GitHub/Throttle/build/convergence-recovery-20260920/Throttle/AppDelegate.swift /Users/kevinnadjarian/GitHub/Throttle/build/convergence-recovery-20260920/Throttle/AppDelegateDeepLinks.swift /Users/kevinnadjarian/GitHub/Throttle/build/convergence-recovery-20260920/Throttle/Services/AppLogger.swift /Users/kevinnadjarian/GitHub/Throttle/build/convergence-recovery-20260920/Throttle/Models/AppSetting.swift /Users/kevinnadjarian/GitHub/Throttle/build/convergence-recovery-20260920/Throttle/State/AppState+Mirror.swift /Users/kevinnadjarian/GitHub/Throttle/build/convergence-recovery-20260920/Throttle/State/AppState.swift /Users/kevinnadjarian/GitHub/Throttle/build/convergence-recovery-20260920/Throttle/Services/AppleIntelligenceProvider.swift /Users/kevinnadjarian/GitHub/Throttle/build/convergence-recovery-20260920/Throttle/Services/AppleIntelligenceTools.swift /Users/kevinnadjarian/GitHub/Throttle/build/convergence-recovery-20260920/Throttle/UI/ProjectWindow/ApplyPatchesSheet.swift /Users/kevinnadjarian/GitHub/Throttle/build/convergence-recovery-20260920/Throttle/Services/AssistantPatchParser.swift /Users/kevinnadjarian/GitHub/Throttle/build/convergence-recovery-20260920/Throttle/Services/AssistantProjectTools.swift /Users/kevinnadjarian/GitHub/Throttle/build/convergence-recovery-20260920/Throttle/Services/AssistantTools.swift /Users/kevinnadjarian/GitHub/Throttle/build/convergence-recovery-20260920/Throttle/Services/AttemptHistory.swift /Users/kevinnadjarian/GitHub/Throttle/build/convergence-recovery-20260920/Throttle/Services/AutoRelaunchPolicy.swift (in target 'Throttle' from project 'Throttle')

SwiftCompile normal arm64 /Users/kevinnadjarian/GitHub/Throttle/build/convergence-recovery-20260920/Throttle/Services/AIOptimizerService.swift (in target 'Throttle' from project 'Throttle')
    cd /Users/kevinnadjarian/GitHub/Throttle/build/convergence-recovery-20260920
    builtin-SwiftPerFileCompile AIOptimizerService.swift

SwiftCompile normal arm64 /Users/kevinnadjarian/GitHub/Throttle/build/convergence-recovery-20260920/Throttle/Services/AIProvider.swift (in target 'Throttle' from project 'Throttle')
    cd /Users/kevinnadjarian/GitHub/Throttle/build/convergence-recovery-20260920
    builtin-SwiftPerFileCompile AIProvider.swift

SwiftCompile normal arm64 /Users/kevinnadjarian/GitHub/Throttle/build/convergence-recovery-20260920/Throttle/Services/AIProviderRegistry.swift (in target 'Throttle' from project 'Throttle')
    cd /Users/kevinnadjarian/GitHub/Throttle/build/convergence-recovery-20260920
    builtin-SwiftPerFileCompile AIProviderRegistry.swift

SwiftCompile normal arm64 /Users/kevinnadjarian/GitHub/Throttle/build/convergence-recovery-20260920/Throttle/UI/Cockpit/AIRoutingWindowController.swift (in target 'Throttle' from project 'Throttle')
    cd /Users/kevinnadjarian/GitHub/Throttle/build/convergence-recovery-20260920
    builtin-SwiftPerFileCompile AIRoutingWindowController.swift

SwiftCompile normal arm64 /Users/kevinnadjarian/GitHub/Throttle/build/convergence-recovery-20260920/Throttle/UI/Cockpit/AdjudicationSheet.swift (in target 'Throttle' from project 'Throttle')
    cd /Users/kevinnadjarian/GitHub/Throttle/build/convergence-recovery-20260920
    builtin-SwiftPerFileCompile AdjudicationSheet.swift

SwiftCompile normal arm64 /Users/kevinnadjarian/GitHub/Throttle/build/convergence-recovery-20260920/Throttle/Services/AgentRole.swift (in target 'Throttle' from project 'Throttle')
    cd /Users/kevinnadjarian/GitHub/Throttle/build/convergence-recovery-20260920
    builtin-SwiftPerFileCompile AgentRole.swift

SwiftCompile normal arm64 /Users/kevinnadjarian/GitHub/Throttle/build/convergence-recovery-20260920/Throttle/AppDelegate+Launch.swift (in target 'Throttle' from project 'Throttle')
    cd /Users/kevinnadjarian/GitHub/Throttle/build/convergence-recovery-20260920
    builtin-SwiftPerFileCompile AppDelegate+Launch.swift

SwiftCompile normal arm64 /Users/kevinnadjarian/GitHub/Throttle/build/convergence-recovery-20260920/Throttle/AppDelegate+License.swift (in target 'Throttle' from project 'Throttle')
    cd /Users/kevinnadjarian/GitHub/Throttle/build/convergence-recovery-20260920
    builtin-SwiftPerFileCompile AppDelegate+License.swift

SwiftCompile normal arm64 /Users/kevinnadjarian/GitHub/Throttle/build/convergence-recovery-20260920/Throttle/AppDelegate+Observations.swift (in target 'Throttle' from project 'Throttle')
    cd /Users/kevinnadjarian/GitHub/Throttle/build/convergence-recovery-20260920
    builtin-SwiftPerFileCompile AppDelegate+Observations.swift

SwiftCompile normal arm64 /Users/kevinnadjarian/GitHub/Throttle/build/convergence-recovery-20260920/Throttle/AppDelegate+Termination.swift (in target 'Throttle' from project 'Throttle')
    cd /Users/kevinnadjarian/GitHub/Throttle/build/convergence-recovery-20260920
    builtin-SwiftPerFileCompile AppDelegate+Termination.swift

SwiftCompile normal arm64 /Users/kevinnadjarian/GitHub/Throttle/build/convergence-recovery-20260920/Throttle/AppDelegate+TestHost.swift (in target 'Throttle' from project 'Throttle')
    cd /Users/kevinnadjarian/GitHub/Throttle/build/convergence-recovery-20260920
    builtin-SwiftPerFileCompile AppDelegate+TestHost.swift

SwiftCompile normal arm64 /Users/kevinnadjarian/GitHub/Throttle/build/convergence-recovery-20260920/Throttle/AppDelegate.swift (in target 'Throttle' from project 'Throttle')
    cd /Users/kevinnadjarian/GitHub/Throttle/build/convergence-recovery-20260920
    builtin-SwiftPerFileCompile AppDelegate.swift

SwiftCompile normal arm64 /Users/kevinnadjarian/GitHub/Throttle/build/convergence-recovery-20260920/Throttle/AppDelegateDeepLinks.swift (in target 'Throttle' from project 'Throttle')
    cd /Users/kevinnadjarian/GitHub/Throttle/build/convergence-recovery-20260920
    builtin-SwiftPerFileCompile AppDelegateDeepLinks.swift

SwiftCompile normal arm64 /Users/kevinnadjarian/GitHub/Throttle/build/convergence-recovery-20260920/Throttle/Services/AppLogger.swift (in target 'Throttle' from project 'Throttle')
    cd /Users/kevinnadjarian/GitHub/Throttle/build/convergence-recovery-20260920
    builtin-SwiftPerFileCompile AppLogger.swift

SwiftCompile normal arm64 /Users/kevinnadjarian/GitHub/Throttle/build/convergence-recovery-20260920/Throttle/Models/AppSetting.swift (in target 'Throttle' from project 'Throttle')
    cd /Users/kevinnadjarian/GitHub/Throttle/build/convergence-recovery-20260920
    builtin-SwiftPerFileCompile AppSetting.swift

SwiftCompile normal arm64 /Users/kevinnadjarian/GitHub/Throttle/build/convergence-recovery-20260920/Throttle/State/AppState+Mirror.swift (in target 'Throttle' from project 'Throttle')
    cd /Users/kevinnadjarian/GitHub/Throttle/build/convergence-recovery-20260920
    builtin-SwiftPerFileCompile AppState+Mirror.swift

SwiftCompile normal arm64 /Users/kevinnadjarian/GitHub/Throttle/build/convergence-recovery-20260920/Throttle/State/AppState.swift (in target 'Throttle' from project 'Throttle')
    cd /Users/kevinnadjarian/GitHub/Throttle/build/convergence-recovery-20260920
    builtin-SwiftPerFileCompile AppState.swift

SwiftCompile normal arm64 /Users/kevinnadjarian/GitHub/Throttle/build/convergence-recovery-20260920/Throttle/Services/AppleIntelligenceProvider.swift (in target 'Throttle' from project 'Throttle')
    cd /Users/kevinnadjarian/GitHub/Throttle/build/convergence-recovery-20260920
    builtin-SwiftPerFileCompile AppleIntelligenceProvider.swift

SwiftCompile normal arm64 /Users/kevinnadjarian/GitHub/Throttle/build/convergence-recovery-20260920/Throttle/Services/AppleIntelligenceTools.swift (in target 'Throttle' from project 'Throttle')
    cd /Users/kevinnadjarian/GitHub/Throttle/build/convergence-recovery-20260920
    builtin-SwiftPerFileCompile AppleIntelligenceTools.swift

SwiftCompile normal arm64 /Users/kevinnadjarian/GitHub/Throttle/build/convergence-recovery-20260920/Throttle/UI/ProjectWindow/ApplyPatchesSheet.swift (in target 'Throttle' from project 'Throttle')
    cd /Users/kevinnadjarian/GitHub/Throttle/build/convergence-recovery-20260920
    builtin-SwiftPerFileCompile ApplyPatchesSheet.swift

SwiftCompile normal arm64 /Users/kevinnadjarian/GitHub/Throttle/build/convergence-recovery-20260920/Throttle/Services/AssistantPatchParser.swift (in target 'Throttle' from project 'Throttle')
    cd /Users/kevinnadjarian/GitHub/Throttle/build/convergence-recovery-20260920
    builtin-SwiftPerFileCompile AssistantPatchParser.swift

SwiftCompile normal arm64 /Users/kevinnadjarian/GitHub/Throttle/build/convergence-recovery-20260920/Throttle/Services/AssistantProjectTools.swift (in target 'Throttle' from project 'Throttle')
    cd /Users/kevinnadjarian/GitHub/Throttle/build/convergence-recovery-20260920
    builtin-SwiftPerFileCompile AssistantProjectTools.swift

SwiftCompile normal arm64 /Users/kevinnadjarian/GitHub/Throttle/build/convergence-recovery-20260920/Throttle/Services/AssistantTools.swift (in target 'Throttle' from project 'Throttle')
    cd /Users/kevinnadjarian/GitHub/Throttle/build/convergence-recovery-20260920
    builtin-SwiftPerFileCompile AssistantTools.swift

SwiftCompile normal arm64 /Users/kevinnadjarian/GitHub/Throttle/build/convergence-recovery-20260920/Throttle/Services/AttemptHistory.swift (in target 'Throttle' from project 'Throttle')
    cd /Users/kevinnadjarian/GitHub/Throttle/build/convergence-recovery-20260920
    builtin-SwiftPerFileCompile AttemptHistory.swift

SwiftCompile normal arm64 /Users/kevinnadjarian/GitHub/Throttle/build/convergence-recovery-20260920/Throttle/Services/AutoRelaunchPolicy.swift (in target 'Throttle' from project 'Throttle')
    cd /Users/kevinnadjarian/GitHub/Throttle/build/convergence-recovery-20260920
    builtin-SwiftPerFileCompile AutoRelaunchPolicy.swift

SwiftDriverJobDiscovery normal arm64 Compiling LocalModelBenchService.swift, LocalWorkerRouter.swift (in target 'Throttle' from project 'Throttle')

SwiftCompile normal arm64 Compiling\ ResearchVaultWorkbenchView+Evidence.swift,\ ResearchVaultWorkbenchView+Intake.swift,\ ResearchVaultWorkbenchView+NotebookSync.swift,\ ResearchVaultWorkbenchView+Quarantine.swift,\ ResearchVaultWorkbenchView+Reasoning.swift,\ ResearchVaultWorkbenchView+Setup.swift,\ ResearchVaultWorkbenchView+Sidebar.swift,\ ResearchVaultWorkbenchView.swift,\ RetainedWindowPolicy.swift,\ RetentionService.swift,\ ReviewedPasteService.swift,\ RouterAdvisorService.swift,\ SOTASelfTest.swift,\ SafariBridge.swift,\ SavingsIngester.swift,\ SavingsLedgerView.swift,\ ScopedCapModel.swift,\ SemanticAutoIndexer.swift,\ SemanticCorpusStore.swift,\ SemanticIndex.swift,\ SessionFileParser.swift,\ SessionOffloadSheet.swift,\ SessionOffloadWindowController.swift,\ SessionProjectResolver.swift,\ SessionReentryDigest.swift /Users/kevinnadjarian/GitHub/Throttle/build/convergence-recovery-20260920/Throttle/UI/ResearchVault/ResearchVaultWorkbenchView+Evidence.swift /Users/kevinnadjarian/GitHub/Throttle/build/convergence-recovery-20260920/Throttle/UI/ResearchVault/ResearchVaultWorkbenchView+Intake.swift /Users/kevinnadjarian/GitHub/Throttle/build/convergence-recovery-20260920/Throttle/UI/ResearchVault/ResearchVaultWorkbenchView+NotebookSync.swift /Users/kevinnadjarian/GitHub/Throttle/build/convergence-recovery-20260920/Throttle/UI/ResearchVault/ResearchVaultWorkbenchView+Quarantine.swift /Users/kevinnadjarian/GitHub/Throttle/build/convergence-recovery-20260920/Throttle/UI/ResearchVault/ResearchVaultWorkbenchView+Reasoning.swift /Users/kevinnadjarian/GitHub/Throttle/build/convergence-recovery-20260920/Throttle/UI/ResearchVault/ResearchVaultWorkbenchView+Setup.swift /Users/kevinnadjarian/GitHub/Throttle/build/convergence-recovery-20260920/Throttle/UI/ResearchVault/ResearchVaultWorkbenchView+Sidebar.swift /Users/kevinnadjarian/GitHub/Throttle/build/convergence-recovery-20260920/Throttle/UI/ResearchVault/ResearchVaultWorkbenchView.swift /Users/kevinnadjarian/GitHub/Throttle/build/convergence-recovery-20260920/Throttle/UI/RetainedWindowPolicy.swift /Users/kevinnadjarian/GitHub/Throttle/build/convergence-recovery-20260920/Throttle/Services/RetentionService.swift /Users/kevinnadjarian/GitHub/Throttle/build/convergence-recovery-20260920/Throttle/Services/ReviewedPasteService.swift /Users/kevinnadjarian/GitHub/Throttle/build/convergence-recovery-20260920/Throttle/Services/RouterAdvisorService.swift /Users/kevinnadjarian/GitHub/Throttle/build/convergence-recovery-20260920/Throttle/Services/SOTASelfTest.swift /Users/kevinnadjarian/GitHub/Throttle/build/convergence-recovery-20260920/Throttle/Network/SafariBridge.swift /Users/kevinnadjarian/GitHub/Throttle/build/convergence-recovery-20260920/Throttle/DataLayer/SavingsIngester.swift /Users/kevinnadjarian/GitHub/Throttle/build/convergence-recovery-20260920/Throttle/UI/Cockpit/SavingsLedgerView.swift /Users/kevinnadjarian/GitHub/Throttle/build/convergence-recovery-20260920/Throttle/Services/ScopedCapModel.swift /Users/kevinnadjarian/GitHub/Throttle/build/convergence-recovery-20260920/Throttle/Services/SemanticAutoIndexer.swift /Users/kevinnadjarian/GitHub/Throttle/build/convergence-recovery-20260920/Throttle/Services/SemanticCorpusStore.swift /Users/kevinnadjarian/GitHub/Throttle/build/convergence-recovery-20260920/Throttle/Services/SemanticIndex.swift /Users/kevinnadjarian/GitHub/Throttle/build/convergence-recovery-20260920/Throttle/Parser/SessionFileParser.swift /Users/kevinnadjarian/GitHub/Throttle/build/convergence-recovery-20260920/Throttle/UI/MenuBar/SessionOffloadSheet.swift /Users/kevinnadjarian/GitHub/Throttle/build/convergence-recovery-20260920/Throttle/UI/MenuBar/SessionOffloadWindowController.swift /Users/kevinnadjarian/GitHub/Throttle/build/convergence-recovery-20260920/Throttle/Services/SessionProjectResolver.swift /Users/kevinnadjarian/GitHub/Throttle/build/convergence-recovery-20260920/Throttle/Services/SessionReentryDigest.swift (in target 'Throttle' from project 'Throttle')

SwiftCompile normal arm64 /Users/kevinnadjarian/GitHub/Throttle/build/convergence-recovery-20260920/Throttle/UI/ResearchVault/ResearchVaultWorkbenchView+Evidence.swift (in target 'Throttle' from project 'Throttle')
    cd /Users/kevinnadjarian/GitHub/Throttle/build/convergence-recovery-20260920
    builtin-SwiftPerFileCompile ResearchVaultWorkbenchView+Evidence.swift

SwiftCompile normal arm64 /Users/kevinnadjarian/GitHub/Throttle/build/convergence-recovery-20260920/Throttle/UI/ResearchVault/ResearchVaultWorkbenchView+Intake.swift (in target 'Throttle' from project 'Throttle')
    cd /Users/kevinnadjarian/GitHub/Throttle/build/convergence-recovery-20260920
    builtin-SwiftPerFileCompile ResearchVaultWorkbenchView+Intake.swift

SwiftCompile normal arm64 /Users/kevinnadjarian/GitHub/Throttle/build/convergence-recovery-20260920/Throttle/UI/ResearchVault/ResearchVaultWorkbenchView+NotebookSync.swift (in target 'Throttle' from project 'Throttle')
    cd /Users/kevinnadjarian/GitHub/Throttle/build/convergence-recovery-20260920
    builtin-SwiftPerFileCompile ResearchVaultWorkbenchView+NotebookSync.swift

SwiftCompile normal arm64 /Users/kevinnadjarian/GitHub/Throttle/build/convergence-recovery-20260920/Throttle/UI/ResearchVault/ResearchVaultWorkbenchView+Quarantine.swift (in target 'Throttle' from project 'Throttle')
    cd /Users/kevinnadjarian/GitHub/Throttle/build/convergence-recovery-20260920
    builtin-SwiftPerFileCompile ResearchVaultWorkbenchView+Quarantine.swift

SwiftCompile normal arm64 /Users/kevinnadjarian/GitHub/Throttle/build/convergence-recovery-20260920/Throttle/UI/ResearchVault/ResearchVaultWorkbenchView+Reasoning.swift (in target 'Throttle' from project 'Throttle')
    cd /Users/kevinnadjarian/GitHub/Throttle/build/convergence-recovery-20260920
    builtin-SwiftPerFileCompile ResearchVaultWorkbenchView+Reasoning.swift

SwiftCompile normal arm64 /Users/kevinnadjarian/GitHub/Throttle/build/convergence-recovery-20260920/Throttle/UI/ResearchVault/ResearchVaultWorkbenchView+Setup.swift (in target 'Throttle' from project 'Throttle')
    cd /Users/kevinnadjarian/GitHub/Throttle/build/convergence-recovery-20260920
    builtin-SwiftPerFileCompile ResearchVaultWorkbenchView+Setup.swift

SwiftCompile normal arm64 /Users/kevinnadjarian/GitHub/Throttle/build/convergence-recovery-20260920/Throttle/UI/ResearchVault/ResearchVaultWorkbenchView+Sidebar.swift (in target 'Throttle' from project 'Throttle')
    cd /Users/kevinnadjarian/GitHub/Throttle/build/convergence-recovery-20260920
    builtin-SwiftPerFileCompile ResearchVaultWorkbenchView+Sidebar.swift

SwiftCompile normal arm64 /Users/kevinnadjarian/GitHub/Throttle/build/convergence-recovery-20260920/Throttle/UI/ResearchVault/ResearchVaultWorkbenchView.swift (in target 'Throttle' from project 'Throttle')
    cd /Users/kevinnadjarian/GitHub/Throttle/build/convergence-recovery-20260920
    builtin-SwiftPerFileCompile ResearchVaultWorkbenchView.swift

SwiftCompile normal arm64 /Users/kevinnadjarian/GitHub/Throttle/build/convergence-recovery-20260920/Throttle/UI/RetainedWindowPolicy.swift (in target 'Throttle' from project 'Throttle')
    cd /Users/kevinnadjarian/GitHub/Throttle/build/convergence-recovery-20260920
    builtin-SwiftPerFileCompile RetainedWindowPolicy.swift

SwiftCompile normal arm64 /Users/kevinnadjarian/GitHub/Throttle/build/convergence-recovery-20260920/Throttle/Services/RetentionService.swift (in target 'Throttle' from project 'Throttle')
    cd /Users/kevinnadjarian/GitHub/Throttle/build/convergence-recovery-20260920
    builtin-SwiftPerFileCompile RetentionService.swift

SwiftCompile normal arm64 /Users/kevinnadjarian/GitHub/Throttle/build/convergence-recovery-20260920/Throttle/Services/ReviewedPasteService.swift (in target 'Throttle' from project 'Throttle')
    cd /Users/kevinnadjarian/GitHub/Throttle/build/convergence-recovery-20260920
    builtin-SwiftPerFileCompile ReviewedPasteService.swift

SwiftCompile normal arm64 /Users/kevinnadjarian/GitHub/Throttle/build/convergence-recovery-20260920/Throttle/Services/RouterAdvisorService.swift (in target 'Throttle' from project 'Throttle')
    cd /Users/kevinnadjarian/GitHub/Throttle/build/convergence-recovery-20260920
    builtin-SwiftPerFileCompile RouterAdvisorService.swift

SwiftCompile normal arm64 /Users/kevinnadjarian/GitHub/Throttle/build/convergence-recovery-20260920/Throttle/Services/SOTASelfTest.swift (in target 'Throttle' from project 'Throttle')
    cd /Users/kevinnadjarian/GitHub/Throttle/build/convergence-recovery-20260920
    builtin-SwiftPerFileCompile SOTASelfTest.swift

SwiftCompile normal arm64 /Users/kevinnadjarian/GitHub/Throttle/build/convergence-recovery-20260920/Throttle/Network/SafariBridge.swift (in target 'Throttle' from project 'Throttle')
    cd /Users/kevinnadjarian/GitHub/Throttle/build/convergence-recovery-20260920
    builtin-SwiftPerFileCompile SafariBridge.swift

SwiftCompile normal arm64 /Users/kevinnadjarian/GitHub/Throttle/build/convergence-recovery-20260920/Throttle/DataLayer/SavingsIngester.swift (in target 'Throttle' from project 'Throttle')
    cd /Users/kevinnadjarian/GitHub/Throttle/build/convergence-recovery-20260920
    builtin-SwiftPerFileCompile SavingsIngester.swift

SwiftCompile normal arm64 /Users/kevinnadjarian/GitHub/Throttle/build/convergence-recovery-20260920/Throttle/UI/Cockpit/SavingsLedgerView.swift (in target 'Throttle' from project 'Throttle')
    cd /Users/kevinnadjarian/GitHub/Throttle/build/convergence-recovery-20260920
    builtin-SwiftPerFileCompile SavingsLedgerView.swift

SwiftCompile normal arm64 /Users/kevinnadjarian/GitHub/Throttle/build/convergence-recovery-20260920/Throttle/Services/ScopedCapModel.swift (in target 'Throttle' from project 'Throttle')
    cd /Users/kevinnadjarian/GitHub/Throttle/build/convergence-recovery-20260920
    builtin-SwiftPerFileCompile ScopedCapModel.swift

SwiftCompile normal arm64 /Users/kevinnadjarian/GitHub/Throttle/build/convergence-recovery-20260920/Throttle/Services/SemanticAutoIndexer.swift (in target 'Throttle' from project 'Throttle')
    cd /Users/kevinnadjarian/GitHub/Throttle/build/convergence-recovery-20260920
    builtin-SwiftPerFileCompile SemanticAutoIndexer.swift

SwiftCompile normal arm64 /Users/kevinnadjarian/GitHub/Throttle/build/convergence-recovery-20260920/Throttle/Services/SemanticCorpusStore.swift (in target 'Throttle' from project 'Throttle')
    cd /Users/kevinnadjarian/GitHub/Throttle/build/convergence-recovery-20260920
    builtin-SwiftPerFileCompile SemanticCorpusStore.swift

SwiftCompile normal arm64 /Users/kevinnadjarian/GitHub/Throttle/build/convergence-recovery-20260920/Throttle/Services/SemanticIndex.swift (in target 'Throttle' from project 'Throttle')
    cd /Users/kevinnadjarian/GitHub/Throttle/build/convergence-recovery-20260920
    builtin-SwiftPerFileCompile SemanticIndex.swift

SwiftCompile normal arm64 /Users/kevinnadjarian/GitHub/Throttle/build/convergence-recovery-20260920/Throttle/Parser/SessionFileParser.swift (in target 'Throttle' from project 'Throttle')
    cd /Users/kevinnadjarian/GitHub/Throttle/build/convergence-recovery-20260920
    builtin-SwiftPerFileCompile SessionFileParser.swift

SwiftCompile normal arm64 /Users/kevinnadjarian/GitHub/Throttle/build/convergence-recovery-20260920/Throttle/UI/MenuBar/SessionOffloadSheet.swift (in target 'Throttle' from project 'Throttle')
    cd /Users/kevinnadjarian/GitHub/Throttle/build/convergence-recovery-20260920
    builtin-SwiftPerFileCompile SessionOffloadSheet.swift

SwiftCompile normal arm64 /Users/kevinnadjarian/GitHub/Throttle/build/convergence-recovery-20260920/Throttle/UI/MenuBar/SessionOffloadWindowController.swift (in target 'Throttle' from project 'Throttle')
    cd /Users/kevinnadjarian/GitHub/Throttle/build/convergence-recovery-20260920
    builtin-SwiftPerFileCompile SessionOffloadWindowController.swift

SwiftCompile normal arm64 /Users/kevinnadjarian/GitHub/Throttle/build/convergence-recovery-20260920/Throttle/Services/SessionProjectResolver.swift (in target 'Throttle' from project 'Throttle')
    cd /Users/kevinnadjarian/GitHub/Throttle/build/convergence-recovery-20260920
    builtin-SwiftPerFileCompile SessionProjectResolver.swift

SwiftCompile normal arm64 /Users/kevinnadjarian/GitHub/Throttle/build/convergence-recovery-20260920/Throttle/Services/SessionReentryDigest.swift (in target 'Throttle' from project 'Throttle')
    cd /Users/kevinnadjarian/GitHub/Throttle/build/convergence-recovery-20260920
    builtin-SwiftPerFileCompile SessionReentryDigest.swift

SwiftDriverJobDiscovery normal arm64 Compiling AutopilotService.swift, BashSandbox.swift, BrevityHookService.swift, BudgetAdmissionModels.swift, BudgetAdmissionStorage.swift, BudgetAdmissionStore.swift, CSVExporter.swift, CacheBreakEven.swift, CacheBustAnalyzer.swift, CacheHygieneService.swift, CaffeineService.swift, CalendarReminderService.swift, Calibration.swift, CalibrationEngine.swift, CapabilityHostService.swift, CcusageImporter.swift, ClaudeAPIKeyProtocol.swift, ClaudeAPIKeyProvider.swift, ClaudeAgentInventory.swift, ClaudeCodePathProvider.swift, ClaudeSetupService.swift, ClaudeSetupView.swift, ClaudeWebSessionProvider.swift, CloudKitPublisher.swift, CockpitAuditInspector.swift (in target 'Throttle' from project 'Throttle')

SwiftCompile normal arm64 Compiling\ PortfolioGraphView.swift,\ PortfolioMapService.swift,\ ProUpsellBanner.swift,\ ProductSignals.swift,\ ProjectAssistantTab.swift,\ ProjectFilesTab.swift,\ ProjectFlowView.swift,\ ProjectInfo.swift,\ ProjectInstructionDiscovery.swift,\ ProjectInstructionModel.swift,\ ProjectInstructionModels.swift,\ ProjectInstructionReconciler.swift,\ ProjectInstructionReviewView.swift,\ ProjectInstructionService.swift,\ ProjectIntakeService.swift,\ ProjectKnowledgeExplorer.swift,\ ProjectKnowledgeExplorerIO.swift,\ ProjectKnowledgeExplorerReceipt.swift,\ ProjectKnowledgeExplorerSearch.swift,\ ProjectKnowledgeMCP.swift,\ ProjectKnowledgeModels.swift,\ ProjectOptimizerTab.swift,\ ProjectOverviewProjection.swift,\ ProjectOverviewTab+Blocks.swift,\ ProjectOverviewTab+Parts.swift /Users/kevinnadjarian/GitHub/Throttle/build/convergence-recovery-20260920/Throttle/UI/Cockpit/PortfolioGraphView.swift /Users/kevinnadjarian/GitHub/Throttle/build/convergence-recovery-20260920/Throttle/Services/PortfolioMapService.swift /Users/kevinnadjarian/GitHub/Throttle/build/convergence-recovery-20260920/Throttle/UI/MenuBar/ProUpsellBanner.swift /Users/kevinnadjarian/GitHub/Throttle/build/convergence-recovery-20260920/Throttle/Services/ProductSignals.swift /Users/kevinnadjarian/GitHub/Throttle/build/convergence-recovery-20260920/Throttle/UI/ProjectWindow/ProjectAssistantTab.swift /Users/kevinnadjarian/GitHub/Throttle/build/convergence-recovery-20260920/Throttle/UI/ProjectWindow/ProjectFilesTab.swift /Users/kevinnadjarian/GitHub/Throttle/build/convergence-recovery-20260920/Throttle/UI/Cockpit/Navigation/ProjectFlowView.swift /Users/kevinnadjarian/GitHub/Throttle/build/convergence-recovery-20260920/Throttle/Models/ProjectInfo.swift /Users/kevinnadjarian/GitHub/Throttle/build/convergence-recovery-20260920/Throttle/Services/ProjectInstructionDiscovery.swift /Users/kevinnadjarian/GitHub/Throttle/build/convergence-recovery-20260920/Throttle/State/ProjectInstructionModel.swift /Users/kevinnadjarian/GitHub/Throttle/build/convergence-recovery-20260920/Throttle/Models/ProjectInstructionModels.swift /Users/kevinnadjarian/GitHub/Throttle/build/convergence-recovery-20260920/Throttle/Services/ProjectInstructionReconciler.swift /Users/kevinnadjarian/GitHub/Throttle/build/convergence-recovery-20260920/Throttle/UI/Cockpit/ProjectInstructionReviewView.swift /Users/kevinnadjarian/GitHub/Throttle/build/convergence-recovery-20260920/Throttle/Services/ProjectInstructionService.swift /Users/kevinnadjarian/GitHub/Throttle/build/convergence-recovery-20260920/Throttle/Services/ProjectIntakeService.swift /Users/kevinnadjarian/GitHub/Throttle/build/convergence-recovery-20260920/Throttle/Services/ProjectKnowledgeExplorer.swift /Users/kevinnadjarian/GitHub/Throttle/build/convergence-recovery-20260920/Throttle/Services/ProjectKnowledgeExplorerIO.swift /Users/kevinnadjarian/GitHub/Throttle/build/convergence-recovery-20260920/Throttle/Services/ProjectKnowledgeExplorerReceipt.swift /Users/kevinnadjarian/GitHub/Throttle/build/convergence-recovery-20260920/Throttle/Services/ProjectKnowledgeExplorerSearch.swift /Users/kevinnadjarian/GitHub/Throttle/build/convergence-recovery-20260920/Throttle/Services/ProjectKnowledgeMCP.swift /Users/kevinnadjarian/GitHub/Throttle/build/convergence-recovery-20260920/Throttle/Models/ProjectKnowledgeModels.swift /Users/kevinnadjarian/GitHub/Throttle/build/convergence-recovery-20260920/Throttle/UI/ProjectWindow/ProjectOptimizerTab.swift /Users/kevinnadjarian/GitHub/Throttle/build/convergence-recovery-20260920/Throttle/Services/ProjectOverviewProjection.swift /Users/kevinnadjarian/GitHub/Throttle/build/convergence-recovery-20260920/Throttle/UI/ProjectWindow/ProjectOverviewTab+Blocks.swift /Users/kevinnadjarian/GitHub/Throttle/build/convergence-recovery-20260920/Throttle/UI/ProjectWindow/ProjectOverviewTab+Parts.swift (in target 'Throttle' from project 'Throttle')

SwiftCompile normal arm64 /Users/kevinnadjarian/GitHub/Throttle/build/convergence-recovery-20260920/Throttle/UI/Cockpit/PortfolioGraphView.swift (in target 'Throttle' from project 'Throttle')
    cd /Users/kevinnadjarian/GitHub/Throttle/build/convergence-recovery-20260920
    builtin-SwiftPerFileCompile PortfolioGraphView.swift

SwiftCompile normal arm64 /Users/kevinnadjarian/GitHub/Throttle/build/convergence-recovery-20260920/Throttle/Services/PortfolioMapService.swift (in target 'Throttle' from project 'Throttle')
    cd /Users/kevinnadjarian/GitHub/Throttle/build/convergence-recovery-20260920
    builtin-SwiftPerFileCompile PortfolioMapService.swift

SwiftCompile normal arm64 /Users/kevinnadjarian/GitHub/Throttle/build/convergence-recovery-20260920/Throttle/UI/MenuBar/ProUpsellBanner.swift (in target 'Throttle' from project 'Throttle')
    cd /Users/kevinnadjarian/GitHub/Throttle/build/convergence-recovery-20260920
    builtin-SwiftPerFileCompile ProUpsellBanner.swift

SwiftCompile normal arm64 /Users/kevinnadjarian/GitHub/Throttle/build/convergence-recovery-20260920/Throttle/Services/ProductSignals.swift (in target 'Throttle' from project 'Throttle')
    cd /Users/kevinnadjarian/GitHub/Throttle/build/convergence-recovery-20260920
    builtin-SwiftPerFileCompile ProductSignals.swift

SwiftCompile normal arm64 /Users/kevinnadjarian/GitHub/Throttle/build/convergence-recovery-20260920/Throttle/UI/ProjectWindow/ProjectAssistantTab.swift (in target 'Throttle' from project 'Throttle')
    cd /Users/kevinnadjarian/GitHub/Throttle/build/convergence-recovery-20260920
    builtin-SwiftPerFileCompile ProjectAssistantTab.swift

SwiftCompile normal arm64 /Users/kevinnadjarian/GitHub/Throttle/build/convergence-recovery-20260920/Throttle/UI/ProjectWindow/ProjectFilesTab.swift (in target 'Throttle' from project 'Throttle')
    cd /Users/kevinnadjarian/GitHub/Throttle/build/convergence-recovery-20260920
    builtin-SwiftPerFileCompile ProjectFilesTab.swift

SwiftCompile normal arm64 /Users/kevinnadjarian/GitHub/Throttle/build/convergence-recovery-20260920/Throttle/UI/Cockpit/Navigation/ProjectFlowView.swift (in target 'Throttle' from project 'Throttle')
    cd /Users/kevinnadjarian/GitHub/Throttle/build/convergence-recovery-20260920
    builtin-SwiftPerFileCompile ProjectFlowView.swift

SwiftCompile normal arm64 /Users/kevinnadjarian/GitHub/Throttle/build/convergence-recovery-20260920/Throttle/Models/ProjectInfo.swift (in target 'Throttle' from project 'Throttle')
    cd /Users/kevinnadjarian/GitHub/Throttle/build/convergence-recovery-20260920
    builtin-SwiftPerFileCompile ProjectInfo.swift

SwiftCompile normal arm64 /Users/kevinnadjarian/GitHub/Throttle/build/convergence-recovery-20260920/Throttle/Services/ProjectInstructionDiscovery.swift (in target 'Throttle' from project 'Throttle')
    cd /Users/kevinnadjarian/GitHub/Throttle/build/convergence-recovery-20260920
    builtin-SwiftPerFileCompile ProjectInstructionDiscovery.swift

SwiftCompile normal arm64 /Users/kevinnadjarian/GitHub/Throttle/build/convergence-recovery-20260920/Throttle/State/ProjectInstructionModel.swift (in target 'Throttle' from project 'Throttle')
    cd /Users/kevinnadjarian/GitHub/Throttle/build/convergence-recovery-20260920
    builtin-SwiftPerFileCompile ProjectInstructionModel.swift

SwiftCompile normal arm64 /Users/kevinnadjarian/GitHub/Throttle/build/convergence-recovery-20260920/Throttle/Models/ProjectInstructionModels.swift (in target 'Throttle' from project 'Throttle')
    cd /Users/kevinnadjarian/GitHub/Throttle/build/convergence-recovery-20260920
    builtin-SwiftPerFileCompile ProjectInstructionModels.swift

SwiftCompile normal arm64 /Users/kevinnadjarian/GitHub/Throttle/build/convergence-recovery-20260920/Throttle/Services/ProjectInstructionReconciler.swift (in target 'Throttle' from project 'Throttle')
    cd /Users/kevinnadjarian/GitHub/Throttle/build/convergence-recovery-20260920
    builtin-SwiftPerFileCompile ProjectInstructionReconciler.swift

SwiftCompile normal arm64 /Users/kevinnadjarian/GitHub/Throttle/build/convergence-recovery-20260920/Throttle/UI/Cockpit/ProjectInstructionReviewView.swift (in target 'Throttle' from project 'Throttle')
    cd /Users/kevinnadjarian/GitHub/Throttle/build/convergence-recovery-20260920
    builtin-SwiftPerFileCompile ProjectInstructionReviewView.swift

SwiftCompile normal arm64 /Users/kevinnadjarian/GitHub/Throttle/build/convergence-recovery-20260920/Throttle/Services/ProjectInstructionService.swift (in target 'Throttle' from project 'Throttle')
    cd /Users/kevinnadjarian/GitHub/Throttle/build/convergence-recovery-20260920
    builtin-SwiftPerFileCompile ProjectInstructionService.swift

SwiftCompile normal arm64 /Users/kevinnadjarian/GitHub/Throttle/build/convergence-recovery-20260920/Throttle/Services/ProjectIntakeService.swift (in target 'Throttle' from project 'Throttle')
    cd /Users/kevinnadjarian/GitHub/Throttle/build/convergence-recovery-20260920
    builtin-SwiftPerFileCompile ProjectIntakeService.swift

SwiftCompile normal arm64 /Users/kevinnadjarian/GitHub/Throttle/build/convergence-recovery-20260920/Throttle/Services/ProjectKnowledgeExplorer.swift (in target 'Throttle' from project 'Throttle')
    cd /Users/kevinnadjarian/GitHub/Throttle/build/convergence-recovery-20260920
    builtin-SwiftPerFileCompile ProjectKnowledgeExplorer.swift

SwiftCompile normal arm64 /Users/kevinnadjarian/GitHub/Throttle/build/convergence-recovery-20260920/Throttle/Services/ProjectKnowledgeExplorerIO.swift (in target 'Throttle' from project 'Throttle')
    cd /Users/kevinnadjarian/GitHub/Throttle/build/convergence-recovery-20260920
    builtin-SwiftPerFileCompile ProjectKnowledgeExplorerIO.swift

SwiftCompile normal arm64 /Users/kevinnadjarian/GitHub/Throttle/build/convergence-recovery-20260920/Throttle/Services/ProjectKnowledgeExplorerReceipt.swift (in target 'Throttle' from project 'Throttle')
    cd /Users/kevinnadjarian/GitHub/Throttle/build/convergence-recovery-20260920
    builtin-SwiftPerFileCompile ProjectKnowledgeExplorerReceipt.swift

SwiftCompile normal arm64 /Users/kevinnadjarian/GitHub/Throttle/build/convergence-recovery-20260920/Throttle/Services/ProjectKnowledgeExplorerSearch.swift (in target 'Throttle' from project 'Throttle')
    cd /Users/kevinnadjarian/GitHub/Throttle/build/convergence-recovery-20260920
    builtin-SwiftPerFileCompile ProjectKnowledgeExplorerSearch.swift

SwiftCompile normal arm64 /Users/kevinnadjarian/GitHub/Throttle/build/convergence-recovery-20260920/Throttle/Services/ProjectKnowledgeMCP.swift (in target 'Throttle' from project 'Throttle')
    cd /Users/kevinnadjarian/GitHub/Throttle/build/convergence-recovery-20260920
    builtin-SwiftPerFileCompile ProjectKnowledgeMCP.swift

SwiftCompile normal arm64 /Users/kevinnadjarian/GitHub/Throttle/build/convergence-recovery-20260920/Throttle/Models/ProjectKnowledgeModels.swift (in target 'Throttle' from project 'Throttle')
    cd /Users/kevinnadjarian/GitHub/Throttle/build/convergence-recovery-20260920
    builtin-SwiftPerFileCompile ProjectKnowledgeModels.swift

SwiftCompile normal arm64 /Users/kevinnadjarian/GitHub/Throttle/build/convergence-recovery-20260920/Throttle/UI/ProjectWindow/ProjectOptimizerTab.swift (in target 'Throttle' from project 'Throttle')
    cd /Users/kevinnadjarian/GitHub/Throttle/build/convergence-recovery-20260920
    builtin-SwiftPerFileCompile ProjectOptimizerTab.swift

SwiftCompile normal arm64 /Users/kevinnadjarian/GitHub/Throttle/build/convergence-recovery-20260920/Throttle/Services/ProjectOverviewProjection.swift (in target 'Throttle' from project 'Throttle')
    cd /Users/kevinnadjarian/GitHub/Throttle/build/convergence-recovery-20260920
    builtin-SwiftPerFileCompile ProjectOverviewProjection.swift

SwiftCompile normal arm64 /Users/kevinnadjarian/GitHub/Throttle/build/convergence-recovery-20260920/Throttle/UI/ProjectWindow/ProjectOverviewTab+Blocks.swift (in target 'Throttle' from project 'Throttle')
    cd /Users/kevinnadjarian/GitHub/Throttle/build/convergence-recovery-20260920
    builtin-SwiftPerFileCompile ProjectOverviewTab+Blocks.swift

SwiftCompile normal arm64 /Users/kevinnadjarian/GitHub/Throttle/build/convergence-recovery-20260920/Throttle/UI/ProjectWindow/ProjectOverviewTab+Parts.swift (in target 'Throttle' from project 'Throttle')
    cd /Users/kevinnadjarian/GitHub/Throttle/build/convergence-recovery-20260920
    builtin-SwiftPerFileCompile ProjectOverviewTab+Parts.swift

SwiftDriverJobDiscovery normal arm64 Compiling AIOptimizerService.swift, AIProvider.swift, AIProviderRegistry.swift, AIRoutingWindowController.swift, AdjudicationSheet.swift, AgentRole.swift, AppDelegate+Launch.swift, AppDelegate+License.swift, AppDelegate+Observations.swift, AppDelegate+Termination.swift, AppDelegate+TestHost.swift, AppDelegate.swift, AppDelegateDeepLinks.swift, AppLogger.swift, AppSetting.swift, AppState+Mirror.swift, AppState.swift, AppleIntelligenceProvider.swift, AppleIntelligenceTools.swift, ApplyPatchesSheet.swift, AssistantPatchParser.swift, AssistantProjectTools.swift, AssistantTools.swift, AttemptHistory.swift, AutoRelaunchPolicy.swift (in target 'Throttle' from project 'Throttle')

SwiftCompile normal arm64 Compiling\ DiagnosticsPreviewView.swift,\ DiagnosticsPreviewWindowController.swift,\ DiffView.swift,\ DispatchAdvisor.swift,\ DispatchBudget.swift,\ DispatchModels.swift,\ DropdownDockKit.swift,\ DropdownSettingsComponents.swift,\ DropdownView+Bars.swift,\ DropdownView+Meter.swift,\ DropdownView+Navigation.swift,\ DropdownView+Preview.swift,\ DropdownView+Readout.swift,\ DropdownView.swift,\ DroppableTerminalView+ComposedText.swift,\ DroppableTerminalView.swift,\ EdgeDeployService.swift,\ EmbeddedClaudeSession+Navigation.swift,\ EmbeddedClaudeSession.swift,\ EmbeddedModelProvider.swift,\ EmbeddingProvider.swift,\ EvalReadout.swift,\ ExactModeMessage.swift,\ ExactModeService.swift,\ ExactSnapshot.swift /Users/kevinnadjarian/GitHub/Throttle/build/convergence-recovery-20260920/Throttle/UI/MenuBar/DiagnosticsPreviewView.swift /Users/kevinnadjarian/GitHub/Throttle/build/convergence-recovery-20260920/Throttle/UI/MenuBar/DiagnosticsPreviewWindowController.swift /Users/kevinnadjarian/GitHub/Throttle/build/convergence-recovery-20260920/Throttle/UI/Shared/DiffView.swift /Users/kevinnadjarian/GitHub/Throttle/build/convergence-recovery-20260920/Throttle/Services/DispatchAdvisor.swift /Users/kevinnadjarian/GitHub/Throttle/build/convergence-recovery-20260920/Throttle/Services/DispatchBudget.swift /Users/kevinnadjarian/GitHub/Throttle/build/convergence-recovery-20260920/Throttle/Models/DispatchModels.swift /Users/kevinnadjarian/GitHub/Throttle/build/convergence-recovery-20260920/Throttle/UI/MenuBar/DropdownDockKit.swift /Users/kevinnadjarian/GitHub/Throttle/build/convergence-recovery-20260920/Throttle/UI/MenuBar/DropdownSettingsComponents.swift /Users/kevinnadjarian/GitHub/Throttle/build/convergence-recovery-20260920/Throttle/UI/MenuBar/DropdownView+Bars.swift /Users/kevinnadjarian/GitHub/Throttle/build/convergence-recovery-20260920/Throttle/UI/MenuBar/DropdownView+Meter.swift /Users/kevinnadjarian/GitHub/Throttle/build/convergence-recovery-20260920/Throttle/UI/MenuBar/DropdownView+Navigation.swift /Users/kevinnadjarian/GitHub/Throttle/build/convergence-recovery-20260920/Throttle/UI/MenuBar/DropdownView+Preview.swift /Users/kevinnadjarian/GitHub/Throttle/build/convergence-recovery-20260920/Throttle/UI/MenuBar/DropdownView+Readout.swift /Users/kevinnadjarian/GitHub/Throttle/build/convergence-recovery-20260920/Throttle/UI/MenuBar/DropdownView.swift /Users/kevinnadjarian/GitHub/Throttle/build/convergence-recovery-20260920/Throttle/UI/Cockpit/DroppableTerminalView+ComposedText.swift /Users/kevinnadjarian/GitHub/Throttle/build/convergence-recovery-20260920/Throttle/UI/Cockpit/DroppableTerminalView.swift /Users/kevinnadjarian/GitHub/Throttle/build/convergence-recovery-20260920/Throttle/Services/EdgeDeployService.swift /Users/kevinnadjarian/GitHub/Throttle/build/convergence-recovery-20260920/Throttle/Network/EmbeddedClaudeSession+Navigation.swift /Users/kevinnadjarian/GitHub/Throttle/build/convergence-recovery-20260920/Throttle/Network/EmbeddedClaudeSession.swift /Users/kevinnadjarian/GitHub/Throttle/build/convergence-recovery-20260920/Throttle/Services/EmbeddedModelProvider.swift /Users/kevinnadjarian/GitHub/Throttle/build/convergence-recovery-20260920/Throttle/Services/EmbeddingProvider.swift /Users/kevinnadjarian/GitHub/Throttle/build/convergence-recovery-20260920/Throttle/UI/ProjectWindow/EvalReadout.swift /Users/kevinnadjarian/GitHub/Throttle/build/convergence-recovery-20260920/Throttle/UI/MenuBar/ExactModeMessage.swift /Users/kevinnadjarian/GitHub/Throttle/build/convergence-recovery-20260920/Throttle/Network/ExactModeService.swift /Users/kevinnadjarian/GitHub/Throttle/build/convergence-recovery-20260920/Throttle/State/ExactSnapshot.swift (in target 'Throttle' from project 'Throttle')

SwiftCompile normal arm64 /Users/kevinnadjarian/GitHub/Throttle/build/convergence-recovery-20260920/Throttle/UI/MenuBar/DiagnosticsPreviewView.swift (in target 'Throttle' from project 'Throttle')
    cd /Users/kevinnadjarian/GitHub/Throttle/build/convergence-recovery-20260920
    builtin-SwiftPerFileCompile DiagnosticsPreviewView.swift

SwiftCompile normal arm64 /Users/kevinnadjarian/GitHub/Throttle/build/convergence-recovery-20260920/Throttle/UI/MenuBar/DiagnosticsPreviewWindowController.swift (in target 'Throttle' from project 'Throttle')
    cd /Users/kevinnadjarian/GitHub/Throttle/build/convergence-recovery-20260920
    builtin-SwiftPerFileCompile DiagnosticsPreviewWindowController.swift

SwiftCompile normal arm64 /Users/kevinnadjarian/GitHub/Throttle/build/convergence-recovery-20260920/Throttle/UI/Shared/DiffView.swift (in target 'Throttle' from project 'Throttle')
    cd /Users/kevinnadjarian/GitHub/Throttle/build/convergence-recovery-20260920
    builtin-SwiftPerFileCompile DiffView.swift

SwiftCompile normal arm64 /Users/kevinnadjarian/GitHub/Throttle/build/convergence-recovery-20260920/Throttle/Services/DispatchAdvisor.swift (in target 'Throttle' from project 'Throttle')
    cd /Users/kevinnadjarian/GitHub/Throttle/build/convergence-recovery-20260920
    builtin-SwiftPerFileCompile DispatchAdvisor.swift

SwiftCompile normal arm64 /Users/kevinnadjarian/GitHub/Throttle/build/convergence-recovery-20260920/Throttle/Services/DispatchBudget.swift (in target 'Throttle' from project 'Throttle')
    cd /Users/kevinnadjarian/GitHub/Throttle/build/convergence-recovery-20260920
    builtin-SwiftPerFileCompile DispatchBudget.swift

SwiftCompile normal arm64 /Users/kevinnadjarian/GitHub/Throttle/build/convergence-recovery-20260920/Throttle/Models/DispatchModels.swift (in target 'Throttle' from project 'Throttle')
    cd /Users/kevinnadjarian/GitHub/Throttle/build/convergence-recovery-20260920
    builtin-SwiftPerFileCompile DispatchModels.swift

SwiftCompile normal arm64 /Users/kevinnadjarian/GitHub/Throttle/build/convergence-recovery-20260920/Throttle/UI/MenuBar/DropdownDockKit.swift (in target 'Throttle' from project 'Throttle')
    cd /Users/kevinnadjarian/GitHub/Throttle/build/convergence-recovery-20260920
    builtin-SwiftPerFileCompile DropdownDockKit.swift

SwiftCompile normal arm64 /Users/kevinnadjarian/GitHub/Throttle/build/convergence-recovery-20260920/Throttle/UI/MenuBar/DropdownSettingsComponents.swift (in target 'Throttle' from project 'Throttle')
    cd /Users/kevinnadjarian/GitHub/Throttle/build/convergence-recovery-20260920
    builtin-SwiftPerFileCompile DropdownSettingsComponents.swift

SwiftCompile normal arm64 /Users/kevinnadjarian/GitHub/Throttle/build/convergence-recovery-20260920/Throttle/UI/MenuBar/DropdownView+Bars.swift (in target 'Throttle' from project 'Throttle')
    cd /Users/kevinnadjarian/GitHub/Throttle/build/convergence-recovery-20260920
    builtin-SwiftPerFileCompile DropdownView+Bars.swift

SwiftCompile normal arm64 /Users/kevinnadjarian/GitHub/Throttle/build/convergence-recovery-20260920/Throttle/UI/MenuBar/DropdownView+Meter.swift (in target 'Throttle' from project 'Throttle')
    cd /Users/kevinnadjarian/GitHub/Throttle/build/convergence-recovery-20260920
    builtin-SwiftPerFileCompile DropdownView+Meter.swift

SwiftCompile normal arm64 /Users/kevinnadjarian/GitHub/Throttle/build/convergence-recovery-20260920/Throttle/UI/MenuBar/DropdownView+Navigation.swift (in target 'Throttle' from project 'Throttle')
    cd /Users/kevinnadjarian/GitHub/Throttle/build/convergence-recovery-20260920
    builtin-SwiftPerFileCompile DropdownView+Navigation.swift

SwiftCompile normal arm64 /Users/kevinnadjarian/GitHub/Throttle/build/convergence-recovery-20260920/Throttle/UI/MenuBar/DropdownView+Preview.swift (in target 'Throttle' from project 'Throttle')
    cd /Users/kevinnadjarian/GitHub/Throttle/build/convergence-recovery-20260920
    builtin-SwiftPerFileCompile DropdownView+Preview.swift

SwiftCompile normal arm64 /Users/kevinnadjarian/GitHub/Throttle/build/convergence-recovery-20260920/Throttle/UI/MenuBar/DropdownView+Readout.swift (in target 'Throttle' from project 'Throttle')
    cd /Users/kevinnadjarian/GitHub/Throttle/build/convergence-recovery-20260920
    builtin-SwiftPerFileCompile DropdownView+Readout.swift

SwiftCompile normal arm64 /Users/kevinnadjarian/GitHub/Throttle/build/convergence-recovery-20260920/Throttle/UI/MenuBar/DropdownView.swift (in target 'Throttle' from project 'Throttle')
    cd /Users/kevinnadjarian/GitHub/Throttle/build/convergence-recovery-20260920
    builtin-SwiftPerFileCompile DropdownView.swift

SwiftCompile normal arm64 /Users/kevinnadjarian/GitHub/Throttle/build/convergence-recovery-20260920/Throttle/UI/Cockpit/DroppableTerminalView+ComposedText.swift (in target 'Throttle' from project 'Throttle')
    cd /Users/kevinnadjarian/GitHub/Throttle/build/convergence-recovery-20260920
    builtin-SwiftPerFileCompile DroppableTerminalView+ComposedText.swift

SwiftCompile normal arm64 /Users/kevinnadjarian/GitHub/Throttle/build/convergence-recovery-20260920/Throttle/UI/Cockpit/DroppableTerminalView.swift (in target 'Throttle' from project 'Throttle')
    cd /Users/kevinnadjarian/GitHub/Throttle/build/convergence-recovery-20260920
    builtin-SwiftPerFileCompile DroppableTerminalView.swift

SwiftCompile normal arm64 /Users/kevinnadjarian/GitHub/Throttle/build/convergence-recovery-20260920/Throttle/Services/EdgeDeployService.swift (in target 'Throttle' from project 'Throttle')
    cd /Users/kevinnadjarian/GitHub/Throttle/build/convergence-recovery-20260920
    builtin-SwiftPerFileCompile EdgeDeployService.swift

SwiftCompile normal arm64 /Users/kevinnadjarian/GitHub/Throttle/build/convergence-recovery-20260920/Throttle/Network/EmbeddedClaudeSession+Navigation.swift (in target 'Throttle' from project 'Throttle')
    cd /Users/kevinnadjarian/GitHub/Throttle/build/convergence-recovery-20260920
    builtin-SwiftPerFileCompile EmbeddedClaudeSession+Navigation.swift

SwiftCompile normal arm64 /Users/kevinnadjarian/GitHub/Throttle/build/convergence-recovery-20260920/Throttle/Network/EmbeddedClaudeSession.swift (in target 'Throttle' from project 'Throttle')
    cd /Users/kevinnadjarian/GitHub/Throttle/build/convergence-recovery-20260920
    builtin-SwiftPerFileCompile EmbeddedClaudeSession.swift

SwiftCompile normal arm64 /Users/kevinnadjarian/GitHub/Throttle/build/convergence-recovery-20260920/Throttle/Services/EmbeddedModelProvider.swift (in target 'Throttle' from project 'Throttle')
    cd /Users/kevinnadjarian/GitHub/Throttle/build/convergence-recovery-20260920
    builtin-SwiftPerFileCompile EmbeddedModelProvider.swift

SwiftCompile normal arm64 /Users/kevinnadjarian/GitHub/Throttle/build/convergence-recovery-20260920/Throttle/Services/EmbeddingProvider.swift (in target 'Throttle' from project 'Throttle')
    cd /Users/kevinnadjarian/GitHub/Throttle/build/convergence-recovery-20260920
    builtin-SwiftPerFileCompile EmbeddingProvider.swift

SwiftCompile normal arm64 /Users/kevinnadjarian/GitHub/Throttle/build/convergence-recovery-20260920/Throttle/UI/ProjectWindow/EvalReadout.swift (in target 'Throttle' from project 'Throttle')
    cd /Users/kevinnadjarian/GitHub/Throttle/build/convergence-recovery-20260920
    builtin-SwiftPerFileCompile EvalReadout.swift

SwiftCompile normal arm64 /Users/kevinnadjarian/GitHub/Throttle/build/convergence-recovery-20260920/Throttle/UI/MenuBar/ExactModeMessage.swift (in target 'Throttle' from project 'Throttle')
    cd /Users/kevinnadjarian/GitHub/Throttle/build/convergence-recovery-20260920
    builtin-SwiftPerFileCompile ExactModeMessage.swift

SwiftCompile normal arm64 /Users/kevinnadjarian/GitHub/Throttle/build/convergence-recovery-20260920/Throttle/Network/ExactModeService.swift (in target 'Throttle' from project 'Throttle')
    cd /Users/kevinnadjarian/GitHub/Throttle/build/convergence-recovery-20260920
    builtin-SwiftPerFileCompile ExactModeService.swift

SwiftCompile normal arm64 /Users/kevinnadjarian/GitHub/Throttle/build/convergence-recovery-20260920/Throttle/State/ExactSnapshot.swift (in target 'Throttle' from project 'Throttle')
    cd /Users/kevinnadjarian/GitHub/Throttle/build/convergence-recovery-20260920
    builtin-SwiftPerFileCompile ExactSnapshot.swift

SwiftDriverJobDiscovery normal arm64 Compiling ResearchVaultWorkbenchView+Evidence.swift, ResearchVaultWorkbenchView+Intake.swift, ResearchVaultWorkbenchView+NotebookSync.swift, ResearchVaultWorkbenchView+Quarantine.swift, ResearchVaultWorkbenchView+Reasoning.swift, ResearchVaultWorkbenchView+Setup.swift, ResearchVaultWorkbenchView+Sidebar.swift, ResearchVaultWorkbenchView.swift, RetainedWindowPolicy.swift, RetentionService.swift, ReviewedPasteService.swift, RouterAdvisorService.swift, SOTASelfTest.swift, SafariBridge.swift, SavingsIngester.swift, SavingsLedgerView.swift, ScopedCapModel.swift, SemanticAutoIndexer.swift, SemanticCorpusStore.swift, SemanticIndex.swift, SessionFileParser.swift, SessionOffloadSheet.swift, SessionOffloadWindowController.swift, SessionProjectResolver.swift, SessionReentryDigest.swift (in target 'Throttle' from project 'Throttle')

SwiftCompile normal arm64 Compiling\ LocalAuditEngine.swift,\ LocalDelegationService.swift /Users/kevinnadjarian/GitHub/Throttle/build/convergence-recovery-20260920/Throttle/Services/LocalAuditEngine.swift /Users/kevinnadjarian/GitHub/Throttle/build/convergence-recovery-20260920/Throttle/Services/LocalDelegationService.swift (in target 'Throttle' from project 'Throttle')

SwiftCompile normal arm64 /Users/kevinnadjarian/GitHub/Throttle/build/convergence-recovery-20260920/Throttle/Services/LocalAuditEngine.swift (in target 'Throttle' from project 'Throttle')
    cd /Users/kevinnadjarian/GitHub/Throttle/build/convergence-recovery-20260920
    builtin-SwiftPerFileCompile LocalAuditEngine.swift

SwiftCompile normal arm64 /Users/kevinnadjarian/GitHub/Throttle/build/convergence-recovery-20260920/Throttle/Services/LocalDelegationService.swift (in target 'Throttle' from project 'Throttle')
    cd /Users/kevinnadjarian/GitHub/Throttle/build/convergence-recovery-20260920
    builtin-SwiftPerFileCompile LocalDelegationService.swift

SwiftDriverJobDiscovery normal arm64 Compiling PortfolioGraphView.swift, PortfolioMapService.swift, ProUpsellBanner.swift, ProductSignals.swift, ProjectAssistantTab.swift, ProjectFilesTab.swift, ProjectFlowView.swift, ProjectInfo.swift, ProjectInstructionDiscovery.swift, ProjectInstructionModel.swift, ProjectInstructionModels.swift, ProjectInstructionReconciler.swift, ProjectInstructionReviewView.swift, ProjectInstructionService.swift, ProjectIntakeService.swift, ProjectKnowledgeExplorer.swift, ProjectKnowledgeExplorerIO.swift, ProjectKnowledgeExplorerReceipt.swift, ProjectKnowledgeExplorerSearch.swift, ProjectKnowledgeMCP.swift, ProjectKnowledgeModels.swift, ProjectOptimizerTab.swift, ProjectOverviewProjection.swift, ProjectOverviewTab+Blocks.swift, ProjectOverviewTab+Parts.swift (in target 'Throttle' from project 'Throttle')

SwiftCompile normal arm64 Compiling\ LocalCandidateService.swift /Users/kevinnadjarian/GitHub/Throttle/build/convergence-recovery-20260920/Throttle/Services/LocalCandidateService.swift (in target 'Throttle' from project 'Throttle')

SwiftCompile normal arm64 /Users/kevinnadjarian/GitHub/Throttle/build/convergence-recovery-20260920/Throttle/Services/LocalCandidateService.swift (in target 'Throttle' from project 'Throttle')
    cd /Users/kevinnadjarian/GitHub/Throttle/build/convergence-recovery-20260920
    builtin-SwiftPerFileCompile LocalCandidateService.swift

SwiftDriverJobDiscovery normal arm64 Compiling LocalAuditEngine.swift, LocalDelegationService.swift (in target 'Throttle' from project 'Throttle')

SwiftCompile normal arm64 Compiling\ RemoteTransferReservation.swift,\ RemoteTransferReturn.swift,\ RemoteTransferTranscript.swift,\ RepoIndexer.swift,\ ResearchDossier.swift,\ ResearchDossierStore.swift,\ ResearchVaultFolderSourceStore.swift,\ ResearchVaultInboxBookmarkStore.swift,\ ResearchVaultNotebookSync.swift,\ ResearchVaultServiceManager.swift,\ ResearchVaultStandingText.swift,\ ResearchVaultSynthesisProvider.swift,\ ResearchVaultURLIntake.swift,\ ResearchVaultWorkbenchModel+AutoLibrary.swift,\ ResearchVaultWorkbenchModel+Folders.swift,\ ResearchVaultWorkbenchModel+Imports.swift,\ ResearchVaultWorkbenchModel+NotebookLM.swift,\ ResearchVaultWorkbenchModel+Reasoning.swift,\ ResearchVaultWorkbenchModel+Search.swift,\ ResearchVaultWorkbenchModel+Spaces.swift,\ ResearchVaultWorkbenchModel.swift,\ ResearchVaultWorkbenchProjection.swift,\ ResearchVaultWorkbenchSupport.swift,\ ResearchVaultWorkbenchView+Chrome.swift,\ ResearchVaultWorkbenchView+Claims.swift /Users/kevinnadjarian/GitHub/Throttle/build/convergence-recovery-20260920/Throttle/Services/RemoteTransferReservation.swift /Users/kevinnadjarian/GitHub/Throttle/build/convergence-recovery-20260920/Throttle/Services/RemoteTransferReturn.swift /Users/kevinnadjarian/GitHub/Throttle/build/convergence-recovery-20260920/Throttle/Services/RemoteTransferTranscript.swift /Users/kevinnadjarian/GitHub/Throttle/build/convergence-recovery-20260920/Throttle/Services/RepoIndexer.swift /Users/kevinnadjarian/GitHub/Throttle/build/convergence-recovery-20260920/Throttle/Models/ResearchDossier.swift /Users/kevinnadjarian/GitHub/Throttle/build/convergence-recovery-20260920/Throttle/Services/ResearchDossierStore.swift /Users/kevinnadjarian/GitHub/Throttle/build/convergence-recovery-20260920/Throttle/Services/ResearchVaultFolderSourceStore.swift /Users/kevinnadjarian/GitHub/Throttle/build/convergence-recovery-20260920/Throttle/Services/ResearchVaultInboxBookmarkStore.swift /Users/kevinnadjarian/GitHub/Throttle/build/convergence-recovery-20260920/Throttle/UI/ResearchVault/ResearchVaultNotebookSync.swift /Users/kevinnadjarian/GitHub/Throttle/build/convergence-recovery-20260920/Throttle/Services/ResearchVaultServiceManager.swift /Users/kevinnadjarian/GitHub/Throttle/build/convergence-recovery-20260920/Throttle/UI/ResearchVault/ResearchVaultStandingText.swift /Users/kevinnadjarian/GitHub/Throttle/build/convergence-recovery-20260920/Throttle/Services/ResearchVaultSynthesisProvider.swift /Users/kevinnadjarian/GitHub/Throttle/build/convergence-recovery-20260920/Throttle/Services/ResearchVaultURLIntake.swift /Users/kevinnadjarian/GitHub/Throttle/build/convergence-recovery-20260920/Throttle/UI/ResearchVault/ResearchVaultWorkbenchModel+AutoLibrary.swift /Users/kevinnadjarian/GitHub/Throttle/build/convergence-recovery-20260920/Throttle/UI/ResearchVault/ResearchVaultWorkbenchModel+Folders.swift /Users/kevinnadjarian/GitHub/Throttle/build/convergence-recovery-20260920/Throttle/UI/ResearchVault/ResearchVaultWorkbenchModel+Imports.swift /Users/kevinnadjarian/GitHub/Throttle/build/convergence-recovery-20260920/Throttle/UI/ResearchVault/ResearchVaultWorkbenchModel+NotebookLM.swift /Users/kevinnadjarian/GitHub/Throttle/build/convergence-recovery-20260920/Throttle/UI/ResearchVault/ResearchVaultWorkbenchModel+Reasoning.swift /Users/kevinnadjarian/GitHub/Throttle/build/convergence-recovery-20260920/Throttle/UI/ResearchVault/ResearchVaultWorkbenchModel+Search.swift /Users/kevinnadjarian/GitHub/Throttle/build/convergence-recovery-20260920/Throttle/UI/ResearchVault/ResearchVaultWorkbenchModel+Spaces.swift /Users/kevinnadjarian/GitHub/Throttle/build/convergence-recovery-20260920/Throttle/UI/ResearchVault/ResearchVaultWorkbenchModel.swift /Users/kevinnadjarian/GitHub/Throttle/build/convergence-recovery-20260920/Throttle/UI/ResearchVault/ResearchVaultWorkbenchProjection.swift /Users/kevinnadjarian/GitHub/Throttle/build/convergence-recovery-20260920/Throttle/UI/ResearchVault/ResearchVaultWorkbenchSupport.swift /Users/kevinnadjarian/GitHub/Throttle/build/convergence-recovery-20260920/Throttle/UI/ResearchVault/ResearchVaultWorkbenchView+Chrome.swift /Users/kevinnadjarian/GitHub/Throttle/build/convergence-recovery-20260920/Throttle/UI/ResearchVault/ResearchVaultWorkbenchView+Claims.swift (in target 'Throttle' from project 'Throttle')

SwiftCompile normal arm64 /Users/kevinnadjarian/GitHub/Throttle/build/convergence-recovery-20260920/Throttle/Services/RemoteTransferReservation.swift (in target 'Throttle' from project 'Throttle')
    cd /Users/kevinnadjarian/GitHub/Throttle/build/convergence-recovery-20260920
    builtin-SwiftPerFileCompile RemoteTransferReservation.swift

SwiftCompile normal arm64 /Users/kevinnadjarian/GitHub/Throttle/build/convergence-recovery-20260920/Throttle/Services/RemoteTransferReturn.swift (in target 'Throttle' from project 'Throttle')
    cd /Users/kevinnadjarian/GitHub/Throttle/build/convergence-recovery-20260920
    builtin-SwiftPerFileCompile RemoteTransferReturn.swift

SwiftCompile normal arm64 /Users/kevinnadjarian/GitHub/Throttle/build/convergence-recovery-20260920/Throttle/Services/RemoteTransferTranscript.swift (in target 'Throttle' from project 'Throttle')
    cd /Users/kevinnadjarian/GitHub/Throttle/build/convergence-recovery-20260920
    builtin-SwiftPerFileCompile RemoteTransferTranscript.swift

SwiftCompile normal arm64 /Users/kevinnadjarian/GitHub/Throttle/build/convergence-recovery-20260920/Throttle/Services/RepoIndexer.swift (in target 'Throttle' from project 'Throttle')
    cd /Users/kevinnadjarian/GitHub/Throttle/build/convergence-recovery-20260920
    builtin-SwiftPerFileCompile RepoIndexer.swift

SwiftCompile normal arm64 /Users/kevinnadjarian/GitHub/Throttle/build/convergence-recovery-20260920/Throttle/Models/ResearchDossier.swift (in target 'Throttle' from project 'Throttle')
    cd /Users/kevinnadjarian/GitHub/Throttle/build/convergence-recovery-20260920
    builtin-SwiftPerFileCompile ResearchDossier.swift

SwiftCompile normal arm64 /Users/kevinnadjarian/GitHub/Throttle/build/convergence-recovery-20260920/Throttle/Services/ResearchDossierStore.swift (in target 'Throttle' from project 'Throttle')
    cd /Users/kevinnadjarian/GitHub/Throttle/build/convergence-recovery-20260920
    builtin-SwiftPerFileCompile ResearchDossierStore.swift

SwiftCompile normal arm64 /Users/kevinnadjarian/GitHub/Throttle/build/convergence-recovery-20260920/Throttle/Services/ResearchVaultFolderSourceStore.swift (in target 'Throttle' from project 'Throttle')
    cd /Users/kevinnadjarian/GitHub/Throttle/build/convergence-recovery-20260920
    builtin-SwiftPerFileCompile ResearchVaultFolderSourceStore.swift

SwiftCompile normal arm64 /Users/kevinnadjarian/GitHub/Throttle/build/convergence-recovery-20260920/Throttle/Services/ResearchVaultInboxBookmarkStore.swift (in target 'Throttle' from project 'Throttle')
    cd /Users/kevinnadjarian/GitHub/Throttle/build/convergence-recovery-20260920
    builtin-SwiftPerFileCompile ResearchVaultInboxBookmarkStore.swift

SwiftCompile normal arm64 /Users/kevinnadjarian/GitHub/Throttle/build/convergence-recovery-20260920/Throttle/UI/ResearchVault/ResearchVaultNotebookSync.swift (in target 'Throttle' from project 'Throttle')
    cd /Users/kevinnadjarian/GitHub/Throttle/build/convergence-recovery-20260920
    builtin-SwiftPerFileCompile ResearchVaultNotebookSync.swift

SwiftCompile normal arm64 /Users/kevinnadjarian/GitHub/Throttle/build/convergence-recovery-20260920/Throttle/Services/ResearchVaultServiceManager.swift (in target 'Throttle' from project 'Throttle')
    cd /Users/kevinnadjarian/GitHub/Throttle/build/convergence-recovery-20260920
    builtin-SwiftPerFileCompile ResearchVaultServiceManager.swift

SwiftCompile normal arm64 /Users/kevinnadjarian/GitHub/Throttle/build/convergence-recovery-20260920/Throttle/UI/ResearchVault/ResearchVaultStandingText.swift (in target 'Throttle' from project 'Throttle')
    cd /Users/kevinnadjarian/GitHub/Throttle/build/convergence-recovery-20260920
    builtin-SwiftPerFileCompile ResearchVaultStandingText.swift

SwiftCompile normal arm64 /Users/kevinnadjarian/GitHub/Throttle/build/convergence-recovery-20260920/Throttle/Services/ResearchVaultSynthesisProvider.swift (in target 'Throttle' from project 'Throttle')
    cd /Users/kevinnadjarian/GitHub/Throttle/build/convergence-recovery-20260920
    builtin-SwiftPerFileCompile ResearchVaultSynthesisProvider.swift

SwiftCompile normal arm64 /Users/kevinnadjarian/GitHub/Throttle/build/convergence-recovery-20260920/Throttle/Services/ResearchVaultURLIntake.swift (in target 'Throttle' from project 'Throttle')
    cd /Users/kevinnadjarian/GitHub/Throttle/build/convergence-recovery-20260920
    builtin-SwiftPerFileCompile ResearchVaultURLIntake.swift

SwiftCompile normal arm64 /Users/kevinnadjarian/GitHub/Throttle/build/convergence-recovery-20260920/Throttle/UI/ResearchVault/ResearchVaultWorkbenchModel+AutoLibrary.swift (in target 'Throttle' from project 'Throttle')
    cd /Users/kevinnadjarian/GitHub/Throttle/build/convergence-recovery-20260920
    builtin-SwiftPerFileCompile ResearchVaultWorkbenchModel+AutoLibrary.swift

SwiftCompile normal arm64 /Users/kevinnadjarian/GitHub/Throttle/build/convergence-recovery-20260920/Throttle/UI/ResearchVault/ResearchVaultWorkbenchModel+Folders.swift (in target 'Throttle' from project 'Throttle')
    cd /Users/kevinnadjarian/GitHub/Throttle/build/convergence-recovery-20260920
    builtin-SwiftPerFileCompile ResearchVaultWorkbenchModel+Folders.swift

SwiftCompile normal arm64 /Users/kevinnadjarian/GitHub/Throttle/build/convergence-recovery-20260920/Throttle/UI/ResearchVault/ResearchVaultWorkbenchModel+Imports.swift (in target 'Throttle' from project 'Throttle')
    cd /Users/kevinnadjarian/GitHub/Throttle/build/convergence-recovery-20260920
    builtin-SwiftPerFileCompile ResearchVaultWorkbenchModel+Imports.swift

SwiftCompile normal arm64 /Users/kevinnadjarian/GitHub/Throttle/build/convergence-recovery-20260920/Throttle/UI/ResearchVault/ResearchVaultWorkbenchModel+NotebookLM.swift (in target 'Throttle' from project 'Throttle')
    cd /Users/kevinnadjarian/GitHub/Throttle/build/convergence-recovery-20260920
    builtin-SwiftPerFileCompile ResearchVaultWorkbenchModel+NotebookLM.swift

SwiftCompile normal arm64 /Users/kevinnadjarian/GitHub/Throttle/build/convergence-recovery-20260920/Throttle/UI/ResearchVault/ResearchVaultWorkbenchModel+Reasoning.swift (in target 'Throttle' from project 'Throttle')
    cd /Users/kevinnadjarian/GitHub/Throttle/build/convergence-recovery-20260920
    builtin-SwiftPerFileCompile ResearchVaultWorkbenchModel+Reasoning.swift

SwiftCompile normal arm64 /Users/kevinnadjarian/GitHub/Throttle/build/convergence-recovery-20260920/Throttle/UI/ResearchVault/ResearchVaultWorkbenchModel+Search.swift (in target 'Throttle' from project 'Throttle')
    cd /Users/kevinnadjarian/GitHub/Throttle/build/convergence-recovery-20260920
    builtin-SwiftPerFileCompile ResearchVaultWorkbenchModel+Search.swift

SwiftCompile normal arm64 /Users/kevinnadjarian/GitHub/Throttle/build/convergence-recovery-20260920/Throttle/UI/ResearchVault/ResearchVaultWorkbenchModel+Spaces.swift (in target 'Throttle' from project 'Throttle')
    cd /Users/kevinnadjarian/GitHub/Throttle/build/convergence-recovery-20260920
    builtin-SwiftPerFileCompile ResearchVaultWorkbenchModel+Spaces.swift

SwiftCompile normal arm64 /Users/kevinnadjarian/GitHub/Throttle/build/convergence-recovery-20260920/Throttle/UI/ResearchVault/ResearchVaultWorkbenchModel.swift (in target 'Throttle' from project 'Throttle')
    cd /Users/kevinnadjarian/GitHub/Throttle/build/convergence-recovery-20260920
    builtin-SwiftPerFileCompile ResearchVaultWorkbenchModel.swift

SwiftCompile normal arm64 /Users/kevinnadjarian/GitHub/Throttle/build/convergence-recovery-20260920/Throttle/UI/ResearchVault/ResearchVaultWorkbenchProjection.swift (in target 'Throttle' from project 'Throttle')
    cd /Users/kevinnadjarian/GitHub/Throttle/build/convergence-recovery-20260920
    builtin-SwiftPerFileCompile ResearchVaultWorkbenchProjection.swift

SwiftCompile normal arm64 /Users/kevinnadjarian/GitHub/Throttle/build/convergence-recovery-20260920/Throttle/UI/ResearchVault/ResearchVaultWorkbenchSupport.swift (in target 'Throttle' from project 'Throttle')
    cd /Users/kevinnadjarian/GitHub/Throttle/build/convergence-recovery-20260920
    builtin-SwiftPerFileCompile ResearchVaultWorkbenchSupport.swift

SwiftCompile normal arm64 /Users/kevinnadjarian/GitHub/Throttle/build/convergence-recovery-20260920/Throttle/UI/ResearchVault/ResearchVaultWorkbenchView+Chrome.swift (in target 'Throttle' from project 'Throttle')
    cd /Users/kevinnadjarian/GitHub/Throttle/build/convergence-recovery-20260920
    builtin-SwiftPerFileCompile ResearchVaultWorkbenchView+Chrome.swift

SwiftCompile normal arm64 /Users/kevinnadjarian/GitHub/Throttle/build/convergence-recovery-20260920/Throttle/UI/ResearchVault/ResearchVaultWorkbenchView+Claims.swift (in target 'Throttle' from project 'Throttle')
    cd /Users/kevinnadjarian/GitHub/Throttle/build/convergence-recovery-20260920
    builtin-SwiftPerFileCompile ResearchVaultWorkbenchView+Claims.swift

SwiftDriverJobDiscovery normal arm64 Compiling LocalCandidateService.swift (in target 'Throttle' from project 'Throttle')

SwiftCompile normal arm64 Compiling\ CockpitCommandPalette.swift,\ CockpitDashboardView.swift,\ CockpitData.swift,\ CockpitDestination.swift,\ CockpitNavigationSidebar.swift,\ CockpitNotifier.swift,\ CockpitOnboarding.swift,\ CockpitProjectPage.swift,\ CockpitProjectsModel.swift,\ CockpitQueries.swift,\ CockpitSessionProbe.swift,\ CockpitSidebar.swift,\ CockpitTab+AgentExit.swift,\ CockpitTab+Attention.swift,\ CockpitTab+Launch.swift,\ CockpitTab+PauseGeneration.swift,\ CockpitTab+RemoteOwnership.swift,\ CockpitTab+Resources.swift,\ CockpitTab+Runtime.swift,\ CockpitTab+State.swift,\ CockpitTab.swift,\ CockpitTerminalTheme.swift,\ CockpitTodayView.swift,\ CockpitToolbarComponents.swift,\ CockpitTransitionBanner.swift /Users/kevinnadjarian/GitHub/Throttle/build/convergence-recovery-20260920/Throttle/UI/Cockpit/Navigation/CockpitCommandPalette.swift /Users/kevinnadjarian/GitHub/Throttle/build/convergence-recovery-20260920/Throttle/UI/Cockpit/CockpitDashboardView.swift /Users/kevinnadjarian/GitHub/Throttle/build/convergence-recovery-20260920/Throttle/UI/Cockpit/CockpitData.swift /Users/kevinnadjarian/GitHub/Throttle/build/convergence-recovery-20260920/Throttle/UI/Cockpit/Navigation/CockpitDestination.swift /Users/kevinnadjarian/GitHub/Throttle/build/convergence-recovery-20260920/Throttle/UI/Cockpit/Navigation/CockpitNavigationSidebar.swift /Users/kevinnadjarian/GitHub/Throttle/build/convergence-recovery-20260920/Throttle/Services/CockpitNotifier.swift /Users/kevinnadjarian/GitHub/Throttle/build/convergence-recovery-20260920/Throttle/UI/Cockpit/Navigation/CockpitOnboarding.swift /Users/kevinnadjarian/GitHub/Throttle/build/convergence-recovery-20260920/Throttle/UI/Cockpit/Navigation/CockpitProjectPage.swift /Users/kevinnadjarian/GitHub/Throttle/build/convergence-recovery-20260920/Throttle/UI/Cockpit/Navigation/CockpitProjectsModel.swift /Users/kevinnadjarian/GitHub/Throttle/build/convergence-recovery-20260920/Throttle/Services/CockpitQueries.swift /Users/kevinnadjarian/GitHub/Throttle/build/convergence-recovery-20260920/Throttle/UI/Cockpit/CockpitSessionProbe.swift /Users/kevinnadjarian/GitHub/Throttle/build/convergence-recovery-20260920/Throttle/UI/Cockpit/CockpitSidebar.swift /Users/kevinnadjarian/GitHub/Throttle/build/convergence-recovery-20260920/Throttle/UI/Cockpit/CockpitTab+AgentExit.swift /Users/kevinnadjarian/GitHub/Throttle/build/convergence-recovery-20260920/Throttle/UI/Cockpit/CockpitTab+Attention.swift /Users/kevinnadjarian/GitHub/Throttle/build/convergence-recovery-20260920/Throttle/UI/Cockpit/CockpitTab+Launch.swift /Users/kevinnadjarian/GitHub/Throttle/build/convergence-recovery-20260920/Throttle/UI/Cockpit/CockpitTab+PauseGeneration.swift /Users/kevinnadjarian/GitHub/Throttle/build/convergence-recovery-20260920/Throttle/UI/Cockpit/CockpitTab+RemoteOwnership.swift /Users/kevinnadjarian/GitHub/Throttle/build/convergence-recovery-20260920/Throttle/UI/Cockpit/CockpitTab+Resources.swift /Users/kevinnadjarian/GitHub/Throttle/build/convergence-recovery-20260920/Throttle/UI/Cockpit/CockpitTab+Runtime.swift /Users/kevinnadjarian/GitHub/Throttle/build/convergence-recovery-20260920/Throttle/UI/Cockpit/CockpitTab+State.swift /Users/kevinnadjarian/GitHub/Throttle/build/convergence-recovery-20260920/Throttle/UI/Cockpit/CockpitTab.swift /Users/kevinnadjarian/GitHub/Throttle/build/convergence-recovery-20260920/Throttle/UI/Cockpit/CockpitTerminalTheme.swift /Users/kevinnadjarian/GitHub/Throttle/build/convergence-recovery-20260920/Throttle/UI/Cockpit/Navigation/CockpitTodayView.swift /Users/kevinnadjarian/GitHub/Throttle/build/convergence-recovery-20260920/Throttle/UI/Cockpit/CockpitToolbarComponents.swift /Users/kevinnadjarian/GitHub/Throttle/build/convergence-recovery-20260920/Throttle/UI/Cockpit/CockpitTransitionBanner.swift (in target 'Throttle' from project 'Throttle')

SwiftCompile normal arm64 /Users/kevinnadjarian/GitHub/Throttle/build/convergence-recovery-20260920/Throttle/UI/Cockpit/Navigation/CockpitCommandPalette.swift (in target 'Throttle' from project 'Throttle')
    cd /Users/kevinnadjarian/GitHub/Throttle/build/convergence-recovery-20260920
    builtin-SwiftPerFileCompile CockpitCommandPalette.swift

SwiftCompile normal arm64 /Users/kevinnadjarian/GitHub/Throttle/build/convergence-recovery-20260920/Throttle/UI/Cockpit/CockpitDashboardView.swift (in target 'Throttle' from project 'Throttle')
    cd /Users/kevinnadjarian/GitHub/Throttle/build/convergence-recovery-20260920
    builtin-SwiftPerFileCompile CockpitDashboardView.swift

SwiftCompile normal arm64 /Users/kevinnadjarian/GitHub/Throttle/build/convergence-recovery-20260920/Throttle/UI/Cockpit/CockpitData.swift (in target 'Throttle' from project 'Throttle')
    cd /Users/kevinnadjarian/GitHub/Throttle/build/convergence-recovery-20260920
    builtin-SwiftPerFileCompile CockpitData.swift

SwiftCompile normal arm64 /Users/kevinnadjarian/GitHub/Throttle/build/convergence-recovery-20260920/Throttle/UI/Cockpit/Navigation/CockpitDestination.swift (in target 'Throttle' from project 'Throttle')
    cd /Users/kevinnadjarian/GitHub/Throttle/build/convergence-recovery-20260920
    builtin-SwiftPerFileCompile CockpitDestination.swift

SwiftCompile normal arm64 /Users/kevinnadjarian/GitHub/Throttle/build/convergence-recovery-20260920/Throttle/UI/Cockpit/Navigation/CockpitNavigationSidebar.swift (in target 'Throttle' from project 'Throttle')
    cd /Users/kevinnadjarian/GitHub/Throttle/build/convergence-recovery-20260920
    builtin-SwiftPerFileCompile CockpitNavigationSidebar.swift

SwiftCompile normal arm64 /Users/kevinnadjarian/GitHub/Throttle/build/convergence-recovery-20260920/Throttle/Services/CockpitNotifier.swift (in target 'Throttle' from project 'Throttle')
    cd /Users/kevinnadjarian/GitHub/Throttle/build/convergence-recovery-20260920
    builtin-SwiftPerFileCompile CockpitNotifier.swift

SwiftCompile normal arm64 /Users/kevinnadjarian/GitHub/Throttle/build/convergence-recovery-20260920/Throttle/UI/Cockpit/Navigation/CockpitOnboarding.swift (in target 'Throttle' from project 'Throttle')
    cd /Users/kevinnadjarian/GitHub/Throttle/build/convergence-recovery-20260920
    builtin-SwiftPerFileCompile CockpitOnboarding.swift

SwiftCompile normal arm64 /Users/kevinnadjarian/GitHub/Throttle/build/convergence-recovery-20260920/Throttle/UI/Cockpit/Navigation/CockpitProjectPage.swift (in target 'Throttle' from project 'Throttle')
    cd /Users/kevinnadjarian/GitHub/Throttle/build/convergence-recovery-20260920
    builtin-SwiftPerFileCompile CockpitProjectPage.swift

SwiftCompile normal arm64 /Users/kevinnadjarian/GitHub/Throttle/build/convergence-recovery-20260920/Throttle/UI/Cockpit/Navigation/CockpitProjectsModel.swift (in target 'Throttle' from project 'Throttle')
    cd /Users/kevinnadjarian/GitHub/Throttle/build/convergence-recovery-20260920
    builtin-SwiftPerFileCompile CockpitProjectsModel.swift

SwiftCompile normal arm64 /Users/kevinnadjarian/GitHub/Throttle/build/convergence-recovery-20260920/Throttle/Services/CockpitQueries.swift (in target 'Throttle' from project 'Throttle')
    cd /Users/kevinnadjarian/GitHub/Throttle/build/convergence-recovery-20260920
    builtin-SwiftPerFileCompile CockpitQueries.swift

SwiftCompile normal arm64 /Users/kevinnadjarian/GitHub/Throttle/build/convergence-recovery-20260920/Throttle/UI/Cockpit/CockpitSessionProbe.swift (in target 'Throttle' from project 'Throttle')
    cd /Users/kevinnadjarian/GitHub/Throttle/build/convergence-recovery-20260920
    builtin-SwiftPerFileCompile CockpitSessionProbe.swift

SwiftCompile normal arm64 /Users/kevinnadjarian/GitHub/Throttle/build/convergence-recovery-20260920/Throttle/UI/Cockpit/CockpitSidebar.swift (in target 'Throttle' from project 'Throttle')
    cd /Users/kevinnadjarian/GitHub/Throttle/build/convergence-recovery-20260920
    builtin-SwiftPerFileCompile CockpitSidebar.swift

SwiftCompile normal arm64 /Users/kevinnadjarian/GitHub/Throttle/build/convergence-recovery-20260920/Throttle/UI/Cockpit/CockpitTab+AgentExit.swift (in target 'Throttle' from project 'Throttle')
    cd /Users/kevinnadjarian/GitHub/Throttle/build/convergence-recovery-20260920
    builtin-SwiftPerFileCompile CockpitTab+AgentExit.swift

SwiftCompile normal arm64 /Users/kevinnadjarian/GitHub/Throttle/build/convergence-recovery-20260920/Throttle/UI/Cockpit/CockpitTab+Attention.swift (in target 'Throttle' from project 'Throttle')
    cd /Users/kevinnadjarian/GitHub/Throttle/build/convergence-recovery-20260920
    builtin-SwiftPerFileCompile CockpitTab+Attention.swift

SwiftCompile normal arm64 /Users/kevinnadjarian/GitHub/Throttle/build/convergence-recovery-20260920/Throttle/UI/Cockpit/CockpitTab+Launch.swift (in target 'Throttle' from project 'Throttle')
    cd /Users/kevinnadjarian/GitHub/Throttle/build/convergence-recovery-20260920
    builtin-SwiftPerFileCompile CockpitTab+Launch.swift

SwiftCompile normal arm64 /Users/kevinnadjarian/GitHub/Throttle/build/convergence-recovery-20260920/Throttle/UI/Cockpit/CockpitTab+PauseGeneration.swift (in target 'Throttle' from project 'Throttle')
    cd /Users/kevinnadjarian/GitHub/Throttle/build/convergence-recovery-20260920
    builtin-SwiftPerFileCompile CockpitTab+PauseGeneration.swift

SwiftCompile normal arm64 /Users/kevinnadjarian/GitHub/Throttle/build/convergence-recovery-20260920/Throttle/UI/Cockpit/CockpitTab+RemoteOwnership.swift (in target 'Throttle' from project 'Throttle')
    cd /Users/kevinnadjarian/GitHub/Throttle/build/convergence-recovery-20260920
    builtin-SwiftPerFileCompile CockpitTab+RemoteOwnership.swift

SwiftCompile normal arm64 /Users/kevinnadjarian/GitHub/Throttle/build/convergence-recovery-20260920/Throttle/UI/Cockpit/CockpitTab+Resources.swift (in target 'Throttle' from project 'Throttle')
    cd /Users/kevinnadjarian/GitHub/Throttle/build/convergence-recovery-20260920
    builtin-SwiftPerFileCompile CockpitTab+Resources.swift

SwiftCompile normal arm64 /Users/kevinnadjarian/GitHub/Throttle/build/convergence-recovery-20260920/Throttle/UI/Cockpit/CockpitTab+Runtime.swift (in target 'Throttle' from project 'Throttle')
    cd /Users/kevinnadjarian/GitHub/Throttle/build/convergence-recovery-20260920
    builtin-SwiftPerFileCompile CockpitTab+Runtime.swift

SwiftCompile normal arm64 /Users/kevinnadjarian/GitHub/Throttle/build/convergence-recovery-20260920/Throttle/UI/Cockpit/CockpitTab+State.swift (in target 'Throttle' from project 'Throttle')
    cd /Users/kevinnadjarian/GitHub/Throttle/build/convergence-recovery-20260920
    builtin-SwiftPerFileCompile CockpitTab+State.swift

SwiftCompile normal arm64 /Users/kevinnadjarian/GitHub/Throttle/build/convergence-recovery-20260920/Throttle/UI/Cockpit/CockpitTab.swift (in target 'Throttle' from project 'Throttle')
    cd /Users/kevinnadjarian/GitHub/Throttle/build/convergence-recovery-20260920
    builtin-SwiftPerFileCompile CockpitTab.swift

SwiftCompile normal arm64 /Users/kevinnadjarian/GitHub/Throttle/build/convergence-recovery-20260920/Throttle/UI/Cockpit/CockpitTerminalTheme.swift (in target 'Throttle' from project 'Throttle')
    cd /Users/kevinnadjarian/GitHub/Throttle/build/convergence-recovery-20260920
    builtin-SwiftPerFileCompile CockpitTerminalTheme.swift

SwiftCompile normal arm64 /Users/kevinnadjarian/GitHub/Throttle/build/convergence-recovery-20260920/Throttle/UI/Cockpit/Navigation/CockpitTodayView.swift (in target 'Throttle' from project 'Throttle')
    cd /Users/kevinnadjarian/GitHub/Throttle/build/convergence-recovery-20260920
    builtin-SwiftPerFileCompile CockpitTodayView.swift

SwiftCompile normal arm64 /Users/kevinnadjarian/GitHub/Throttle/build/convergence-recovery-20260920/Throttle/UI/Cockpit/CockpitToolbarComponents.swift (in target 'Throttle' from project 'Throttle')
    cd /Users/kevinnadjarian/GitHub/Throttle/build/convergence-recovery-20260920
    builtin-SwiftPerFileCompile CockpitToolbarComponents.swift

SwiftCompile normal arm64 /Users/kevinnadjarian/GitHub/Throttle/build/convergence-recovery-20260920/Throttle/UI/Cockpit/CockpitTransitionBanner.swift (in target 'Throttle' from project 'Throttle')
    cd /Users/kevinnadjarian/GitHub/Throttle/build/convergence-recovery-20260920
    builtin-SwiftPerFileCompile CockpitTransitionBanner.swift

SwiftDriverJobDiscovery normal arm64 Compiling DiagnosticsPreviewView.swift, DiagnosticsPreviewWindowController.swift, DiffView.swift, DispatchAdvisor.swift, DispatchBudget.swift, DispatchModels.swift, DropdownDockKit.swift, DropdownSettingsComponents.swift, DropdownView+Bars.swift, DropdownView+Meter.swift, DropdownView+Navigation.swift, DropdownView+Preview.swift, DropdownView+Readout.swift, DropdownView.swift, DroppableTerminalView+ComposedText.swift, DroppableTerminalView.swift, EdgeDeployService.swift, EmbeddedClaudeSession+Navigation.swift, EmbeddedClaudeSession.swift, EmbeddedModelProvider.swift, EmbeddingProvider.swift, EvalReadout.swift, ExactModeMessage.swift, ExactModeService.swift, ExactSnapshot.swift (in target 'Throttle' from project 'Throttle')

SwiftCompile normal arm64 Compiling\ InlineGeneralPane+MenuBar.swift,\ InlineGeneralPane+Resources.swift /Users/kevinnadjarian/GitHub/Throttle/build/convergence-recovery-20260920/Throttle/UI/MenuBar/InlineGeneralPane+MenuBar.swift /Users/kevinnadjarian/GitHub/Throttle/build/convergence-recovery-20260920/Throttle/UI/MenuBar/InlineGeneralPane+Resources.swift (in target 'Throttle' from project 'Throttle')

SwiftCompile normal arm64 /Users/kevinnadjarian/GitHub/Throttle/build/convergence-recovery-20260920/Throttle/UI/MenuBar/InlineGeneralPane+MenuBar.swift (in target 'Throttle' from project 'Throttle')
    cd /Users/kevinnadjarian/GitHub/Throttle/build/convergence-recovery-20260920
    builtin-SwiftPerFileCompile InlineGeneralPane+MenuBar.swift

SwiftCompile normal arm64 /Users/kevinnadjarian/GitHub/Throttle/build/convergence-recovery-20260920/Throttle/UI/MenuBar/InlineGeneralPane+Resources.swift (in target 'Throttle' from project 'Throttle')
    cd /Users/kevinnadjarian/GitHub/Throttle/build/convergence-recovery-20260920
    builtin-SwiftPerFileCompile InlineGeneralPane+Resources.swift

SwiftDriverJobDiscovery normal arm64 Compiling RemoteTransferReservation.swift, RemoteTransferReturn.swift, RemoteTransferTranscript.swift, RepoIndexer.swift, ResearchDossier.swift, ResearchDossierStore.swift, ResearchVaultFolderSourceStore.swift, ResearchVaultInboxBookmarkStore.swift, ResearchVaultNotebookSync.swift, ResearchVaultServiceManager.swift, ResearchVaultStandingText.swift, ResearchVaultSynthesisProvider.swift, ResearchVaultURLIntake.swift, ResearchVaultWorkbenchModel+AutoLibrary.swift, ResearchVaultWorkbenchModel+Folders.swift, ResearchVaultWorkbenchModel+Imports.swift, ResearchVaultWorkbenchModel+NotebookLM.swift, ResearchVaultWorkbenchModel+Reasoning.swift, ResearchVaultWorkbenchModel+Search.swift, ResearchVaultWorkbenchModel+Spaces.swift, ResearchVaultWorkbenchModel.swift, ResearchVaultWorkbenchProjection.swift, ResearchVaultWorkbenchSupport.swift, ResearchVaultWorkbenchView+Chrome.swift, ResearchVaultWorkbenchView+Claims.swift (in target 'Throttle' from project 'Throttle')

SwiftCompile normal arm64 Compiling\ InlineGeneralPane+Connections.swift,\ MCPManagerSheet.swift,\ MCPManagerWindowController.swift,\ MCPOffloadService.swift,\ MCPOffloadSheet.swift,\ MCPProbeService.swift,\ MCPProxyChild.swift,\ MCPProxyServer.swift,\ MCPResponseLedger.swift,\ MCPSchemaCache.swift,\ MCPWrapper.swift,\ MemoryCleanupService.swift,\ MemoryPressureMonitor.swift,\ MenuBarLabel.swift,\ MenuBarSignals.swift,\ MenuBarSparkline.swift,\ MenuBarUpdateGuard.swift,\ Migrations.swift,\ MilestoneTracker.swift,\ MirrorFanout.swift,\ MissionHandoffSheet.swift,\ MissionRuntimeService.swift,\ ModelCardLink.swift,\ ModelPricing.swift,\ ModelTier.swift /Users/kevinnadjarian/GitHub/Throttle/build/convergence-recovery-20260920/Throttle/UI/MenuBar/InlineGeneralPane+Connections.swift /Users/kevinnadjarian/GitHub/Throttle/build/convergence-recovery-20260920/Throttle/UI/MenuBar/MCPManagerSheet.swift /Users/kevinnadjarian/GitHub/Throttle/build/convergence-recovery-20260920/Throttle/UI/MenuBar/MCPManagerWindowController.swift /Users/kevinnadjarian/GitHub/Throttle/build/convergence-recovery-20260920/Throttle/Services/MCPOffloadService.swift /Users/kevinnadjarian/GitHub/Throttle/build/convergence-recovery-20260920/Throttle/UI/MenuBar/MCPOffloadSheet.swift /Users/kevinnadjarian/GitHub/Throttle/build/convergence-recovery-20260920/Throttle/Services/MCPProbeService.swift /Users/kevinnadjarian/GitHub/Throttle/build/convergence-recovery-20260920/Throttle/Services/MCPProxyChild.swift /Users/kevinnadjarian/GitHub/Throttle/build/convergence-recovery-20260920/Throttle/Services/MCPProxyServer.swift /Users/kevinnadjarian/GitHub/Throttle/build/convergence-recovery-20260920/Throttle/Services/MCPResponseLedger.swift /Users/kevinnadjarian/GitHub/Throttle/build/convergence-recovery-20260920/Throttle/Services/MCPSchemaCache.swift /Users/kevinnadjarian/GitHub/Throttle/build/convergence-recovery-20260920/Throttle/Services/MCPWrapper.swift /Users/kevinnadjarian/GitHub/Throttle/build/convergence-recovery-20260920/Throttle/Services/MemoryCleanupService.swift /Users/kevinnadjarian/GitHub/Throttle/build/convergence-recovery-20260920/Throttle/Services/MemoryPressureMonitor.swift /Users/kevinnadjarian/GitHub/Throttle/build/convergence-recovery-20260920/Throttle/UI/MenuBar/MenuBarLabel.swift /Users/kevinnadjarian/GitHub/Throttle/build/convergence-recovery-20260920/Throttle/State/MenuBarSignals.swift /Users/kevinnadjarian/GitHub/Throttle/build/convergence-recovery-20260920/Throttle/UI/MenuBar/MenuBarSparkline.swift /Users/kevinnadjarian/GitHub/Throttle/build/convergence-recovery-20260920/Throttle/Services/MenuBarUpdateGuard.swift /Users/kevinnadjarian/GitHub/Throttle/build/convergence-recovery-20260920/Throttle/Database/Migrations.swift /Users/kevinnadjarian/GitHub/Throttle/build/convergence-recovery-20260920/Throttle/Services/MilestoneTracker.swift /Users/kevinnadjarian/GitHub/Throttle/build/convergence-recovery-20260920/Throttle/State/MirrorFanout.swift /Users/kevinnadjarian/GitHub/Throttle/build/convergence-recovery-20260920/Throttle/UI/Cockpit/MissionHandoffSheet.swift /Users/kevinnadjarian/GitHub/Throttle/build/convergence-recovery-20260920/Throttle/Services/MissionRuntimeService.swift /Users/kevinnadjarian/GitHub/Throttle/build/convergence-recovery-20260920/Throttle/UI/MenuBar/ModelCardLink.swift /Users/kevinnadjarian/GitHub/Throttle/build/convergence-recovery-20260920/Throttle/Services/ModelPricing.swift /Users/kevinnadjarian/GitHub/Throttle/build/convergence-recovery-20260920/Throttle/Models/ModelTier.swift (in target 'Throttle' from project 'Throttle')

SwiftCompile normal arm64 /Users/kevinnadjarian/GitHub/Throttle/build/convergence-recovery-20260920/Throttle/UI/MenuBar/InlineGeneralPane+Connections.swift (in target 'Throttle' from project 'Throttle')
    cd /Users/kevinnadjarian/GitHub/Throttle/build/convergence-recovery-20260920
    builtin-SwiftPerFileCompile InlineGeneralPane+Connections.swift

SwiftCompile normal arm64 /Users/kevinnadjarian/GitHub/Throttle/build/convergence-recovery-20260920/Throttle/UI/MenuBar/MCPManagerSheet.swift (in target 'Throttle' from project 'Throttle')
    cd /Users/kevinnadjarian/GitHub/Throttle/build/convergence-recovery-20260920
    builtin-SwiftPerFileCompile MCPManagerSheet.swift

SwiftCompile normal arm64 /Users/kevinnadjarian/GitHub/Throttle/build/convergence-recovery-20260920/Throttle/UI/MenuBar/MCPManagerWindowController.swift (in target 'Throttle' from project 'Throttle')
    cd /Users/kevinnadjarian/GitHub/Throttle/build/convergence-recovery-20260920
    builtin-SwiftPerFileCompile MCPManagerWindowController.swift

SwiftCompile normal arm64 /Users/kevinnadjarian/GitHub/Throttle/build/convergence-recovery-20260920/Throttle/Services/MCPOffloadService.swift (in target 'Throttle' from project 'Throttle')
    cd /Users/kevinnadjarian/GitHub/Throttle/build/convergence-recovery-20260920
    builtin-SwiftPerFileCompile MCPOffloadService.swift

SwiftCompile normal arm64 /Users/kevinnadjarian/GitHub/Throttle/build/convergence-recovery-20260920/Throttle/UI/MenuBar/MCPOffloadSheet.swift (in target 'Throttle' from project 'Throttle')
    cd /Users/kevinnadjarian/GitHub/Throttle/build/convergence-recovery-20260920
    builtin-SwiftPerFileCompile MCPOffloadSheet.swift

SwiftCompile normal arm64 /Users/kevinnadjarian/GitHub/Throttle/build/convergence-recovery-20260920/Throttle/Services/MCPProbeService.swift (in target 'Throttle' from project 'Throttle')
    cd /Users/kevinnadjarian/GitHub/Throttle/build/convergence-recovery-20260920
    builtin-SwiftPerFileCompile MCPProbeService.swift

SwiftCompile normal arm64 /Users/kevinnadjarian/GitHub/Throttle/build/convergence-recovery-20260920/Throttle/Services/MCPProxyChild.swift (in target 'Throttle' from project 'Throttle')
    cd /Users/kevinnadjarian/GitHub/Throttle/build/convergence-recovery-20260920
    builtin-SwiftPerFileCompile MCPProxyChild.swift

SwiftCompile normal arm64 /Users/kevinnadjarian/GitHub/Throttle/build/convergence-recovery-20260920/Throttle/Services/MCPProxyServer.swift (in target 'Throttle' from project 'Throttle')
    cd /Users/kevinnadjarian/GitHub/Throttle/build/convergence-recovery-20260920
    builtin-SwiftPerFileCompile MCPProxyServer.swift

SwiftCompile normal arm64 /Users/kevinnadjarian/GitHub/Throttle/build/convergence-recovery-20260920/Throttle/Services/MCPResponseLedger.swift (in target 'Throttle' from project 'Throttle')
    cd /Users/kevinnadjarian/GitHub/Throttle/build/convergence-recovery-20260920
    builtin-SwiftPerFileCompile MCPResponseLedger.swift

SwiftCompile normal arm64 /Users/kevinnadjarian/GitHub/Throttle/build/convergence-recovery-20260920/Throttle/Services/MCPSchemaCache.swift (in target 'Throttle' from project 'Throttle')
    cd /Users/kevinnadjarian/GitHub/Throttle/build/convergence-recovery-20260920
    builtin-SwiftPerFileCompile MCPSchemaCache.swift

SwiftCompile normal arm64 /Users/kevinnadjarian/GitHub/Throttle/build/convergence-recovery-20260920/Throttle/Services/MCPWrapper.swift (in target 'Throttle' from project 'Throttle')
    cd /Users/kevinnadjarian/GitHub/Throttle/build/convergence-recovery-20260920
    builtin-SwiftPerFileCompile MCPWrapper.swift

SwiftCompile normal arm64 /Users/kevinnadjarian/GitHub/Throttle/build/convergence-recovery-20260920/Throttle/Services/MemoryCleanupService.swift (in target 'Throttle' from project 'Throttle')
    cd /Users/kevinnadjarian/GitHub/Throttle/build/convergence-recovery-20260920
    builtin-SwiftPerFileCompile MemoryCleanupService.swift

SwiftCompile normal arm64 /Users/kevinnadjarian/GitHub/Throttle/build/convergence-recovery-20260920/Throttle/Services/MemoryPressureMonitor.swift (in target 'Throttle' from project 'Throttle')
    cd /Users/kevinnadjarian/GitHub/Throttle/build/convergence-recovery-20260920
    builtin-SwiftPerFileCompile MemoryPressureMonitor.swift

SwiftCompile normal arm64 /Users/kevinnadjarian/GitHub/Throttle/build/convergence-recovery-20260920/Throttle/UI/MenuBar/MenuBarLabel.swift (in target 'Throttle' from project 'Throttle')
    cd /Users/kevinnadjarian/GitHub/Throttle/build/convergence-recovery-20260920
    builtin-SwiftPerFileCompile MenuBarLabel.swift

SwiftCompile normal arm64 /Users/kevinnadjarian/GitHub/Throttle/build/convergence-recovery-20260920/Throttle/State/MenuBarSignals.swift (in target 'Throttle' from project 'Throttle')
    cd /Users/kevinnadjarian/GitHub/Throttle/build/convergence-recovery-20260920
    builtin-SwiftPerFileCompile MenuBarSignals.swift

SwiftCompile normal arm64 /Users/kevinnadjarian/GitHub/Throttle/build/convergence-recovery-20260920/Throttle/UI/MenuBar/MenuBarSparkline.swift (in target 'Throttle' from project 'Throttle')
    cd /Users/kevinnadjarian/GitHub/Throttle/build/convergence-recovery-20260920
    builtin-SwiftPerFileCompile MenuBarSparkline.swift

SwiftCompile normal arm64 /Users/kevinnadjarian/GitHub/Throttle/build/convergence-recovery-20260920/Throttle/Services/MenuBarUpdateGuard.swift (in target 'Throttle' from project 'Throttle')
    cd /Users/kevinnadjarian/GitHub/Throttle/build/convergence-recovery-20260920
    builtin-SwiftPerFileCompile MenuBarUpdateGuard.swift

SwiftCompile normal arm64 /Users/kevinnadjarian/GitHub/Throttle/build/convergence-recovery-20260920/Throttle/Database/Migrations.swift (in target 'Throttle' from project 'Throttle')
    cd /Users/kevinnadjarian/GitHub/Throttle/build/convergence-recovery-20260920
    builtin-SwiftPerFileCompile Migrations.swift

SwiftCompile normal arm64 /Users/kevinnadjarian/GitHub/Throttle/build/convergence-recovery-20260920/Throttle/Services/MilestoneTracker.swift (in target 'Throttle' from project 'Throttle')
    cd /Users/kevinnadjarian/GitHub/Throttle/build/convergence-recovery-20260920
    builtin-SwiftPerFileCompile MilestoneTracker.swift

SwiftCompile normal arm64 /Users/kevinnadjarian/GitHub/Throttle/build/convergence-recovery-20260920/Throttle/State/MirrorFanout.swift (in target 'Throttle' from project 'Throttle')
    cd /Users/kevinnadjarian/GitHub/Throttle/build/convergence-recovery-20260920
    builtin-SwiftPerFileCompile MirrorFanout.swift

SwiftCompile normal arm64 /Users/kevinnadjarian/GitHub/Throttle/build/convergence-recovery-20260920/Throttle/UI/Cockpit/MissionHandoffSheet.swift (in target 'Throttle' from project 'Throttle')
    cd /Users/kevinnadjarian/GitHub/Throttle/build/convergence-recovery-20260920
    builtin-SwiftPerFileCompile MissionHandoffSheet.swift

SwiftCompile normal arm64 /Users/kevinnadjarian/GitHub/Throttle/build/convergence-recovery-20260920/Throttle/Services/MissionRuntimeService.swift (in target 'Throttle' from project 'Throttle')
    cd /Users/kevinnadjarian/GitHub/Throttle/build/convergence-recovery-20260920
    builtin-SwiftPerFileCompile MissionRuntimeService.swift

SwiftCompile normal arm64 /Users/kevinnadjarian/GitHub/Throttle/build/convergence-recovery-20260920/Throttle/UI/MenuBar/ModelCardLink.swift (in target 'Throttle' from project 'Throttle')
    cd /Users/kevinnadjarian/GitHub/Throttle/build/convergence-recovery-20260920
    builtin-SwiftPerFileCompile ModelCardLink.swift

SwiftCompile normal arm64 /Users/kevinnadjarian/GitHub/Throttle/build/convergence-recovery-20260920/Throttle/Services/ModelPricing.swift (in target 'Throttle' from project 'Throttle')
    cd /Users/kevinnadjarian/GitHub/Throttle/build/convergence-recovery-20260920
    builtin-SwiftPerFileCompile ModelPricing.swift

SwiftCompile normal arm64 /Users/kevinnadjarian/GitHub/Throttle/build/convergence-recovery-20260920/Throttle/Models/ModelTier.swift (in target 'Throttle' from project 'Throttle')
    cd /Users/kevinnadjarian/GitHub/Throttle/build/convergence-recovery-20260920
    builtin-SwiftPerFileCompile ModelTier.swift

SwiftDriverJobDiscovery normal arm64 Compiling InlineGeneralPane+MenuBar.swift, InlineGeneralPane+Resources.swift (in target 'Throttle' from project 'Throttle')

SwiftCompile normal arm64 Compiling\ LogFoldService.swift /Users/kevinnadjarian/GitHub/Throttle/build/convergence-recovery-20260920/Throttle/Services/LogFoldService.swift (in target 'Throttle' from project 'Throttle')

SwiftCompile normal arm64 /Users/kevinnadjarian/GitHub/Throttle/build/convergence-recovery-20260920/Throttle/Services/LogFoldService.swift (in target 'Throttle' from project 'Throttle')
    cd /Users/kevinnadjarian/GitHub/Throttle/build/convergence-recovery-20260920
    builtin-SwiftPerFileCompile LogFoldService.swift

SwiftDriverJobDiscovery normal arm64 Compiling CockpitCommandPalette.swift, CockpitDashboardView.swift, CockpitData.swift, CockpitDestination.swift, CockpitNavigationSidebar.swift, CockpitNotifier.swift, CockpitOnboarding.swift, CockpitProjectPage.swift, CockpitProjectsModel.swift, CockpitQueries.swift, CockpitSessionProbe.swift, CockpitSidebar.swift, CockpitTab+AgentExit.swift, CockpitTab+Attention.swift, CockpitTab+Launch.swift, CockpitTab+PauseGeneration.swift, CockpitTab+RemoteOwnership.swift, CockpitTab+Resources.swift, CockpitTab+Runtime.swift, CockpitTab+State.swift, CockpitTab.swift, CockpitTerminalTheme.swift, CockpitTodayView.swift, CockpitToolbarComponents.swift, CockpitTransitionBanner.swift (in target 'Throttle' from project 'Throttle')

SwiftCompile normal arm64 Compiling\ LoginItemService.swift /Users/kevinnadjarian/GitHub/Throttle/build/convergence-recovery-20260920/Throttle/Services/LoginItemService.swift (in target 'Throttle' from project 'Throttle')

SwiftCompile normal arm64 /Users/kevinnadjarian/GitHub/Throttle/build/convergence-recovery-20260920/Throttle/Services/LoginItemService.swift (in target 'Throttle' from project 'Throttle')
    cd /Users/kevinnadjarian/GitHub/Throttle/build/convergence-recovery-20260920
    builtin-SwiftPerFileCompile LoginItemService.swift

SwiftDriverJobDiscovery normal arm64 Compiling LogFoldService.swift (in target 'Throttle' from project 'Throttle')

SwiftCompile normal arm64 Compiling\ InlineHooksPane.swift /Users/kevinnadjarian/GitHub/Throttle/build/convergence-recovery-20260920/Throttle/UI/MenuBar/InlineHooksPane.swift (in target 'Throttle' from project 'Throttle')

SwiftCompile normal arm64 /Users/kevinnadjarian/GitHub/Throttle/build/convergence-recovery-20260920/Throttle/UI/MenuBar/InlineHooksPane.swift (in target 'Throttle' from project 'Throttle')
    cd /Users/kevinnadjarian/GitHub/Throttle/build/convergence-recovery-20260920
    builtin-SwiftPerFileCompile InlineHooksPane.swift

SwiftDriverJobDiscovery normal arm64 Compiling InlineGeneralPane+Connections.swift, MCPManagerSheet.swift, MCPManagerWindowController.swift, MCPOffloadService.swift, MCPOffloadSheet.swift, MCPProbeService.swift, MCPProxyChild.swift, MCPProxyServer.swift, MCPResponseLedger.swift, MCPSchemaCache.swift, MCPWrapper.swift, MemoryCleanupService.swift, MemoryPressureMonitor.swift, MenuBarLabel.swift, MenuBarSignals.swift, MenuBarSparkline.swift, MenuBarUpdateGuard.swift, Migrations.swift, MilestoneTracker.swift, MirrorFanout.swift, MissionHandoffSheet.swift, MissionRuntimeService.swift, ModelCardLink.swift, ModelPricing.swift, ModelTier.swift (in target 'Throttle' from project 'Throttle')

SwiftCompile normal arm64 Compiling\ MultiTerminalStack.swift,\ MultiVendorService.swift,\ NativeProcessIdentity.swift,\ NativeSessionBinding.swift,\ NewProjectSpaceButton.swift,\ NotebookLMGatewayClient.swift,\ NotebookLMGatewayProcess.swift,\ NotebookLMImportJob.swift,\ OAuthUsageProvider.swift,\ OKFStore.swift,\ OSIssueBanner.swift,\ OnboardingChecklistCard.swift,\ OutputStyleManager.swift,\ OutputStyleManagerSheet.swift,\ OutputStyleService.swift,\ OutputStyleShadowingDetector.swift,\ OutputStyleWindowController.swift,\ OutsideAgentsCard.swift,\ OwnedProcessTermination.swift,\ PeerControlAdmission.swift,\ PeerTerminalBridge.swift,\ PeerTransport.swift,\ PlanAdvisor.swift,\ PlanDesignView.swift,\ PlanFlow.swift /Users/kevinnadjarian/GitHub/Throttle/build/convergence-recovery-20260920/Throttle/UI/Cockpit/MultiTerminalStack.swift /Users/kevinnadjarian/GitHub/Throttle/build/convergence-recovery-20260920/Throttle/Services/MultiVendorService.swift /Users/kevinnadjarian/GitHub/Throttle/build/convergence-recovery-20260920/Throttle/Services/NativeProcessIdentity.swift /Users/kevinnadjarian/GitHub/Throttle/build/convergence-recovery-20260920/Throttle/Services/NativeSessionBinding.swift /Users/kevinnadjarian/GitHub/Throttle/build/convergence-recovery-20260920/Throttle/UI/ResearchVault/NewProjectSpaceButton.swift /Users/kevinnadjarian/GitHub/Throttle/build/convergence-recovery-20260920/Throttle/Services/NotebookLMGatewayClient.swift /Users/kevinnadjarian/GitHub/Throttle/build/convergence-recovery-20260920/Throttle/Services/NotebookLMGatewayProcess.swift /Users/kevinnadjarian/GitHub/Throttle/build/convergence-recovery-20260920/Throttle/Services/NotebookLMImportJob.swift /Users/kevinnadjarian/GitHub/Throttle/build/convergence-recovery-20260920/Throttle/Network/OAuthUsageProvider.swift /Users/kevinnadjarian/GitHub/Throttle/build/convergence-recovery-20260920/Throttle/Services/OKFStore.swift /Users/kevinnadjarian/GitHub/Throttle/build/convergence-recovery-20260920/Throttle/UI/Cockpit/OSIssueBanner.swift /Users/kevinnadjarian/GitHub/Throttle/build/convergence-recovery-20260920/Throttle/UI/Cockpit/Navigation/OnboardingChecklistCard.swift /Users/kevinnadjarian/GitHub/Throttle/build/convergence-recovery-20260920/Throttle/Services/OutputStyleManager.swift /Users/kevinnadjarian/GitHub/Throttle/build/convergence-recovery-20260920/Throttle/UI/MenuBar/OutputStyleManagerSheet.swift /Users/kevinnadjarian/GitHub/Throttle/build/convergence-recovery-20260920/Throttle/Services/OutputStyleService.swift /Users/kevinnadjarian/GitHub/Throttle/build/convergence-recovery-20260920/Throttle/Services/OutputStyleShadowingDetector.swift /Users/kevinnadjarian/GitHub/Throttle/build/convergence-recovery-20260920/Throttle/UI/MenuBar/OutputStyleWindowController.swift /Users/kevinnadjarian/GitHub/Throttle/build/convergence-recovery-20260920/Throttle/UI/Cockpit/Navigation/OutsideAgentsCard.swift /Users/kevinnadjarian/GitHub/Throttle/build/convergence-recovery-20260920/Throttle/Services/OwnedProcessTermination.swift /Users/kevinnadjarian/GitHub/Throttle/build/convergence-recovery-20260920/Throttle/Models/PeerControlAdmission.swift /Users/kevinnadjarian/GitHub/Throttle/build/convergence-recovery-20260920/Throttle/Network/PeerTerminalBridge.swift /Users/kevinnadjarian/GitHub/Throttle/build/convergence-recovery-20260920/Throttle/Network/PeerTransport.swift /Users/kevinnadjarian/GitHub/Throttle/build/convergence-recovery-20260920/Throttle/Services/PlanAdvisor.swift /Users/kevinnadjarian/GitHub/Throttle/build/convergence-recovery-20260920/Throttle/UI/Cockpit/PlanDesignView.swift /Users/kevinnadjarian/GitHub/Throttle/build/convergence-recovery-20260920/Throttle/Services/PlanFlow.swift (in target 'Throttle' from project 'Throttle')

SwiftCompile normal arm64 /Users/kevinnadjarian/GitHub/Throttle/build/convergence-recovery-20260920/Throttle/UI/Cockpit/MultiTerminalStack.swift (in target 'Throttle' from project 'Throttle')
    cd /Users/kevinnadjarian/GitHub/Throttle/build/convergence-recovery-20260920
    builtin-SwiftPerFileCompile MultiTerminalStack.swift

SwiftCompile normal arm64 /Users/kevinnadjarian/GitHub/Throttle/build/convergence-recovery-20260920/Throttle/Services/MultiVendorService.swift (in target 'Throttle' from project 'Throttle')
    cd /Users/kevinnadjarian/GitHub/Throttle/build/convergence-recovery-20260920
    builtin-SwiftPerFileCompile MultiVendorService.swift

SwiftCompile normal arm64 /Users/kevinnadjarian/GitHub/Throttle/build/convergence-recovery-20260920/Throttle/Services/NativeProcessIdentity.swift (in target 'Throttle' from project 'Throttle')
    cd /Users/kevinnadjarian/GitHub/Throttle/build/convergence-recovery-20260920
    builtin-SwiftPerFileCompile NativeProcessIdentity.swift

SwiftCompile normal arm64 /Users/kevinnadjarian/GitHub/Throttle/build/convergence-recovery-20260920/Throttle/Services/NativeSessionBinding.swift (in target 'Throttle' from project 'Throttle')
    cd /Users/kevinnadjarian/GitHub/Throttle/build/convergence-recovery-20260920
    builtin-SwiftPerFileCompile NativeSessionBinding.swift

SwiftCompile normal arm64 /Users/kevinnadjarian/GitHub/Throttle/build/convergence-recovery-20260920/Throttle/UI/ResearchVault/NewProjectSpaceButton.swift (in target 'Throttle' from project 'Throttle')
    cd /Users/kevinnadjarian/GitHub/Throttle/build/convergence-recovery-20260920
    builtin-SwiftPerFileCompile NewProjectSpaceButton.swift

SwiftCompile normal arm64 /Users/kevinnadjarian/GitHub/Throttle/build/convergence-recovery-20260920/Throttle/Services/NotebookLMGatewayClient.swift (in target 'Throttle' from project 'Throttle')
    cd /Users/kevinnadjarian/GitHub/Throttle/build/convergence-recovery-20260920
    builtin-SwiftPerFileCompile NotebookLMGatewayClient.swift

SwiftCompile normal arm64 /Users/kevinnadjarian/GitHub/Throttle/build/convergence-recovery-20260920/Throttle/Services/NotebookLMGatewayProcess.swift (in target 'Throttle' from project 'Throttle')
    cd /Users/kevinnadjarian/GitHub/Throttle/build/convergence-recovery-20260920
    builtin-SwiftPerFileCompile NotebookLMGatewayProcess.swift

SwiftCompile normal arm64 /Users/kevinnadjarian/GitHub/Throttle/build/convergence-recovery-20260920/Throttle/Services/NotebookLMImportJob.swift (in target 'Throttle' from project 'Throttle')
    cd /Users/kevinnadjarian/GitHub/Throttle/build/convergence-recovery-20260920
    builtin-SwiftPerFileCompile NotebookLMImportJob.swift

SwiftCompile normal arm64 /Users/kevinnadjarian/GitHub/Throttle/build/convergence-recovery-20260920/Throttle/Network/OAuthUsageProvider.swift (in target 'Throttle' from project 'Throttle')
    cd /Users/kevinnadjarian/GitHub/Throttle/build/convergence-recovery-20260920
    builtin-SwiftPerFileCompile OAuthUsageProvider.swift

SwiftCompile normal arm64 /Users/kevinnadjarian/GitHub/Throttle/build/convergence-recovery-20260920/Throttle/Services/OKFStore.swift (in target 'Throttle' from project 'Throttle')
    cd /Users/kevinnadjarian/GitHub/Throttle/build/convergence-recovery-20260920
    builtin-SwiftPerFileCompile OKFStore.swift

SwiftCompile normal arm64 /Users/kevinnadjarian/GitHub/Throttle/build/convergence-recovery-20260920/Throttle/UI/Cockpit/OSIssueBanner.swift (in target 'Throttle' from project 'Throttle')
    cd /Users/kevinnadjarian/GitHub/Throttle/build/convergence-recovery-20260920
    builtin-SwiftPerFileCompile OSIssueBanner.swift

SwiftCompile normal arm64 /Users/kevinnadjarian/GitHub/Throttle/build/convergence-recovery-20260920/Throttle/UI/Cockpit/Navigation/OnboardingChecklistCard.swift (in target 'Throttle' from project 'Throttle')
    cd /Users/kevinnadjarian/GitHub/Throttle/build/convergence-recovery-20260920
    builtin-SwiftPerFileCompile OnboardingChecklistCard.swift

SwiftCompile normal arm64 /Users/kevinnadjarian/GitHub/Throttle/build/convergence-recovery-20260920/Throttle/Services/OutputStyleManager.swift (in target 'Throttle' from project 'Throttle')
    cd /Users/kevinnadjarian/GitHub/Throttle/build/convergence-recovery-20260920
    builtin-SwiftPerFileCompile OutputStyleManager.swift

SwiftCompile normal arm64 /Users/kevinnadjarian/GitHub/Throttle/build/convergence-recovery-20260920/Throttle/UI/MenuBar/OutputStyleManagerSheet.swift (in target 'Throttle' from project 'Throttle')
    cd /Users/kevinnadjarian/GitHub/Throttle/build/convergence-recovery-20260920
    builtin-SwiftPerFileCompile OutputStyleManagerSheet.swift

SwiftCompile normal arm64 /Users/kevinnadjarian/GitHub/Throttle/build/convergence-recovery-20260920/Throttle/Services/OutputStyleService.swift (in target 'Throttle' from project 'Throttle')
    cd /Users/kevinnadjarian/GitHub/Throttle/build/convergence-recovery-20260920
    builtin-SwiftPerFileCompile OutputStyleService.swift

SwiftCompile normal arm64 /Users/kevinnadjarian/GitHub/Throttle/build/convergence-recovery-20260920/Throttle/Services/OutputStyleShadowingDetector.swift (in target 'Throttle' from project 'Throttle')
    cd /Users/kevinnadjarian/GitHub/Throttle/build/convergence-recovery-20260920
    builtin-SwiftPerFileCompile OutputStyleShadowingDetector.swift

SwiftCompile normal arm64 /Users/kevinnadjarian/GitHub/Throttle/build/convergence-recovery-20260920/Throttle/UI/MenuBar/OutputStyleWindowController.swift (in target 'Throttle' from project 'Throttle')
    cd /Users/kevinnadjarian/GitHub/Throttle/build/convergence-recovery-20260920
    builtin-SwiftPerFileCompile OutputStyleWindowController.swift

SwiftCompile normal arm64 /Users/kevinnadjarian/GitHub/Throttle/build/convergence-recovery-20260920/Throttle/UI/Cockpit/Navigation/OutsideAgentsCard.swift (in target 'Throttle' from project 'Throttle')
    cd /Users/kevinnadjarian/GitHub/Throttle/build/convergence-recovery-20260920
    builtin-SwiftPerFileCompile OutsideAgentsCard.swift

SwiftCompile normal arm64 /Users/kevinnadjarian/GitHub/Throttle/build/convergence-recovery-20260920/Throttle/Services/OwnedProcessTermination.swift (in target 'Throttle' from project 'Throttle')
    cd /Users/kevinnadjarian/GitHub/Throttle/build/convergence-recovery-20260920
    builtin-SwiftPerFileCompile OwnedProcessTermination.swift

SwiftCompile normal arm64 /Users/kevinnadjarian/GitHub/Throttle/build/convergence-recovery-20260920/Throttle/Models/PeerControlAdmission.swift (in target 'Throttle' from project 'Throttle')
    cd /Users/kevinnadjarian/GitHub/Throttle/build/convergence-recovery-20260920
    builtin-SwiftPerFileCompile PeerControlAdmission.swift

SwiftCompile normal arm64 /Users/kevinnadjarian/GitHub/Throttle/build/convergence-recovery-20260920/Throttle/Network/PeerTerminalBridge.swift (in target 'Throttle' from project 'Throttle')
    cd /Users/kevinnadjarian/GitHub/Throttle/build/convergence-recovery-20260920
    builtin-SwiftPerFileCompile PeerTerminalBridge.swift

SwiftCompile normal arm64 /Users/kevinnadjarian/GitHub/Throttle/build/convergence-recovery-20260920/Throttle/Network/PeerTransport.swift (in target 'Throttle' from project 'Throttle')
    cd /Users/kevinnadjarian/GitHub/Throttle/build/convergence-recovery-20260920
    builtin-SwiftPerFileCompile PeerTransport.swift

SwiftCompile normal arm64 /Users/kevinnadjarian/GitHub/Throttle/build/convergence-recovery-20260920/Throttle/Services/PlanAdvisor.swift (in target 'Throttle' from project 'Throttle')
    cd /Users/kevinnadjarian/GitHub/Throttle/build/convergence-recovery-20260920
    builtin-SwiftPerFileCompile PlanAdvisor.swift

SwiftCompile normal arm64 /Users/kevinnadjarian/GitHub/Throttle/build/convergence-recovery-20260920/Throttle/UI/Cockpit/PlanDesignView.swift (in target 'Throttle' from project 'Throttle')
    cd /Users/kevinnadjarian/GitHub/Throttle/build/convergence-recovery-20260920
    builtin-SwiftPerFileCompile PlanDesignView.swift

SwiftCompile normal arm64 /Users/kevinnadjarian/GitHub/Throttle/build/convergence-recovery-20260920/Throttle/Services/PlanFlow.swift (in target 'Throttle' from project 'Throttle')
    cd /Users/kevinnadjarian/GitHub/Throttle/build/convergence-recovery-20260920
    builtin-SwiftPerFileCompile PlanFlow.swift

SwiftDriverJobDiscovery normal arm64 Compiling LoginItemService.swift (in target 'Throttle' from project 'Throttle')

SwiftCompile normal arm64 Compiling\ FileEditor.swift,\ FileState.swift,\ FirstRunInline+Choices.swift,\ FirstRunInline.swift,\ FlowLessonsSection.swift,\ FlowWording.swift,\ GlobalRAGOnboardingService.swift,\ GlobalRAGOnboardingView+Actions.swift,\ GlobalRAGOnboardingView.swift,\ GlobalRAGOnboardingWindowController.swift,\ GlobalRAGService.swift,\ GlobalRAGSessionContextInstaller.swift,\ HealthCheckService.swift,\ HealthCheckView.swift,\ HookStatusService.swift,\ HostMetricsService.swift,\ HourlySweeper.swift,\ HumanDecisionRecorder.swift,\ ImageTextExtractor.swift,\ InlineAboutPane.swift,\ InlineAssistantPane+LocalWorker.swift,\ InlineAssistantPane.swift,\ InlineCalibrationPane.swift,\ InlineGeneralPane+Actions.swift,\ InlineGeneralPane+Autopilot.swift /Users/kevinnadjarian/GitHub/Throttle/build/convergence-recovery-20260920/Throttle/Services/FileEditor.swift /Users/kevinnadjarian/GitHub/Throttle/build/convergence-recovery-20260920/Throttle/Models/FileState.swift /Users/kevinnadjarian/GitHub/Throttle/build/convergence-recovery-20260920/Throttle/UI/MenuBar/FirstRunInline+Choices.swift /Users/kevinnadjarian/GitHub/Throttle/build/convergence-recovery-20260920/Throttle/UI/MenuBar/FirstRunInline.swift /Users/kevinnadjarian/GitHub/Throttle/build/convergence-recovery-20260920/Throttle/UI/Cockpit/Navigation/FlowLessonsSection.swift /Users/kevinnadjarian/GitHub/Throttle/build/convergence-recovery-20260920/Throttle/UI/Cockpit/Navigation/FlowWording.swift /Users/kevinnadjarian/GitHub/Throttle/build/convergence-recovery-20260920/Throttle/Services/GlobalRAGOnboardingService.swift /Users/kevinnadjarian/GitHub/Throttle/build/convergence-recovery-20260920/Throttle/UI/MenuBar/GlobalRAGOnboardingView+Actions.swift /Users/kevinnadjarian/GitHub/Throttle/build/convergence-recovery-20260920/Throttle/UI/MenuBar/GlobalRAGOnboardingView.swift /Users/kevinnadjarian/GitHub/Throttle/build/convergence-recovery-20260920/Throttle/UI/MenuBar/GlobalRAGOnboardingWindowController.swift /Users/kevinnadjarian/GitHub/Throttle/build/convergence-recovery-20260920/Throttle/Services/GlobalRAGService.swift /Users/kevinnadjarian/GitHub/Throttle/build/convergence-recovery-20260920/Throttle/Services/GlobalRAGSessionContextInstaller.swift /Users/kevinnadjarian/GitHub/Throttle/build/convergence-recovery-20260920/Throttle/Services/HealthCheckService.swift /Users/kevinnadjarian/GitHub/Throttle/build/convergence-recovery-20260920/Throttle/UI/Cockpit/HealthCheckView.swift /Users/kevinnadjarian/GitHub/Throttle/build/convergence-recovery-20260920/Throttle/Services/HookStatusService.swift /Users/kevinnadjarian/GitHub/Throttle/build/convergence-recovery-20260920/Throttle/Services/HostMetricsService.swift /Users/kevinnadjarian/GitHub/Throttle/build/convergence-recovery-20260920/Throttle/DataLayer/HourlySweeper.swift /Users/kevinnadjarian/GitHub/Throttle/build/convergence-recovery-20260920/Throttle/Services/HumanDecisionRecorder.swift /Users/kevinnadjarian/GitHub/Throttle/build/convergence-recovery-20260920/Throttle/Services/ImageTextExtractor.swift /Users/kevinnadjarian/GitHub/Throttle/build/convergence-recovery-20260920/Throttle/UI/MenuBar/InlineAboutPane.swift /Users/kevinnadjarian/GitHub/Throttle/build/convergence-recovery-20260920/Throttle/UI/MenuBar/InlineAssistantPane+LocalWorker.swift /Users/kevinnadjarian/GitHub/Throttle/build/convergence-recovery-20260920/Throttle/UI/MenuBar/InlineAssistantPane.swift /Users/kevinnadjarian/GitHub/Throttle/build/convergence-recovery-20260920/Throttle/UI/MenuBar/InlineCalibrationPane.swift /Users/kevinnadjarian/GitHub/Throttle/build/convergence-recovery-20260920/Throttle/UI/MenuBar/InlineGeneralPane+Actions.swift /Users/kevinnadjarian/GitHub/Throttle/build/convergence-recovery-20260920/Throttle/UI/MenuBar/InlineGeneralPane+Autopilot.swift (in target 'Throttle' from project 'Throttle')

SwiftCompile normal arm64 /Users/kevinnadjarian/GitHub/Throttle/build/convergence-recovery-20260920/Throttle/Services/FileEditor.swift (in target 'Throttle' from project 'Throttle')
    cd /Users/kevinnadjarian/GitHub/Throttle/build/convergence-recovery-20260920
    builtin-SwiftPerFileCompile FileEditor.swift

SwiftCompile normal arm64 /Users/kevinnadjarian/GitHub/Throttle/build/convergence-recovery-20260920/Throttle/Models/FileState.swift (in target 'Throttle' from project 'Throttle')
    cd /Users/kevinnadjarian/GitHub/Throttle/build/convergence-recovery-20260920
    builtin-SwiftPerFileCompile FileState.swift

SwiftCompile normal arm64 /Users/kevinnadjarian/GitHub/Throttle/build/convergence-recovery-20260920/Throttle/UI/MenuBar/FirstRunInline+Choices.swift (in target 'Throttle' from project 'Throttle')
    cd /Users/kevinnadjarian/GitHub/Throttle/build/convergence-recovery-20260920
    builtin-SwiftPerFileCompile FirstRunInline+Choices.swift

SwiftCompile normal arm64 /Users/kevinnadjarian/GitHub/Throttle/build/convergence-recovery-20260920/Throttle/UI/MenuBar/FirstRunInline.swift (in target 'Throttle' from project 'Throttle')
    cd /Users/kevinnadjarian/GitHub/Throttle/build/convergence-recovery-20260920
    builtin-SwiftPerFileCompile FirstRunInline.swift

SwiftCompile normal arm64 /Users/kevinnadjarian/GitHub/Throttle/build/convergence-recovery-20260920/Throttle/UI/Cockpit/Navigation/FlowLessonsSection.swift (in target 'Throttle' from project 'Throttle')
    cd /Users/kevinnadjarian/GitHub/Throttle/build/convergence-recovery-20260920
    builtin-SwiftPerFileCompile FlowLessonsSection.swift

SwiftCompile normal arm64 /Users/kevinnadjarian/GitHub/Throttle/build/convergence-recovery-20260920/Throttle/UI/Cockpit/Navigation/FlowWording.swift (in target 'Throttle' from project 'Throttle')
    cd /Users/kevinnadjarian/GitHub/Throttle/build/convergence-recovery-20260920
    builtin-SwiftPerFileCompile FlowWording.swift

SwiftCompile normal arm64 /Users/kevinnadjarian/GitHub/Throttle/build/convergence-recovery-20260920/Throttle/Services/GlobalRAGOnboardingService.swift (in target 'Throttle' from project 'Throttle')
    cd /Users/kevinnadjarian/GitHub/Throttle/build/convergence-recovery-20260920
    builtin-SwiftPerFileCompile GlobalRAGOnboardingService.swift

SwiftCompile normal arm64 /Users/kevinnadjarian/GitHub/Throttle/build/convergence-recovery-20260920/Throttle/UI/MenuBar/GlobalRAGOnboardingView+Actions.swift (in target 'Throttle' from project 'Throttle')
    cd /Users/kevinnadjarian/GitHub/Throttle/build/convergence-recovery-20260920
    builtin-SwiftPerFileCompile GlobalRAGOnboardingView+Actions.swift

SwiftCompile normal arm64 /Users/kevinnadjarian/GitHub/Throttle/build/convergence-recovery-20260920/Throttle/UI/MenuBar/GlobalRAGOnboardingView.swift (in target 'Throttle' from project 'Throttle')
    cd /Users/kevinnadjarian/GitHub/Throttle/build/convergence-recovery-20260920
    builtin-SwiftPerFileCompile GlobalRAGOnboardingView.swift

SwiftCompile normal arm64 /Users/kevinnadjarian/GitHub/Throttle/build/convergence-recovery-20260920/Throttle/UI/MenuBar/GlobalRAGOnboardingWindowController.swift (in target 'Throttle' from project 'Throttle')
    cd /Users/kevinnadjarian/GitHub/Throttle/build/convergence-recovery-20260920
    builtin-SwiftPerFileCompile GlobalRAGOnboardingWindowController.swift

SwiftCompile normal arm64 /Users/kevinnadjarian/GitHub/Throttle/build/convergence-recovery-20260920/Throttle/Services/GlobalRAGService.swift (in target 'Throttle' from project 'Throttle')
    cd /Users/kevinnadjarian/GitHub/Throttle/build/convergence-recovery-20260920
    builtin-SwiftPerFileCompile GlobalRAGService.swift

SwiftCompile normal arm64 /Users/kevinnadjarian/GitHub/Throttle/build/convergence-recovery-20260920/Throttle/Services/GlobalRAGSessionContextInstaller.swift (in target 'Throttle' from project 'Throttle')
    cd /Users/kevinnadjarian/GitHub/Throttle/build/convergence-recovery-20260920
    builtin-SwiftPerFileCompile GlobalRAGSessionContextInstaller.swift

SwiftCompile normal arm64 /Users/kevinnadjarian/GitHub/Throttle/build/convergence-recovery-20260920/Throttle/Services/HealthCheckService.swift (in target 'Throttle' from project 'Throttle')
    cd /Users/kevinnadjarian/GitHub/Throttle/build/convergence-recovery-20260920
    builtin-SwiftPerFileCompile HealthCheckService.swift

SwiftCompile normal arm64 /Users/kevinnadjarian/GitHub/Throttle/build/convergence-recovery-20260920/Throttle/UI/Cockpit/HealthCheckView.swift (in target 'Throttle' from project 'Throttle')
    cd /Users/kevinnadjarian/GitHub/Throttle/build/convergence-recovery-20260920
    builtin-SwiftPerFileCompile HealthCheckView.swift

SwiftCompile normal arm64 /Users/kevinnadjarian/GitHub/Throttle/build/convergence-recovery-20260920/Throttle/Services/HookStatusService.swift (in target 'Throttle' from project 'Throttle')
    cd /Users/kevinnadjarian/GitHub/Throttle/build/convergence-recovery-20260920
    builtin-SwiftPerFileCompile HookStatusService.swift

SwiftCompile normal arm64 /Users/kevinnadjarian/GitHub/Throttle/build/convergence-recovery-20260920/Throttle/Services/HostMetricsService.swift (in target 'Throttle' from project 'Throttle')
    cd /Users/kevinnadjarian/GitHub/Throttle/build/convergence-recovery-20260920
    builtin-SwiftPerFileCompile HostMetricsService.swift

SwiftCompile normal arm64 /Users/kevinnadjarian/GitHub/Throttle/build/convergence-recovery-20260920/Throttle/DataLayer/HourlySweeper.swift (in target 'Throttle' from project 'Throttle')
    cd /Users/kevinnadjarian/GitHub/Throttle/build/convergence-recovery-20260920
    builtin-SwiftPerFileCompile HourlySweeper.swift

SwiftCompile normal arm64 /Users/kevinnadjarian/GitHub/Throttle/build/convergence-recovery-20260920/Throttle/Services/HumanDecisionRecorder.swift (in target 'Throttle' from project 'Throttle')
    cd /Users/kevinnadjarian/GitHub/Throttle/build/convergence-recovery-20260920
    builtin-SwiftPerFileCompile HumanDecisionRecorder.swift

SwiftCompile normal arm64 /Users/kevinnadjarian/GitHub/Throttle/build/convergence-recovery-20260920/Throttle/Services/ImageTextExtractor.swift (in target 'Throttle' from project 'Throttle')
    cd /Users/kevinnadjarian/GitHub/Throttle/build/convergence-recovery-20260920
    builtin-SwiftPerFileCompile ImageTextExtractor.swift

SwiftCompile normal arm64 /Users/kevinnadjarian/GitHub/Throttle/build/convergence-recovery-20260920/Throttle/UI/MenuBar/InlineAboutPane.swift (in target 'Throttle' from project 'Throttle')
    cd /Users/kevinnadjarian/GitHub/Throttle/build/convergence-recovery-20260920
    builtin-SwiftPerFileCompile InlineAboutPane.swift

SwiftCompile normal arm64 /Users/kevinnadjarian/GitHub/Throttle/build/convergence-recovery-20260920/Throttle/UI/MenuBar/InlineAssistantPane+LocalWorker.swift (in target 'Throttle' from project 'Throttle')
    cd /Users/kevinnadjarian/GitHub/Throttle/build/convergence-recovery-20260920
    builtin-SwiftPerFileCompile InlineAssistantPane+LocalWorker.swift

SwiftCompile normal arm64 /Users/kevinnadjarian/GitHub/Throttle/build/convergence-recovery-20260920/Throttle/UI/MenuBar/InlineAssistantPane.swift (in target 'Throttle' from project 'Throttle')
    cd /Users/kevinnadjarian/GitHub/Throttle/build/convergence-recovery-20260920
    builtin-SwiftPerFileCompile InlineAssistantPane.swift

SwiftCompile normal arm64 /Users/kevinnadjarian/GitHub/Throttle/build/convergence-recovery-20260920/Throttle/UI/MenuBar/InlineCalibrationPane.swift (in target 'Throttle' from project 'Throttle')
    cd /Users/kevinnadjarian/GitHub/Throttle/build/convergence-recovery-20260920
    builtin-SwiftPerFileCompile InlineCalibrationPane.swift

SwiftCompile normal arm64 /Users/kevinnadjarian/GitHub/Throttle/build/convergence-recovery-20260920/Throttle/UI/MenuBar/InlineGeneralPane+Actions.swift (in target 'Throttle' from project 'Throttle')
    cd /Users/kevinnadjarian/GitHub/Throttle/build/convergence-recovery-20260920
    builtin-SwiftPerFileCompile InlineGeneralPane+Actions.swift

SwiftCompile normal arm64 /Users/kevinnadjarian/GitHub/Throttle/build/convergence-recovery-20260920/Throttle/UI/MenuBar/InlineGeneralPane+Autopilot.swift (in target 'Throttle' from project 'Throttle')
    cd /Users/kevinnadjarian/GitHub/Throttle/build/convergence-recovery-20260920
    builtin-SwiftPerFileCompile InlineGeneralPane+Autopilot.swift

/Users/kevinnadjarian/GitHub/Throttle/build/convergence-recovery-20260920/Throttle/UI/Cockpit/Navigation/FlowWording.swift:68:38: warning: call to main actor-isolated static method 'runtimeName' in a synchronous nonisolated context [#ActorIsolatedCall]
 62 |     }
 63 | 
 64 |     static func focusSentence(_ stage: PlanFlow.Stage, _ item: ProjectOverview.TaskItem) -> String {
    |                 `- note: add '@MainActor' to make static method 'focusSentence' part of global actor 'MainActor'
 65 |         let task = "\(item.id) — \(item.title)"
 66 |         switch stage {
 67 |         case .working:
 68 |             let agent = PlanTreeView.runtimeName(item.state.runtime) ?? String(localized: "An agent")
    |                                      `- warning: call to main actor-isolated static method 'runtimeName' in a synchronous nonisolated context [#ActorIsolatedCall]
 69 |             return String(localized: "\(agent) is working on \(task). Follow it in its session.")
 70 |         case .fixing:

/Users/kevinnadjarian/GitHub/Throttle/build/convergence-recovery-20260920/Throttle/UI/Cockpit/PlanTreeView+NextStep.swift:77:17: note: calls to static method 'runtimeName' from outside of its actor context are implicitly asynchronous
75 | 
76 |     /// "claudeCode" is a storage key; people read "Claude Code".
77 |     static func runtimeName(_ raw: String?) -> String? {
   |                 |- note: calls to static method 'runtimeName' from outside of its actor context are implicitly asynchronous
   |                 `- note: main actor isolation inferred from conformance to protocol 'View'
78 |         guard let raw else { return nil }
79 |         return AgentRuntime(rawValue: raw)?.label ?? raw

[#ActorIsolatedCall]: <https://docs.swift.org/compiler/documentation/diagnostics/actor-isolated-call>
SwiftDriverJobDiscovery normal arm64 Compiling InlineHooksPane.swift (in target 'Throttle' from project 'Throttle')

SwiftCompile normal arm64 Compiling\ TaskVerificationLease.swift,\ TaskVerificationLifecycle.swift,\ TaskVerificationProcess.swift,\ TaskWorktreeService.swift,\ TeamPolicyService.swift,\ TestOutcomeDetector.swift,\ TestOutcomeStore.swift,\ ThresholdNotifier.swift,\ ThrottleApp.swift,\ ThrottleCommandChannel.swift,\ ThrottleIntents.swift,\ ThrottleMCPHealthStore.swift,\ ThrottleMCPServer.swift,\ TodayFlowTiles.swift,\ TokenEstimate.swift,\ TokoptBenchmark.swift,\ TokoptHook.swift,\ TokoptHookInstaller.swift,\ TranscriptIndex.swift,\ TranscriptMemoryInstaller.swift,\ TranscriptSearchView.swift,\ TranscriptSearchWindowController.swift,\ TraycerDecoder.swift,\ TraycerEnvInstaller.swift /Users/kevinnadjarian/GitHub/Throttle/build/convergence-recovery-20260920/Throttle/Models/TaskVerificationLease.swift /Users/kevinnadjarian/GitHub/Throttle/build/convergence-recovery-20260920/Throttle/Services/TaskVerificationLifecycle.swift /Users/kevinnadjarian/GitHub/Throttle/build/convergence-recovery-20260920/Throttle/Models/TaskVerificationProcess.swift /Users/kevinnadjarian/GitHub/Throttle/build/convergence-recovery-20260920/Throttle/Services/TaskWorktreeService.swift /Users/kevinnadjarian/GitHub/Throttle/build/convergence-recovery-20260920/Throttle/Services/TeamPolicyService.swift /Users/kevinnadjarian/GitHub/Throttle/build/convergence-recovery-20260920/Throttle/Services/TestOutcomeDetector.swift /Users/kevinnadjarian/GitHub/Throttle/build/convergence-recovery-20260920/Throttle/Services/TestOutcomeStore.swift /Users/kevinnadjarian/GitHub/Throttle/build/convergence-recovery-20260920/Throttle/Services/ThresholdNotifier.swift /Users/kevinnadjarian/GitHub/Throttle/build/convergence-recovery-20260920/Throttle/ThrottleApp.swift /Users/kevinnadjarian/GitHub/Throttle/build/convergence-recovery-20260920/Throttle/Services/ThrottleCommandChannel.swift /Users/kevinnadjarian/GitHub/Throttle/build/convergence-recovery-20260920/Throttle/Intents/ThrottleIntents.swift /Users/kevinnadjarian/GitHub/Throttle/build/convergence-recovery-20260920/Throttle/Services/ThrottleMCPHealthStore.swift /Users/kevinnadjarian/GitHub/Throttle/build/convergence-recovery-20260920/Throttle/Services/ThrottleMCPServer.swift /Users/kevinnadjarian/GitHub/Throttle/build/convergence-recovery-20260920/Throttle/UI/Cockpit/Navigation/TodayFlowTiles.swift /Users/kevinnadjarian/GitHub/Throttle/build/convergence-recovery-20260920/Throttle/Services/TokenEstimate.swift /Users/kevinnadjarian/GitHub/Throttle/build/convergence-recovery-20260920/Throttle/Services/TokoptBenchmark.swift /Users/kevinnadjarian/GitHub/Throttle/build/convergence-recovery-20260920/Throttle/Services/TokoptHook.swift /Users/kevinnadjarian/GitHub/Throttle/build/convergence-recovery-20260920/Throttle/Services/TokoptHookInstaller.swift /Users/kevinnadjarian/GitHub/Throttle/build/convergence-recovery-20260920/Throttle/Services/TranscriptIndex.swift /Users/kevinnadjarian/GitHub/Throttle/build/convergence-recovery-20260920/Throttle/Services/TranscriptMemoryInstaller.swift /Users/kevinnadjarian/GitHub/Throttle/build/convergence-recovery-20260920/Throttle/UI/MenuBar/TranscriptSearchView.swift /Users/kevinnadjarian/GitHub/Throttle/build/convergence-recovery-20260920/Throttle/UI/MenuBar/TranscriptSearchWindowController.swift /Users/kevinnadjarian/GitHub/Throttle/build/convergence-recovery-20260920/Throttle/Services/TraycerDecoder.swift /Users/kevinnadjarian/GitHub/Throttle/build/convergence-recovery-20260920/Throttle/Services/TraycerEnvInstaller.swift (in target 'Throttle' from project 'Throttle')

SwiftCompile normal arm64 /Users/kevinnadjarian/GitHub/Throttle/build/convergence-recovery-20260920/Throttle/Models/TaskVerificationLease.swift (in target 'Throttle' from project 'Throttle')
    cd /Users/kevinnadjarian/GitHub/Throttle/build/convergence-recovery-20260920
    builtin-SwiftPerFileCompile TaskVerificationLease.swift

SwiftCompile normal arm64 /Users/kevinnadjarian/GitHub/Throttle/build/convergence-recovery-20260920/Throttle/Services/TaskVerificationLifecycle.swift (in target 'Throttle' from project 'Throttle')
    cd /Users/kevinnadjarian/GitHub/Throttle/build/convergence-recovery-20260920
    builtin-SwiftPerFileCompile TaskVerificationLifecycle.swift

SwiftCompile normal arm64 /Users/kevinnadjarian/GitHub/Throttle/build/convergence-recovery-20260920/Throttle/Models/TaskVerificationProcess.swift (in target 'Throttle' from project 'Throttle')
    cd /Users/kevinnadjarian/GitHub/Throttle/build/convergence-recovery-20260920
    builtin-SwiftPerFileCompile TaskVerificationProcess.swift

SwiftCompile normal arm64 /Users/kevinnadjarian/GitHub/Throttle/build/convergence-recovery-20260920/Throttle/Services/TaskWorktreeService.swift (in target 'Throttle' from project 'Throttle')
    cd /Users/kevinnadjarian/GitHub/Throttle/build/convergence-recovery-20260920
    builtin-SwiftPerFileCompile TaskWorktreeService.swift

SwiftCompile normal arm64 /Users/kevinnadjarian/GitHub/Throttle/build/convergence-recovery-20260920/Throttle/Services/TeamPolicyService.swift (in target 'Throttle' from project 'Throttle')
    cd /Users/kevinnadjarian/GitHub/Throttle/build/convergence-recovery-20260920
    builtin-SwiftPerFileCompile TeamPolicyService.swift

SwiftCompile normal arm64 /Users/kevinnadjarian/GitHub/Throttle/build/convergence-recovery-20260920/Throttle/Services/TestOutcomeDetector.swift (in target 'Throttle' from project 'Throttle')
    cd /Users/kevinnadjarian/GitHub/Throttle/build/convergence-recovery-20260920
    builtin-SwiftPerFileCompile TestOutcomeDetector.swift

SwiftCompile normal arm64 /Users/kevinnadjarian/GitHub/Throttle/build/convergence-recovery-20260920/Throttle/Services/TestOutcomeStore.swift (in target 'Throttle' from project 'Throttle')
    cd /Users/kevinnadjarian/GitHub/Throttle/build/convergence-recovery-20260920
    builtin-SwiftPerFileCompile TestOutcomeStore.swift

SwiftCompile normal arm64 /Users/kevinnadjarian/GitHub/Throttle/build/convergence-recovery-20260920/Throttle/Services/ThresholdNotifier.swift (in target 'Throttle' from project 'Throttle')
    cd /Users/kevinnadjarian/GitHub/Throttle/build/convergence-recovery-20260920
    builtin-SwiftPerFileCompile ThresholdNotifier.swift

SwiftCompile normal arm64 /Users/kevinnadjarian/GitHub/Throttle/build/convergence-recovery-20260920/Throttle/ThrottleApp.swift (in target 'Throttle' from project 'Throttle')
    cd /Users/kevinnadjarian/GitHub/Throttle/build/convergence-recovery-20260920
    builtin-SwiftPerFileCompile ThrottleApp.swift

SwiftCompile normal arm64 /Users/kevinnadjarian/GitHub/Throttle/build/convergence-recovery-20260920/Throttle/Services/ThrottleCommandChannel.swift (in target 'Throttle' from project 'Throttle')
    cd /Users/kevinnadjarian/GitHub/Throttle/build/convergence-recovery-20260920
    builtin-SwiftPerFileCompile ThrottleCommandChannel.swift

SwiftCompile normal arm64 /Users/kevinnadjarian/GitHub/Throttle/build/convergence-recovery-20260920/Throttle/Intents/ThrottleIntents.swift (in target 'Throttle' from project 'Throttle')
    cd /Users/kevinnadjarian/GitHub/Throttle/build/convergence-recovery-20260920
    builtin-SwiftPerFileCompile ThrottleIntents.swift

SwiftCompile normal arm64 /Users/kevinnadjarian/GitHub/Throttle/build/convergence-recovery-20260920/Throttle/Services/ThrottleMCPHealthStore.swift (in target 'Throttle' from project 'Throttle')
    cd /Users/kevinnadjarian/GitHub/Throttle/build/convergence-recovery-20260920
    builtin-SwiftPerFileCompile ThrottleMCPHealthStore.swift

SwiftCompile normal arm64 /Users/kevinnadjarian/GitHub/Throttle/build/convergence-recovery-20260920/Throttle/Services/ThrottleMCPServer.swift (in target 'Throttle' from project 'Throttle')
    cd /Users/kevinnadjarian/GitHub/Throttle/build/convergence-recovery-20260920
    builtin-SwiftPerFileCompile ThrottleMCPServer.swift

SwiftCompile normal arm64 /Users/kevinnadjarian/GitHub/Throttle/build/convergence-recovery-20260920/Throttle/UI/Cockpit/Navigation/TodayFlowTiles.swift (in target 'Throttle' from project 'Throttle')
    cd /Users/kevinnadjarian/GitHub/Throttle/build/convergence-recovery-20260920
    builtin-SwiftPerFileCompile TodayFlowTiles.swift

SwiftCompile normal arm64 /Users/kevinnadjarian/GitHub/Throttle/build/convergence-recovery-20260920/Throttle/Services/TokenEstimate.swift (in target 'Throttle' from project 'Throttle')
    cd /Users/kevinnadjarian/GitHub/Throttle/build/convergence-recovery-20260920
    builtin-SwiftPerFileCompile TokenEstimate.swift

SwiftCompile normal arm64 /Users/kevinnadjarian/GitHub/Throttle/build/convergence-recovery-20260920/Throttle/Services/TokoptBenchmark.swift (in target 'Throttle' from project 'Throttle')
    cd /Users/kevinnadjarian/GitHub/Throttle/build/convergence-recovery-20260920
    builtin-SwiftPerFileCompile TokoptBenchmark.swift

SwiftCompile normal arm64 /Users/kevinnadjarian/GitHub/Throttle/build/convergence-recovery-20260920/Throttle/Services/TokoptHook.swift (in target 'Throttle' from project 'Throttle')
    cd /Users/kevinnadjarian/GitHub/Throttle/build/convergence-recovery-20260920
    builtin-SwiftPerFileCompile TokoptHook.swift

SwiftCompile normal arm64 /Users/kevinnadjarian/GitHub/Throttle/build/convergence-recovery-20260920/Throttle/Services/TokoptHookInstaller.swift (in target 'Throttle' from project 'Throttle')
    cd /Users/kevinnadjarian/GitHub/Throttle/build/convergence-recovery-20260920
    builtin-SwiftPerFileCompile TokoptHookInstaller.swift

SwiftCompile normal arm64 /Users/kevinnadjarian/GitHub/Throttle/build/convergence-recovery-20260920/Throttle/Services/TranscriptIndex.swift (in target 'Throttle' from project 'Throttle')
    cd /Users/kevinnadjarian/GitHub/Throttle/build/convergence-recovery-20260920
    builtin-SwiftPerFileCompile TranscriptIndex.swift

SwiftCompile normal arm64 /Users/kevinnadjarian/GitHub/Throttle/build/convergence-recovery-20260920/Throttle/Services/TranscriptMemoryInstaller.swift (in target 'Throttle' from project 'Throttle')
    cd /Users/kevinnadjarian/GitHub/Throttle/build/convergence-recovery-20260920
    builtin-SwiftPerFileCompile TranscriptMemoryInstaller.swift

SwiftCompile normal arm64 /Users/kevinnadjarian/GitHub/Throttle/build/convergence-recovery-20260920/Throttle/UI/MenuBar/TranscriptSearchView.swift (in target 'Throttle' from project 'Throttle')
    cd /Users/kevinnadjarian/GitHub/Throttle/build/convergence-recovery-20260920
    builtin-SwiftPerFileCompile TranscriptSearchView.swift

SwiftCompile normal arm64 /Users/kevinnadjarian/GitHub/Throttle/build/convergence-recovery-20260920/Throttle/UI/MenuBar/TranscriptSearchWindowController.swift (in target 'Throttle' from project 'Throttle')
    cd /Users/kevinnadjarian/GitHub/Throttle/build/convergence-recovery-20260920
    builtin-SwiftPerFileCompile TranscriptSearchWindowController.swift

SwiftCompile normal arm64 /Users/kevinnadjarian/GitHub/Throttle/build/convergence-recovery-20260920/Throttle/Services/TraycerDecoder.swift (in target 'Throttle' from project 'Throttle')
    cd /Users/kevinnadjarian/GitHub/Throttle/build/convergence-recovery-20260920
    builtin-SwiftPerFileCompile TraycerDecoder.swift

SwiftCompile normal arm64 /Users/kevinnadjarian/GitHub/Throttle/build/convergence-recovery-20260920/Throttle/Services/TraycerEnvInstaller.swift (in target 'Throttle' from project 'Throttle')
    cd /Users/kevinnadjarian/GitHub/Throttle/build/convergence-recovery-20260920
    builtin-SwiftPerFileCompile TraycerEnvInstaller.swift

SwiftDriverJobDiscovery normal arm64 Compiling MultiTerminalStack.swift, MultiVendorService.swift, NativeProcessIdentity.swift, NativeSessionBinding.swift, NewProjectSpaceButton.swift, NotebookLMGatewayClient.swift, NotebookLMGatewayProcess.swift, NotebookLMImportJob.swift, OAuthUsageProvider.swift, OKFStore.swift, OSIssueBanner.swift, OnboardingChecklistCard.swift, OutputStyleManager.swift, OutputStyleManagerSheet.swift, OutputStyleService.swift, OutputStyleShadowingDetector.swift, OutputStyleWindowController.swift, OutsideAgentsCard.swift, OwnedProcessTermination.swift, PeerControlAdmission.swift, PeerTerminalBridge.swift, PeerTransport.swift, PlanAdvisor.swift, PlanDesignView.swift, PlanFlow.swift (in target 'Throttle' from project 'Throttle')

SwiftCompile normal arm64 Compiling\ ProjectOverviewTab.swift,\ ProjectStatsTab.swift,\ ProjectWindowController.swift,\ ProjectWindowRoot.swift,\ ProjectsService.swift,\ ProjectsSidebar.swift,\ PromptCacheImpactService.swift,\ PromptRefinerModel.swift,\ PromptRefinerPane.swift,\ PromptRefinerService.swift,\ ReadFirewallInstaller.swift,\ ReadFirewallReadout.swift,\ ReadFirewallScanner.swift,\ ReadFirewallService.swift,\ RedTeamCampaignStorage.swift,\ RedTeamCampaignStore.swift,\ RemoteSessionPane.swift,\ RemoteSessionsService+FreshStart.swift,\ RemoteSessionsService+Reconciliation.swift,\ RemoteSessionsService+Return.swift,\ RemoteSessionsService+Transfer.swift,\ RemoteSessionsService.swift,\ RemoteTransferFiles.swift,\ RemoteTransferGit.swift,\ RemoteTransferJournal.swift /Users/kevinnadjarian/GitHub/Throttle/build/convergence-recovery-20260920/Throttle/UI/ProjectWindow/ProjectOverviewTab.swift /Users/kevinnadjarian/GitHub/Throttle/build/convergence-recovery-20260920/Throttle/UI/ProjectWindow/ProjectStatsTab.swift /Users/kevinnadjarian/GitHub/Throttle/build/convergence-recovery-20260920/Throttle/UI/ProjectWindow/ProjectWindowController.swift /Users/kevinnadjarian/GitHub/Throttle/build/convergence-recovery-20260920/Throttle/UI/ProjectWindow/ProjectWindowRoot.swift /Users/kevinnadjarian/GitHub/Throttle/build/convergence-recovery-20260920/Throttle/Services/ProjectsService.swift /Users/kevinnadjarian/GitHub/Throttle/build/convergence-recovery-20260920/Throttle/UI/ProjectWindow/ProjectsSidebar.swift /Users/kevinnadjarian/GitHub/Throttle/build/convergence-recovery-20260920/Throttle/Services/PromptCacheImpactService.swift /Users/kevinnadjarian/GitHub/Throttle/build/convergence-recovery-20260920/Throttle/Services/PromptRefinerModel.swift /Users/kevinnadjarian/GitHub/Throttle/build/convergence-recovery-20260920/Throttle/UI/Cockpit/PromptRefinerPane.swift /Users/kevinnadjarian/GitHub/Throttle/build/convergence-recovery-20260920/Throttle/Services/PromptRefinerService.swift /Users/kevinnadjarian/GitHub/Throttle/build/convergence-recovery-20260920/Throttle/Services/ReadFirewallInstaller.swift /Users/kevinnadjarian/GitHub/Throttle/build/convergence-recovery-20260920/Throttle/UI/ProjectWindow/ReadFirewallReadout.swift /Users/kevinnadjarian/GitHub/Throttle/build/convergence-recovery-20260920/Throttle/Services/ReadFirewallScanner.swift /Users/kevinnadjarian/GitHub/Throttle/build/convergence-recovery-20260920/Throttle/Services/ReadFirewallService.swift /Users/kevinnadjarian/GitHub/Throttle/build/convergence-recovery-20260920/Throttle/Services/RedTeamCampaignStorage.swift /Users/kevinnadjarian/GitHub/Throttle/build/convergence-recovery-20260920/Throttle/Services/RedTeamCampaignStore.swift /Users/kevinnadjarian/GitHub/Throttle/build/convergence-recovery-20260920/Throttle/UI/Cockpit/RemoteSessionPane.swift /Users/kevinnadjarian/GitHub/Throttle/build/convergence-recovery-20260920/Throttle/Services/RemoteSessionsService+FreshStart.swift /Users/kevinnadjarian/GitHub/Throttle/build/convergence-recovery-20260920/Throttle/Services/RemoteSessionsService+Reconciliation.swift /Users/kevinnadjarian/GitHub/Throttle/build/convergence-recovery-20260920/Throttle/Services/RemoteSessionsService+Return.swift /Users/kevinnadjarian/GitHub/Throttle/build/convergence-recovery-20260920/Throttle/Services/RemoteSessionsService+Transfer.swift /Users/kevinnadjarian/GitHub/Throttle/build/convergence-recovery-20260920/Throttle/Services/RemoteSessionsService.swift /Users/kevinnadjarian/GitHub/Throttle/build/convergence-recovery-20260920/Throttle/Services/RemoteTransferFiles.swift /Users/kevinnadjarian/GitHub/Throttle/build/convergence-recovery-20260920/Throttle/Services/RemoteTransferGit.swift /Users/kevinnadjarian/GitHub/Throttle/build/convergence-recovery-20260920/Throttle/Services/RemoteTransferJournal.swift (in target 'Throttle' from project 'Throttle')

SwiftCompile normal arm64 /Users/kevinnadjarian/GitHub/Throttle/build/convergence-recovery-20260920/Throttle/UI/ProjectWindow/ProjectOverviewTab.swift (in target 'Throttle' from project 'Throttle')
    cd /Users/kevinnadjarian/GitHub/Throttle/build/convergence-recovery-20260920
    builtin-SwiftPerFileCompile ProjectOverviewTab.swift

SwiftCompile normal arm64 /Users/kevinnadjarian/GitHub/Throttle/build/convergence-recovery-20260920/Throttle/UI/ProjectWindow/ProjectStatsTab.swift (in target 'Throttle' from project 'Throttle')
    cd /Users/kevinnadjarian/GitHub/Throttle/build/convergence-recovery-20260920
    builtin-SwiftPerFileCompile ProjectStatsTab.swift

SwiftCompile normal arm64 /Users/kevinnadjarian/GitHub/Throttle/build/convergence-recovery-20260920/Throttle/UI/ProjectWindow/ProjectWindowController.swift (in target 'Throttle' from project 'Throttle')
    cd /Users/kevinnadjarian/GitHub/Throttle/build/convergence-recovery-20260920
    builtin-SwiftPerFileCompile ProjectWindowController.swift

SwiftCompile normal arm64 /Users/kevinnadjarian/GitHub/Throttle/build/convergence-recovery-20260920/Throttle/UI/ProjectWindow/ProjectWindowRoot.swift (in target 'Throttle' from project 'Throttle')
    cd /Users/kevinnadjarian/GitHub/Throttle/build/convergence-recovery-20260920
    builtin-SwiftPerFileCompile ProjectWindowRoot.swift

SwiftCompile normal arm64 /Users/kevinnadjarian/GitHub/Throttle/build/convergence-recovery-20260920/Throttle/Services/ProjectsService.swift (in target 'Throttle' from project 'Throttle')
    cd /Users/kevinnadjarian/GitHub/Throttle/build/convergence-recovery-20260920
    builtin-SwiftPerFileCompile ProjectsService.swift

SwiftCompile normal arm64 /Users/kevinnadjarian/GitHub/Throttle/build/convergence-recovery-20260920/Throttle/UI/ProjectWindow/ProjectsSidebar.swift (in target 'Throttle' from project 'Throttle')
    cd /Users/kevinnadjarian/GitHub/Throttle/build/convergence-recovery-20260920
    builtin-SwiftPerFileCompile ProjectsSidebar.swift

SwiftCompile normal arm64 /Users/kevinnadjarian/GitHub/Throttle/build/convergence-recovery-20260920/Throttle/Services/PromptCacheImpactService.swift (in target 'Throttle' from project 'Throttle')
    cd /Users/kevinnadjarian/GitHub/Throttle/build/convergence-recovery-20260920
    builtin-SwiftPerFileCompile PromptCacheImpactService.swift

SwiftCompile normal arm64 /Users/kevinnadjarian/GitHub/Throttle/build/convergence-recovery-20260920/Throttle/Services/PromptRefinerModel.swift (in target 'Throttle' from project 'Throttle')
    cd /Users/kevinnadjarian/GitHub/Throttle/build/convergence-recovery-20260920
    builtin-SwiftPerFileCompile PromptRefinerModel.swift

SwiftCompile normal arm64 /Users/kevinnadjarian/GitHub/Throttle/build/convergence-recovery-20260920/Throttle/UI/Cockpit/PromptRefinerPane.swift (in target 'Throttle' from project 'Throttle')
    cd /Users/kevinnadjarian/GitHub/Throttle/build/convergence-recovery-20260920
    builtin-SwiftPerFileCompile PromptRefinerPane.swift

SwiftCompile normal arm64 /Users/kevinnadjarian/GitHub/Throttle/build/convergence-recovery-20260920/Throttle/Services/PromptRefinerService.swift (in target 'Throttle' from project 'Throttle')
    cd /Users/kevinnadjarian/GitHub/Throttle/build/convergence-recovery-20260920
    builtin-SwiftPerFileCompile PromptRefinerService.swift

SwiftCompile normal arm64 /Users/kevinnadjarian/GitHub/Throttle/build/convergence-recovery-20260920/Throttle/Services/ReadFirewallInstaller.swift (in target 'Throttle' from project 'Throttle')
    cd /Users/kevinnadjarian/GitHub/Throttle/build/convergence-recovery-20260920
    builtin-SwiftPerFileCompile ReadFirewallInstaller.swift

SwiftCompile normal arm64 /Users/kevinnadjarian/GitHub/Throttle/build/convergence-recovery-20260920/Throttle/UI/ProjectWindow/ReadFirewallReadout.swift (in target 'Throttle' from project 'Throttle')
    cd /Users/kevinnadjarian/GitHub/Throttle/build/convergence-recovery-20260920
    builtin-SwiftPerFileCompile ReadFirewallReadout.swift

SwiftCompile normal arm64 /Users/kevinnadjarian/GitHub/Throttle/build/convergence-recovery-20260920/Throttle/Services/ReadFirewallScanner.swift (in target 'Throttle' from project 'Throttle')
    cd /Users/kevinnadjarian/GitHub/Throttle/build/convergence-recovery-20260920
    builtin-SwiftPerFileCompile ReadFirewallScanner.swift

SwiftCompile normal arm64 /Users/kevinnadjarian/GitHub/Throttle/build/convergence-recovery-20260920/Throttle/Services/ReadFirewallService.swift (in target 'Throttle' from project 'Throttle')
    cd /Users/kevinnadjarian/GitHub/Throttle/build/convergence-recovery-20260920
    builtin-SwiftPerFileCompile ReadFirewallService.swift

SwiftCompile normal arm64 /Users/kevinnadjarian/GitHub/Throttle/build/convergence-recovery-20260920/Throttle/Services/RedTeamCampaignStorage.swift (in target 'Throttle' from project 'Throttle')
    cd /Users/kevinnadjarian/GitHub/Throttle/build/convergence-recovery-20260920
    builtin-SwiftPerFileCompile RedTeamCampaignStorage.swift

SwiftCompile normal arm64 /Users/kevinnadjarian/GitHub/Throttle/build/convergence-recovery-20260920/Throttle/Services/RedTeamCampaignStore.swift (in target 'Throttle' from project 'Throttle')
    cd /Users/kevinnadjarian/GitHub/Throttle/build/convergence-recovery-20260920
    builtin-SwiftPerFileCompile RedTeamCampaignStore.swift

SwiftCompile normal arm64 /Users/kevinnadjarian/GitHub/Throttle/build/convergence-recovery-20260920/Throttle/UI/Cockpit/RemoteSessionPane.swift (in target 'Throttle' from project 'Throttle')
    cd /Users/kevinnadjarian/GitHub/Throttle/build/convergence-recovery-20260920
    builtin-SwiftPerFileCompile RemoteSessionPane.swift

SwiftCompile normal arm64 /Users/kevinnadjarian/GitHub/Throttle/build/convergence-recovery-20260920/Throttle/Services/RemoteSessionsService+FreshStart.swift (in target 'Throttle' from project 'Throttle')
    cd /Users/kevinnadjarian/GitHub/Throttle/build/convergence-recovery-20260920
    builtin-SwiftPerFileCompile RemoteSessionsService+FreshStart.swift

SwiftCompile normal arm64 /Users/kevinnadjarian/GitHub/Throttle/build/convergence-recovery-20260920/Throttle/Services/RemoteSessionsService+Reconciliation.swift (in target 'Throttle' from project 'Throttle')
    cd /Users/kevinnadjarian/GitHub/Throttle/build/convergence-recovery-20260920
    builtin-SwiftPerFileCompile RemoteSessionsService+Reconciliation.swift

SwiftCompile normal arm64 /Users/kevinnadjarian/GitHub/Throttle/build/convergence-recovery-20260920/Throttle/Services/RemoteSessionsService+Return.swift (in target 'Throttle' from project 'Throttle')
    cd /Users/kevinnadjarian/GitHub/Throttle/build/convergence-recovery-20260920
    builtin-SwiftPerFileCompile RemoteSessionsService+Return.swift

SwiftCompile normal arm64 /Users/kevinnadjarian/GitHub/Throttle/build/convergence-recovery-20260920/Throttle/Services/RemoteSessionsService+Transfer.swift (in target 'Throttle' from project 'Throttle')
    cd /Users/kevinnadjarian/GitHub/Throttle/build/convergence-recovery-20260920
    builtin-SwiftPerFileCompile RemoteSessionsService+Transfer.swift

SwiftCompile normal arm64 /Users/kevinnadjarian/GitHub/Throttle/build/convergence-recovery-20260920/Throttle/Services/RemoteSessionsService.swift (in target 'Throttle' from project 'Throttle')
    cd /Users/kevinnadjarian/GitHub/Throttle/build/convergence-recovery-20260920
    builtin-SwiftPerFileCompile RemoteSessionsService.swift

SwiftCompile normal arm64 /Users/kevinnadjarian/GitHub/Throttle/build/convergence-recovery-20260920/Throttle/Services/RemoteTransferFiles.swift (in target 'Throttle' from project 'Throttle')
    cd /Users/kevinnadjarian/GitHub/Throttle/build/convergence-recovery-20260920
    builtin-SwiftPerFileCompile RemoteTransferFiles.swift

SwiftCompile normal arm64 /Users/kevinnadjarian/GitHub/Throttle/build/convergence-recovery-20260920/Throttle/Services/RemoteTransferGit.swift (in target 'Throttle' from project 'Throttle')
    cd /Users/kevinnadjarian/GitHub/Throttle/build/convergence-recovery-20260920
    builtin-SwiftPerFileCompile RemoteTransferGit.swift

SwiftCompile normal arm64 /Users/kevinnadjarian/GitHub/Throttle/build/convergence-recovery-20260920/Throttle/Services/RemoteTransferJournal.swift (in target 'Throttle' from project 'Throttle')
    cd /Users/kevinnadjarian/GitHub/Throttle/build/convergence-recovery-20260920
    builtin-SwiftPerFileCompile RemoteTransferJournal.swift

SwiftDriverJobDiscovery normal arm64 Compiling FileEditor.swift, FileState.swift, FirstRunInline+Choices.swift, FirstRunInline.swift, FlowLessonsSection.swift, FlowWording.swift, GlobalRAGOnboardingService.swift, GlobalRAGOnboardingView+Actions.swift, GlobalRAGOnboardingView.swift, GlobalRAGOnboardingWindowController.swift, GlobalRAGService.swift, GlobalRAGSessionContextInstaller.swift, HealthCheckService.swift, HealthCheckView.swift, HookStatusService.swift, HostMetricsService.swift, HourlySweeper.swift, HumanDecisionRecorder.swift, ImageTextExtractor.swift, InlineAboutPane.swift, InlineAssistantPane+LocalWorker.swift, InlineAssistantPane.swift, InlineCalibrationPane.swift, InlineGeneralPane+Actions.swift, InlineGeneralPane+Autopilot.swift (in target 'Throttle' from project 'Throttle')

SwiftCompile normal arm64 Compiling\ InlineGeneralPane.swift,\ InlineProPane.swift /Users/kevinnadjarian/GitHub/Throttle/build/convergence-recovery-20260920/Throttle/UI/MenuBar/InlineGeneralPane.swift /Users/kevinnadjarian/GitHub/Throttle/build/convergence-recovery-20260920/Throttle/UI/MenuBar/InlineProPane.swift (in target 'Throttle' from project 'Throttle')

SwiftCompile normal arm64 /Users/kevinnadjarian/GitHub/Throttle/build/convergence-recovery-20260920/Throttle/UI/MenuBar/InlineGeneralPane.swift (in target 'Throttle' from project 'Throttle')
    cd /Users/kevinnadjarian/GitHub/Throttle/build/convergence-recovery-20260920
    builtin-SwiftPerFileCompile InlineGeneralPane.swift

SwiftCompile normal arm64 /Users/kevinnadjarian/GitHub/Throttle/build/convergence-recovery-20260920/Throttle/UI/MenuBar/InlineProPane.swift (in target 'Throttle' from project 'Throttle')
    cd /Users/kevinnadjarian/GitHub/Throttle/build/convergence-recovery-20260920
    builtin-SwiftPerFileCompile InlineProPane.swift

SwiftDriverJobDiscovery normal arm64 Compiling TaskVerificationLease.swift, TaskVerificationLifecycle.swift, TaskVerificationProcess.swift, TaskWorktreeService.swift, TeamPolicyService.swift, TestOutcomeDetector.swift, TestOutcomeStore.swift, ThresholdNotifier.swift, ThrottleApp.swift, ThrottleCommandChannel.swift, ThrottleIntents.swift, ThrottleMCPHealthStore.swift, ThrottleMCPServer.swift, TodayFlowTiles.swift, TokenEstimate.swift, TokoptBenchmark.swift, TokoptHook.swift, TokoptHookInstaller.swift, TranscriptIndex.swift, TranscriptMemoryInstaller.swift, TranscriptSearchView.swift, TranscriptSearchWindowController.swift, TraycerDecoder.swift, TraycerEnvInstaller.swift (in target 'Throttle' from project 'Throttle')

SwiftDriverJobDiscovery normal arm64 Compiling InlineGeneralPane.swift, InlineProPane.swift (in target 'Throttle' from project 'Throttle')

SwiftDriver ThrottleTests normal arm64 com.apple.xcode.tools.swift.compiler (in target 'ThrottleTests' from project 'Throttle')
    cd /Users/kevinnadjarian/GitHub/Throttle/build/convergence-recovery-20260920
    builtin-SwiftDriver -- /Applications/Xcode.app/Contents/Developer/Toolchains/XcodeDefault.xctoolchain/usr/bin/swiftc -module-name ThrottleTests -Onone @/Volumes/DeveloperStorage/BuildScratch/throttle-convergence-20260920/DerivedData/Build/Intermediates.noindex/Throttle.build/Debug/ThrottleTests.build/Objects-normal/arm64/ThrottleTests.SwiftFileList -DDEBUG -Xcc -fmodule-map-file\=/Volumes/DeveloperStorage/BuildScratch/throttle-convergence-20260920/SourcePackages/checkouts/GRDB.swift/Sources/CSQLite/module.modulemap -Xcc -fmodule-map-file\=/Volumes/DeveloperStorage/BuildScratch/throttle-convergence-20260920/SourcePackages/checkouts/swift-numerics/Sources/_NumericsShims/include/module.modulemap -Xcc -fmodule-map-file\=/Volumes/DeveloperStorage/BuildScratch/throttle-convergence-20260920/SourcePackages/checkouts/mlx-swift/Source/Cmlx/include/module.modulemap -Xcc -fmodule-map-file\=/Volumes/DeveloperStorage/BuildScratch/throttle-convergence-20260920/SourcePackages/checkouts/swift-atomics/Sources/_AtomicsShims/include/module.modulemap -Xcc -fmodule-map-file\=/Volumes/DeveloperStorage/BuildScratch/throttle-convergence-20260920/DerivedData/Build/Intermediates.noindex/GeneratedModuleMaps/CNIOWASI.modulemap -Xcc -fmodule-map-file\=/Volumes/DeveloperStorage/BuildScratch/throttle-convergence-20260920/SourcePackages/checkouts/swift-nio/Sources/CNIOWindows/include/module.modulemap -Xcc -fmodule-map-file\=/Volumes/DeveloperStorage/BuildScratch/throttle-convergence-20260920/DerivedData/Build/Intermediates.noindex/GeneratedModuleMaps/CNIOLinux.modulemap -Xcc -fmodule-map-file\=/Volumes/DeveloperStorage/BuildScratch/throttle-convergence-20260920/DerivedData/Build/Intermediates.noindex/GeneratedModuleMaps/CNIODarwin.modulemap -Xcc -fmodule-map-file\=/Volumes/DeveloperStorage/BuildScratch/throttle-convergence-20260920/DerivedData/Build/Intermediates.noindex/GeneratedModuleMaps/CNIOFreeBSD.modulemap -Xcc -fmodule-map-file\=/Volumes/DeveloperStorage/BuildScratch/throttle-convergence-20260920/DerivedData/Build/Intermediates.noindex/GeneratedModuleMaps/CNIOOpenBSD.modulemap -Xcc -fmodule-map-file\=/Volumes/DeveloperStorage/BuildScratch/throttle-convergence-20260920/DerivedData/Build/Intermediates.noindex/GeneratedModuleMaps/CNIOAtomics.modulemap -Xcc -fmodule-map-file\=/Volumes/DeveloperStorage/BuildScratch/throttle-convergence-20260920/DerivedData/Build/Intermediates.noindex/GeneratedModuleMaps/yyjson.modulemap -plugin-path /Applications/Xcode.app/Contents/Developer/Toolchains/XcodeDefault.xctoolchain/usr/lib/swift/host/plugins/testing -enable-experimental-feature DebugDescriptionMacro -sdk /Applications/Xcode.app/Contents/Developer/Platforms/MacOSX.platform/Developer/SDKs/MacOSX27.0.sdk -target arm64-apple-macos14.0 -g -module-cache-path /Volumes/DeveloperStorage/BuildScratch/throttle-convergence-20260920/DerivedData/ModuleCache.noindex -Xfrontend -serialize-debugging-options -profile-coverage-mapping -profile-generate -enable-testing -warnings-as-errors -index-store-path /Volumes/DeveloperStorage/BuildScratch/throttle-convergence-20260920/DerivedData/Index.noindex/DataStore -Xcc -D_LIBCPP_HARDENING_MODE\=_LIBCPP_HARDENING_MODE_DEBUG -swift-version 6 -I /Volumes/DeveloperStorage/BuildScratch/throttle-convergence-20260920/DerivedData/Build/Products/Debug -Isystem /Applications/Xcode.app/Contents/Developer/Platforms/MacOSX.platform/Developer/usr/lib -F /Volumes/DeveloperStorage/BuildScratch/throttle-convergence-20260920/DerivedData/Build/Products/Debug/PackageFrameworks -F /Volumes/DeveloperStorage/BuildScratch/throttle-convergence-20260920/DerivedData/Build/Products/Debug -F /Applications/Xcode.app/Contents/Developer/Platforms/MacOSX.platform/Developer/Library/Frameworks -Xfrontend -load-plugin-executable -Xfrontend /Volumes/DeveloperStorage/BuildScratch/throttle-convergence-20260920/DerivedData/Build/Products/Debug/MLXHuggingFaceMacros\#MLXHuggingFaceMacros -c -j10 -enable-batch-mode -incremental -Xcc -ivfsstatcache -Xcc /Volumes/DeveloperStorage/BuildScratch/throttle-convergence-20260920/DerivedData/SDKStatCaches.noindex/macosx27.0-26A425-e829b21a6f8c9b70876ba0858053c0447231f6df4def33e022ae2eb8f782df1a.sdkstatcache -output-file-map /Volumes/DeveloperStorage/BuildScratch/throttle-convergence-20260920/DerivedData/Build/Intermediates.noindex/Throttle.build/Debug/ThrottleTests.build/Objects-normal/arm64/ThrottleTests-OutputFileMap.json -save-temps -no-color-diagnostics -explicit-module-build -module-cache-path /Volumes/DeveloperStorage/BuildScratch/throttle-convergence-20260920/DerivedData/Build/Intermediates.noindex/SwiftExplicitPrecompiledModules -clang-scanner-module-cache-path /Volumes/DeveloperStorage/BuildScratch/throttle-convergence-20260920/DerivedData/ModuleCache.noindex -sdk-module-cache-path /Volumes/DeveloperStorage/BuildScratch/throttle-convergence-20260920/DerivedData/SDKExplicitPrecompiledModules -emit-dependencies -emit-module -emit-module-path /Volumes/DeveloperStorage/BuildScratch/throttle-convergence-20260920/DerivedData/Build/Intermediates.noindex/Throttle.build/Debug/ThrottleTests.build/Objects-normal/arm64/ThrottleTests.swiftmodule -serialize-diagnostics -dependency-scan-serialize-diagnostics-path /Volumes/DeveloperStorage/BuildScratch/throttle-convergence-20260920/DerivedData/Build/Intermediates.noindex/Throttle.build/Debug/ThrottleTests.build/Objects-normal/arm64/ThrottleTests-dependency-scan.dia -validate-clang-modules-once -clang-build-session-file /Volumes/DeveloperStorage/BuildScratch/throttle-convergence-20260920/DerivedData/ModuleCache.noindex/Session.modulevalidation -Xcc -fmodules-prune-interval\=86400 -Xcc -fmodules-prune-after\=345600 -emit-const-values -const-gather-protocols-list /Volumes/DeveloperStorage/BuildScratch/throttle-convergence-20260920/DerivedData/Build/Intermediates.noindex/Throttle.build/Debug/ThrottleTests.build/Objects-normal/arm64/ThrottleTests_const_extract_protocols.json -Xcc -iquote -Xcc /Volumes/DeveloperStorage/BuildScratch/throttle-convergence-20260920/DerivedData/Build/Intermediates.noindex/Throttle.build/Debug/ThrottleTests.build/ThrottleTests-generated-files.hmap -Xcc -I/Volumes/DeveloperStorage/BuildScratch/throttle-convergence-20260920/DerivedData/Build/Intermediates.noindex/Throttle.build/Debug/ThrottleTests.build/ThrottleTests-own-target-headers.hmap -Xcc -I/Volumes/DeveloperStorage/BuildScratch/throttle-convergence-20260920/DerivedData/Build/Intermediates.noindex/Throttle.build/Debug/ThrottleTests.build/ThrottleTests-all-non-framework-target-headers.hmap -Xcc -ivfsoverlay -Xcc /Volumes/DeveloperStorage/BuildScratch/throttle-convergence-20260920/DerivedData/Build/Intermediates.noindex/Throttle.build/Debug/Throttle-c41c58a016fc9f4310c5f27451fa5182-VFS/all-product-headers.yaml -Xcc -iquote -Xcc /Volumes/DeveloperStorage/BuildScratch/throttle-convergence-20260920/DerivedData/Build/Intermediates.noindex/Throttle.build/Debug/ThrottleTests.build/ThrottleTests-project-headers.hmap -Xcc -I/Volumes/DeveloperStorage/BuildScratch/throttle-convergence-20260920/SourcePackages/checkouts/swift-numerics/Sources/_NumericsShims/include -Xcc -I/Volumes/DeveloperStorage/BuildScratch/throttle-convergence-20260920/SourcePackages/checkouts/mlx-swift/Source/Cmlx/include -Xcc -I/Volumes/DeveloperStorage/BuildScratch/throttle-convergence-20260920/SourcePackages/checkouts/swift-atomics/Sources/_AtomicsShims/include -Xcc -I/Volumes/DeveloperStorage/BuildScratch/throttle-convergence-20260920/SourcePackages/checkouts/swift-nio/Sources/CNIOWASI/include -Xcc -I/Volumes/DeveloperStorage/BuildScratch/throttle-convergence-20260920/SourcePackages/checkouts/swift-nio/Sources/CNIOWindows/include -Xcc -I/Volumes/DeveloperStorage/BuildScratch/throttle-convergence-20260920/SourcePackages/checkouts/swift-nio/Sources/CNIOLinux/include -Xcc -I/Volumes/DeveloperStorage/BuildScratch/throttle-convergence-20260920/SourcePackages/checkouts/swift-nio/Sources/CNIODarwin/include -Xcc -I/Volumes/DeveloperStorage/BuildScratch/throttle-convergence-20260920/SourcePackages/checkouts/swift-nio/Sources/CNIOFreeBSD/include -Xcc -I/Volumes/DeveloperStorage/BuildScratch/throttle-convergence-20260920/SourcePackages/checkouts/swift-nio/Sources/CNIOOpenBSD/include -Xcc -I/Volumes/DeveloperStorage/BuildScratch/throttle-convergence-20260920/SourcePackages/checkouts/swift-nio/Sources/CNIOAtomics/include -Xcc -I/Volumes/DeveloperStorage/BuildScratch/throttle-convergence-20260920/SourcePackages/checkouts/yyjson/src -Xcc -I/Volumes/DeveloperStorage/BuildScratch/throttle-convergence-20260920/DerivedData/Build/Products/Debug/include -Xcc -I/Volumes/DeveloperStorage/BuildScratch/throttle-convergence-20260920/DerivedData/Build/Intermediates.noindex/Throttle.build/Debug/ThrottleTests.build/DerivedSources-normal/arm64 -Xcc -I/Volumes/DeveloperStorage/BuildScratch/throttle-convergence-20260920/DerivedData/Build/Intermediates.noindex/Throttle.build/Debug/ThrottleTests.build/DerivedSources/arm64 -Xcc -I/Volumes/DeveloperStorage/BuildScratch/throttle-convergence-20260920/DerivedData/Build/Intermediates.noindex/Throttle.build/Debug/ThrottleTests.build/DerivedSources -Xcc -DDEBUG\=1 -emit-objc-header -emit-objc-header-path /Volumes/DeveloperStorage/BuildScratch/throttle-convergence-20260920/DerivedData/Build/Intermediates.noindex/Throttle.build/Debug/ThrottleTests.build/Objects-normal/arm64/ThrottleTests-Swift.h -working-directory /Users/kevinnadjarian/GitHub/Throttle/build/convergence-recovery-20260920 -experimental-emit-module-separately -disable-cmo

SwiftEmitModule normal arm64 Emitting\ module\ for\ ThrottleTests (in target 'ThrottleTests' from project 'Throttle')

SwiftCompile normal arm64 (in target 'ThrottleTests' from project 'Throttle')
    cd /Users/kevinnadjarian/GitHub/Throttle/build/convergence-recovery-20260920
    

SwiftCompile normal arm64 Compiling\ ProjectInstructionServiceTests.swift,\ ProjectIntakeTests.swift,\ ProjectKnowledgeBoundaryTests.swift,\ ProjectKnowledgeExplorerTests.swift,\ ProjectKnowledgeRaceTests.swift,\ ProjectOverviewProjectionTests.swift,\ PromptCacheImpactServiceTests.swift,\ PromptRefinerModelTests.swift,\ PromptRefinerServiceTests.swift,\ ReadFirewallScannerTests.swift,\ RedTeamCampaignStoreTests.swift,\ RemoteSessionsCredentialTests.swift,\ RemoteTransferGitTests.swift,\ RemoteTransferJournalTests.swift,\ RemoteTransferReturnTests.swift /Users/kevinnadjarian/GitHub/Throttle/build/convergence-recovery-20260920/ThrottleTests/ServiceTests/ProjectInstructionServiceTests.swift /Users/kevinnadjarian/GitHub/Throttle/build/convergence-recovery-20260920/ThrottleTests/ServiceTests/ProjectIntakeTests.swift /Users/kevinnadjarian/GitHub/Throttle/build/convergence-recovery-20260920/ThrottleTests/ServiceTests/ProjectKnowledgeBoundaryTests.swift /Users/kevinnadjarian/GitHub/Throttle/build/convergence-recovery-20260920/ThrottleTests/ServiceTests/ProjectKnowledgeExplorerTests.swift /Users/kevinnadjarian/GitHub/Throttle/build/convergence-recovery-20260920/ThrottleTests/ServiceTests/ProjectKnowledgeRaceTests.swift /Users/kevinnadjarian/GitHub/Throttle/build/convergence-recovery-20260920/ThrottleTests/ServiceTests/ProjectOverviewProjectionTests.swift /Users/kevinnadjarian/GitHub/Throttle/build/convergence-recovery-20260920/ThrottleTests/ServiceTests/PromptCacheImpactServiceTests.swift /Users/kevinnadjarian/GitHub/Throttle/build/convergence-recovery-20260920/ThrottleTests/ServiceTests/PromptRefinerModelTests.swift /Users/kevinnadjarian/GitHub/Throttle/build/convergence-recovery-20260920/ThrottleTests/ServiceTests/PromptRefinerServiceTests.swift /Users/kevinnadjarian/GitHub/Throttle/build/convergence-recovery-20260920/ThrottleTests/ServiceTests/ReadFirewallScannerTests.swift /Users/kevinnadjarian/GitHub/Throttle/build/convergence-recovery-20260920/ThrottleTests/ServiceTests/RedTeamCampaignStoreTests.swift /Users/kevinnadjarian/GitHub/Throttle/build/convergence-recovery-20260920/ThrottleTests/ServiceTests/RemoteSessionsCredentialTests.swift /Users/kevinnadjarian/GitHub/Throttle/build/convergence-recovery-20260920/ThrottleTests/ServiceTests/RemoteTransferGitTests.swift /Users/kevinnadjarian/GitHub/Throttle/build/convergence-recovery-20260920/ThrottleTests/ServiceTests/RemoteTransferJournalTests.swift /Users/kevinnadjarian/GitHub/Throttle/build/convergence-recovery-20260920/ThrottleTests/ServiceTests/RemoteTransferReturnTests.swift (in target 'ThrottleTests' from project 'Throttle')

SwiftCompile normal arm64 /Users/kevinnadjarian/GitHub/Throttle/build/convergence-recovery-20260920/ThrottleTests/ServiceTests/ProjectInstructionServiceTests.swift (in target 'ThrottleTests' from project 'Throttle')
    cd /Users/kevinnadjarian/GitHub/Throttle/build/convergence-recovery-20260920
    builtin-SwiftPerFileCompile ProjectInstructionServiceTests.swift

SwiftCompile normal arm64 /Users/kevinnadjarian/GitHub/Throttle/build/convergence-recovery-20260920/ThrottleTests/ServiceTests/ProjectIntakeTests.swift (in target 'ThrottleTests' from project 'Throttle')
    cd /Users/kevinnadjarian/GitHub/Throttle/build/convergence-recovery-20260920
    builtin-SwiftPerFileCompile ProjectIntakeTests.swift

SwiftCompile normal arm64 /Users/kevinnadjarian/GitHub/Throttle/build/convergence-recovery-20260920/ThrottleTests/ServiceTests/ProjectKnowledgeBoundaryTests.swift (in target 'ThrottleTests' from project 'Throttle')
    cd /Users/kevinnadjarian/GitHub/Throttle/build/convergence-recovery-20260920
    builtin-SwiftPerFileCompile ProjectKnowledgeBoundaryTests.swift

SwiftCompile normal arm64 /Users/kevinnadjarian/GitHub/Throttle/build/convergence-recovery-20260920/ThrottleTests/ServiceTests/ProjectKnowledgeExplorerTests.swift (in target 'ThrottleTests' from project 'Throttle')
    cd /Users/kevinnadjarian/GitHub/Throttle/build/convergence-recovery-20260920
    builtin-SwiftPerFileCompile ProjectKnowledgeExplorerTests.swift

SwiftCompile normal arm64 /Users/kevinnadjarian/GitHub/Throttle/build/convergence-recovery-20260920/ThrottleTests/ServiceTests/ProjectKnowledgeRaceTests.swift (in target 'ThrottleTests' from project 'Throttle')
    cd /Users/kevinnadjarian/GitHub/Throttle/build/convergence-recovery-20260920
    builtin-SwiftPerFileCompile ProjectKnowledgeRaceTests.swift

SwiftCompile normal arm64 /Users/kevinnadjarian/GitHub/Throttle/build/convergence-recovery-20260920/ThrottleTests/ServiceTests/ProjectOverviewProjectionTests.swift (in target 'ThrottleTests' from project 'Throttle')
    cd /Users/kevinnadjarian/GitHub/Throttle/build/convergence-recovery-20260920
    builtin-SwiftPerFileCompile ProjectOverviewProjectionTests.swift

SwiftCompile normal arm64 /Users/kevinnadjarian/GitHub/Throttle/build/convergence-recovery-20260920/ThrottleTests/ServiceTests/PromptCacheImpactServiceTests.swift (in target 'ThrottleTests' from project 'Throttle')
    cd /Users/kevinnadjarian/GitHub/Throttle/build/convergence-recovery-20260920
    builtin-SwiftPerFileCompile PromptCacheImpactServiceTests.swift

SwiftCompile normal arm64 /Users/kevinnadjarian/GitHub/Throttle/build/convergence-recovery-20260920/ThrottleTests/ServiceTests/PromptRefinerModelTests.swift (in target 'ThrottleTests' from project 'Throttle')
    cd /Users/kevinnadjarian/GitHub/Throttle/build/convergence-recovery-20260920
    builtin-SwiftPerFileCompile PromptRefinerModelTests.swift

SwiftCompile normal arm64 /Users/kevinnadjarian/GitHub/Throttle/build/convergence-recovery-20260920/ThrottleTests/ServiceTests/PromptRefinerServiceTests.swift (in target 'ThrottleTests' from project 'Throttle')
    cd /Users/kevinnadjarian/GitHub/Throttle/build/convergence-recovery-20260920
    builtin-SwiftPerFileCompile PromptRefinerServiceTests.swift

SwiftCompile normal arm64 /Users/kevinnadjarian/GitHub/Throttle/build/convergence-recovery-20260920/ThrottleTests/ServiceTests/ReadFirewallScannerTests.swift (in target 'ThrottleTests' from project 'Throttle')
    cd /Users/kevinnadjarian/GitHub/Throttle/build/convergence-recovery-20260920
    builtin-SwiftPerFileCompile ReadFirewallScannerTests.swift

SwiftCompile normal arm64 /Users/kevinnadjarian/GitHub/Throttle/build/convergence-recovery-20260920/ThrottleTests/ServiceTests/RedTeamCampaignStoreTests.swift (in target 'ThrottleTests' from project 'Throttle')
    cd /Users/kevinnadjarian/GitHub/Throttle/build/convergence-recovery-20260920
    builtin-SwiftPerFileCompile RedTeamCampaignStoreTests.swift

SwiftCompile normal arm64 /Users/kevinnadjarian/GitHub/Throttle/build/convergence-recovery-20260920/ThrottleTests/ServiceTests/RemoteSessionsCredentialTests.swift (in target 'ThrottleTests' from project 'Throttle')
    cd /Users/kevinnadjarian/GitHub/Throttle/build/convergence-recovery-20260920
    builtin-SwiftPerFileCompile RemoteSessionsCredentialTests.swift

SwiftCompile normal arm64 /Users/kevinnadjarian/GitHub/Throttle/build/convergence-recovery-20260920/ThrottleTests/ServiceTests/RemoteTransferGitTests.swift (in target 'ThrottleTests' from project 'Throttle')
    cd /Users/kevinnadjarian/GitHub/Throttle/build/convergence-recovery-20260920
    builtin-SwiftPerFileCompile RemoteTransferGitTests.swift

SwiftCompile normal arm64 /Users/kevinnadjarian/GitHub/Throttle/build/convergence-recovery-20260920/ThrottleTests/ServiceTests/RemoteTransferJournalTests.swift (in target 'ThrottleTests' from project 'Throttle')
    cd /Users/kevinnadjarian/GitHub/Throttle/build/convergence-recovery-20260920
    builtin-SwiftPerFileCompile RemoteTransferJournalTests.swift

SwiftCompile normal arm64 /Users/kevinnadjarian/GitHub/Throttle/build/convergence-recovery-20260920/ThrottleTests/ServiceTests/RemoteTransferReturnTests.swift (in target 'ThrottleTests' from project 'Throttle')
    cd /Users/kevinnadjarian/GitHub/Throttle/build/convergence-recovery-20260920
    builtin-SwiftPerFileCompile RemoteTransferReturnTests.swift

SwiftDriverJobDiscovery normal arm64 Emitting module for ThrottleTests (in target 'ThrottleTests' from project 'Throttle')

SwiftDriver\ Compilation\ Requirements ThrottleTests normal arm64 com.apple.xcode.tools.swift.compiler (in target 'ThrottleTests' from project 'Throttle')
    cd /Users/kevinnadjarian/GitHub/Throttle/build/convergence-recovery-20260920
    builtin-Swift-Compilation-Requirements -- /Applications/Xcode.app/Contents/Developer/Toolchains/XcodeDefault.xctoolchain/usr/bin/swiftc -module-name ThrottleTests -Onone @/Volumes/DeveloperStorage/BuildScratch/throttle-convergence-20260920/DerivedData/Build/Intermediates.noindex/Throttle.build/Debug/ThrottleTests.build/Objects-normal/arm64/ThrottleTests.SwiftFileList -DDEBUG -Xcc -fmodule-map-file\=/Volumes/DeveloperStorage/BuildScratch/throttle-convergence-20260920/SourcePackages/checkouts/GRDB.swift/Sources/CSQLite/module.modulemap -Xcc -fmodule-map-file\=/Volumes/DeveloperStorage/BuildScratch/throttle-convergence-20260920/SourcePackages/checkouts/swift-numerics/Sources/_NumericsShims/include/module.modulemap -Xcc -fmodule-map-file\=/Volumes/DeveloperStorage/BuildScratch/throttle-convergence-20260920/SourcePackages/checkouts/mlx-swift/Source/Cmlx/include/module.modulemap -Xcc -fmodule-map-file\=/Volumes/DeveloperStorage/BuildScratch/throttle-convergence-20260920/SourcePackages/checkouts/swift-atomics/Sources/_AtomicsShims/include/module.modulemap -Xcc -fmodule-map-file\=/Volumes/DeveloperStorage/BuildScratch/throttle-convergence-20260920/DerivedData/Build/Intermediates.noindex/GeneratedModuleMaps/CNIOWASI.modulemap -Xcc -fmodule-map-file\=/Volumes/DeveloperStorage/BuildScratch/throttle-convergence-20260920/SourcePackages/checkouts/swift-nio/Sources/CNIOWindows/include/module.modulemap -Xcc -fmodule-map-file\=/Volumes/DeveloperStorage/BuildScratch/throttle-convergence-20260920/DerivedData/Build/Intermediates.noindex/GeneratedModuleMaps/CNIOLinux.modulemap -Xcc -fmodule-map-file\=/Volumes/DeveloperStorage/BuildScratch/throttle-convergence-20260920/DerivedData/Build/Intermediates.noindex/GeneratedModuleMaps/CNIODarwin.modulemap -Xcc -fmodule-map-file\=/Volumes/DeveloperStorage/BuildScratch/throttle-convergence-20260920/DerivedData/Build/Intermediates.noindex/GeneratedModuleMaps/CNIOFreeBSD.modulemap -Xcc -fmodule-map-file\=/Volumes/DeveloperStorage/BuildScratch/throttle-convergence-20260920/DerivedData/Build/Intermediates.noindex/GeneratedModuleMaps/CNIOOpenBSD.modulemap -Xcc -fmodule-map-file\=/Volumes/DeveloperStorage/BuildScratch/throttle-convergence-20260920/DerivedData/Build/Intermediates.noindex/GeneratedModuleMaps/CNIOAtomics.modulemap -Xcc -fmodule-map-file\=/Volumes/DeveloperStorage/BuildScratch/throttle-convergence-20260920/DerivedData/Build/Intermediates.noindex/GeneratedModuleMaps/yyjson.modulemap -plugin-path /Applications/Xcode.app/Contents/Developer/Toolchains/XcodeDefault.xctoolchain/usr/lib/swift/host/plugins/testing -enable-experimental-feature DebugDescriptionMacro -sdk /Applications/Xcode.app/Contents/Developer/Platforms/MacOSX.platform/Developer/SDKs/MacOSX27.0.sdk -target arm64-apple-macos14.0 -g -module-cache-path /Volumes/DeveloperStorage/BuildScratch/throttle-convergence-20260920/DerivedData/ModuleCache.noindex -Xfrontend -serialize-debugging-options -profile-coverage-mapping -profile-generate -enable-testing -warnings-as-errors -index-store-path /Volumes/DeveloperStorage/BuildScratch/throttle-convergence-20260920/DerivedData/Index.noindex/DataStore -Xcc -D_LIBCPP_HARDENING_MODE\=_LIBCPP_HARDENING_MODE_DEBUG -swift-version 6 -I /Volumes/DeveloperStorage/BuildScratch/throttle-convergence-20260920/DerivedData/Build/Products/Debug -Isystem /Applications/Xcode.app/Contents/Developer/Platforms/MacOSX.platform/Developer/usr/lib -F /Volumes/DeveloperStorage/BuildScratch/throttle-convergence-20260920/DerivedData/Build/Products/Debug/PackageFrameworks -F /Volumes/DeveloperStorage/BuildScratch/throttle-convergence-20260920/DerivedData/Build/Products/Debug -F /Applications/Xcode.app/Contents/Developer/Platforms/MacOSX.platform/Developer/Library/Frameworks -Xfrontend -load-plugin-executable -Xfrontend /Volumes/DeveloperStorage/BuildScratch/throttle-convergence-20260920/DerivedData/Build/Products/Debug/MLXHuggingFaceMacros\#MLXHuggingFaceMacros -c -j10 -enable-batch-mode -incremental -Xcc -ivfsstatcache -Xcc /Volumes/DeveloperStorage/BuildScratch/throttle-convergence-20260920/DerivedData/SDKStatCaches.noindex/macosx27.0-26A425-e829b21a6f8c9b70876ba0858053c0447231f6df4def33e022ae2eb8f782df1a.sdkstatcache -output-file-map /Volumes/DeveloperStorage/BuildScratch/throttle-convergence-20260920/DerivedData/Build/Intermediates.noindex/Throttle.build/Debug/ThrottleTests.build/Objects-normal/arm64/ThrottleTests-OutputFileMap.json -save-temps -no-color-diagnostics -explicit-module-build -module-cache-path /Volumes/DeveloperStorage/BuildScratch/throttle-convergence-20260920/DerivedData/Build/Intermediates.noindex/SwiftExplicitPrecompiledModules -clang-scanner-module-cache-path /Volumes/DeveloperStorage/BuildScratch/throttle-convergence-20260920/DerivedData/ModuleCache.noindex -sdk-module-cache-path /Volumes/DeveloperStorage/BuildScratch/throttle-convergence-20260920/DerivedData/SDKExplicitPrecompiledModules -emit-dependencies -emit-module -emit-module-path /Volumes/DeveloperStorage/BuildScratch/throttle-convergence-20260920/DerivedData/Build/Intermediates.noindex/Throttle.build/Debug/ThrottleTests.build/Objects-normal/arm64/ThrottleTests.swiftmodule -serialize-diagnostics -dependency-scan-serialize-diagnostics-path /Volumes/DeveloperStorage/BuildScratch/throttle-convergence-20260920/DerivedData/Build/Intermediates.noindex/Throttle.build/Debug/ThrottleTests.build/Objects-normal/arm64/ThrottleTests-dependency-scan.dia -validate-clang-modules-once -clang-build-session-file /Volumes/DeveloperStorage/BuildScratch/throttle-convergence-20260920/DerivedData/ModuleCache.noindex/Session.modulevalidation -Xcc -fmodules-prune-interval\=86400 -Xcc -fmodules-prune-after\=345600 -emit-const-values -const-gather-protocols-list /Volumes/DeveloperStorage/BuildScratch/throttle-convergence-20260920/DerivedData/Build/Intermediates.noindex/Throttle.build/Debug/ThrottleTests.build/Objects-normal/arm64/ThrottleTests_const_extract_protocols.json -Xcc -iquote -Xcc /Volumes/DeveloperStorage/BuildScratch/throttle-convergence-20260920/DerivedData/Build/Intermediates.noindex/Throttle.build/Debug/ThrottleTests.build/ThrottleTests-generated-files.hmap -Xcc -I/Volumes/DeveloperStorage/BuildScratch/throttle-convergence-20260920/DerivedData/Build/Intermediates.noindex/Throttle.build/Debug/ThrottleTests.build/ThrottleTests-own-target-headers.hmap -Xcc -I/Volumes/DeveloperStorage/BuildScratch/throttle-convergence-20260920/DerivedData/Build/Intermediates.noindex/Throttle.build/Debug/ThrottleTests.build/ThrottleTests-all-non-framework-target-headers.hmap -Xcc -ivfsoverlay -Xcc /Volumes/DeveloperStorage/BuildScratch/throttle-convergence-20260920/DerivedData/Build/Intermediates.noindex/Throttle.build/Debug/Throttle-c41c58a016fc9f4310c5f27451fa5182-VFS/all-product-headers.yaml -Xcc -iquote -Xcc /Volumes/DeveloperStorage/BuildScratch/throttle-convergence-20260920/DerivedData/Build/Intermediates.noindex/Throttle.build/Debug/ThrottleTests.build/ThrottleTests-project-headers.hmap -Xcc -I/Volumes/DeveloperStorage/BuildScratch/throttle-convergence-20260920/SourcePackages/checkouts/swift-numerics/Sources/_NumericsShims/include -Xcc -I/Volumes/DeveloperStorage/BuildScratch/throttle-convergence-20260920/SourcePackages/checkouts/mlx-swift/Source/Cmlx/include -Xcc -I/Volumes/DeveloperStorage/BuildScratch/throttle-convergence-20260920/SourcePackages/checkouts/swift-atomics/Sources/_AtomicsShims/include -Xcc -I/Volumes/DeveloperStorage/BuildScratch/throttle-convergence-20260920/SourcePackages/checkouts/swift-nio/Sources/CNIOWASI/include -Xcc -I/Volumes/DeveloperStorage/BuildScratch/throttle-convergence-20260920/SourcePackages/checkouts/swift-nio/Sources/CNIOWindows/include -Xcc -I/Volumes/DeveloperStorage/BuildScratch/throttle-convergence-20260920/SourcePackages/checkouts/swift-nio/Sources/CNIOLinux/include -Xcc -I/Volumes/DeveloperStorage/BuildScratch/throttle-convergence-20260920/SourcePackages/checkouts/swift-nio/Sources/CNIODarwin/include -Xcc -I/Volumes/DeveloperStorage/BuildScratch/throttle-convergence-20260920/SourcePackages/checkouts/swift-nio/Sources/CNIOFreeBSD/include -Xcc -I/Volumes/DeveloperStorage/BuildScratch/throttle-convergence-20260920/SourcePackages/checkouts/swift-nio/Sources/CNIOOpenBSD/include -Xcc -I/Volumes/DeveloperStorage/BuildScratch/throttle-convergence-20260920/SourcePackages/checkouts/swift-nio/Sources/CNIOAtomics/include -Xcc -I/Volumes/DeveloperStorage/BuildScratch/throttle-convergence-20260920/SourcePackages/checkouts/yyjson/src -Xcc -I/Volumes/DeveloperStorage/BuildScratch/throttle-convergence-20260920/DerivedData/Build/Products/Debug/include -Xcc -I/Volumes/DeveloperStorage/BuildScratch/throttle-convergence-20260920/DerivedData/Build/Intermediates.noindex/Throttle.build/Debug/ThrottleTests.build/DerivedSources-normal/arm64 -Xcc -I/Volumes/DeveloperStorage/BuildScratch/throttle-convergence-20260920/DerivedData/Build/Intermediates.noindex/Throttle.build/Debug/ThrottleTests.build/DerivedSources/arm64 -Xcc -I/Volumes/DeveloperStorage/BuildScratch/throttle-convergence-20260920/DerivedData/Build/Intermediates.noindex/Throttle.build/Debug/ThrottleTests.build/DerivedSources -Xcc -DDEBUG\=1 -emit-objc-header -emit-objc-header-path /Volumes/DeveloperStorage/BuildScratch/throttle-convergence-20260920/DerivedData/Build/Intermediates.noindex/Throttle.build/Debug/ThrottleTests.build/Objects-normal/arm64/ThrottleTests-Swift.h -working-directory /Users/kevinnadjarian/GitHub/Throttle/build/convergence-recovery-20260920 -experimental-emit-module-separately -disable-cmo

SwiftDriverJobDiscovery normal arm64 Compiling ProjectOverviewTab.swift, ProjectStatsTab.swift, ProjectWindowController.swift, ProjectWindowRoot.swift, ProjectsService.swift, ProjectsSidebar.swift, PromptCacheImpactService.swift, PromptRefinerModel.swift, PromptRefinerPane.swift, PromptRefinerService.swift, ReadFirewallInstaller.swift, ReadFirewallReadout.swift, ReadFirewallScanner.swift, ReadFirewallService.swift, RedTeamCampaignStorage.swift, RedTeamCampaignStore.swift, RemoteSessionPane.swift, RemoteSessionsService+FreshStart.swift, RemoteSessionsService+Reconciliation.swift, RemoteSessionsService+Return.swift, RemoteSessionsService+Transfer.swift, RemoteSessionsService.swift, RemoteTransferFiles.swift, RemoteTransferGit.swift, RemoteTransferJournal.swift (in target 'Throttle' from project 'Throttle')

SwiftCompile normal arm64 Compiling\ MigrationsTests.swift,\ MissionRuntimeServiceTests.swift,\ MouseReportFilterWheelTests.swift,\ NativeSessionBindingTests.swift,\ NotebookLMGatewayProcessTests.swift,\ NotebookLMImportJobTests.swift,\ OKFStoreTests.swift,\ OllamaEmbeddingProviderTests.swift,\ OptimizerHonestyTests.swift,\ OutboundPolicyTests.swift,\ OwnedProcessTerminationTests.swift,\ PauseReasonTests.swift,\ PeerControlAdmissionTests.swift,\ PlanFlowTests.swift,\ PlanIntegrationCardTests.swift /Users/kevinnadjarian/GitHub/Throttle/build/convergence-recovery-20260920/ThrottleTests/DatabaseTests/MigrationsTests.swift /Users/kevinnadjarian/GitHub/Throttle/build/convergence-recovery-20260920/ThrottleTests/ServiceTests/MissionRuntimeServiceTests.swift /Users/kevinnadjarian/GitHub/Throttle/build/convergence-recovery-20260920/ThrottleTests/ServiceTests/MouseReportFilterWheelTests.swift /Users/kevinnadjarian/GitHub/Throttle/build/convergence-recovery-20260920/ThrottleTests/ServiceTests/NativeSessionBindingTests.swift /Users/kevinnadjarian/GitHub/Throttle/build/convergence-recovery-20260920/ThrottleTests/ServiceTests/NotebookLMGatewayProcessTests.swift /Users/kevinnadjarian/GitHub/Throttle/build/convergence-recovery-20260920/ThrottleTests/ServiceTests/NotebookLMImportJobTests.swift /Users/kevinnadjarian/GitHub/Throttle/build/convergence-recovery-20260920/ThrottleTests/ServiceTests/OKFStoreTests.swift /Users/kevinnadjarian/GitHub/Throttle/build/convergence-recovery-20260920/ThrottleTests/ServiceTests/OllamaEmbeddingProviderTests.swift /Users/kevinnadjarian/GitHub/Throttle/build/convergence-recovery-20260920/ThrottleTests/ServiceTests/OptimizerHonestyTests.swift /Users/kevinnadjarian/GitHub/Throttle/build/convergence-recovery-20260920/ThrottleTests/ServiceTests/OutboundPolicyTests.swift /Users/kevinnadjarian/GitHub/Throttle/build/convergence-recovery-20260920/ThrottleTests/ServiceTests/OwnedProcessTerminationTests.swift /Users/kevinnadjarian/GitHub/Throttle/build/convergence-recovery-20260920/ThrottleTests/StateTests/PauseReasonTests.swift /Users/kevinnadjarian/GitHub/Throttle/build/convergence-recovery-20260920/ThrottleTests/ServiceTests/PeerControlAdmissionTests.swift /Users/kevinnadjarian/GitHub/Throttle/build/convergence-recovery-20260920/ThrottleTests/ServiceTests/PlanFlowTests.swift /Users/kevinnadjarian/GitHub/Throttle/build/convergence-recovery-20260920/ThrottleTests/ServiceTests/PlanIntegrationCardTests.swift (in target 'ThrottleTests' from project 'Throttle')

SwiftCompile normal arm64 /Users/kevinnadjarian/GitHub/Throttle/build/convergence-recovery-20260920/ThrottleTests/DatabaseTests/MigrationsTests.swift (in target 'ThrottleTests' from project 'Throttle')
    cd /Users/kevinnadjarian/GitHub/Throttle/build/convergence-recovery-20260920
    builtin-SwiftPerFileCompile MigrationsTests.swift

SwiftCompile normal arm64 /Users/kevinnadjarian/GitHub/Throttle/build/convergence-recovery-20260920/ThrottleTests/ServiceTests/MissionRuntimeServiceTests.swift (in target 'ThrottleTests' from project 'Throttle')
    cd /Users/kevinnadjarian/GitHub/Throttle/build/convergence-recovery-20260920
    builtin-SwiftPerFileCompile MissionRuntimeServiceTests.swift

SwiftCompile normal arm64 /Users/kevinnadjarian/GitHub/Throttle/build/convergence-recovery-20260920/ThrottleTests/ServiceTests/MouseReportFilterWheelTests.swift (in target 'ThrottleTests' from project 'Throttle')
    cd /Users/kevinnadjarian/GitHub/Throttle/build/convergence-recovery-20260920
    builtin-SwiftPerFileCompile MouseReportFilterWheelTests.swift

SwiftCompile normal arm64 /Users/kevinnadjarian/GitHub/Throttle/build/convergence-recovery-20260920/ThrottleTests/ServiceTests/NativeSessionBindingTests.swift (in target 'ThrottleTests' from project 'Throttle')
    cd /Users/kevinnadjarian/GitHub/Throttle/build/convergence-recovery-20260920
    builtin-SwiftPerFileCompile NativeSessionBindingTests.swift

SwiftCompile normal arm64 /Users/kevinnadjarian/GitHub/Throttle/build/convergence-recovery-20260920/ThrottleTests/ServiceTests/NotebookLMGatewayProcessTests.swift (in target 'ThrottleTests' from project 'Throttle')
    cd /Users/kevinnadjarian/GitHub/Throttle/build/convergence-recovery-20260920
    builtin-SwiftPerFileCompile NotebookLMGatewayProcessTests.swift

SwiftCompile normal arm64 /Users/kevinnadjarian/GitHub/Throttle/build/convergence-recovery-20260920/ThrottleTests/ServiceTests/NotebookLMImportJobTests.swift (in target 'ThrottleTests' from project 'Throttle')
    cd /Users/kevinnadjarian/GitHub/Throttle/build/convergence-recovery-20260920
    builtin-SwiftPerFileCompile NotebookLMImportJobTests.swift

SwiftCompile normal arm64 /Users/kevinnadjarian/GitHub/Throttle/build/convergence-recovery-20260920/ThrottleTests/ServiceTests/OKFStoreTests.swift (in target 'ThrottleTests' from project 'Throttle')
    cd /Users/kevinnadjarian/GitHub/Throttle/build/convergence-recovery-20260920
    builtin-SwiftPerFileCompile OKFStoreTests.swift

SwiftCompile normal arm64 /Users/kevinnadjarian/GitHub/Throttle/build/convergence-recovery-20260920/ThrottleTests/ServiceTests/OllamaEmbeddingProviderTests.swift (in target 'ThrottleTests' from project 'Throttle')
    cd /Users/kevinnadjarian/GitHub/Throttle/build/convergence-recovery-20260920
    builtin-SwiftPerFileCompile OllamaEmbeddingProviderTests.swift

SwiftCompile normal arm64 /Users/kevinnadjarian/GitHub/Throttle/build/convergence-recovery-20260920/ThrottleTests/ServiceTests/OptimizerHonestyTests.swift (in target 'ThrottleTests' from project 'Throttle')
    cd /Users/kevinnadjarian/GitHub/Throttle/build/convergence-recovery-20260920
    builtin-SwiftPerFileCompile OptimizerHonestyTests.swift

SwiftCompile normal arm64 /Users/kevinnadjarian/GitHub/Throttle/build/convergence-recovery-20260920/ThrottleTests/ServiceTests/OutboundPolicyTests.swift (in target 'ThrottleTests' from project 'Throttle')
    cd /Users/kevinnadjarian/GitHub/Throttle/build/convergence-recovery-20260920
    builtin-SwiftPerFileCompile OutboundPolicyTests.swift

SwiftCompile normal arm64 /Users/kevinnadjarian/GitHub/Throttle/build/convergence-recovery-20260920/ThrottleTests/ServiceTests/OwnedProcessTerminationTests.swift (in target 'ThrottleTests' from project 'Throttle')
    cd /Users/kevinnadjarian/GitHub/Throttle/build/convergence-recovery-20260920
    builtin-SwiftPerFileCompile OwnedProcessTerminationTests.swift

SwiftCompile normal arm64 /Users/kevinnadjarian/GitHub/Throttle/build/convergence-recovery-20260920/ThrottleTests/StateTests/PauseReasonTests.swift (in target 'ThrottleTests' from project 'Throttle')
    cd /Users/kevinnadjarian/GitHub/Throttle/build/convergence-recovery-20260920
    builtin-SwiftPerFileCompile PauseReasonTests.swift

SwiftCompile normal arm64 /Users/kevinnadjarian/GitHub/Throttle/build/convergence-recovery-20260920/ThrottleTests/ServiceTests/PeerControlAdmissionTests.swift (in target 'ThrottleTests' from project 'Throttle')
    cd /Users/kevinnadjarian/GitHub/Throttle/build/convergence-recovery-20260920
    builtin-SwiftPerFileCompile PeerControlAdmissionTests.swift

SwiftCompile normal arm64 /Users/kevinnadjarian/GitHub/Throttle/build/convergence-recovery-20260920/ThrottleTests/ServiceTests/PlanFlowTests.swift (in target 'ThrottleTests' from project 'Throttle')
    cd /Users/kevinnadjarian/GitHub/Throttle/build/convergence-recovery-20260920
    builtin-SwiftPerFileCompile PlanFlowTests.swift

SwiftCompile normal arm64 /Users/kevinnadjarian/GitHub/Throttle/build/convergence-recovery-20260920/ThrottleTests/ServiceTests/PlanIntegrationCardTests.swift (in target 'ThrottleTests' from project 'Throttle')
    cd /Users/kevinnadjarian/GitHub/Throttle/build/convergence-recovery-20260920
    builtin-SwiftPerFileCompile PlanIntegrationCardTests.swift

SwiftMergeGeneratedHeaders /Volumes/DeveloperStorage/BuildScratch/throttle-convergence-20260920/DerivedData/Build/Intermediates.noindex/Throttle.build/Debug/ThrottleTests.build/DerivedSources/ThrottleTests-Swift.h /Volumes/DeveloperStorage/BuildScratch/throttle-convergence-20260920/DerivedData/Build/Intermediates.noindex/Throttle.build/Debug/ThrottleTests.build/Objects-normal/arm64/ThrottleTests-Swift.h (in target 'ThrottleTests' from project 'Throttle')
    cd /Users/kevinnadjarian/GitHub/Throttle/build/convergence-recovery-20260920
    builtin-swiftHeaderTool -arch arm64 /Volumes/DeveloperStorage/BuildScratch/throttle-convergence-20260920/DerivedData/Build/Intermediates.noindex/Throttle.build/Debug/ThrottleTests.build/Objects-normal/arm64/ThrottleTests-Swift.h -o /Volumes/DeveloperStorage/BuildScratch/throttle-convergence-20260920/DerivedData/Build/Intermediates.noindex/Throttle.build/Debug/ThrottleTests.build/DerivedSources/ThrottleTests-Swift.h

SwiftDriverJobDiscovery normal arm64 Compiling ProjectInstructionServiceTests.swift, ProjectIntakeTests.swift, ProjectKnowledgeBoundaryTests.swift, ProjectKnowledgeExplorerTests.swift, ProjectKnowledgeRaceTests.swift, ProjectOverviewProjectionTests.swift, PromptCacheImpactServiceTests.swift, PromptRefinerModelTests.swift, PromptRefinerServiceTests.swift, ReadFirewallScannerTests.swift, RedTeamCampaignStoreTests.swift, RemoteSessionsCredentialTests.swift, RemoteTransferGitTests.swift, RemoteTransferJournalTests.swift, RemoteTransferReturnTests.swift (in target 'ThrottleTests' from project 'Throttle')

Copy /Volumes/DeveloperStorage/BuildScratch/throttle-convergence-20260920/DerivedData/Build/Products/Debug/ThrottleTests.swiftmodule/arm64-apple-macos.swiftmodule /Volumes/DeveloperStorage/BuildScratch/throttle-convergence-20260920/DerivedData/Build/Intermediates.noindex/Throttle.build/Debug/ThrottleTests.build/Objects-normal/arm64/ThrottleTests.swiftmodule (in target 'ThrottleTests' from project 'Throttle')
    cd /Users/kevinnadjarian/GitHub/Throttle/build/convergence-recovery-20260920
    builtin-copy -exclude .DS_Store -exclude CVS -exclude .svn -exclude .git -exclude .hg -resolve-src-symlinks -rename /Volumes/DeveloperStorage/BuildScratch/throttle-convergence-20260920/DerivedData/Build/Intermediates.noindex/Throttle.build/Debug/ThrottleTests.build/Objects-normal/arm64/ThrottleTests.swiftmodule /Volumes/DeveloperStorage/BuildScratch/throttle-convergence-20260920/DerivedData/Build/Products/Debug/ThrottleTests.swiftmodule/arm64-apple-macos.swiftmodule

Copy /Volumes/DeveloperStorage/BuildScratch/throttle-convergence-20260920/DerivedData/Build/Products/Debug/ThrottleTests.swiftmodule/arm64-apple-macos.swiftdoc /Volumes/DeveloperStorage/BuildScratch/throttle-convergence-20260920/DerivedData/Build/Intermediates.noindex/Throttle.build/Debug/ThrottleTests.build/Objects-normal/arm64/ThrottleTests.swiftdoc (in target 'ThrottleTests' from project 'Throttle')
    cd /Users/kevinnadjarian/GitHub/Throttle/build/convergence-recovery-20260920
    builtin-copy -exclude .DS_Store -exclude CVS -exclude .svn -exclude .git -exclude .hg -resolve-src-symlinks -rename /Volumes/DeveloperStorage/BuildScratch/throttle-convergence-20260920/DerivedData/Build/Intermediates.noindex/Throttle.build/Debug/ThrottleTests.build/Objects-normal/arm64/ThrottleTests.swiftdoc /Volumes/DeveloperStorage/BuildScratch/throttle-convergence-20260920/DerivedData/Build/Products/Debug/ThrottleTests.swiftmodule/arm64-apple-macos.swiftdoc

Copy /Volumes/DeveloperStorage/BuildScratch/throttle-convergence-20260920/DerivedData/Build/Products/Debug/ThrottleTests.swiftmodule/arm64-apple-macos.abi.json /Volumes/DeveloperStorage/BuildScratch/throttle-convergence-20260920/DerivedData/Build/Intermediates.noindex/Throttle.build/Debug/ThrottleTests.build/Objects-normal/arm64/ThrottleTests.abi.json (in target 'ThrottleTests' from project 'Throttle')
    cd /Users/kevinnadjarian/GitHub/Throttle/build/convergence-recovery-20260920
    builtin-copy -exclude .DS_Store -exclude CVS -exclude .svn -exclude .git -exclude .hg -resolve-src-symlinks -rename /Volumes/DeveloperStorage/BuildScratch/throttle-convergence-20260920/DerivedData/Build/Intermediates.noindex/Throttle.build/Debug/ThrottleTests.build/Objects-normal/arm64/ThrottleTests.abi.json /Volumes/DeveloperStorage/BuildScratch/throttle-convergence-20260920/DerivedData/Build/Products/Debug/ThrottleTests.swiftmodule/arm64-apple-macos.abi.json

Copy /Volumes/DeveloperStorage/BuildScratch/throttle-convergence-20260920/DerivedData/Build/Products/Debug/ThrottleTests.swiftmodule/Project/arm64-apple-macos.swiftsourceinfo /Volumes/DeveloperStorage/BuildScratch/throttle-convergence-20260920/DerivedData/Build/Intermediates.noindex/Throttle.build/Debug/ThrottleTests.build/Objects-normal/arm64/ThrottleTests.swiftsourceinfo (in target 'ThrottleTests' from project 'Throttle')
    cd /Users/kevinnadjarian/GitHub/Throttle/build/convergence-recovery-20260920
    builtin-copy -exclude .DS_Store -exclude CVS -exclude .svn -exclude .git -exclude .hg -resolve-src-symlinks -rename /Volumes/DeveloperStorage/BuildScratch/throttle-convergence-20260920/DerivedData/Build/Intermediates.noindex/Throttle.build/Debug/ThrottleTests.build/Objects-normal/arm64/ThrottleTests.swiftsourceinfo /Volumes/DeveloperStorage/BuildScratch/throttle-convergence-20260920/DerivedData/Build/Products/Debug/ThrottleTests.swiftmodule/Project/arm64-apple-macos.swiftsourceinfo

SwiftCompile normal arm64 Compiling\ AIProviderRoutingPolicyTests.swift,\ ActivityFilterTests.swift,\ AppTestHostIsolationTests.swift,\ AssistantProjectToolsTests.swift,\ AttemptHistoryTests.swift,\ AutoRelaunchPolicyTests.swift,\ BashSandboxTests.swift,\ BudgetAdmissionStoreTests.swift,\ CSVExporterTests.swift,\ CacheBreakEvenTests.swift,\ CacheBustAnalyzerTests.swift,\ CalibrationEngineTests.swift,\ ClaudeAPIKeyProtocolTests.swift,\ ClaudeAgentInventoryTests.swift,\ CloudKitPublisherTests.swift /Users/kevinnadjarian/GitHub/Throttle/build/convergence-recovery-20260920/ThrottleTests/ServiceTests/AIProviderRoutingPolicyTests.swift /Users/kevinnadjarian/GitHub/Throttle/build/convergence-recovery-20260920/ThrottleTests/StateTests/ActivityFilterTests.swift /Users/kevinnadjarian/GitHub/Throttle/build/convergence-recovery-20260920/ThrottleTests/ServiceTests/AppTestHostIsolationTests.swift /Users/kevinnadjarian/GitHub/Throttle/build/convergence-recovery-20260920/ThrottleTests/ServiceTests/AssistantProjectToolsTests.swift /Users/kevinnadjarian/GitHub/Throttle/build/convergence-recovery-20260920/ThrottleTests/ServiceTests/AttemptHistoryTests.swift /Users/kevinnadjarian/GitHub/Throttle/build/convergence-recovery-20260920/ThrottleTests/ServiceTests/AutoRelaunchPolicyTests.swift /Users/kevinnadjarian/GitHub/Throttle/build/convergence-recovery-20260920/ThrottleTests/ServiceTests/BashSandboxTests.swift /Users/kevinnadjarian/GitHub/Throttle/build/convergence-recovery-20260920/ThrottleTests/ServiceTests/BudgetAdmissionStoreTests.swift /Users/kevinnadjarian/GitHub/Throttle/build/convergence-recovery-20260920/ThrottleTests/ServiceTests/CSVExporterTests.swift /Users/kevinnadjarian/GitHub/Throttle/build/convergence-recovery-20260920/ThrottleTests/ServiceTests/CacheBreakEvenTests.swift /Users/kevinnadjarian/GitHub/Throttle/build/convergence-recovery-20260920/ThrottleTests/ServiceTests/CacheBustAnalyzerTests.swift /Users/kevinnadjarian/GitHub/Throttle/build/convergence-recovery-20260920/ThrottleTests/CalibrationTests/CalibrationEngineTests.swift /Users/kevinnadjarian/GitHub/Throttle/build/convergence-recovery-20260920/ThrottleTests/ServiceTests/ClaudeAPIKeyProtocolTests.swift /Users/kevinnadjarian/GitHub/Throttle/build/convergence-recovery-20260920/ThrottleTests/ServiceTests/ClaudeAgentInventoryTests.swift /Users/kevinnadjarian/GitHub/Throttle/build/convergence-recovery-20260920/ThrottleTests/ServiceTests/CloudKitPublisherTests.swift (in target 'ThrottleTests' from project 'Throttle')

SwiftCompile normal arm64 /Users/kevinnadjarian/GitHub/Throttle/build/convergence-recovery-20260920/ThrottleTests/ServiceTests/AIProviderRoutingPolicyTests.swift (in target 'ThrottleTests' from project 'Throttle')
    cd /Users/kevinnadjarian/GitHub/Throttle/build/convergence-recovery-20260920
    builtin-SwiftPerFileCompile AIProviderRoutingPolicyTests.swift

SwiftCompile normal arm64 /Users/kevinnadjarian/GitHub/Throttle/build/convergence-recovery-20260920/ThrottleTests/StateTests/ActivityFilterTests.swift (in target 'ThrottleTests' from project 'Throttle')
    cd /Users/kevinnadjarian/GitHub/Throttle/build/convergence-recovery-20260920
    builtin-SwiftPerFileCompile ActivityFilterTests.swift

SwiftCompile normal arm64 /Users/kevinnadjarian/GitHub/Throttle/build/convergence-recovery-20260920/ThrottleTests/ServiceTests/AppTestHostIsolationTests.swift (in target 'ThrottleTests' from project 'Throttle')
    cd /Users/kevinnadjarian/GitHub/Throttle/build/convergence-recovery-20260920
    builtin-SwiftPerFileCompile AppTestHostIsolationTests.swift

SwiftCompile normal arm64 /Users/kevinnadjarian/GitHub/Throttle/build/convergence-recovery-20260920/ThrottleTests/ServiceTests/AssistantProjectToolsTests.swift (in target 'ThrottleTests' from project 'Throttle')
    cd /Users/kevinnadjarian/GitHub/Throttle/build/convergence-recovery-20260920
    builtin-SwiftPerFileCompile AssistantProjectToolsTests.swift

SwiftCompile normal arm64 /Users/kevinnadjarian/GitHub/Throttle/build/convergence-recovery-20260920/ThrottleTests/ServiceTests/AttemptHistoryTests.swift (in target 'ThrottleTests' from project 'Throttle')
    cd /Users/kevinnadjarian/GitHub/Throttle/build/convergence-recovery-20260920
    builtin-SwiftPerFileCompile AttemptHistoryTests.swift

SwiftCompile normal arm64 /Users/kevinnadjarian/GitHub/Throttle/build/convergence-recovery-20260920/ThrottleTests/ServiceTests/AutoRelaunchPolicyTests.swift (in target 'ThrottleTests' from project 'Throttle')
    cd /Users/kevinnadjarian/GitHub/Throttle/build/convergence-recovery-20260920
    builtin-SwiftPerFileCompile AutoRelaunchPolicyTests.swift

SwiftCompile normal arm64 /Users/kevinnadjarian/GitHub/Throttle/build/convergence-recovery-20260920/ThrottleTests/ServiceTests/BashSandboxTests.swift (in target 'ThrottleTests' from project 'Throttle')
    cd /Users/kevinnadjarian/GitHub/Throttle/build/convergence-recovery-20260920
    builtin-SwiftPerFileCompile BashSandboxTests.swift

SwiftCompile normal arm64 /Users/kevinnadjarian/GitHub/Throttle/build/convergence-recovery-20260920/ThrottleTests/ServiceTests/BudgetAdmissionStoreTests.swift (in target 'ThrottleTests' from project 'Throttle')
    cd /Users/kevinnadjarian/GitHub/Throttle/build/convergence-recovery-20260920
    builtin-SwiftPerFileCompile BudgetAdmissionStoreTests.swift

SwiftCompile normal arm64 /Users/kevinnadjarian/GitHub/Throttle/build/convergence-recovery-20260920/ThrottleTests/ServiceTests/CSVExporterTests.swift (in target 'ThrottleTests' from project 'Throttle')
    cd /Users/kevinnadjarian/GitHub/Throttle/build/convergence-recovery-20260920
    builtin-SwiftPerFileCompile CSVExporterTests.swift

SwiftCompile normal arm64 /Users/kevinnadjarian/GitHub/Throttle/build/convergence-recovery-20260920/ThrottleTests/ServiceTests/CacheBreakEvenTests.swift (in target 'ThrottleTests' from project 'Throttle')
    cd /Users/kevinnadjarian/GitHub/Throttle/build/convergence-recovery-20260920
    builtin-SwiftPerFileCompile CacheBreakEvenTests.swift

SwiftCompile normal arm64 /Users/kevinnadjarian/GitHub/Throttle/build/convergence-recovery-20260920/ThrottleTests/ServiceTests/CacheBustAnalyzerTests.swift (in target 'ThrottleTests' from project 'Throttle')
    cd /Users/kevinnadjarian/GitHub/Throttle/build/convergence-recovery-20260920
    builtin-SwiftPerFileCompile CacheBustAnalyzerTests.swift

SwiftCompile normal arm64 /Users/kevinnadjarian/GitHub/Throttle/build/convergence-recovery-20260920/ThrottleTests/CalibrationTests/CalibrationEngineTests.swift (in target 'ThrottleTests' from project 'Throttle')
    cd /Users/kevinnadjarian/GitHub/Throttle/build/convergence-recovery-20260920
    builtin-SwiftPerFileCompile CalibrationEngineTests.swift

SwiftCompile normal arm64 /Users/kevinnadjarian/GitHub/Throttle/build/convergence-recovery-20260920/ThrottleTests/ServiceTests/ClaudeAPIKeyProtocolTests.swift (in target 'ThrottleTests' from project 'Throttle')
    cd /Users/kevinnadjarian/GitHub/Throttle/build/convergence-recovery-20260920
    builtin-SwiftPerFileCompile ClaudeAPIKeyProtocolTests.swift

SwiftCompile normal arm64 /Users/kevinnadjarian/GitHub/Throttle/build/convergence-recovery-20260920/ThrottleTests/ServiceTests/ClaudeAgentInventoryTests.swift (in target 'ThrottleTests' from project 'Throttle')
    cd /Users/kevinnadjarian/GitHub/Throttle/build/convergence-recovery-20260920
    builtin-SwiftPerFileCompile ClaudeAgentInventoryTests.swift

SwiftCompile normal arm64 /Users/kevinnadjarian/GitHub/Throttle/build/convergence-recovery-20260920/ThrottleTests/ServiceTests/CloudKitPublisherTests.swift (in target 'ThrottleTests' from project 'Throttle')
    cd /Users/kevinnadjarian/GitHub/Throttle/build/convergence-recovery-20260920
    builtin-SwiftPerFileCompile CloudKitPublisherTests.swift

SwiftCompile normal arm64 Compiling\ CockpitCountdownTests.swift,\ CockpitLifecycleTests.swift,\ CockpitOnboardingTests.swift,\ CockpitPermissionTests.swift,\ CockpitSpendViewTests.swift,\ CockpitUsageGenerationTests.swift,\ CodexProgressServiceTests.swift,\ CodexUsageServiceTests.swift,\ ColdStartScannerTests.swift,\ ContentStoreTests.swift,\ ContextFirewallTests.swift,\ ContextPacketEvidenceTests.swift,\ DatabaseQueriesTests.swift,\ DeadSkillServiceTests.swift,\ DeltaMemStoreTests.swift /Users/kevinnadjarian/GitHub/Throttle/build/convergence-recovery-20260920/ThrottleTests/ServiceTests/CockpitCountdownTests.swift /Users/kevinnadjarian/GitHub/Throttle/build/convergence-recovery-20260920/ThrottleTests/ServiceTests/CockpitLifecycleTests.swift /Users/kevinnadjarian/GitHub/Throttle/build/convergence-recovery-20260920/ThrottleTests/ServiceTests/CockpitOnboardingTests.swift /Users/kevinnadjarian/GitHub/Throttle/build/convergence-recovery-20260920/ThrottleTests/ServiceTests/CockpitPermissionTests.swift /Users/kevinnadjarian/GitHub/Throttle/build/convergence-recovery-20260920/ThrottleTests/ServiceTests/CockpitSpendViewTests.swift /Users/kevinnadjarian/GitHub/Throttle/build/convergence-recovery-20260920/ThrottleTests/ServiceTests/CockpitUsageGenerationTests.swift /Users/kevinnadjarian/GitHub/Throttle/build/convergence-recovery-20260920/ThrottleTests/ServiceTests/CodexProgressServiceTests.swift /Users/kevinnadjarian/GitHub/Throttle/build/convergence-recovery-20260920/ThrottleTests/ServiceTests/CodexUsageServiceTests.swift /Users/kevinnadjarian/GitHub/Throttle/build/convergence-recovery-20260920/ThrottleTests/DataLayerTests/ColdStartScannerTests.swift /Users/kevinnadjarian/GitHub/Throttle/build/convergence-recovery-20260920/ThrottleTests/ServiceTests/ContentStoreTests.swift /Users/kevinnadjarian/GitHub/Throttle/build/convergence-recovery-20260920/ThrottleTests/ServiceTests/ContextFirewallTests.swift /Users/kevinnadjarian/GitHub/Throttle/build/convergence-recovery-20260920/ThrottleTests/ServiceTests/ContextPacketEvidenceTests.swift /Users/kevinnadjarian/GitHub/Throttle/build/convergence-recovery-20260920/ThrottleTests/DatabaseTests/DatabaseQueriesTests.swift /Users/kevinnadjarian/GitHub/Throttle/build/convergence-recovery-20260920/ThrottleTests/ServiceTests/DeadSkillServiceTests.swift /Users/kevinnadjarian/GitHub/Throttle/build/convergence-recovery-20260920/ThrottleTests/ServiceTests/DeltaMemStoreTests.swift (in target 'ThrottleTests' from project 'Throttle')

SwiftCompile normal arm64 /Users/kevinnadjarian/GitHub/Throttle/build/convergence-recovery-20260920/ThrottleTests/ServiceTests/CockpitCountdownTests.swift (in target 'ThrottleTests' from project 'Throttle')
    cd /Users/kevinnadjarian/GitHub/Throttle/build/convergence-recovery-20260920
    builtin-SwiftPerFileCompile CockpitCountdownTests.swift

SwiftCompile normal arm64 /Users/kevinnadjarian/GitHub/Throttle/build/convergence-recovery-20260920/ThrottleTests/ServiceTests/CockpitLifecycleTests.swift (in target 'ThrottleTests' from project 'Throttle')
    cd /Users/kevinnadjarian/GitHub/Throttle/build/convergence-recovery-20260920
    builtin-SwiftPerFileCompile CockpitLifecycleTests.swift

SwiftCompile normal arm64 /Users/kevinnadjarian/GitHub/Throttle/build/convergence-recovery-20260920/ThrottleTests/ServiceTests/CockpitOnboardingTests.swift (in target 'ThrottleTests' from project 'Throttle')
    cd /Users/kevinnadjarian/GitHub/Throttle/build/convergence-recovery-20260920
    builtin-SwiftPerFileCompile CockpitOnboardingTests.swift

SwiftCompile normal arm64 /Users/kevinnadjarian/GitHub/Throttle/build/convergence-recovery-20260920/ThrottleTests/ServiceTests/CockpitPermissionTests.swift (in target 'ThrottleTests' from project 'Throttle')
    cd /Users/kevinnadjarian/GitHub/Throttle/build/convergence-recovery-20260920
    builtin-SwiftPerFileCompile CockpitPermissionTests.swift

SwiftCompile normal arm64 /Users/kevinnadjarian/GitHub/Throttle/build/convergence-recovery-20260920/ThrottleTests/ServiceTests/CockpitSpendViewTests.swift (in target 'ThrottleTests' from project 'Throttle')
    cd /Users/kevinnadjarian/GitHub/Throttle/build/convergence-recovery-20260920
    builtin-SwiftPerFileCompile CockpitSpendViewTests.swift

SwiftCompile normal arm64 /Users/kevinnadjarian/GitHub/Throttle/build/convergence-recovery-20260920/ThrottleTests/ServiceTests/CockpitUsageGenerationTests.swift (in target 'ThrottleTests' from project 'Throttle')
    cd /Users/kevinnadjarian/GitHub/Throttle/build/convergence-recovery-20260920
    builtin-SwiftPerFileCompile CockpitUsageGenerationTests.swift

SwiftCompile normal arm64 /Users/kevinnadjarian/GitHub/Throttle/build/convergence-recovery-20260920/ThrottleTests/ServiceTests/CodexProgressServiceTests.swift (in target 'ThrottleTests' from project 'Throttle')
    cd /Users/kevinnadjarian/GitHub/Throttle/build/convergence-recovery-20260920
    builtin-SwiftPerFileCompile CodexProgressServiceTests.swift

SwiftCompile normal arm64 /Users/kevinnadjarian/GitHub/Throttle/build/convergence-recovery-20260920/ThrottleTests/ServiceTests/CodexUsageServiceTests.swift (in target 'ThrottleTests' from project 'Throttle')
    cd /Users/kevinnadjarian/GitHub/Throttle/build/convergence-recovery-20260920
    builtin-SwiftPerFileCompile CodexUsageServiceTests.swift

SwiftCompile normal arm64 /Users/kevinnadjarian/GitHub/Throttle/build/convergence-recovery-20260920/ThrottleTests/DataLayerTests/ColdStartScannerTests.swift (in target 'ThrottleTests' from project 'Throttle')
    cd /Users/kevinnadjarian/GitHub/Throttle/build/convergence-recovery-20260920
    builtin-SwiftPerFileCompile ColdStartScannerTests.swift

SwiftCompile normal arm64 /Users/kevinnadjarian/GitHub/Throttle/build/convergence-recovery-20260920/ThrottleTests/ServiceTests/ContentStoreTests.swift (in target 'ThrottleTests' from project 'Throttle')
    cd /Users/kevinnadjarian/GitHub/Throttle/build/convergence-recovery-20260920
    builtin-SwiftPerFileCompile ContentStoreTests.swift

SwiftCompile normal arm64 /Users/kevinnadjarian/GitHub/Throttle/build/convergence-recovery-20260920/ThrottleTests/ServiceTests/ContextFirewallTests.swift (in target 'ThrottleTests' from project 'Throttle')
    cd /Users/kevinnadjarian/GitHub/Throttle/build/convergence-recovery-20260920
    builtin-SwiftPerFileCompile ContextFirewallTests.swift

SwiftCompile normal arm64 /Users/kevinnadjarian/GitHub/Throttle/build/convergence-recovery-20260920/ThrottleTests/ServiceTests/ContextPacketEvidenceTests.swift (in target 'ThrottleTests' from project 'Throttle')
    cd /Users/kevinnadjarian/GitHub/Throttle/build/convergence-recovery-20260920
    builtin-SwiftPerFileCompile ContextPacketEvidenceTests.swift

SwiftCompile normal arm64 /Users/kevinnadjarian/GitHub/Throttle/build/convergence-recovery-20260920/ThrottleTests/DatabaseTests/DatabaseQueriesTests.swift (in target 'ThrottleTests' from project 'Throttle')
    cd /Users/kevinnadjarian/GitHub/Throttle/build/convergence-recovery-20260920
    builtin-SwiftPerFileCompile DatabaseQueriesTests.swift

SwiftCompile normal arm64 /Users/kevinnadjarian/GitHub/Throttle/build/convergence-recovery-20260920/ThrottleTests/ServiceTests/DeadSkillServiceTests.swift (in target 'ThrottleTests' from project 'Throttle')
    cd /Users/kevinnadjarian/GitHub/Throttle/build/convergence-recovery-20260920
    builtin-SwiftPerFileCompile DeadSkillServiceTests.swift

SwiftCompile normal arm64 /Users/kevinnadjarian/GitHub/Throttle/build/convergence-recovery-20260920/ThrottleTests/ServiceTests/DeltaMemStoreTests.swift (in target 'ThrottleTests' from project 'Throttle')
    cd /Users/kevinnadjarian/GitHub/Throttle/build/convergence-recovery-20260920
    builtin-SwiftPerFileCompile DeltaMemStoreTests.swift

SwiftDriverJobDiscovery normal arm64 Compiling AIProviderRoutingPolicyTests.swift, ActivityFilterTests.swift, AppTestHostIsolationTests.swift, AssistantProjectToolsTests.swift, AttemptHistoryTests.swift, AutoRelaunchPolicyTests.swift, BashSandboxTests.swift, BudgetAdmissionStoreTests.swift, CSVExporterTests.swift, CacheBreakEvenTests.swift, CacheBustAnalyzerTests.swift, CalibrationEngineTests.swift, ClaudeAPIKeyProtocolTests.swift, ClaudeAgentInventoryTests.swift, CloudKitPublisherTests.swift (in target 'ThrottleTests' from project 'Throttle')

SwiftDriverJobDiscovery normal arm64 Compiling MigrationsTests.swift, MissionRuntimeServiceTests.swift, MouseReportFilterWheelTests.swift, NativeSessionBindingTests.swift, NotebookLMGatewayProcessTests.swift, NotebookLMImportJobTests.swift, OKFStoreTests.swift, OllamaEmbeddingProviderTests.swift, OptimizerHonestyTests.swift, OutboundPolicyTests.swift, OwnedProcessTerminationTests.swift, PauseReasonTests.swift, PeerControlAdmissionTests.swift, PlanFlowTests.swift, PlanIntegrationCardTests.swift (in target 'ThrottleTests' from project 'Throttle')

SwiftCompile normal arm64 Compiling\ ShadowReplayLedgerTests.swift,\ StringCatalogFrenchTests.swift,\ TaskBudgetAdmissionTests.swift,\ TaskBudgetLifecycleTests.swift,\ TaskIntegrationHardeningTests.swift,\ TaskIntegrationOutputTests.swift,\ TaskIntegrationRefusalTests.swift,\ TaskIntegrationServiceTests.swift,\ TaskIntegrationWorkContractTests.swift,\ TaskLauncherBudgetTests.swift,\ TaskLauncherTests.swift,\ TaskSpendTests.swift,\ TaskVerificationCrashTests.swift,\ TaskVerificationLifecycleTests.swift,\ TaskVerificationProcessTests.swift /Users/kevinnadjarian/GitHub/Throttle/build/convergence-recovery-20260920/ThrottleTests/ServiceTests/ShadowReplayLedgerTests.swift /Users/kevinnadjarian/GitHub/Throttle/build/convergence-recovery-20260920/ThrottleTests/Localization/StringCatalogFrenchTests.swift /Users/kevinnadjarian/GitHub/Throttle/build/convergence-recovery-20260920/ThrottleTests/ServiceTests/TaskBudgetAdmissionTests.swift /Users/kevinnadjarian/GitHub/Throttle/build/convergence-recovery-20260920/ThrottleTests/ServiceTests/TaskBudgetLifecycleTests.swift /Users/kevinnadjarian/GitHub/Throttle/build/convergence-recovery-20260920/ThrottleTests/ServiceTests/TaskIntegrationHardeningTests.swift /Users/kevinnadjarian/GitHub/Throttle/build/convergence-recovery-20260920/ThrottleTests/ServiceTests/TaskIntegrationOutputTests.swift /Users/kevinnadjarian/GitHub/Throttle/build/convergence-recovery-20260920/ThrottleTests/ServiceTests/TaskIntegrationRefusalTests.swift /Users/kevinnadjarian/GitHub/Throttle/build/convergence-recovery-20260920/ThrottleTests/ServiceTests/TaskIntegrationServiceTests.swift /Users/kevinnadjarian/GitHub/Throttle/build/convergence-recovery-20260920/ThrottleTests/ServiceTests/TaskIntegrationWorkContractTests.swift /Users/kevinnadjarian/GitHub/Throttle/build/convergence-recovery-20260920/ThrottleTests/ServiceTests/TaskLauncherBudgetTests.swift /Users/kevinnadjarian/GitHub/Throttle/build/convergence-recovery-20260920/ThrottleTests/ServiceTests/TaskLauncherTests.swift /Users/kevinnadjarian/GitHub/Throttle/build/convergence-recovery-20260920/ThrottleTests/ServiceTests/TaskSpendTests.swift /Users/kevinnadjarian/GitHub/Throttle/build/convergence-recovery-20260920/ThrottleTests/ServiceTests/TaskVerificationCrashTests.swift /Users/kevinnadjarian/GitHub/Throttle/build/convergence-recovery-20260920/ThrottleTests/ServiceTests/TaskVerificationLifecycleTests.swift /Users/kevinnadjarian/GitHub/Throttle/build/convergence-recovery-20260920/ThrottleTests/ServiceTests/TaskVerificationProcessTests.swift (in target 'ThrottleTests' from project 'Throttle')

SwiftCompile normal arm64 /Users/kevinnadjarian/GitHub/Throttle/build/convergence-recovery-20260920/ThrottleTests/ServiceTests/ShadowReplayLedgerTests.swift (in target 'ThrottleTests' from project 'Throttle')
    cd /Users/kevinnadjarian/GitHub/Throttle/build/convergence-recovery-20260920
    builtin-SwiftPerFileCompile ShadowReplayLedgerTests.swift

SwiftCompile normal arm64 /Users/kevinnadjarian/GitHub/Throttle/build/convergence-recovery-20260920/ThrottleTests/Localization/StringCatalogFrenchTests.swift (in target 'ThrottleTests' from project 'Throttle')
    cd /Users/kevinnadjarian/GitHub/Throttle/build/convergence-recovery-20260920
    builtin-SwiftPerFileCompile StringCatalogFrenchTests.swift

SwiftCompile normal arm64 /Users/kevinnadjarian/GitHub/Throttle/build/convergence-recovery-20260920/ThrottleTests/ServiceTests/TaskBudgetAdmissionTests.swift (in target 'ThrottleTests' from project 'Throttle')
    cd /Users/kevinnadjarian/GitHub/Throttle/build/convergence-recovery-20260920
    builtin-SwiftPerFileCompile TaskBudgetAdmissionTests.swift

SwiftCompile normal arm64 /Users/kevinnadjarian/GitHub/Throttle/build/convergence-recovery-20260920/ThrottleTests/ServiceTests/TaskBudgetLifecycleTests.swift (in target 'ThrottleTests' from project 'Throttle')
    cd /Users/kevinnadjarian/GitHub/Throttle/build/convergence-recovery-20260920
    builtin-SwiftPerFileCompile TaskBudgetLifecycleTests.swift

SwiftCompile normal arm64 /Users/kevinnadjarian/GitHub/Throttle/build/convergence-recovery-20260920/ThrottleTests/ServiceTests/TaskIntegrationHardeningTests.swift (in target 'ThrottleTests' from project 'Throttle')
    cd /Users/kevinnadjarian/GitHub/Throttle/build/convergence-recovery-20260920
    builtin-SwiftPerFileCompile TaskIntegrationHardeningTests.swift

SwiftCompile normal arm64 /Users/kevinnadjarian/GitHub/Throttle/build/convergence-recovery-20260920/ThrottleTests/ServiceTests/TaskIntegrationOutputTests.swift (in target 'ThrottleTests' from project 'Throttle')
    cd /Users/kevinnadjarian/GitHub/Throttle/build/convergence-recovery-20260920
    builtin-SwiftPerFileCompile TaskIntegrationOutputTests.swift

SwiftCompile normal arm64 /Users/kevinnadjarian/GitHub/Throttle/build/convergence-recovery-20260920/ThrottleTests/ServiceTests/TaskIntegrationRefusalTests.swift (in target 'ThrottleTests' from project 'Throttle')
    cd /Users/kevinnadjarian/GitHub/Throttle/build/convergence-recovery-20260920
    builtin-SwiftPerFileCompile TaskIntegrationRefusalTests.swift

SwiftCompile normal arm64 /Users/kevinnadjarian/GitHub/Throttle/build/convergence-recovery-20260920/ThrottleTests/ServiceTests/TaskIntegrationServiceTests.swift (in target 'ThrottleTests' from project 'Throttle')
    cd /Users/kevinnadjarian/GitHub/Throttle/build/convergence-recovery-20260920
    builtin-SwiftPerFileCompile TaskIntegrationServiceTests.swift

SwiftCompile normal arm64 /Users/kevinnadjarian/GitHub/Throttle/build/convergence-recovery-20260920/ThrottleTests/ServiceTests/TaskIntegrationWorkContractTests.swift (in target 'ThrottleTests' from project 'Throttle')
    cd /Users/kevinnadjarian/GitHub/Throttle/build/convergence-recovery-20260920
    builtin-SwiftPerFileCompile TaskIntegrationWorkContractTests.swift

SwiftCompile normal arm64 /Users/kevinnadjarian/GitHub/Throttle/build/convergence-recovery-20260920/ThrottleTests/ServiceTests/TaskLauncherBudgetTests.swift (in target 'ThrottleTests' from project 'Throttle')
    cd /Users/kevinnadjarian/GitHub/Throttle/build/convergence-recovery-20260920
    builtin-SwiftPerFileCompile TaskLauncherBudgetTests.swift

SwiftCompile normal arm64 /Users/kevinnadjarian/GitHub/Throttle/build/convergence-recovery-20260920/ThrottleTests/ServiceTests/TaskLauncherTests.swift (in target 'ThrottleTests' from project 'Throttle')
    cd /Users/kevinnadjarian/GitHub/Throttle/build/convergence-recovery-20260920
    builtin-SwiftPerFileCompile TaskLauncherTests.swift

SwiftCompile normal arm64 /Users/kevinnadjarian/GitHub/Throttle/build/convergence-recovery-20260920/ThrottleTests/ServiceTests/TaskSpendTests.swift (in target 'ThrottleTests' from project 'Throttle')
    cd /Users/kevinnadjarian/GitHub/Throttle/build/convergence-recovery-20260920
    builtin-SwiftPerFileCompile TaskSpendTests.swift

SwiftCompile normal arm64 /Users/kevinnadjarian/GitHub/Throttle/build/convergence-recovery-20260920/ThrottleTests/ServiceTests/TaskVerificationCrashTests.swift (in target 'ThrottleTests' from project 'Throttle')
    cd /Users/kevinnadjarian/GitHub/Throttle/build/convergence-recovery-20260920
    builtin-SwiftPerFileCompile TaskVerificationCrashTests.swift

SwiftCompile normal arm64 /Users/kevinnadjarian/GitHub/Throttle/build/convergence-recovery-20260920/ThrottleTests/ServiceTests/TaskVerificationLifecycleTests.swift (in target 'ThrottleTests' from project 'Throttle')
    cd /Users/kevinnadjarian/GitHub/Throttle/build/convergence-recovery-20260920
    builtin-SwiftPerFileCompile TaskVerificationLifecycleTests.swift

SwiftCompile normal arm64 /Users/kevinnadjarian/GitHub/Throttle/build/convergence-recovery-20260920/ThrottleTests/ServiceTests/TaskVerificationProcessTests.swift (in target 'ThrottleTests' from project 'Throttle')
    cd /Users/kevinnadjarian/GitHub/Throttle/build/convergence-recovery-20260920
    builtin-SwiftPerFileCompile TaskVerificationProcessTests.swift

SwiftCompile normal arm64 Compiling\ RepoIndexerTests.swift,\ ResearchVaultFolderSourceStoreTests.swift,\ ResearchVaultNotebookSyncTests.swift,\ ResearchVaultSpaceStoreTests.swift,\ ResearchVaultURLIntakeTests.swift,\ ResearchVaultWorkbenchProjectionTests.swift,\ ReviewedPasteServiceTests.swift,\ RouterAdvisorCacheTests.swift,\ SemanticAutoIndexerTests.swift,\ SemanticIndexTests.swift,\ SessionFileParserTests.swift,\ SessionProjectResolverTests.swift,\ SessionReentryDigestTests.swift,\ SessionResourceEnvelopeTests.swift,\ SessionStateDotTests.swift /Users/kevinnadjarian/GitHub/Throttle/build/convergence-recovery-20260920/ThrottleTests/ServiceTests/RepoIndexerTests.swift /Users/kevinnadjarian/GitHub/Throttle/build/convergence-recovery-20260920/ThrottleTests/ResearchVaultFolderSourceStoreTests.swift /Users/kevinnadjarian/GitHub/Throttle/build/convergence-recovery-20260920/ThrottleTests/ResearchVaultNotebookSyncTests.swift /Users/kevinnadjarian/GitHub/Throttle/build/convergence-recovery-20260920/ThrottleTests/ResearchVaultSpaceStoreTests.swift /Users/kevinnadjarian/GitHub/Throttle/build/convergence-recovery-20260920/ThrottleTests/ServiceTests/ResearchVaultURLIntakeTests.swift /Users/kevinnadjarian/GitHub/Throttle/build/convergence-recovery-20260920/ThrottleTests/ResearchVaultWorkbenchProjectionTests.swift /Users/kevinnadjarian/GitHub/Throttle/build/convergence-recovery-20260920/ThrottleTests/ServiceTests/ReviewedPasteServiceTests.swift /Users/kevinnadjarian/GitHub/Throttle/build/convergence-recovery-20260920/ThrottleTests/ServiceTests/RouterAdvisorCacheTests.swift /Users/kevinnadjarian/GitHub/Throttle/build/convergence-recovery-20260920/ThrottleTests/ServiceTests/SemanticAutoIndexerTests.swift /Users/kevinnadjarian/GitHub/Throttle/build/convergence-recovery-20260920/ThrottleTests/ServiceTests/SemanticIndexTests.swift /Users/kevinnadjarian/GitHub/Throttle/build/convergence-recovery-20260920/ThrottleTests/ParserTests/SessionFileParserTests.swift /Users/kevinnadjarian/GitHub/Throttle/build/convergence-recovery-20260920/ThrottleTests/ServiceTests/SessionProjectResolverTests.swift /Users/kevinnadjarian/GitHub/Throttle/build/convergence-recovery-20260920/ThrottleTests/ServiceTests/SessionReentryDigestTests.swift /Users/kevinnadjarian/GitHub/Throttle/build/convergence-recovery-20260920/ThrottleTests/ServiceTests/SessionResourceEnvelopeTests.swift /Users/kevinnadjarian/GitHub/Throttle/build/convergence-recovery-20260920/ThrottleTests/StateTests/SessionStateDotTests.swift (in target 'ThrottleTests' from project 'Throttle')

SwiftCompile normal arm64 /Users/kevinnadjarian/GitHub/Throttle/build/convergence-recovery-20260920/ThrottleTests/ServiceTests/RepoIndexerTests.swift (in target 'ThrottleTests' from project 'Throttle')
    cd /Users/kevinnadjarian/GitHub/Throttle/build/convergence-recovery-20260920
    builtin-SwiftPerFileCompile RepoIndexerTests.swift

SwiftCompile normal arm64 /Users/kevinnadjarian/GitHub/Throttle/build/convergence-recovery-20260920/ThrottleTests/ResearchVaultFolderSourceStoreTests.swift (in target 'ThrottleTests' from project 'Throttle')
    cd /Users/kevinnadjarian/GitHub/Throttle/build/convergence-recovery-20260920
    builtin-SwiftPerFileCompile ResearchVaultFolderSourceStoreTests.swift

SwiftCompile normal arm64 /Users/kevinnadjarian/GitHub/Throttle/build/convergence-recovery-20260920/ThrottleTests/ResearchVaultNotebookSyncTests.swift (in target 'ThrottleTests' from project 'Throttle')
    cd /Users/kevinnadjarian/GitHub/Throttle/build/convergence-recovery-20260920
    builtin-SwiftPerFileCompile ResearchVaultNotebookSyncTests.swift

SwiftCompile normal arm64 /Users/kevinnadjarian/GitHub/Throttle/build/convergence-recovery-20260920/ThrottleTests/ResearchVaultSpaceStoreTests.swift (in target 'ThrottleTests' from project 'Throttle')
    cd /Users/kevinnadjarian/GitHub/Throttle/build/convergence-recovery-20260920
    builtin-SwiftPerFileCompile ResearchVaultSpaceStoreTests.swift

SwiftCompile normal arm64 /Users/kevinnadjarian/GitHub/Throttle/build/convergence-recovery-20260920/ThrottleTests/ServiceTests/ResearchVaultURLIntakeTests.swift (in target 'ThrottleTests' from project 'Throttle')
    cd /Users/kevinnadjarian/GitHub/Throttle/build/convergence-recovery-20260920
    builtin-SwiftPerFileCompile ResearchVaultURLIntakeTests.swift

SwiftCompile normal arm64 /Users/kevinnadjarian/GitHub/Throttle/build/convergence-recovery-20260920/ThrottleTests/ResearchVaultWorkbenchProjectionTests.swift (in target 'ThrottleTests' from project 'Throttle')
    cd /Users/kevinnadjarian/GitHub/Throttle/build/convergence-recovery-20260920
    builtin-SwiftPerFileCompile ResearchVaultWorkbenchProjectionTests.swift

SwiftCompile normal arm64 /Users/kevinnadjarian/GitHub/Throttle/build/convergence-recovery-20260920/ThrottleTests/ServiceTests/ReviewedPasteServiceTests.swift (in target 'ThrottleTests' from project 'Throttle')
    cd /Users/kevinnadjarian/GitHub/Throttle/build/convergence-recovery-20260920
    builtin-SwiftPerFileCompile ReviewedPasteServiceTests.swift

SwiftCompile normal arm64 /Users/kevinnadjarian/GitHub/Throttle/build/convergence-recovery-20260920/ThrottleTests/ServiceTests/RouterAdvisorCacheTests.swift (in target 'ThrottleTests' from project 'Throttle')
    cd /Users/kevinnadjarian/GitHub/Throttle/build/convergence-recovery-20260920
    builtin-SwiftPerFileCompile RouterAdvisorCacheTests.swift

SwiftCompile normal arm64 /Users/kevinnadjarian/GitHub/Throttle/build/convergence-recovery-20260920/ThrottleTests/ServiceTests/SemanticAutoIndexerTests.swift (in target 'ThrottleTests' from project 'Throttle')
    cd /Users/kevinnadjarian/GitHub/Throttle/build/convergence-recovery-20260920
    builtin-SwiftPerFileCompile SemanticAutoIndexerTests.swift

SwiftCompile normal arm64 /Users/kevinnadjarian/GitHub/Throttle/build/convergence-recovery-20260920/ThrottleTests/ServiceTests/SemanticIndexTests.swift (in target 'ThrottleTests' from project 'Throttle')
    cd /Users/kevinnadjarian/GitHub/Throttle/build/convergence-recovery-20260920
    builtin-SwiftPerFileCompile SemanticIndexTests.swift

SwiftCompile normal arm64 /Users/kevinnadjarian/GitHub/Throttle/build/convergence-recovery-20260920/ThrottleTests/ParserTests/SessionFileParserTests.swift (in target 'ThrottleTests' from project 'Throttle')
    cd /Users/kevinnadjarian/GitHub/Throttle/build/convergence-recovery-20260920
    builtin-SwiftPerFileCompile SessionFileParserTests.swift

SwiftCompile normal arm64 /Users/kevinnadjarian/GitHub/Throttle/build/convergence-recovery-20260920/ThrottleTests/ServiceTests/SessionProjectResolverTests.swift (in target 'ThrottleTests' from project 'Throttle')
    cd /Users/kevinnadjarian/GitHub/Throttle/build/convergence-recovery-20260920
    builtin-SwiftPerFileCompile SessionProjectResolverTests.swift

SwiftCompile normal arm64 /Users/kevinnadjarian/GitHub/Throttle/build/convergence-recovery-20260920/ThrottleTests/ServiceTests/SessionReentryDigestTests.swift (in target 'ThrottleTests' from project 'Throttle')
    cd /Users/kevinnadjarian/GitHub/Throttle/build/convergence-recovery-20260920
    builtin-SwiftPerFileCompile SessionReentryDigestTests.swift

SwiftCompile normal arm64 /Users/kevinnadjarian/GitHub/Throttle/build/convergence-recovery-20260920/ThrottleTests/ServiceTests/SessionResourceEnvelopeTests.swift (in target 'ThrottleTests' from project 'Throttle')
    cd /Users/kevinnadjarian/GitHub/Throttle/build/convergence-recovery-20260920
    builtin-SwiftPerFileCompile SessionResourceEnvelopeTests.swift

SwiftCompile normal arm64 /Users/kevinnadjarian/GitHub/Throttle/build/convergence-recovery-20260920/ThrottleTests/StateTests/SessionStateDotTests.swift (in target 'ThrottleTests' from project 'Throttle')
    cd /Users/kevinnadjarian/GitHub/Throttle/build/convergence-recovery-20260920
    builtin-SwiftPerFileCompile SessionStateDotTests.swift

SwiftDriverJobDiscovery normal arm64 Compiling CockpitCountdownTests.swift, CockpitLifecycleTests.swift, CockpitOnboardingTests.swift, CockpitPermissionTests.swift, CockpitSpendViewTests.swift, CockpitUsageGenerationTests.swift, CodexProgressServiceTests.swift, CodexUsageServiceTests.swift, ColdStartScannerTests.swift, ContentStoreTests.swift, ContextFirewallTests.swift, ContextPacketEvidenceTests.swift, DatabaseQueriesTests.swift, DeadSkillServiceTests.swift, DeltaMemStoreTests.swift (in target 'ThrottleTests' from project 'Throttle')

SwiftCompile normal arm64 Compiling\ PlanIntegrationFlowTests.swift,\ PlanMCPAuthorityLifecycleTests.swift,\ PlanMCPAuthorityTests.swift,\ PlanMCPIntakeAuthorityTests.swift,\ PlanMCPMissionFenceTests.swift,\ PlanMCPRetryTests.swift,\ PlanMCPSchemaContractTests.swift,\ PlanMCPTaskRouterTests.swift,\ PlanMCPToolsTests.swift,\ PlanOrientationTests.swift,\ PlanProjectionIntegrationEventsTests.swift,\ PlanProjectionTests.swift,\ PlanStoreCrashTests.swift,\ PlanStoreTests.swift,\ ProductSignalsTests.swift /Users/kevinnadjarian/GitHub/Throttle/build/convergence-recovery-20260920/ThrottleTests/ServiceTests/PlanIntegrationFlowTests.swift /Users/kevinnadjarian/GitHub/Throttle/build/convergence-recovery-20260920/ThrottleTests/ServiceTests/PlanMCPAuthorityLifecycleTests.swift /Users/kevinnadjarian/GitHub/Throttle/build/convergence-recovery-20260920/ThrottleTests/ServiceTests/PlanMCPAuthorityTests.swift /Users/kevinnadjarian/GitHub/Throttle/build/convergence-recovery-20260920/ThrottleTests/ServiceTests/PlanMCPIntakeAuthorityTests.swift /Users/kevinnadjarian/GitHub/Throttle/build/convergence-recovery-20260920/ThrottleTests/ServiceTests/PlanMCPMissionFenceTests.swift /Users/kevinnadjarian/GitHub/Throttle/build/convergence-recovery-20260920/ThrottleTests/ServiceTests/PlanMCPRetryTests.swift /Users/kevinnadjarian/GitHub/Throttle/build/convergence-recovery-20260920/ThrottleTests/ServiceTests/PlanMCPSchemaContractTests.swift /Users/kevinnadjarian/GitHub/Throttle/build/convergence-recovery-20260920/ThrottleTests/ServiceTests/PlanMCPTaskRouterTests.swift /Users/kevinnadjarian/GitHub/Throttle/build/convergence-recovery-20260920/ThrottleTests/ServiceTests/PlanMCPToolsTests.swift /Users/kevinnadjarian/GitHub/Throttle/build/convergence-recovery-20260920/ThrottleTests/ServiceTests/PlanOrientationTests.swift /Users/kevinnadjarian/GitHub/Throttle/build/convergence-recovery-20260920/ThrottleTests/ServiceTests/PlanProjectionIntegrationEventsTests.swift /Users/kevinnadjarian/GitHub/Throttle/build/convergence-recovery-20260920/ThrottleTests/ServiceTests/PlanProjectionTests.swift /Users/kevinnadjarian/GitHub/Throttle/build/convergence-recovery-20260920/ThrottleTests/ServiceTests/PlanStoreCrashTests.swift /Users/kevinnadjarian/GitHub/Throttle/build/convergence-recovery-20260920/ThrottleTests/ServiceTests/PlanStoreTests.swift /Users/kevinnadjarian/GitHub/Throttle/build/convergence-recovery-20260920/ThrottleTests/ServiceTests/ProductSignalsTests.swift (in target 'ThrottleTests' from project 'Throttle')

SwiftCompile normal arm64 /Users/kevinnadjarian/GitHub/Throttle/build/convergence-recovery-20260920/ThrottleTests/ServiceTests/PlanIntegrationFlowTests.swift (in target 'ThrottleTests' from project 'Throttle')
    cd /Users/kevinnadjarian/GitHub/Throttle/build/convergence-recovery-20260920
    builtin-SwiftPerFileCompile PlanIntegrationFlowTests.swift

SwiftCompile normal arm64 /Users/kevinnadjarian/GitHub/Throttle/build/convergence-recovery-20260920/ThrottleTests/ServiceTests/PlanMCPAuthorityLifecycleTests.swift (in target 'ThrottleTests' from project 'Throttle')
    cd /Users/kevinnadjarian/GitHub/Throttle/build/convergence-recovery-20260920
    builtin-SwiftPerFileCompile PlanMCPAuthorityLifecycleTests.swift

SwiftCompile normal arm64 /Users/kevinnadjarian/GitHub/Throttle/build/convergence-recovery-20260920/ThrottleTests/ServiceTests/PlanMCPAuthorityTests.swift (in target 'ThrottleTests' from project 'Throttle')
    cd /Users/kevinnadjarian/GitHub/Throttle/build/convergence-recovery-20260920
    builtin-SwiftPerFileCompile PlanMCPAuthorityTests.swift

SwiftCompile normal arm64 /Users/kevinnadjarian/GitHub/Throttle/build/convergence-recovery-20260920/ThrottleTests/ServiceTests/PlanMCPIntakeAuthorityTests.swift (in target 'ThrottleTests' from project 'Throttle')
    cd /Users/kevinnadjarian/GitHub/Throttle/build/convergence-recovery-20260920
    builtin-SwiftPerFileCompile PlanMCPIntakeAuthorityTests.swift

SwiftCompile normal arm64 /Users/kevinnadjarian/GitHub/Throttle/build/convergence-recovery-20260920/ThrottleTests/ServiceTests/PlanMCPMissionFenceTests.swift (in target 'ThrottleTests' from project 'Throttle')
    cd /Users/kevinnadjarian/GitHub/Throttle/build/convergence-recovery-20260920
    builtin-SwiftPerFileCompile PlanMCPMissionFenceTests.swift

SwiftCompile normal arm64 /Users/kevinnadjarian/GitHub/Throttle/build/convergence-recovery-20260920/ThrottleTests/ServiceTests/PlanMCPRetryTests.swift (in target 'ThrottleTests' from project 'Throttle')
    cd /Users/kevinnadjarian/GitHub/Throttle/build/convergence-recovery-20260920
    builtin-SwiftPerFileCompile PlanMCPRetryTests.swift

SwiftCompile normal arm64 /Users/kevinnadjarian/GitHub/Throttle/build/convergence-recovery-20260920/ThrottleTests/ServiceTests/PlanMCPSchemaContractTests.swift (in target 'ThrottleTests' from project 'Throttle')
    cd /Users/kevinnadjarian/GitHub/Throttle/build/convergence-recovery-20260920
    builtin-SwiftPerFileCompile PlanMCPSchemaContractTests.swift

SwiftCompile normal arm64 /Users/kevinnadjarian/GitHub/Throttle/build/convergence-recovery-20260920/ThrottleTests/ServiceTests/PlanMCPTaskRouterTests.swift (in target 'ThrottleTests' from project 'Throttle')
    cd /Users/kevinnadjarian/GitHub/Throttle/build/convergence-recovery-20260920
    builtin-SwiftPerFileCompile PlanMCPTaskRouterTests.swift

SwiftCompile normal arm64 /Users/kevinnadjarian/GitHub/Throttle/build/convergence-recovery-20260920/ThrottleTests/ServiceTests/PlanMCPToolsTests.swift (in target 'ThrottleTests' from project 'Throttle')
    cd /Users/kevinnadjarian/GitHub/Throttle/build/convergence-recovery-20260920
    builtin-SwiftPerFileCompile PlanMCPToolsTests.swift

SwiftCompile normal arm64 /Users/kevinnadjarian/GitHub/Throttle/build/convergence-recovery-20260920/ThrottleTests/ServiceTests/PlanOrientationTests.swift (in target 'ThrottleTests' from project 'Throttle')
    cd /Users/kevinnadjarian/GitHub/Throttle/build/convergence-recovery-20260920
    builtin-SwiftPerFileCompile PlanOrientationTests.swift

SwiftCompile normal arm64 /Users/kevinnadjarian/GitHub/Throttle/build/convergence-recovery-20260920/ThrottleTests/ServiceTests/PlanProjectionIntegrationEventsTests.swift (in target 'ThrottleTests' from project 'Throttle')
    cd /Users/kevinnadjarian/GitHub/Throttle/build/convergence-recovery-20260920
    builtin-SwiftPerFileCompile PlanProjectionIntegrationEventsTests.swift

SwiftCompile normal arm64 /Users/kevinnadjarian/GitHub/Throttle/build/convergence-recovery-20260920/ThrottleTests/ServiceTests/PlanProjectionTests.swift (in target 'ThrottleTests' from project 'Throttle')
    cd /Users/kevinnadjarian/GitHub/Throttle/build/convergence-recovery-20260920
    builtin-SwiftPerFileCompile PlanProjectionTests.swift

SwiftCompile normal arm64 /Users/kevinnadjarian/GitHub/Throttle/build/convergence-recovery-20260920/ThrottleTests/ServiceTests/PlanStoreCrashTests.swift (in target 'ThrottleTests' from project 'Throttle')
    cd /Users/kevinnadjarian/GitHub/Throttle/build/convergence-recovery-20260920
    builtin-SwiftPerFileCompile PlanStoreCrashTests.swift

SwiftCompile normal arm64 /Users/kevinnadjarian/GitHub/Throttle/build/convergence-recovery-20260920/ThrottleTests/ServiceTests/PlanStoreTests.swift (in target 'ThrottleTests' from project 'Throttle')
    cd /Users/kevinnadjarian/GitHub/Throttle/build/convergence-recovery-20260920
    builtin-SwiftPerFileCompile PlanStoreTests.swift

SwiftCompile normal arm64 /Users/kevinnadjarian/GitHub/Throttle/build/convergence-recovery-20260920/ThrottleTests/ServiceTests/ProductSignalsTests.swift (in target 'ThrottleTests' from project 'Throttle')
    cd /Users/kevinnadjarian/GitHub/Throttle/build/convergence-recovery-20260920
    builtin-SwiftPerFileCompile ProductSignalsTests.swift

SwiftDriverJobDiscovery normal arm64 Compiling ShadowReplayLedgerTests.swift, StringCatalogFrenchTests.swift, TaskBudgetAdmissionTests.swift, TaskBudgetLifecycleTests.swift, TaskIntegrationHardeningTests.swift, TaskIntegrationOutputTests.swift, TaskIntegrationRefusalTests.swift, TaskIntegrationServiceTests.swift, TaskIntegrationWorkContractTests.swift, TaskLauncherBudgetTests.swift, TaskLauncherTests.swift, TaskSpendTests.swift, TaskVerificationCrashTests.swift, TaskVerificationLifecycleTests.swift, TaskVerificationProcessTests.swift (in target 'ThrottleTests' from project 'Throttle')

SwiftCompile normal arm64 Compiling\ DiagnosticArchiveTests.swift,\ DiagnosticReportTests.swift,\ DispatchAdvisorTests.swift,\ DisplayedNumbersTests.swift,\ EdgeDeployServiceTests.swift,\ EmbeddedModelRuntimeTests.swift,\ ExactModePollPolicyTests.swift,\ ExactSnapshotTests.swift,\ GlobalRAGOnboardingWindowControllerTests.swift,\ GlobalRAGServiceTests.swift,\ HealthCheckServiceTests.swift,\ HumanDecisionRecorderTests.swift,\ LocalDelegationServiceTests.swift,\ LocalWorkerModelSelectionTests.swift,\ MenuBarCountdownTests.swift /Users/kevinnadjarian/GitHub/Throttle/build/convergence-recovery-20260920/ThrottleTests/ServiceTests/DiagnosticArchiveTests.swift /Users/kevinnadjarian/GitHub/Throttle/build/convergence-recovery-20260920/ThrottleTests/ServiceTests/DiagnosticReportTests.swift /Users/kevinnadjarian/GitHub/Throttle/build/convergence-recovery-20260920/ThrottleTests/ServiceTests/DispatchAdvisorTests.swift /Users/kevinnadjarian/GitHub/Throttle/build/convergence-recovery-20260920/ThrottleTests/ServiceTests/DisplayedNumbersTests.swift /Users/kevinnadjarian/GitHub/Throttle/build/convergence-recovery-20260920/ThrottleTests/ServiceTests/EdgeDeployServiceTests.swift /Users/kevinnadjarian/GitHub/Throttle/build/convergence-recovery-20260920/ThrottleTests/ServiceTests/EmbeddedModelRuntimeTests.swift /Users/kevinnadjarian/GitHub/Throttle/build/convergence-recovery-20260920/ThrottleTests/ServiceTests/ExactModePollPolicyTests.swift /Users/kevinnadjarian/GitHub/Throttle/build/convergence-recovery-20260920/ThrottleTests/StateTests/ExactSnapshotTests.swift /Users/kevinnadjarian/GitHub/Throttle/build/convergence-recovery-20260920/ThrottleTests/GlobalRAGOnboardingWindowControllerTests.swift /Users/kevinnadjarian/GitHub/Throttle/build/convergence-recovery-20260920/ThrottleTests/ServiceTests/GlobalRAGServiceTests.swift /Users/kevinnadjarian/GitHub/Throttle/build/convergence-recovery-20260920/ThrottleTests/ServiceTests/HealthCheckServiceTests.swift /Users/kevinnadjarian/GitHub/Throttle/build/convergence-recovery-20260920/ThrottleTests/ServiceTests/HumanDecisionRecorderTests.swift /Users/kevinnadjarian/GitHub/Throttle/build/convergence-recovery-20260920/ThrottleTests/ServiceTests/LocalDelegationServiceTests.swift /Users/kevinnadjarian/GitHub/Throttle/build/convergence-recovery-20260920/ThrottleTests/ServiceTests/LocalWorkerModelSelectionTests.swift /Users/kevinnadjarian/GitHub/Throttle/build/convergence-recovery-20260920/ThrottleTests/StateTests/MenuBarCountdownTests.swift (in target 'ThrottleTests' from project 'Throttle')

SwiftCompile normal arm64 /Users/kevinnadjarian/GitHub/Throttle/build/convergence-recovery-20260920/ThrottleTests/ServiceTests/DiagnosticArchiveTests.swift (in target 'ThrottleTests' from project 'Throttle')
    cd /Users/kevinnadjarian/GitHub/Throttle/build/convergence-recovery-20260920
    builtin-SwiftPerFileCompile DiagnosticArchiveTests.swift

SwiftCompile normal arm64 /Users/kevinnadjarian/GitHub/Throttle/build/convergence-recovery-20260920/ThrottleTests/ServiceTests/DiagnosticReportTests.swift (in target 'ThrottleTests' from project 'Throttle')
    cd /Users/kevinnadjarian/GitHub/Throttle/build/convergence-recovery-20260920
    builtin-SwiftPerFileCompile DiagnosticReportTests.swift

SwiftCompile normal arm64 /Users/kevinnadjarian/GitHub/Throttle/build/convergence-recovery-20260920/ThrottleTests/ServiceTests/DispatchAdvisorTests.swift (in target 'ThrottleTests' from project 'Throttle')
    cd /Users/kevinnadjarian/GitHub/Throttle/build/convergence-recovery-20260920
    builtin-SwiftPerFileCompile DispatchAdvisorTests.swift

SwiftCompile normal arm64 /Users/kevinnadjarian/GitHub/Throttle/build/convergence-recovery-20260920/ThrottleTests/ServiceTests/DisplayedNumbersTests.swift (in target 'ThrottleTests' from project 'Throttle')
    cd /Users/kevinnadjarian/GitHub/Throttle/build/convergence-recovery-20260920
    builtin-SwiftPerFileCompile DisplayedNumbersTests.swift

SwiftCompile normal arm64 /Users/kevinnadjarian/GitHub/Throttle/build/convergence-recovery-20260920/ThrottleTests/ServiceTests/EdgeDeployServiceTests.swift (in target 'ThrottleTests' from project 'Throttle')
    cd /Users/kevinnadjarian/GitHub/Throttle/build/convergence-recovery-20260920
    builtin-SwiftPerFileCompile EdgeDeployServiceTests.swift

SwiftCompile normal arm64 /Users/kevinnadjarian/GitHub/Throttle/build/convergence-recovery-20260920/ThrottleTests/ServiceTests/EmbeddedModelRuntimeTests.swift (in target 'ThrottleTests' from project 'Throttle')
    cd /Users/kevinnadjarian/GitHub/Throttle/build/convergence-recovery-20260920
    builtin-SwiftPerFileCompile EmbeddedModelRuntimeTests.swift

SwiftCompile normal arm64 /Users/kevinnadjarian/GitHub/Throttle/build/convergence-recovery-20260920/ThrottleTests/ServiceTests/ExactModePollPolicyTests.swift (in target 'ThrottleTests' from project 'Throttle')
    cd /Users/kevinnadjarian/GitHub/Throttle/build/convergence-recovery-20260920
    builtin-SwiftPerFileCompile ExactModePollPolicyTests.swift

SwiftCompile normal arm64 /Users/kevinnadjarian/GitHub/Throttle/build/convergence-recovery-20260920/ThrottleTests/StateTests/ExactSnapshotTests.swift (in target 'ThrottleTests' from project 'Throttle')
    cd /Users/kevinnadjarian/GitHub/Throttle/build/convergence-recovery-20260920
    builtin-SwiftPerFileCompile ExactSnapshotTests.swift

SwiftCompile normal arm64 /Users/kevinnadjarian/GitHub/Throttle/build/convergence-recovery-20260920/ThrottleTests/GlobalRAGOnboardingWindowControllerTests.swift (in target 'ThrottleTests' from project 'Throttle')
    cd /Users/kevinnadjarian/GitHub/Throttle/build/convergence-recovery-20260920
    builtin-SwiftPerFileCompile GlobalRAGOnboardingWindowControllerTests.swift

SwiftCompile normal arm64 /Users/kevinnadjarian/GitHub/Throttle/build/convergence-recovery-20260920/ThrottleTests/ServiceTests/GlobalRAGServiceTests.swift (in target 'ThrottleTests' from project 'Throttle')
    cd /Users/kevinnadjarian/GitHub/Throttle/build/convergence-recovery-20260920
    builtin-SwiftPerFileCompile GlobalRAGServiceTests.swift

SwiftCompile normal arm64 /Users/kevinnadjarian/GitHub/Throttle/build/convergence-recovery-20260920/ThrottleTests/ServiceTests/HealthCheckServiceTests.swift (in target 'ThrottleTests' from project 'Throttle')
    cd /Users/kevinnadjarian/GitHub/Throttle/build/convergence-recovery-20260920
    builtin-SwiftPerFileCompile HealthCheckServiceTests.swift

SwiftCompile normal arm64 /Users/kevinnadjarian/GitHub/Throttle/build/convergence-recovery-20260920/ThrottleTests/ServiceTests/HumanDecisionRecorderTests.swift (in target 'ThrottleTests' from project 'Throttle')
    cd /Users/kevinnadjarian/GitHub/Throttle/build/convergence-recovery-20260920
    builtin-SwiftPerFileCompile HumanDecisionRecorderTests.swift

SwiftCompile normal arm64 /Users/kevinnadjarian/GitHub/Throttle/build/convergence-recovery-20260920/ThrottleTests/ServiceTests/LocalDelegationServiceTests.swift (in target 'ThrottleTests' from project 'Throttle')
    cd /Users/kevinnadjarian/GitHub/Throttle/build/convergence-recovery-20260920
    builtin-SwiftPerFileCompile LocalDelegationServiceTests.swift

SwiftCompile normal arm64 /Users/kevinnadjarian/GitHub/Throttle/build/convergence-recovery-20260920/ThrottleTests/ServiceTests/LocalWorkerModelSelectionTests.swift (in target 'ThrottleTests' from project 'Throttle')
    cd /Users/kevinnadjarian/GitHub/Throttle/build/convergence-recovery-20260920
    builtin-SwiftPerFileCompile LocalWorkerModelSelectionTests.swift

SwiftCompile normal arm64 /Users/kevinnadjarian/GitHub/Throttle/build/convergence-recovery-20260920/ThrottleTests/StateTests/MenuBarCountdownTests.swift (in target 'ThrottleTests' from project 'Throttle')
    cd /Users/kevinnadjarian/GitHub/Throttle/build/convergence-recovery-20260920
    builtin-SwiftPerFileCompile MenuBarCountdownTests.swift

SwiftDriverJobDiscovery normal arm64 Compiling RepoIndexerTests.swift, ResearchVaultFolderSourceStoreTests.swift, ResearchVaultNotebookSyncTests.swift, ResearchVaultSpaceStoreTests.swift, ResearchVaultURLIntakeTests.swift, ResearchVaultWorkbenchProjectionTests.swift, ReviewedPasteServiceTests.swift, RouterAdvisorCacheTests.swift, SemanticAutoIndexerTests.swift, SemanticIndexTests.swift, SessionFileParserTests.swift, SessionProjectResolverTests.swift, SessionReentryDigestTests.swift, SessionResourceEnvelopeTests.swift, SessionStateDotTests.swift (in target 'ThrottleTests' from project 'Throttle')

SwiftCompile normal arm64 Compiling\ TaskWorktreeServiceTests.swift,\ TestOutcomeDetectorTests.swift,\ TestOutcomeStoreTests.swift,\ ThrottleWaitingSnapshotTests.swift,\ TokenEstimateTests.swift,\ TokoptBenchmarkTests.swift,\ TokoptHookTests.swift,\ TranscriptMemoryInstallerTests.swift,\ TraycerDecoderTests.swift,\ TraycerStoreTests.swift,\ UsageExtractorTests.swift,\ VectorStoreTests.swift,\ VerifyConsentTests.swift,\ WarningDetectorTests.swift,\ WindowCalculatorTests.swift /Users/kevinnadjarian/GitHub/Throttle/build/convergence-recovery-20260920/ThrottleTests/ServiceTests/TaskWorktreeServiceTests.swift /Users/kevinnadjarian/GitHub/Throttle/build/convergence-recovery-20260920/ThrottleTests/ServiceTests/TestOutcomeDetectorTests.swift /Users/kevinnadjarian/GitHub/Throttle/build/convergence-recovery-20260920/ThrottleTests/ServiceTests/TestOutcomeStoreTests.swift /Users/kevinnadjarian/GitHub/Throttle/build/convergence-recovery-20260920/ThrottleTests/ServiceTests/ThrottleWaitingSnapshotTests.swift /Users/kevinnadjarian/GitHub/Throttle/build/convergence-recovery-20260920/ThrottleTests/ServiceTests/TokenEstimateTests.swift /Users/kevinnadjarian/GitHub/Throttle/build/convergence-recovery-20260920/ThrottleTests/ServiceTests/TokoptBenchmarkTests.swift /Users/kevinnadjarian/GitHub/Throttle/build/convergence-recovery-20260920/ThrottleTests/ServiceTests/TokoptHookTests.swift /Users/kevinnadjarian/GitHub/Throttle/build/convergence-recovery-20260920/ThrottleTests/ServiceTests/TranscriptMemoryInstallerTests.swift /Users/kevinnadjarian/GitHub/Throttle/build/convergence-recovery-20260920/ThrottleTests/ServiceTests/TraycerDecoderTests.swift /Users/kevinnadjarian/GitHub/Throttle/build/convergence-recovery-20260920/ThrottleTests/ServiceTests/TraycerStoreTests.swift /Users/kevinnadjarian/GitHub/Throttle/build/convergence-recovery-20260920/ThrottleTests/ParserTests/UsageExtractorTests.swift /Users/kevinnadjarian/GitHub/Throttle/build/convergence-recovery-20260920/ThrottleTests/ServiceTests/VectorStoreTests.swift /Users/kevinnadjarian/GitHub/Throttle/build/convergence-recovery-20260920/ThrottleTests/ServiceTests/VerifyConsentTests.swift /Users/kevinnadjarian/GitHub/Throttle/build/convergence-recovery-20260920/ThrottleTests/ParserTests/WarningDetectorTests.swift /Users/kevinnadjarian/GitHub/Throttle/build/convergence-recovery-20260920/ThrottleTests/CalibrationTests/WindowCalculatorTests.swift (in target 'ThrottleTests' from project 'Throttle')

SwiftCompile normal arm64 /Users/kevinnadjarian/GitHub/Throttle/build/convergence-recovery-20260920/ThrottleTests/ServiceTests/TaskWorktreeServiceTests.swift (in target 'ThrottleTests' from project 'Throttle')
    cd /Users/kevinnadjarian/GitHub/Throttle/build/convergence-recovery-20260920
    builtin-SwiftPerFileCompile TaskWorktreeServiceTests.swift

SwiftCompile normal arm64 /Users/kevinnadjarian/GitHub/Throttle/build/convergence-recovery-20260920/ThrottleTests/ServiceTests/TestOutcomeDetectorTests.swift (in target 'ThrottleTests' from project 'Throttle')
    cd /Users/kevinnadjarian/GitHub/Throttle/build/convergence-recovery-20260920
    builtin-SwiftPerFileCompile TestOutcomeDetectorTests.swift

SwiftCompile normal arm64 /Users/kevinnadjarian/GitHub/Throttle/build/convergence-recovery-20260920/ThrottleTests/ServiceTests/TestOutcomeStoreTests.swift (in target 'ThrottleTests' from project 'Throttle')
    cd /Users/kevinnadjarian/GitHub/Throttle/build/convergence-recovery-20260920
    builtin-SwiftPerFileCompile TestOutcomeStoreTests.swift

SwiftCompile normal arm64 /Users/kevinnadjarian/GitHub/Throttle/build/convergence-recovery-20260920/ThrottleTests/ServiceTests/ThrottleWaitingSnapshotTests.swift (in target 'ThrottleTests' from project 'Throttle')
    cd /Users/kevinnadjarian/GitHub/Throttle/build/convergence-recovery-20260920
    builtin-SwiftPerFileCompile ThrottleWaitingSnapshotTests.swift

SwiftCompile normal arm64 /Users/kevinnadjarian/GitHub/Throttle/build/convergence-recovery-20260920/ThrottleTests/ServiceTests/TokenEstimateTests.swift (in target 'ThrottleTests' from project 'Throttle')
    cd /Users/kevinnadjarian/GitHub/Throttle/build/convergence-recovery-20260920
    builtin-SwiftPerFileCompile TokenEstimateTests.swift

SwiftCompile normal arm64 /Users/kevinnadjarian/GitHub/Throttle/build/convergence-recovery-20260920/ThrottleTests/ServiceTests/TokoptBenchmarkTests.swift (in target 'ThrottleTests' from project 'Throttle')
    cd /Users/kevinnadjarian/GitHub/Throttle/build/convergence-recovery-20260920
    builtin-SwiftPerFileCompile TokoptBenchmarkTests.swift

SwiftCompile normal arm64 /Users/kevinnadjarian/GitHub/Throttle/build/convergence-recovery-20260920/ThrottleTests/ServiceTests/TokoptHookTests.swift (in target 'ThrottleTests' from project 'Throttle')
    cd /Users/kevinnadjarian/GitHub/Throttle/build/convergence-recovery-20260920
    builtin-SwiftPerFileCompile TokoptHookTests.swift

SwiftCompile normal arm64 /Users/kevinnadjarian/GitHub/Throttle/build/convergence-recovery-20260920/ThrottleTests/ServiceTests/TranscriptMemoryInstallerTests.swift (in target 'ThrottleTests' from project 'Throttle')
    cd /Users/kevinnadjarian/GitHub/Throttle/build/convergence-recovery-20260920
    builtin-SwiftPerFileCompile TranscriptMemoryInstallerTests.swift

SwiftCompile normal arm64 /Users/kevinnadjarian/GitHub/Throttle/build/convergence-recovery-20260920/ThrottleTests/ServiceTests/TraycerDecoderTests.swift (in target 'ThrottleTests' from project 'Throttle')
    cd /Users/kevinnadjarian/GitHub/Throttle/build/convergence-recovery-20260920
    builtin-SwiftPerFileCompile TraycerDecoderTests.swift

SwiftCompile normal arm64 /Users/kevinnadjarian/GitHub/Throttle/build/convergence-recovery-20260920/ThrottleTests/ServiceTests/TraycerStoreTests.swift (in target 'ThrottleTests' from project 'Throttle')
    cd /Users/kevinnadjarian/GitHub/Throttle/build/convergence-recovery-20260920
    builtin-SwiftPerFileCompile TraycerStoreTests.swift

SwiftCompile normal arm64 /Users/kevinnadjarian/GitHub/Throttle/build/convergence-recovery-20260920/ThrottleTests/ParserTests/UsageExtractorTests.swift (in target 'ThrottleTests' from project 'Throttle')
    cd /Users/kevinnadjarian/GitHub/Throttle/build/convergence-recovery-20260920
    builtin-SwiftPerFileCompile UsageExtractorTests.swift

SwiftCompile normal arm64 /Users/kevinnadjarian/GitHub/Throttle/build/convergence-recovery-20260920/ThrottleTests/ServiceTests/VectorStoreTests.swift (in target 'ThrottleTests' from project 'Throttle')
    cd /Users/kevinnadjarian/GitHub/Throttle/build/convergence-recovery-20260920
    builtin-SwiftPerFileCompile VectorStoreTests.swift

SwiftCompile normal arm64 /Users/kevinnadjarian/GitHub/Throttle/build/convergence-recovery-20260920/ThrottleTests/ServiceTests/VerifyConsentTests.swift (in target 'ThrottleTests' from project 'Throttle')
    cd /Users/kevinnadjarian/GitHub/Throttle/build/convergence-recovery-20260920
    builtin-SwiftPerFileCompile VerifyConsentTests.swift

SwiftCompile normal arm64 /Users/kevinnadjarian/GitHub/Throttle/build/convergence-recovery-20260920/ThrottleTests/ParserTests/WarningDetectorTests.swift (in target 'ThrottleTests' from project 'Throttle')
    cd /Users/kevinnadjarian/GitHub/Throttle/build/convergence-recovery-20260920
    builtin-SwiftPerFileCompile WarningDetectorTests.swift

SwiftCompile normal arm64 /Users/kevinnadjarian/GitHub/Throttle/build/convergence-recovery-20260920/ThrottleTests/CalibrationTests/WindowCalculatorTests.swift (in target 'ThrottleTests' from project 'Throttle')
    cd /Users/kevinnadjarian/GitHub/Throttle/build/convergence-recovery-20260920
    builtin-SwiftPerFileCompile WindowCalculatorTests.swift

SwiftDriverJobDiscovery normal arm64 Compiling PlanIntegrationFlowTests.swift, PlanMCPAuthorityLifecycleTests.swift, PlanMCPAuthorityTests.swift, PlanMCPIntakeAuthorityTests.swift, PlanMCPMissionFenceTests.swift, PlanMCPRetryTests.swift, PlanMCPSchemaContractTests.swift, PlanMCPTaskRouterTests.swift, PlanMCPToolsTests.swift, PlanOrientationTests.swift, PlanProjectionIntegrationEventsTests.swift, PlanProjectionTests.swift, PlanStoreCrashTests.swift, PlanStoreTests.swift, ProductSignalsTests.swift (in target 'ThrottleTests' from project 'Throttle')

SwiftCompile normal arm64 Compiling\ WorkflowContractIntegrationTests.swift,\ WorkflowDependencyEvaluatorTests.swift,\ WorkflowDesignContractTests.swift,\ WorkflowEvidenceReceiptTests.swift,\ WorkflowFoundationTests.swift,\ WorkflowIPEvaluatorTests.swift,\ WorkflowParityAuditorTests.swift,\ WorkflowRecipeTests.swift,\ WorkflowReleaseGateTests.swift,\ WorkflowReleaseLedgerStoreTests.swift,\ WorkflowResultImporterTests.swift,\ WorkflowReviewGateTests.swift,\ WorkflowReviewMCPTests.swift,\ WorkflowTechnologyReuseTests.swift,\ WorkflowWorkContractTests.swift /Users/kevinnadjarian/GitHub/Throttle/build/convergence-recovery-20260920/ThrottleTests/ServiceTests/WorkflowContractIntegrationTests.swift /Users/kevinnadjarian/GitHub/Throttle/build/convergence-recovery-20260920/ThrottleTests/ServiceTests/WorkflowDependencyEvaluatorTests.swift /Users/kevinnadjarian/GitHub/Throttle/build/convergence-recovery-20260920/ThrottleTests/ServiceTests/WorkflowDesignContractTests.swift /Users/kevinnadjarian/GitHub/Throttle/build/convergence-recovery-20260920/ThrottleTests/ServiceTests/WorkflowEvidenceReceiptTests.swift /Users/kevinnadjarian/GitHub/Throttle/build/convergence-recovery-20260920/ThrottleTests/ServiceTests/WorkflowFoundationTests.swift /Users/kevinnadjarian/GitHub/Throttle/build/convergence-recovery-20260920/ThrottleTests/ServiceTests/WorkflowIPEvaluatorTests.swift /Users/kevinnadjarian/GitHub/Throttle/build/convergence-recovery-20260920/ThrottleTests/ServiceTests/WorkflowParityAuditorTests.swift /Users/kevinnadjarian/GitHub/Throttle/build/convergence-recovery-20260920/ThrottleTests/ServiceTests/WorkflowRecipeTests.swift /Users/kevinnadjarian/GitHub/Throttle/build/convergence-recovery-20260920/ThrottleTests/ServiceTests/WorkflowReleaseGateTests.swift /Users/kevinnadjarian/GitHub/Throttle/build/convergence-recovery-20260920/ThrottleTests/ServiceTests/WorkflowReleaseLedgerStoreTests.swift /Users/kevinnadjarian/GitHub/Throttle/build/convergence-recovery-20260920/ThrottleTests/ServiceTests/WorkflowResultImporterTests.swift /Users/kevinnadjarian/GitHub/Throttle/build/convergence-recovery-20260920/ThrottleTests/ServiceTests/WorkflowReviewGateTests.swift /Users/kevinnadjarian/GitHub/Throttle/build/convergence-recovery-20260920/ThrottleTests/ServiceTests/WorkflowReviewMCPTests.swift /Users/kevinnadjarian/GitHub/Throttle/build/convergence-recovery-20260920/ThrottleTests/ServiceTests/WorkflowTechnologyReuseTests.swift /Users/kevinnadjarian/GitHub/Throttle/build/convergence-recovery-20260920/ThrottleTests/ServiceTests/WorkflowWorkContractTests.swift (in target 'ThrottleTests' from project 'Throttle')

SwiftCompile normal arm64 /Users/kevinnadjarian/GitHub/Throttle/build/convergence-recovery-20260920/ThrottleTests/ServiceTests/WorkflowContractIntegrationTests.swift (in target 'ThrottleTests' from project 'Throttle')
    cd /Users/kevinnadjarian/GitHub/Throttle/build/convergence-recovery-20260920
    builtin-SwiftPerFileCompile WorkflowContractIntegrationTests.swift

SwiftCompile normal arm64 /Users/kevinnadjarian/GitHub/Throttle/build/convergence-recovery-20260920/ThrottleTests/ServiceTests/WorkflowDependencyEvaluatorTests.swift (in target 'ThrottleTests' from project 'Throttle')
    cd /Users/kevinnadjarian/GitHub/Throttle/build/convergence-recovery-20260920
    builtin-SwiftPerFileCompile WorkflowDependencyEvaluatorTests.swift

SwiftCompile normal arm64 /Users/kevinnadjarian/GitHub/Throttle/build/convergence-recovery-20260920/ThrottleTests/ServiceTests/WorkflowDesignContractTests.swift (in target 'ThrottleTests' from project 'Throttle')
    cd /Users/kevinnadjarian/GitHub/Throttle/build/convergence-recovery-20260920
    builtin-SwiftPerFileCompile WorkflowDesignContractTests.swift

SwiftCompile normal arm64 /Users/kevinnadjarian/GitHub/Throttle/build/convergence-recovery-20260920/ThrottleTests/ServiceTests/WorkflowEvidenceReceiptTests.swift (in target 'ThrottleTests' from project 'Throttle')
    cd /Users/kevinnadjarian/GitHub/Throttle/build/convergence-recovery-20260920
    builtin-SwiftPerFileCompile WorkflowEvidenceReceiptTests.swift

SwiftCompile normal arm64 /Users/kevinnadjarian/GitHub/Throttle/build/convergence-recovery-20260920/ThrottleTests/ServiceTests/WorkflowFoundationTests.swift (in target 'ThrottleTests' from project 'Throttle')
    cd /Users/kevinnadjarian/GitHub/Throttle/build/convergence-recovery-20260920
    builtin-SwiftPerFileCompile WorkflowFoundationTests.swift

SwiftCompile normal arm64 /Users/kevinnadjarian/GitHub/Throttle/build/convergence-recovery-20260920/ThrottleTests/ServiceTests/WorkflowIPEvaluatorTests.swift (in target 'ThrottleTests' from project 'Throttle')
    cd /Users/kevinnadjarian/GitHub/Throttle/build/convergence-recovery-20260920
    builtin-SwiftPerFileCompile WorkflowIPEvaluatorTests.swift

SwiftCompile normal arm64 /Users/kevinnadjarian/GitHub/Throttle/build/convergence-recovery-20260920/ThrottleTests/ServiceTests/WorkflowParityAuditorTests.swift (in target 'ThrottleTests' from project 'Throttle')
    cd /Users/kevinnadjarian/GitHub/Throttle/build/convergence-recovery-20260920
    builtin-SwiftPerFileCompile WorkflowParityAuditorTests.swift

SwiftCompile normal arm64 /Users/kevinnadjarian/GitHub/Throttle/build/convergence-recovery-20260920/ThrottleTests/ServiceTests/WorkflowRecipeTests.swift (in target 'ThrottleTests' from project 'Throttle')
    cd /Users/kevinnadjarian/GitHub/Throttle/build/convergence-recovery-20260920
    builtin-SwiftPerFileCompile WorkflowRecipeTests.swift

SwiftCompile normal arm64 /Users/kevinnadjarian/GitHub/Throttle/build/convergence-recovery-20260920/ThrottleTests/ServiceTests/WorkflowReleaseGateTests.swift (in target 'ThrottleTests' from project 'Throttle')
    cd /Users/kevinnadjarian/GitHub/Throttle/build/convergence-recovery-20260920
    builtin-SwiftPerFileCompile WorkflowReleaseGateTests.swift

SwiftCompile normal arm64 /Users/kevinnadjarian/GitHub/Throttle/build/convergence-recovery-20260920/ThrottleTests/ServiceTests/WorkflowReleaseLedgerStoreTests.swift (in target 'ThrottleTests' from project 'Throttle')
    cd /Users/kevinnadjarian/GitHub/Throttle/build/convergence-recovery-20260920
    builtin-SwiftPerFileCompile WorkflowReleaseLedgerStoreTests.swift

SwiftCompile normal arm64 /Users/kevinnadjarian/GitHub/Throttle/build/convergence-recovery-20260920/ThrottleTests/ServiceTests/WorkflowResultImporterTests.swift (in target 'ThrottleTests' from project 'Throttle')
    cd /Users/kevinnadjarian/GitHub/Throttle/build/convergence-recovery-20260920
    builtin-SwiftPerFileCompile WorkflowResultImporterTests.swift

SwiftCompile normal arm64 /Users/kevinnadjarian/GitHub/Throttle/build/convergence-recovery-20260920/ThrottleTests/ServiceTests/WorkflowReviewGateTests.swift (in target 'ThrottleTests' from project 'Throttle')
    cd /Users/kevinnadjarian/GitHub/Throttle/build/convergence-recovery-20260920
    builtin-SwiftPerFileCompile WorkflowReviewGateTests.swift

SwiftCompile normal arm64 /Users/kevinnadjarian/GitHub/Throttle/build/convergence-recovery-20260920/ThrottleTests/ServiceTests/WorkflowReviewMCPTests.swift (in target 'ThrottleTests' from project 'Throttle')
    cd /Users/kevinnadjarian/GitHub/Throttle/build/convergence-recovery-20260920
    builtin-SwiftPerFileCompile WorkflowReviewMCPTests.swift

SwiftCompile normal arm64 /Users/kevinnadjarian/GitHub/Throttle/build/convergence-recovery-20260920/ThrottleTests/ServiceTests/WorkflowTechnologyReuseTests.swift (in target 'ThrottleTests' from project 'Throttle')
    cd /Users/kevinnadjarian/GitHub/Throttle/build/convergence-recovery-20260920
    builtin-SwiftPerFileCompile WorkflowTechnologyReuseTests.swift

SwiftCompile normal arm64 /Users/kevinnadjarian/GitHub/Throttle/build/convergence-recovery-20260920/ThrottleTests/ServiceTests/WorkflowWorkContractTests.swift (in target 'ThrottleTests' from project 'Throttle')
    cd /Users/kevinnadjarian/GitHub/Throttle/build/convergence-recovery-20260920
    builtin-SwiftPerFileCompile WorkflowWorkContractTests.swift

SwiftDriverJobDiscovery normal arm64 Compiling DiagnosticArchiveTests.swift, DiagnosticReportTests.swift, DispatchAdvisorTests.swift, DisplayedNumbersTests.swift, EdgeDeployServiceTests.swift, EmbeddedModelRuntimeTests.swift, ExactModePollPolicyTests.swift, ExactSnapshotTests.swift, GlobalRAGOnboardingWindowControllerTests.swift, GlobalRAGServiceTests.swift, HealthCheckServiceTests.swift, HumanDecisionRecorderTests.swift, LocalDelegationServiceTests.swift, LocalWorkerModelSelectionTests.swift, MenuBarCountdownTests.swift (in target 'ThrottleTests' from project 'Throttle')

SwiftDriverJobDiscovery normal arm64 Compiling TaskWorktreeServiceTests.swift, TestOutcomeDetectorTests.swift, TestOutcomeStoreTests.swift, ThrottleWaitingSnapshotTests.swift, TokenEstimateTests.swift, TokoptBenchmarkTests.swift, TokoptHookTests.swift, TranscriptMemoryInstallerTests.swift, TraycerDecoderTests.swift, TraycerStoreTests.swift, UsageExtractorTests.swift, VectorStoreTests.swift, VerifyConsentTests.swift, WarningDetectorTests.swift, WindowCalculatorTests.swift (in target 'ThrottleTests' from project 'Throttle')

SwiftDriver\ Compilation Throttle normal arm64 com.apple.xcode.tools.swift.compiler (in target 'Throttle' from project 'Throttle')
    cd /Users/kevinnadjarian/GitHub/Throttle/build/convergence-recovery-20260920
    builtin-Swift-Compilation -- /Applications/Xcode.app/Contents/Developer/Toolchains/XcodeDefault.xctoolchain/usr/bin/swiftc -module-name Throttle -Onone @/Volumes/DeveloperStorage/BuildScratch/throttle-convergence-20260920/DerivedData/Build/Intermediates.noindex/Throttle.build/Debug/Throttle.build/Objects-normal/arm64/Throttle.SwiftFileList -DDEBUG -Xcc -fmodule-map-file\=/Volumes/DeveloperStorage/BuildScratch/throttle-convergence-20260920/SourcePackages/checkouts/GRDB.swift/Sources/CSQLite/module.modulemap -Xcc -fmodule-map-file\=/Volumes/DeveloperStorage/BuildScratch/throttle-convergence-20260920/SourcePackages/checkouts/swift-numerics/Sources/_NumericsShims/include/module.modulemap -Xcc -fmodule-map-file\=/Volumes/DeveloperStorage/BuildScratch/throttle-convergence-20260920/SourcePackages/checkouts/mlx-swift/Source/Cmlx/include/module.modulemap -Xcc -fmodule-map-file\=/Volumes/DeveloperStorage/BuildScratch/throttle-convergence-20260920/SourcePackages/checkouts/swift-atomics/Sources/_AtomicsShims/include/module.modulemap -Xcc -fmodule-map-file\=/Volumes/DeveloperStorage/BuildScratch/throttle-convergence-20260920/DerivedData/Build/Intermediates.noindex/GeneratedModuleMaps/CNIOWASI.modulemap -Xcc -fmodule-map-file\=/Volumes/DeveloperStorage/BuildScratch/throttle-convergence-20260920/SourcePackages/checkouts/swift-nio/Sources/CNIOWindows/include/module.modulemap -Xcc -fmodule-map-file\=/Volumes/DeveloperStorage/BuildScratch/throttle-convergence-20260920/DerivedData/Build/Intermediates.noindex/GeneratedModuleMaps/CNIOLinux.modulemap -Xcc -fmodule-map-file\=/Volumes/DeveloperStorage/BuildScratch/throttle-convergence-20260920/DerivedData/Build/Intermediates.noindex/GeneratedModuleMaps/CNIODarwin.modulemap -Xcc -fmodule-map-file\=/Volumes/DeveloperStorage/BuildScratch/throttle-convergence-20260920/DerivedData/Build/Intermediates.noindex/GeneratedModuleMaps/CNIOFreeBSD.modulemap -Xcc -fmodule-map-file\=/Volumes/DeveloperStorage/BuildScratch/throttle-convergence-20260920/DerivedData/Build/Intermediates.noindex/GeneratedModuleMaps/CNIOOpenBSD.modulemap -Xcc -fmodule-map-file\=/Volumes/DeveloperStorage/BuildScratch/throttle-convergence-20260920/DerivedData/Build/Intermediates.noindex/GeneratedModuleMaps/CNIOAtomics.modulemap -Xcc -fmodule-map-file\=/Volumes/DeveloperStorage/BuildScratch/throttle-convergence-20260920/DerivedData/Build/Intermediates.noindex/GeneratedModuleMaps/yyjson.modulemap -enable-experimental-feature DebugDescriptionMacro -sdk /Applications/Xcode.app/Contents/Developer/Platforms/MacOSX.platform/Developer/SDKs/MacOSX27.0.sdk -target arm64-apple-macos14.0 -g -module-cache-path /Volumes/DeveloperStorage/BuildScratch/throttle-convergence-20260920/DerivedData/ModuleCache.noindex -Xfrontend -serialize-debugging-options -profile-coverage-mapping -profile-generate -enable-testing -warnings-as-errors -index-store-path /Volumes/DeveloperStorage/BuildScratch/throttle-convergence-20260920/DerivedData/Index.noindex/DataStore -Xcc -D_LIBCPP_HARDENING_MODE\=_LIBCPP_HARDENING_MODE_DEBUG -swift-version 6 -I /Volumes/DeveloperStorage/BuildScratch/throttle-convergence-20260920/DerivedData/Build/Products/Debug -F /Volumes/DeveloperStorage/BuildScratch/throttle-convergence-20260920/DerivedData/Build/Products/Debug/PackageFrameworks -F /Volumes/DeveloperStorage/BuildScratch/throttle-convergence-20260920/DerivedData/Build/Products/Debug -Xfrontend -load-plugin-executable -Xfrontend /Volumes/DeveloperStorage/BuildScratch/throttle-convergence-20260920/DerivedData/Build/Products/Debug/MLXHuggingFaceMacros\#MLXHuggingFaceMacros -c -j10 -enable-batch-mode -incremental -Xcc -ivfsstatcache -Xcc /Volumes/DeveloperStorage/BuildScratch/throttle-convergence-20260920/DerivedData/SDKStatCaches.noindex/macosx27.0-26A425-e829b21a6f8c9b70876ba0858053c0447231f6df4def33e022ae2eb8f782df1a.sdkstatcache -output-file-map /Volumes/DeveloperStorage/BuildScratch/throttle-convergence-20260920/DerivedData/Build/Intermediates.noindex/Throttle.build/Debug/Throttle.build/Objects-normal/arm64/Throttle-OutputFileMap.json -save-temps -no-color-diagnostics -explicit-module-build -module-cache-path /Volumes/DeveloperStorage/BuildScratch/throttle-convergence-20260920/DerivedData/Build/Intermediates.noindex/SwiftExplicitPrecompiledModules -clang-scanner-module-cache-path /Volumes/DeveloperStorage/BuildScratch/throttle-convergence-20260920/DerivedData/ModuleCache.noindex -sdk-module-cache-path /Volumes/DeveloperStorage/BuildScratch/throttle-convergence-20260920/DerivedData/SDKExplicitPrecompiledModules -emit-dependencies -emit-module -emit-module-path /Volumes/DeveloperStorage/BuildScratch/throttle-convergence-20260920/DerivedData/Build/Intermediates.noindex/Throttle.build/Debug/Throttle.build/Objects-normal/arm64/Throttle.swiftmodule -serialize-diagnostics -dependency-scan-serialize-diagnostics-path /Volumes/DeveloperStorage/BuildScratch/throttle-convergence-20260920/DerivedData/Build/Intermediates.noindex/Throttle.build/Debug/Throttle.build/Objects-normal/arm64/Throttle-dependency-scan.dia -validate-clang-modules-once -clang-build-session-file /Volumes/DeveloperStorage/BuildScratch/throttle-convergence-20260920/DerivedData/ModuleCache.noindex/Session.modulevalidation -Xcc -fmodules-prune-interval\=86400 -Xcc -fmodules-prune-after\=345600 -emit-const-values -const-gather-protocols-list /Volumes/DeveloperStorage/BuildScratch/throttle-convergence-20260920/DerivedData/Build/Intermediates.noindex/Throttle.build/Debug/Throttle.build/Objects-normal/arm64/Throttle_const_extract_protocols.json -Xcc -iquote -Xcc /Volumes/DeveloperStorage/BuildScratch/throttle-convergence-20260920/DerivedData/Build/Intermediates.noindex/Throttle.build/Debug/Throttle.build/Throttle-generated-files.hmap -Xcc -I/Volumes/DeveloperStorage/BuildScratch/throttle-convergence-20260920/DerivedData/Build/Intermediates.noindex/Throttle.build/Debug/Throttle.build/Throttle-own-target-headers.hmap -Xcc -I/Volumes/DeveloperStorage/BuildScratch/throttle-convergence-20260920/DerivedData/Build/Intermediates.noindex/Throttle.build/Debug/Throttle.build/Throttle-all-non-framework-target-headers.hmap -Xcc -ivfsoverlay -Xcc /Volumes/DeveloperStorage/BuildScratch/throttle-convergence-20260920/DerivedData/Build/Intermediates.noindex/Throttle.build/Debug/Throttle-c41c58a016fc9f4310c5f27451fa5182-VFS/all-product-headers.yaml -Xcc -iquote -Xcc /Volumes/DeveloperStorage/BuildScratch/throttle-convergence-20260920/DerivedData/Build/Intermediates.noindex/Throttle.build/Debug/Throttle.build/Throttle-project-headers.hmap -Xcc -I/Volumes/DeveloperStorage/BuildScratch/throttle-convergence-20260920/SourcePackages/checkouts/swift-numerics/Sources/_NumericsShims/include -Xcc -I/Volumes/DeveloperStorage/BuildScratch/throttle-convergence-20260920/SourcePackages/checkouts/mlx-swift/Source/Cmlx/include -Xcc -I/Volumes/DeveloperStorage/BuildScratch/throttle-convergence-20260920/SourcePackages/checkouts/swift-atomics/Sources/_AtomicsShims/include -Xcc -I/Volumes/DeveloperStorage/BuildScratch/throttle-convergence-20260920/SourcePackages/checkouts/swift-nio/Sources/CNIOWASI/include -Xcc -I/Volumes/DeveloperStorage/BuildScratch/throttle-convergence-20260920/SourcePackages/checkouts/swift-nio/Sources/CNIOWindows/include -Xcc -I/Volumes/DeveloperStorage/BuildScratch/throttle-convergence-20260920/SourcePackages/checkouts/swift-nio/Sources/CNIOLinux/include -Xcc -I/Volumes/DeveloperStorage/BuildScratch/throttle-convergence-20260920/SourcePackages/checkouts/swift-nio/Sources/CNIODarwin/include -Xcc -I/Volumes/DeveloperStorage/BuildScratch/throttle-convergence-20260920/SourcePackages/checkouts/swift-nio/Sources/CNIOFreeBSD/include -Xcc -I/Volumes/DeveloperStorage/BuildScratch/throttle-convergence-20260920/SourcePackages/checkouts/swift-nio/Sources/CNIOOpenBSD/include -Xcc -I/Volumes/DeveloperStorage/BuildScratch/throttle-convergence-20260920/SourcePackages/checkouts/swift-nio/Sources/CNIOAtomics/include -Xcc -I/Volumes/DeveloperStorage/BuildScratch/throttle-convergence-20260920/SourcePackages/checkouts/yyjson/src -Xcc -I/Volumes/DeveloperStorage/BuildScratch/throttle-convergence-20260920/DerivedData/Build/Products/Debug/include -Xcc -I/Volumes/DeveloperStorage/BuildScratch/throttle-convergence-20260920/DerivedData/Build/Intermediates.noindex/Throttle.build/Debug/Throttle.build/DerivedSources-normal/arm64 -Xcc -I/Volumes/DeveloperStorage/BuildScratch/throttle-convergence-20260920/DerivedData/Build/Intermediates.noindex/Throttle.build/Debug/Throttle.build/DerivedSources/arm64 -Xcc -I/Volumes/DeveloperStorage/BuildScratch/throttle-convergence-20260920/DerivedData/Build/Intermediates.noindex/Throttle.build/Debug/Throttle.build/DerivedSources -Xcc -DDEBUG\=1 -emit-objc-header -emit-objc-header-path /Volumes/DeveloperStorage/BuildScratch/throttle-convergence-20260920/DerivedData/Build/Intermediates.noindex/Throttle.build/Debug/Throttle.build/Objects-normal/arm64/Throttle-Swift.h -working-directory /Users/kevinnadjarian/GitHub/Throttle/build/convergence-recovery-20260920 -experimental-emit-module-separately -disable-cmo

Ld /Volumes/DeveloperStorage/BuildScratch/throttle-convergence-20260920/DerivedData/Build/Products/Debug/Throttle.app/Contents/MacOS/Throttle.debug.dylib normal (in target 'Throttle' from project 'Throttle')
    cd /Users/kevinnadjarian/GitHub/Throttle/build/convergence-recovery-20260920
    /Applications/Xcode.app/Contents/Developer/Toolchains/XcodeDefault.xctoolchain/usr/bin/clang -Xlinker -reproducible -target arm64-apple-macos14.0 -dynamiclib -isysroot /Applications/Xcode.app/Contents/Developer/Platforms/MacOSX.platform/Developer/SDKs/MacOSX27.0.sdk -O0 -Xlinker -no_warn_duplicate_libraries -L/Volumes/DeveloperStorage/BuildScratch/throttle-convergence-20260920/DerivedData/Build/Intermediates.noindex/EagerLinkingTBDs/Debug -L/Volumes/DeveloperStorage/BuildScratch/throttle-convergence-20260920/DerivedData/Build/Products/Debug -F/Volumes/DeveloperStorage/BuildScratch/throttle-convergence-20260920/DerivedData/Build/Intermediates.noindex/EagerLinkingTBDs/Debug -F/Volumes/DeveloperStorage/BuildScratch/throttle-convergence-20260920/DerivedData/Build/Products/Debug/PackageFrameworks -F/Volumes/DeveloperStorage/BuildScratch/throttle-convergence-20260920/DerivedData/Build/Products/Debug -filelist /Volumes/DeveloperStorage/BuildScratch/throttle-convergence-20260920/DerivedData/Build/Intermediates.noindex/Throttle.build/Debug/Throttle.build/Objects-normal/arm64/Throttle.LinkFileList -install_name @rpath/Throttle.debug.dylib -Xlinker -rpath -Xlinker /usr/lib/swift -Xlinker -rpath -Xlinker @loader_path -Xlinker -rpath -Xlinker /Volumes/DeveloperStorage/BuildScratch/throttle-convergence-20260920/DerivedData/Build/Products/Debug/PackageFrameworks -Xlinker -rpath -Xlinker @executable_path/../Frameworks -Xlinker -object_path_lto -Xlinker /Volumes/DeveloperStorage/BuildScratch/throttle-convergence-20260920/DerivedData/Build/Intermediates.noindex/Throttle.build/Debug/Throttle.build/Objects-normal/arm64/Throttle_lto.o -rdynamic -Xlinker -no_deduplicate -Xlinker -debug_variant -Xlinker -dependency_info -Xlinker /Volumes/DeveloperStorage/BuildScratch/throttle-convergence-20260920/DerivedData/Build/Intermediates.noindex/Throttle.build/Debug/Throttle.build/Objects-normal/arm64/Throttle_dependency_info.dat -fobjc-link-runtime -fprofile-instr-generate -L/Applications/Xcode.app/Contents/Developer/Toolchains/XcodeDefault.xctoolchain/usr/lib/swift/macosx -L/usr/lib/swift -Xlinker -add_ast_path -Xlinker /Volumes/DeveloperStorage/BuildScratch/throttle-convergence-20260920/DerivedData/Build/Intermediates.noindex/Throttle.build/Debug/Throttle.build/Objects-normal/arm64/Throttle.swiftmodule -lc++ -framework Security -framework Security -framework Foundation -framework Metal -framework Accelerate -Xlinker -alias -Xlinker _main -Xlinker ___debug_main_executable_dylib_entry_point -framework Sparkle -o /Volumes/DeveloperStorage/BuildScratch/throttle-convergence-20260920/DerivedData/Build/Products/Debug/Throttle.app/Contents/MacOS/Throttle.debug.dylib

ConstructStubExecutorLinkFileList /Volumes/DeveloperStorage/BuildScratch/throttle-convergence-20260920/DerivedData/Build/Intermediates.noindex/Throttle.build/Debug/Throttle.build/Throttle-ExecutorLinkFileList-normal-arm64.txt (in target 'Throttle' from project 'Throttle')
    cd /Users/kevinnadjarian/GitHub/Throttle/build/convergence-recovery-20260920
    construct-stub-executor-link-file-list /Volumes/DeveloperStorage/BuildScratch/throttle-convergence-20260920/DerivedData/Build/Products/Debug/Throttle.app/Contents/MacOS/Throttle.debug.dylib /Applications/Xcode.app/Contents/Developer/Platforms/MacOSX.platform/Developer/usr/lib/libPreviewsJITStubExecutor_no_swift_entry_point.a /Applications/Xcode.app/Contents/Developer/Platforms/MacOSX.platform/Developer/usr/lib/libPreviewsJITStubExecutor.a --output /Volumes/DeveloperStorage/BuildScratch/throttle-convergence-20260920/DerivedData/Build/Intermediates.noindex/Throttle.build/Debug/Throttle.build/Throttle-ExecutorLinkFileList-normal-arm64.txt
note: Using stub executor library with Swift entry point. (in target 'Throttle' from project 'Throttle')

Ld /Volumes/DeveloperStorage/BuildScratch/throttle-convergence-20260920/DerivedData/Build/Products/Debug/Throttle.app/Contents/MacOS/Throttle normal (in target 'Throttle' from project 'Throttle')
    cd /Users/kevinnadjarian/GitHub/Throttle/build/convergence-recovery-20260920
    /Applications/Xcode.app/Contents/Developer/Toolchains/XcodeDefault.xctoolchain/usr/bin/clang -Xlinker -reproducible -target arm64-apple-macos14.0 -isysroot /Applications/Xcode.app/Contents/Developer/Platforms/MacOSX.platform/Developer/SDKs/MacOSX27.0.sdk -O0 -Xlinker -no_warn_duplicate_libraries -L/Volumes/DeveloperStorage/BuildScratch/throttle-convergence-20260920/DerivedData/Build/Products/Debug -F/Volumes/DeveloperStorage/BuildScratch/throttle-convergence-20260920/DerivedData/Build/Products/Debug/PackageFrameworks -F/Volumes/DeveloperStorage/BuildScratch/throttle-convergence-20260920/DerivedData/Build/Products/Debug -Xlinker -rpath -Xlinker @executable_path -Xlinker -rpath -Xlinker @loader_path -Xlinker -rpath -Xlinker /Volumes/DeveloperStorage/BuildScratch/throttle-convergence-20260920/DerivedData/Build/Products/Debug/PackageFrameworks -Xlinker -rpath -Xlinker @executable_path/../Frameworks -rdynamic -Xlinker -no_deduplicate -Xlinker -debug_variant -e ___debug_blank_executor_main -Xlinker -sectcreate -Xlinker __TEXT -Xlinker __debug_dylib -Xlinker /Volumes/DeveloperStorage/BuildScratch/throttle-convergence-20260920/DerivedData/Build/Intermediates.noindex/Throttle.build/Debug/Throttle.build/Throttle-DebugDylibPath-normal-arm64.txt -Xlinker -sectcreate -Xlinker __TEXT -Xlinker __debug_instlnm -Xlinker /Volumes/DeveloperStorage/BuildScratch/throttle-convergence-20260920/DerivedData/Build/Intermediates.noindex/Throttle.build/Debug/Throttle.build/Throttle-DebugDylibInstallName-normal-arm64.txt -Xlinker -filelist -Xlinker /Volumes/DeveloperStorage/BuildScratch/throttle-convergence-20260920/DerivedData/Build/Intermediates.noindex/Throttle.build/Debug/Throttle.build/Throttle-ExecutorLinkFileList-normal-arm64.txt /Volumes/DeveloperStorage/BuildScratch/throttle-convergence-20260920/DerivedData/Build/Products/Debug/Throttle.app/Contents/MacOS/Throttle.debug.dylib -o /Volumes/DeveloperStorage/BuildScratch/throttle-convergence-20260920/DerivedData/Build/Products/Debug/Throttle.app/Contents/MacOS/Throttle

Copy /Volumes/DeveloperStorage/BuildScratch/throttle-convergence-20260920/DerivedData/Build/Products/Debug/Throttle.app/Contents/Library/LaunchAgents/com.lorislab.throttle.research-vault-agent.plist /Users/kevinnadjarian/GitHub/Throttle/build/convergence-recovery-20260920/ResearchVaultAgent/com.lorislab.throttle.research-vault-agent.plist (in target 'Throttle' from project 'Throttle')
    cd /Users/kevinnadjarian/GitHub/Throttle/build/convergence-recovery-20260920
    builtin-copy -exclude .DS_Store -exclude CVS -exclude .svn -exclude .git -exclude .hg -resolve-src-symlinks -remove-static-executable /Users/kevinnadjarian/GitHub/Throttle/build/convergence-recovery-20260920/ResearchVaultAgent/com.lorislab.throttle.research-vault-agent.plist /Volumes/DeveloperStorage/BuildScratch/throttle-convergence-20260920/DerivedData/Build/Products/Debug/Throttle.app/Contents/Library/LaunchAgents

Copy /Volumes/DeveloperStorage/BuildScratch/throttle-convergence-20260920/DerivedData/Build/Products/Debug/Throttle.app/Contents/PlugIns/ThrottleWidget.appex /Volumes/DeveloperStorage/BuildScratch/throttle-convergence-20260920/DerivedData/Build/Products/Debug/ThrottleWidget.appex (in target 'Throttle' from project 'Throttle')
    cd /Users/kevinnadjarian/GitHub/Throttle/build/convergence-recovery-20260920
    builtin-copy -exclude .DS_Store -exclude CVS -exclude .svn -exclude .git -exclude .hg -exclude Headers -exclude PrivateHeaders -exclude Modules -exclude \*.tbd -resolve-src-symlinks -remove-static-executable /Volumes/DeveloperStorage/BuildScratch/throttle-convergence-20260920/DerivedData/Build/Products/Debug/ThrottleWidget.appex /Volumes/DeveloperStorage/BuildScratch/throttle-convergence-20260920/DerivedData/Build/Products/Debug/Throttle.app/Contents/PlugIns

Copy /Volumes/DeveloperStorage/BuildScratch/throttle-convergence-20260920/DerivedData/Build/Products/Debug/Throttle.app/Contents/Library/LoginItems/ResearchVaultAgent.app /Volumes/DeveloperStorage/BuildScratch/throttle-convergence-20260920/DerivedData/Build/Products/Debug/ResearchVaultAgent.app (in target 'Throttle' from project 'Throttle')
    cd /Users/kevinnadjarian/GitHub/Throttle/build/convergence-recovery-20260920
    builtin-copy -exclude .DS_Store -exclude CVS -exclude .svn -exclude .git -exclude .hg -exclude Headers -exclude PrivateHeaders -exclude Modules -exclude \*.tbd -resolve-src-symlinks -remove-static-executable /Volumes/DeveloperStorage/BuildScratch/throttle-convergence-20260920/DerivedData/Build/Products/Debug/ResearchVaultAgent.app /Volumes/DeveloperStorage/BuildScratch/throttle-convergence-20260920/DerivedData/Build/Products/Debug/Throttle.app/Contents/Library/LoginItems

ProcessInfoPlistFile /Volumes/DeveloperStorage/BuildScratch/throttle-convergence-20260920/DerivedData/Build/Products/Debug/Throttle.app/Contents/Info.plist /Users/kevinnadjarian/GitHub/Throttle/build/convergence-recovery-20260920/Throttle/Info.plist (in target 'Throttle' from project 'Throttle')
    cd /Users/kevinnadjarian/GitHub/Throttle/build/convergence-recovery-20260920
    builtin-infoPlistUtility /Users/kevinnadjarian/GitHub/Throttle/build/convergence-recovery-20260920/Throttle/Info.plist -producttype com.apple.product-type.application -genpkginfo /Volumes/DeveloperStorage/BuildScratch/throttle-convergence-20260920/DerivedData/Build/Products/Debug/Throttle.app/Contents/PkgInfo -expandbuildsettings -platform macosx -additionalcontentfile /Volumes/DeveloperStorage/BuildScratch/throttle-convergence-20260920/DerivedData/Build/Intermediates.noindex/Throttle.build/Debug/Throttle.build/assetcatalog_generated_info.plist -scanforprivacyfile /Volumes/DeveloperStorage/BuildScratch/throttle-convergence-20260920/DerivedData/Build/Products/Debug/Throttle.app/Contents/Frameworks/Sparkle.framework -scanforprivacyfile /Volumes/DeveloperStorage/BuildScratch/throttle-convergence-20260920/DerivedData/Build/Products/Debug/Throttle.app/Contents/Library/LoginItems/ResearchVaultAgent.app -scanforprivacyfile /Volumes/DeveloperStorage/BuildScratch/throttle-convergence-20260920/DerivedData/Build/Products/Debug/Throttle.app/Contents/PlugIns/ThrottleWidget.appex -scanforprivacyfile /Volumes/DeveloperStorage/BuildScratch/throttle-convergence-20260920/DerivedData/Build/Products/Debug/Throttle.app/Contents/Resources/GRDB_GRDB.bundle -scanforprivacyfile /Volumes/DeveloperStorage/BuildScratch/throttle-convergence-20260920/DerivedData/Build/Products/Debug/Throttle.app/Contents/Resources/SwiftTerm_SwiftTerm.bundle -scanforprivacyfile /Volumes/DeveloperStorage/BuildScratch/throttle-convergence-20260920/DerivedData/Build/Products/Debug/Throttle.app/Contents/Resources/mlx-swift_Cmlx.bundle -scanforprivacyfile /Volumes/DeveloperStorage/BuildScratch/throttle-convergence-20260920/DerivedData/Build/Products/Debug/Throttle.app/Contents/Resources/swift-crypto_Crypto.bundle -scanforprivacyfile /Volumes/DeveloperStorage/BuildScratch/throttle-convergence-20260920/DerivedData/Build/Products/Debug/Throttle.app/Contents/Resources/swift-transformers_Hub.bundle -o /Volumes/DeveloperStorage/BuildScratch/throttle-convergence-20260920/DerivedData/Build/Products/Debug/Throttle.app/Contents/Info.plist

ValidateEmbeddedBinary /Volumes/DeveloperStorage/BuildScratch/throttle-convergence-20260920/DerivedData/Build/Products/Debug/Throttle.app/Contents/PlugIns/ThrottleWidget.appex (in target 'Throttle' from project 'Throttle')
    cd /Users/kevinnadjarian/GitHub/Throttle/build/convergence-recovery-20260920
    /Applications/Xcode.app/Contents/Developer/usr/bin/embeddedBinaryValidationUtility /Volumes/DeveloperStorage/BuildScratch/throttle-convergence-20260920/DerivedData/Build/Products/Debug/Throttle.app/Contents/PlugIns/ThrottleWidget.appex -info-plist-path /Volumes/DeveloperStorage/BuildScratch/throttle-convergence-20260920/DerivedData/Build/Products/Debug/Throttle.app/Contents/Info.plist

ValidateEmbeddedBinary /Volumes/DeveloperStorage/BuildScratch/throttle-convergence-20260920/DerivedData/Build/Products/Debug/Throttle.app/Contents/Library/LoginItems/ResearchVaultAgent.app (in target 'Throttle' from project 'Throttle')
    cd /Users/kevinnadjarian/GitHub/Throttle/build/convergence-recovery-20260920
    /Applications/Xcode.app/Contents/Developer/usr/bin/embeddedBinaryValidationUtility /Volumes/DeveloperStorage/BuildScratch/throttle-convergence-20260920/DerivedData/Build/Products/Debug/Throttle.app/Contents/Library/LoginItems/ResearchVaultAgent.app -info-plist-path /Volumes/DeveloperStorage/BuildScratch/throttle-convergence-20260920/DerivedData/Build/Products/Debug/Throttle.app/Contents/Info.plist

SwiftDriverJobDiscovery normal arm64 Compiling WorkflowContractIntegrationTests.swift, WorkflowDependencyEvaluatorTests.swift, WorkflowDesignContractTests.swift, WorkflowEvidenceReceiptTests.swift, WorkflowFoundationTests.swift, WorkflowIPEvaluatorTests.swift, WorkflowParityAuditorTests.swift, WorkflowRecipeTests.swift, WorkflowReleaseGateTests.swift, WorkflowReleaseLedgerStoreTests.swift, WorkflowResultImporterTests.swift, WorkflowReviewGateTests.swift, WorkflowReviewMCPTests.swift, WorkflowTechnologyReuseTests.swift, WorkflowWorkContractTests.swift (in target 'ThrottleTests' from project 'Throttle')

SwiftDriver\ Compilation ThrottleTests normal arm64 com.apple.xcode.tools.swift.compiler (in target 'ThrottleTests' from project 'Throttle')
    cd /Users/kevinnadjarian/GitHub/Throttle/build/convergence-recovery-20260920
    builtin-Swift-Compilation -- /Applications/Xcode.app/Contents/Developer/Toolchains/XcodeDefault.xctoolchain/usr/bin/swiftc -module-name ThrottleTests -Onone @/Volumes/DeveloperStorage/BuildScratch/throttle-convergence-20260920/DerivedData/Build/Intermediates.noindex/Throttle.build/Debug/ThrottleTests.build/Objects-normal/arm64/ThrottleTests.SwiftFileList -DDEBUG -Xcc -fmodule-map-file\=/Volumes/DeveloperStorage/BuildScratch/throttle-convergence-20260920/SourcePackages/checkouts/GRDB.swift/Sources/CSQLite/module.modulemap -Xcc -fmodule-map-file\=/Volumes/DeveloperStorage/BuildScratch/throttle-convergence-20260920/SourcePackages/checkouts/swift-numerics/Sources/_NumericsShims/include/module.modulemap -Xcc -fmodule-map-file\=/Volumes/DeveloperStorage/BuildScratch/throttle-convergence-20260920/SourcePackages/checkouts/mlx-swift/Source/Cmlx/include/module.modulemap -Xcc -fmodule-map-file\=/Volumes/DeveloperStorage/BuildScratch/throttle-convergence-20260920/SourcePackages/checkouts/swift-atomics/Sources/_AtomicsShims/include/module.modulemap -Xcc -fmodule-map-file\=/Volumes/DeveloperStorage/BuildScratch/throttle-convergence-20260920/DerivedData/Build/Intermediates.noindex/GeneratedModuleMaps/CNIOWASI.modulemap -Xcc -fmodule-map-file\=/Volumes/DeveloperStorage/BuildScratch/throttle-convergence-20260920/SourcePackages/checkouts/swift-nio/Sources/CNIOWindows/include/module.modulemap -Xcc -fmodule-map-file\=/Volumes/DeveloperStorage/BuildScratch/throttle-convergence-20260920/DerivedData/Build/Intermediates.noindex/GeneratedModuleMaps/CNIOLinux.modulemap -Xcc -fmodule-map-file\=/Volumes/DeveloperStorage/BuildScratch/throttle-convergence-20260920/DerivedData/Build/Intermediates.noindex/GeneratedModuleMaps/CNIODarwin.modulemap -Xcc -fmodule-map-file\=/Volumes/DeveloperStorage/BuildScratch/throttle-convergence-20260920/DerivedData/Build/Intermediates.noindex/GeneratedModuleMaps/CNIOFreeBSD.modulemap -Xcc -fmodule-map-file\=/Volumes/DeveloperStorage/BuildScratch/throttle-convergence-20260920/DerivedData/Build/Intermediates.noindex/GeneratedModuleMaps/CNIOOpenBSD.modulemap -Xcc -fmodule-map-file\=/Volumes/DeveloperStorage/BuildScratch/throttle-convergence-20260920/DerivedData/Build/Intermediates.noindex/GeneratedModuleMaps/CNIOAtomics.modulemap -Xcc -fmodule-map-file\=/Volumes/DeveloperStorage/BuildScratch/throttle-convergence-20260920/DerivedData/Build/Intermediates.noindex/GeneratedModuleMaps/yyjson.modulemap -plugin-path /Applications/Xcode.app/Contents/Developer/Toolchains/XcodeDefault.xctoolchain/usr/lib/swift/host/plugins/testing -enable-experimental-feature DebugDescriptionMacro -sdk /Applications/Xcode.app/Contents/Developer/Platforms/MacOSX.platform/Developer/SDKs/MacOSX27.0.sdk -target arm64-apple-macos14.0 -g -module-cache-path /Volumes/DeveloperStorage/BuildScratch/throttle-convergence-20260920/DerivedData/ModuleCache.noindex -Xfrontend -serialize-debugging-options -profile-coverage-mapping -profile-generate -enable-testing -warnings-as-errors -index-store-path /Volumes/DeveloperStorage/BuildScratch/throttle-convergence-20260920/DerivedData/Index.noindex/DataStore -Xcc -D_LIBCPP_HARDENING_MODE\=_LIBCPP_HARDENING_MODE_DEBUG -swift-version 6 -I /Volumes/DeveloperStorage/BuildScratch/throttle-convergence-20260920/DerivedData/Build/Products/Debug -Isystem /Applications/Xcode.app/Contents/Developer/Platforms/MacOSX.platform/Developer/usr/lib -F /Volumes/DeveloperStorage/BuildScratch/throttle-convergence-20260920/DerivedData/Build/Products/Debug/PackageFrameworks -F /Volumes/DeveloperStorage/BuildScratch/throttle-convergence-20260920/DerivedData/Build/Products/Debug -F /Applications/Xcode.app/Contents/Developer/Platforms/MacOSX.platform/Developer/Library/Frameworks -Xfrontend -load-plugin-executable -Xfrontend /Volumes/DeveloperStorage/BuildScratch/throttle-convergence-20260920/DerivedData/Build/Products/Debug/MLXHuggingFaceMacros\#MLXHuggingFaceMacros -c -j10 -enable-batch-mode -incremental -Xcc -ivfsstatcache -Xcc /Volumes/DeveloperStorage/BuildScratch/throttle-convergence-20260920/DerivedData/SDKStatCaches.noindex/macosx27.0-26A425-e829b21a6f8c9b70876ba0858053c0447231f6df4def33e022ae2eb8f782df1a.sdkstatcache -output-file-map /Volumes/DeveloperStorage/BuildScratch/throttle-convergence-20260920/DerivedData/Build/Intermediates.noindex/Throttle.build/Debug/ThrottleTests.build/Objects-normal/arm64/ThrottleTests-OutputFileMap.json -save-temps -no-color-diagnostics -explicit-module-build -module-cache-path /Volumes/DeveloperStorage/BuildScratch/throttle-convergence-20260920/DerivedData/Build/Intermediates.noindex/SwiftExplicitPrecompiledModules -clang-scanner-module-cache-path /Volumes/DeveloperStorage/BuildScratch/throttle-convergence-20260920/DerivedData/ModuleCache.noindex -sdk-module-cache-path /Volumes/DeveloperStorage/BuildScratch/throttle-convergence-20260920/DerivedData/SDKExplicitPrecompiledModules -emit-dependencies -emit-module -emit-module-path /Volumes/DeveloperStorage/BuildScratch/throttle-convergence-20260920/DerivedData/Build/Intermediates.noindex/Throttle.build/Debug/ThrottleTests.build/Objects-normal/arm64/ThrottleTests.swiftmodule -serialize-diagnostics -dependency-scan-serialize-diagnostics-path /Volumes/DeveloperStorage/BuildScratch/throttle-convergence-20260920/DerivedData/Build/Intermediates.noindex/Throttle.build/Debug/ThrottleTests.build/Objects-normal/arm64/ThrottleTests-dependency-scan.dia -validate-clang-modules-once -clang-build-session-file /Volumes/DeveloperStorage/BuildScratch/throttle-convergence-20260920/DerivedData/ModuleCache.noindex/Session.modulevalidation -Xcc -fmodules-prune-interval\=86400 -Xcc -fmodules-prune-after\=345600 -emit-const-values -const-gather-protocols-list /Volumes/DeveloperStorage/BuildScratch/throttle-convergence-20260920/DerivedData/Build/Intermediates.noindex/Throttle.build/Debug/ThrottleTests.build/Objects-normal/arm64/ThrottleTests_const_extract_protocols.json -Xcc -iquote -Xcc /Volumes/DeveloperStorage/BuildScratch/throttle-convergence-20260920/DerivedData/Build/Intermediates.noindex/Throttle.build/Debug/ThrottleTests.build/ThrottleTests-generated-files.hmap -Xcc -I/Volumes/DeveloperStorage/BuildScratch/throttle-convergence-20260920/DerivedData/Build/Intermediates.noindex/Throttle.build/Debug/ThrottleTests.build/ThrottleTests-own-target-headers.hmap -Xcc -I/Volumes/DeveloperStorage/BuildScratch/throttle-convergence-20260920/DerivedData/Build/Intermediates.noindex/Throttle.build/Debug/ThrottleTests.build/ThrottleTests-all-non-framework-target-headers.hmap -Xcc -ivfsoverlay -Xcc /Volumes/DeveloperStorage/BuildScratch/throttle-convergence-20260920/DerivedData/Build/Intermediates.noindex/Throttle.build/Debug/Throttle-c41c58a016fc9f4310c5f27451fa5182-VFS/all-product-headers.yaml -Xcc -iquote -Xcc /Volumes/DeveloperStorage/BuildScratch/throttle-convergence-20260920/DerivedData/Build/Intermediates.noindex/Throttle.build/Debug/ThrottleTests.build/ThrottleTests-project-headers.hmap -Xcc -I/Volumes/DeveloperStorage/BuildScratch/throttle-convergence-20260920/SourcePackages/checkouts/swift-numerics/Sources/_NumericsShims/include -Xcc -I/Volumes/DeveloperStorage/BuildScratch/throttle-convergence-20260920/SourcePackages/checkouts/mlx-swift/Source/Cmlx/include -Xcc -I/Volumes/DeveloperStorage/BuildScratch/throttle-convergence-20260920/SourcePackages/checkouts/swift-atomics/Sources/_AtomicsShims/include -Xcc -I/Volumes/DeveloperStorage/BuildScratch/throttle-convergence-20260920/SourcePackages/checkouts/swift-nio/Sources/CNIOWASI/include -Xcc -I/Volumes/DeveloperStorage/BuildScratch/throttle-convergence-20260920/SourcePackages/checkouts/swift-nio/Sources/CNIOWindows/include -Xcc -I/Volumes/DeveloperStorage/BuildScratch/throttle-convergence-20260920/SourcePackages/checkouts/swift-nio/Sources/CNIOLinux/include -Xcc -I/Volumes/DeveloperStorage/BuildScratch/throttle-convergence-20260920/SourcePackages/checkouts/swift-nio/Sources/CNIODarwin/include -Xcc -I/Volumes/DeveloperStorage/BuildScratch/throttle-convergence-20260920/SourcePackages/checkouts/swift-nio/Sources/CNIOFreeBSD/include -Xcc -I/Volumes/DeveloperStorage/BuildScratch/throttle-convergence-20260920/SourcePackages/checkouts/swift-nio/Sources/CNIOOpenBSD/include -Xcc -I/Volumes/DeveloperStorage/BuildScratch/throttle-convergence-20260920/SourcePackages/checkouts/swift-nio/Sources/CNIOAtomics/include -Xcc -I/Volumes/DeveloperStorage/BuildScratch/throttle-convergence-20260920/SourcePackages/checkouts/yyjson/src -Xcc -I/Volumes/DeveloperStorage/BuildScratch/throttle-convergence-20260920/DerivedData/Build/Products/Debug/include -Xcc -I/Volumes/DeveloperStorage/BuildScratch/throttle-convergence-20260920/DerivedData/Build/Intermediates.noindex/Throttle.build/Debug/ThrottleTests.build/DerivedSources-normal/arm64 -Xcc -I/Volumes/DeveloperStorage/BuildScratch/throttle-convergence-20260920/DerivedData/Build/Intermediates.noindex/Throttle.build/Debug/ThrottleTests.build/DerivedSources/arm64 -Xcc -I/Volumes/DeveloperStorage/BuildScratch/throttle-convergence-20260920/DerivedData/Build/Intermediates.noindex/Throttle.build/Debug/ThrottleTests.build/DerivedSources -Xcc -DDEBUG\=1 -emit-objc-header -emit-objc-header-path /Volumes/DeveloperStorage/BuildScratch/throttle-convergence-20260920/DerivedData/Build/Intermediates.noindex/Throttle.build/Debug/ThrottleTests.build/Objects-normal/arm64/ThrottleTests-Swift.h -working-directory /Users/kevinnadjarian/GitHub/Throttle/build/convergence-recovery-20260920 -experimental-emit-module-separately -disable-cmo

ExtractAppIntentsMetadata (in target 'Throttle' from project 'Throttle')
    cd /Users/kevinnadjarian/GitHub/Throttle/build/convergence-recovery-20260920
    /Applications/Xcode.app/Contents/Developer/Toolchains/XcodeDefault.xctoolchain/usr/bin/appintentsmetadataprocessor --toolchain-dir /var/run/com.apple.security.cryptexd/mnt/com.apple.MobileAsset.MetalToolchain-v27.1.266.1.s263Mc/Metal.xctoolchain --module-name Throttle --sdk-root /Applications/Xcode.app/Contents/Developer/Platforms/MacOSX.platform/Developer/SDKs/MacOSX27.0.sdk --xcode-version 27A266a --platform-family macOS --deployment-target 14.0 --bundle-identifier com.lorislab.throttle --output /Volumes/DeveloperStorage/BuildScratch/throttle-convergence-20260920/DerivedData/Build/Products/Debug/Throttle.app/Contents/Resources --target-triple arm64-apple-macos14.0 --binary-file /Volumes/DeveloperStorage/BuildScratch/throttle-convergence-20260920/DerivedData/Build/Products/Debug/Throttle.app/Contents/MacOS/Throttle --dependency-file /Volumes/DeveloperStorage/BuildScratch/throttle-convergence-20260920/DerivedData/Build/Intermediates.noindex/Throttle.build/Debug/Throttle.build/Objects-normal/arm64/Throttle_dependency_info.dat --stringsdata-file /Volumes/DeveloperStorage/BuildScratch/throttle-convergence-20260920/DerivedData/Build/Intermediates.noindex/Throttle.build/Debug/Throttle.build/Objects-normal/arm64/ExtractedAppShortcutsMetadata.stringsdata --source-file-list /Volumes/DeveloperStorage/BuildScratch/throttle-convergence-20260920/DerivedData/Build/Intermediates.noindex/Throttle.build/Debug/Throttle.build/Objects-normal/arm64/Throttle.SwiftFileList --metadata-file-list /Volumes/DeveloperStorage/BuildScratch/throttle-convergence-20260920/DerivedData/Build/Intermediates.noindex/Throttle.build/Debug/Throttle.build/Throttle.DependencyMetadataFileList --static-metadata-file-list /Volumes/DeveloperStorage/BuildScratch/throttle-convergence-20260920/DerivedData/Build/Intermediates.noindex/Throttle.build/Debug/Throttle.build/Throttle.DependencyStaticMetadataFileList --swift-const-vals-list /Volumes/DeveloperStorage/BuildScratch/throttle-convergence-20260920/DerivedData/Build/Intermediates.noindex/Throttle.build/Debug/Throttle.build/Objects-normal/arm64/Throttle.SwiftConstValuesFileList --compile-time-extraction --deployment-aware-processing --no-app-shortcuts-localization
2026-09-20 22:59:25.108 appintentsmetadataprocessor[91138:512511] Starting appintentsmetadataprocessor export
2026-09-20 22:59:25.175 appintentsmetadataprocessor[91138:512511] Writing Metadata.appintents
2026-09-20 22:59:25.175 appintentsmetadataprocessor[91138:512511] Metadata root: /Volumes/DeveloperStorage/BuildScratch/throttle-convergence-20260920/DerivedData/Build/Products/Debug/Throttle.app/Contents/Resources/Metadata.appintents

CopySwiftLibs /Volumes/DeveloperStorage/BuildScratch/throttle-convergence-20260920/DerivedData/Build/Products/Debug/Throttle.app (in target 'Throttle' from project 'Throttle')
    cd /Users/kevinnadjarian/GitHub/Throttle/build/convergence-recovery-20260920
    builtin-swiftStdLibTool --copy --verbose --scan-executable /Volumes/DeveloperStorage/BuildScratch/throttle-convergence-20260920/DerivedData/Build/Products/Debug/Throttle.app/Contents/MacOS/Throttle.debug.dylib --scan-folder /Volumes/DeveloperStorage/BuildScratch/throttle-convergence-20260920/DerivedData/Build/Products/Debug/Throttle.app/Contents/Frameworks --scan-folder /Volumes/DeveloperStorage/BuildScratch/throttle-convergence-20260920/DerivedData/Build/Products/Debug/Throttle.app/Contents/PlugIns --scan-folder /Volumes/DeveloperStorage/BuildScratch/throttle-convergence-20260920/DerivedData/Build/Products/Debug/Throttle.app/Contents/Library/SystemExtensions --scan-folder /Volumes/DeveloperStorage/BuildScratch/throttle-convergence-20260920/DerivedData/Build/Products/Debug/Throttle.app/Contents/Extensions --platform macosx --toolchain /var/run/com.apple.security.cryptexd/mnt/com.apple.MobileAsset.MetalToolchain-v27.1.266.1.s263Mc/Metal.xctoolchain --toolchain /Applications/Xcode.app/Contents/Developer/Toolchains/XcodeDefault.xctoolchain --destination /Volumes/DeveloperStorage/BuildScratch/throttle-convergence-20260920/DerivedData/Build/Products/Debug/Throttle.app/Contents/Frameworks --strip-bitcode --strip-bitcode-tool /Applications/Xcode.app/Contents/Developer/Toolchains/XcodeDefault.xctoolchain/usr/bin/bitcode_strip --emit-dependency-info /Volumes/DeveloperStorage/BuildScratch/throttle-convergence-20260920/DerivedData/Build/Intermediates.noindex/Throttle.build/Debug/Throttle.build/SwiftStdLibToolInputDependencies.dep --filter-for-swift-os --back-deploy-swift-span
Ignoring --strip-bitcode because --sign was not passed
Copying /Applications/Xcode.app/Contents/Developer/Toolchains/XcodeDefault.xctoolchain/usr/lib/swift-6.2/macosx/libswiftCompatibilitySpan.dylib to /Volumes/DeveloperStorage/BuildScratch/throttle-convergence-20260920/DerivedData/Build/Products/Debug/Throttle.app/Contents/Frameworks/libswiftCompatibilitySpan.dylib

Copy /Volumes/DeveloperStorage/BuildScratch/throttle-convergence-20260920/DerivedData/Build/Products/Debug/Throttle.app/Contents/PlugIns/ThrottleTests.xctest/Contents/Resources/swift-transformers_Hub.bundle /Volumes/DeveloperStorage/BuildScratch/throttle-convergence-20260920/DerivedData/Build/Products/Debug/swift-transformers_Hub.bundle (in target 'ThrottleTests' from project 'Throttle')
    cd /Users/kevinnadjarian/GitHub/Throttle/build/convergence-recovery-20260920
    builtin-copy -exclude .DS_Store -exclude CVS -exclude .svn -exclude .git -exclude .hg -resolve-src-symlinks /Volumes/DeveloperStorage/BuildScratch/throttle-convergence-20260920/DerivedData/Build/Products/Debug/swift-transformers_Hub.bundle /Volumes/DeveloperStorage/BuildScratch/throttle-convergence-20260920/DerivedData/Build/Products/Debug/Throttle.app/Contents/PlugIns/ThrottleTests.xctest/Contents/Resources

Ld /Volumes/DeveloperStorage/BuildScratch/throttle-convergence-20260920/DerivedData/Build/Products/Debug/Throttle.app/Contents/PlugIns/ThrottleTests.xctest/Contents/MacOS/ThrottleTests normal (in target 'ThrottleTests' from project 'Throttle')
    cd /Users/kevinnadjarian/GitHub/Throttle/build/convergence-recovery-20260920
    /Applications/Xcode.app/Contents/Developer/Toolchains/XcodeDefault.xctoolchain/usr/bin/clang -Xlinker -reproducible -target arm64-apple-macos14.0 -bundle -isysroot /Applications/Xcode.app/Contents/Developer/Platforms/MacOSX.platform/Developer/SDKs/MacOSX27.0.sdk -O0 -Xlinker -no_warn_duplicate_libraries -L/Volumes/DeveloperStorage/BuildScratch/throttle-convergence-20260920/DerivedData/Build/Intermediates.noindex/EagerLinkingTBDs/Debug -L/Volumes/DeveloperStorage/BuildScratch/throttle-convergence-20260920/DerivedData/Build/Products/Debug -L/Applications/Xcode.app/Contents/Developer/Platforms/MacOSX.platform/Developer/usr/lib -F/Volumes/DeveloperStorage/BuildScratch/throttle-convergence-20260920/DerivedData/Build/Intermediates.noindex/EagerLinkingTBDs/Debug -F/Volumes/DeveloperStorage/BuildScratch/throttle-convergence-20260920/DerivedData/Build/Products/Debug/PackageFrameworks -F/Volumes/DeveloperStorage/BuildScratch/throttle-convergence-20260920/DerivedData/Build/Products/Debug -iframework /Applications/Xcode.app/Contents/Developer/Platforms/MacOSX.platform/Developer/Library/Frameworks -filelist /Volumes/DeveloperStorage/BuildScratch/throttle-convergence-20260920/DerivedData/Build/Intermediates.noindex/Throttle.build/Debug/ThrottleTests.build/Objects-normal/arm64/ThrottleTests.LinkFileList -Xlinker -rpath -Xlinker /usr/lib/swift -Xlinker -rpath -Xlinker @loader_path -Xlinker -rpath -Xlinker /Volumes/DeveloperStorage/BuildScratch/throttle-convergence-20260920/DerivedData/Build/Products/Debug/PackageFrameworks -Xlinker -rpath -Xlinker @loader_path/../Frameworks -Xlinker -rpath -Xlinker @executable_path/../Frameworks -bundle_loader /Volumes/DeveloperStorage/BuildScratch/throttle-convergence-20260920/DerivedData/Build/Products/Debug/Throttle.app/Contents/MacOS/Throttle -Xlinker -object_path_lto -Xlinker /Volumes/DeveloperStorage/BuildScratch/throttle-convergence-20260920/DerivedData/Build/Intermediates.noindex/Throttle.build/Debug/ThrottleTests.build/Objects-normal/arm64/ThrottleTests_lto.o -rdynamic -Xlinker -no_deduplicate -Xlinker -debug_variant -Xlinker -dependency_info -Xlinker /Volumes/DeveloperStorage/BuildScratch/throttle-convergence-20260920/DerivedData/Build/Intermediates.noindex/Throttle.build/Debug/ThrottleTests.build/Objects-normal/arm64/ThrottleTests_dependency_info.dat -fobjc-link-runtime -fprofile-instr-generate -L/Applications/Xcode.app/Contents/Developer/Toolchains/XcodeDefault.xctoolchain/usr/lib/swift/macosx -L/usr/lib/swift -Xlinker -add_ast_path -Xlinker /Volumes/DeveloperStorage/BuildScratch/throttle-convergence-20260920/DerivedData/Build/Intermediates.noindex/Throttle.build/Debug/ThrottleTests.build/Objects-normal/arm64/ThrottleTests.swiftmodule -lc++ -framework Security -framework Security -framework Foundation -framework Metal -framework Accelerate -Xlinker -needed_framework -Xlinker XCTest -framework XCTest -Xlinker -needed-lXCTestSwiftSupport -lXCTestSwiftSupport /Volumes/DeveloperStorage/BuildScratch/throttle-convergence-20260920/DerivedData/Build/Products/Debug/Throttle.app/Contents/MacOS/Throttle.debug.dylib -o /Volumes/DeveloperStorage/BuildScratch/throttle-convergence-20260920/DerivedData/Build/Products/Debug/Throttle.app/Contents/PlugIns/ThrottleTests.xctest/Contents/MacOS/ThrottleTests

CpResource /Volumes/DeveloperStorage/BuildScratch/throttle-convergence-20260920/DerivedData/Build/Products/Debug/Throttle.app/Contents/PlugIns/ThrottleTests.xctest/Contents/Resources/traycer-otlp-logs.json /Users/kevinnadjarian/GitHub/Throttle/build/convergence-recovery-20260920/ThrottleTests/Fixtures/traycer-otlp-logs.json (in target 'ThrottleTests' from project 'Throttle')
    cd /Users/kevinnadjarian/GitHub/Throttle/build/convergence-recovery-20260920
    builtin-copy -exclude .DS_Store -exclude CVS -exclude .svn -exclude .git -exclude .hg -resolve-src-symlinks /Users/kevinnadjarian/GitHub/Throttle/build/convergence-recovery-20260920/ThrottleTests/Fixtures/traycer-otlp-logs.json /Volumes/DeveloperStorage/BuildScratch/throttle-convergence-20260920/DerivedData/Build/Products/Debug/Throttle.app/Contents/PlugIns/ThrottleTests.xctest/Contents/Resources

CpResource /Volumes/DeveloperStorage/BuildScratch/throttle-convergence-20260920/DerivedData/Build/Products/Debug/Throttle.app/Contents/PlugIns/ThrottleTests.xctest/Contents/Resources/sample-with-warning.jsonl /Users/kevinnadjarian/GitHub/Throttle/build/convergence-recovery-20260920/ThrottleTests/Fixtures/sample-with-warning.jsonl (in target 'ThrottleTests' from project 'Throttle')
    cd /Users/kevinnadjarian/GitHub/Throttle/build/convergence-recovery-20260920
    builtin-copy -exclude .DS_Store -exclude CVS -exclude .svn -exclude .git -exclude .hg -resolve-src-symlinks /Users/kevinnadjarian/GitHub/Throttle/build/convergence-recovery-20260920/ThrottleTests/Fixtures/sample-with-warning.jsonl /Volumes/DeveloperStorage/BuildScratch/throttle-convergence-20260920/DerivedData/Build/Products/Debug/Throttle.app/Contents/PlugIns/ThrottleTests.xctest/Contents/Resources

CpResource /Volumes/DeveloperStorage/BuildScratch/throttle-convergence-20260920/DerivedData/Build/Products/Debug/Throttle.app/Contents/PlugIns/ThrottleTests.xctest/Contents/Resources/sample-session.jsonl /Users/kevinnadjarian/GitHub/Throttle/build/convergence-recovery-20260920/ThrottleTests/Fixtures/sample-session.jsonl (in target 'ThrottleTests' from project 'Throttle')
    cd /Users/kevinnadjarian/GitHub/Throttle/build/convergence-recovery-20260920
    builtin-copy -exclude .DS_Store -exclude CVS -exclude .svn -exclude .git -exclude .hg -resolve-src-symlinks /Users/kevinnadjarian/GitHub/Throttle/build/convergence-recovery-20260920/ThrottleTests/Fixtures/sample-session.jsonl /Volumes/DeveloperStorage/BuildScratch/throttle-convergence-20260920/DerivedData/Build/Products/Debug/Throttle.app/Contents/PlugIns/ThrottleTests.xctest/Contents/Resources

CpResource /Volumes/DeveloperStorage/BuildScratch/throttle-convergence-20260920/DerivedData/Build/Products/Debug/Throttle.app/Contents/PlugIns/ThrottleTests.xctest/Contents/Resources/empty-session.jsonl /Users/kevinnadjarian/GitHub/Throttle/build/convergence-recovery-20260920/ThrottleTests/Fixtures/empty-session.jsonl (in target 'ThrottleTests' from project 'Throttle')
    cd /Users/kevinnadjarian/GitHub/Throttle/build/convergence-recovery-20260920
    builtin-copy -exclude .DS_Store -exclude CVS -exclude .svn -exclude .git -exclude .hg -resolve-src-symlinks /Users/kevinnadjarian/GitHub/Throttle/build/convergence-recovery-20260920/ThrottleTests/Fixtures/empty-session.jsonl /Volumes/DeveloperStorage/BuildScratch/throttle-convergence-20260920/DerivedData/Build/Products/Debug/Throttle.app/Contents/PlugIns/ThrottleTests.xctest/Contents/Resources

Copy /Volumes/DeveloperStorage/BuildScratch/throttle-convergence-20260920/DerivedData/Build/Products/Debug/Throttle.app/Contents/PlugIns/ThrottleTests.xctest/Contents/Resources/swift-crypto_Crypto.bundle /Volumes/DeveloperStorage/BuildScratch/throttle-convergence-20260920/DerivedData/Build/Products/Debug/swift-crypto_Crypto.bundle (in target 'ThrottleTests' from project 'Throttle')
    cd /Users/kevinnadjarian/GitHub/Throttle/build/convergence-recovery-20260920
    builtin-copy -exclude .DS_Store -exclude CVS -exclude .svn -exclude .git -exclude .hg -resolve-src-symlinks /Volumes/DeveloperStorage/BuildScratch/throttle-convergence-20260920/DerivedData/Build/Products/Debug/swift-crypto_Crypto.bundle /Volumes/DeveloperStorage/BuildScratch/throttle-convergence-20260920/DerivedData/Build/Products/Debug/Throttle.app/Contents/PlugIns/ThrottleTests.xctest/Contents/Resources

Copy /Volumes/DeveloperStorage/BuildScratch/throttle-convergence-20260920/DerivedData/Build/Products/Debug/Throttle.app/Contents/PlugIns/ThrottleTests.xctest/Contents/Resources/mlx-swift_Cmlx.bundle /Volumes/DeveloperStorage/BuildScratch/throttle-convergence-20260920/DerivedData/Build/Products/Debug/mlx-swift_Cmlx.bundle (in target 'ThrottleTests' from project 'Throttle')
    cd /Users/kevinnadjarian/GitHub/Throttle/build/convergence-recovery-20260920
    builtin-copy -exclude .DS_Store -exclude CVS -exclude .svn -exclude .git -exclude .hg -resolve-src-symlinks /Volumes/DeveloperStorage/BuildScratch/throttle-convergence-20260920/DerivedData/Build/Products/Debug/mlx-swift_Cmlx.bundle /Volumes/DeveloperStorage/BuildScratch/throttle-convergence-20260920/DerivedData/Build/Products/Debug/Throttle.app/Contents/PlugIns/ThrottleTests.xctest/Contents/Resources

Copy /Volumes/DeveloperStorage/BuildScratch/throttle-convergence-20260920/DerivedData/Build/Products/Debug/Throttle.app/Contents/PlugIns/ThrottleTests.xctest/Contents/Resources/SwiftTerm_SwiftTerm.bundle /Volumes/DeveloperStorage/BuildScratch/throttle-convergence-20260920/DerivedData/Build/Products/Debug/SwiftTerm_SwiftTerm.bundle (in target 'ThrottleTests' from project 'Throttle')
    cd /Users/kevinnadjarian/GitHub/Throttle/build/convergence-recovery-20260920
    builtin-copy -exclude .DS_Store -exclude CVS -exclude .svn -exclude .git -exclude .hg -resolve-src-symlinks /Volumes/DeveloperStorage/BuildScratch/throttle-convergence-20260920/DerivedData/Build/Products/Debug/SwiftTerm_SwiftTerm.bundle /Volumes/DeveloperStorage/BuildScratch/throttle-convergence-20260920/DerivedData/Build/Products/Debug/Throttle.app/Contents/PlugIns/ThrottleTests.xctest/Contents/Resources

Copy /Volumes/DeveloperStorage/BuildScratch/throttle-convergence-20260920/DerivedData/Build/Products/Debug/Throttle.app/Contents/PlugIns/ThrottleTests.xctest/Contents/Resources/GRDB_GRDB.bundle /Volumes/DeveloperStorage/BuildScratch/throttle-convergence-20260920/DerivedData/Build/Products/Debug/GRDB_GRDB.bundle (in target 'ThrottleTests' from project 'Throttle')
    cd /Users/kevinnadjarian/GitHub/Throttle/build/convergence-recovery-20260920
    builtin-copy -exclude .DS_Store -exclude CVS -exclude .svn -exclude .git -exclude .hg -resolve-src-symlinks /Volumes/DeveloperStorage/BuildScratch/throttle-convergence-20260920/DerivedData/Build/Products/Debug/GRDB_GRDB.bundle /Volumes/DeveloperStorage/BuildScratch/throttle-convergence-20260920/DerivedData/Build/Products/Debug/Throttle.app/Contents/PlugIns/ThrottleTests.xctest/Contents/Resources

ProcessInfoPlistFile /Volumes/DeveloperStorage/BuildScratch/throttle-convergence-20260920/DerivedData/Build/Products/Debug/Throttle.app/Contents/PlugIns/ThrottleTests.xctest/Contents/Info.plist /Volumes/DeveloperStorage/BuildScratch/throttle-convergence-20260920/DerivedData/Build/Intermediates.noindex/Throttle.build/Debug/ThrottleTests.build/empty-ThrottleTests.plist (in target 'ThrottleTests' from project 'Throttle')
    cd /Users/kevinnadjarian/GitHub/Throttle/build/convergence-recovery-20260920
    builtin-infoPlistUtility /Volumes/DeveloperStorage/BuildScratch/throttle-convergence-20260920/DerivedData/Build/Intermediates.noindex/Throttle.build/Debug/ThrottleTests.build/empty-ThrottleTests.plist -producttype com.apple.product-type.bundle.unit-test -expandbuildsettings -platform macosx -scanforprivacyfile /Volumes/DeveloperStorage/BuildScratch/throttle-convergence-20260920/DerivedData/Build/Products/Debug/Throttle.app/Contents/PlugIns/ThrottleTests.xctest/Contents/Resources/GRDB_GRDB.bundle -scanforprivacyfile /Volumes/DeveloperStorage/BuildScratch/throttle-convergence-20260920/DerivedData/Build/Products/Debug/Throttle.app/Contents/PlugIns/ThrottleTests.xctest/Contents/Resources/SwiftTerm_SwiftTerm.bundle -scanforprivacyfile /Volumes/DeveloperStorage/BuildScratch/throttle-convergence-20260920/DerivedData/Build/Products/Debug/Throttle.app/Contents/PlugIns/ThrottleTests.xctest/Contents/Resources/mlx-swift_Cmlx.bundle -scanforprivacyfile /Volumes/DeveloperStorage/BuildScratch/throttle-convergence-20260920/DerivedData/Build/Products/Debug/Throttle.app/Contents/PlugIns/ThrottleTests.xctest/Contents/Resources/swift-crypto_Crypto.bundle -scanforprivacyfile /Volumes/DeveloperStorage/BuildScratch/throttle-convergence-20260920/DerivedData/Build/Products/Debug/Throttle.app/Contents/PlugIns/ThrottleTests.xctest/Contents/Resources/swift-transformers_Hub.bundle -o /Volumes/DeveloperStorage/BuildScratch/throttle-convergence-20260920/DerivedData/Build/Products/Debug/Throttle.app/Contents/PlugIns/ThrottleTests.xctest/Contents/Info.plist

CopySwiftLibs /Volumes/DeveloperStorage/BuildScratch/throttle-convergence-20260920/DerivedData/Build/Products/Debug/Throttle.app/Contents/PlugIns/ThrottleTests.xctest (in target 'ThrottleTests' from project 'Throttle')
    cd /Users/kevinnadjarian/GitHub/Throttle/build/convergence-recovery-20260920
    builtin-swiftStdLibTool --copy --verbose --scan-executable /Volumes/DeveloperStorage/BuildScratch/throttle-convergence-20260920/DerivedData/Build/Products/Debug/Throttle.app/Contents/PlugIns/ThrottleTests.xctest/Contents/MacOS/ThrottleTests --scan-folder /Volumes/DeveloperStorage/BuildScratch/throttle-convergence-20260920/DerivedData/Build/Products/Debug/Throttle.app/Contents/PlugIns/ThrottleTests.xctest/Contents/Frameworks --scan-folder /Volumes/DeveloperStorage/BuildScratch/throttle-convergence-20260920/DerivedData/Build/Products/Debug/Throttle.app/Contents/PlugIns/ThrottleTests.xctest/Contents/PlugIns --scan-folder /Volumes/DeveloperStorage/BuildScratch/throttle-convergence-20260920/DerivedData/Build/Products/Debug/Throttle.app/Contents/PlugIns/ThrottleTests.xctest/Contents/Library/SystemExtensions --scan-folder /Volumes/DeveloperStorage/BuildScratch/throttle-convergence-20260920/DerivedData/Build/Products/Debug/Throttle.app/Contents/PlugIns/ThrottleTests.xctest/Contents/Extensions --platform macosx --toolchain /var/run/com.apple.security.cryptexd/mnt/com.apple.MobileAsset.MetalToolchain-v27.1.266.1.s263Mc/Metal.xctoolchain --toolchain /Applications/Xcode.app/Contents/Developer/Toolchains/XcodeDefault.xctoolchain --destination /Volumes/DeveloperStorage/BuildScratch/throttle-convergence-20260920/DerivedData/Build/Products/Debug/Throttle.app/Contents/PlugIns/ThrottleTests.xctest/Contents/Frameworks --strip-bitcode --scan-executable /Applications/Xcode.app/Contents/Developer/Platforms/MacOSX.platform/Developer/usr/lib/libXCTestSwiftSupport.dylib --strip-bitcode-tool /Applications/Xcode.app/Contents/Developer/Toolchains/XcodeDefault.xctoolchain/usr/bin/bitcode_strip --emit-dependency-info /Volumes/DeveloperStorage/BuildScratch/throttle-convergence-20260920/DerivedData/Build/Intermediates.noindex/Throttle.build/Debug/ThrottleTests.build/SwiftStdLibToolInputDependencies.dep --filter-for-swift-os --back-deploy-swift-span
Ignoring --strip-bitcode because --sign was not passed

ExtractAppIntentsMetadata (in target 'ThrottleTests' from project 'Throttle')
    cd /Users/kevinnadjarian/GitHub/Throttle/build/convergence-recovery-20260920
    /Applications/Xcode.app/Contents/Developer/Toolchains/XcodeDefault.xctoolchain/usr/bin/appintentsmetadataprocessor --toolchain-dir /var/run/com.apple.security.cryptexd/mnt/com.apple.MobileAsset.MetalToolchain-v27.1.266.1.s263Mc/Metal.xctoolchain --module-name ThrottleTests --sdk-root /Applications/Xcode.app/Contents/Developer/Platforms/MacOSX.platform/Developer/SDKs/MacOSX27.0.sdk --xcode-version 27A266a --platform-family macOS --deployment-target 14.0 --bundle-identifier com.lorislab.throttle.tests --output /Volumes/DeveloperStorage/BuildScratch/throttle-convergence-20260920/DerivedData/Build/Products/Debug/Throttle.app/Contents/PlugIns/ThrottleTests.xctest/Contents/Resources --target-triple arm64-apple-macos14.0 --binary-file /Volumes/DeveloperStorage/BuildScratch/throttle-convergence-20260920/DerivedData/Build/Products/Debug/Throttle.app/Contents/PlugIns/ThrottleTests.xctest/Contents/MacOS/ThrottleTests --dependency-file /Volumes/DeveloperStorage/BuildScratch/throttle-convergence-20260920/DerivedData/Build/Intermediates.noindex/Throttle.build/Debug/ThrottleTests.build/Objects-normal/arm64/ThrottleTests_dependency_info.dat --stringsdata-file /Volumes/DeveloperStorage/BuildScratch/throttle-convergence-20260920/DerivedData/Build/Intermediates.noindex/Throttle.build/Debug/ThrottleTests.build/Objects-normal/arm64/ExtractedAppShortcutsMetadata.stringsdata --source-file-list /Volumes/DeveloperStorage/BuildScratch/throttle-convergence-20260920/DerivedData/Build/Intermediates.noindex/Throttle.build/Debug/ThrottleTests.build/Objects-normal/arm64/ThrottleTests.SwiftFileList --metadata-file-list /Volumes/DeveloperStorage/BuildScratch/throttle-convergence-20260920/DerivedData/Build/Intermediates.noindex/Throttle.build/Debug/ThrottleTests.build/ThrottleTests.DependencyMetadataFileList --static-metadata-file-list /Volumes/DeveloperStorage/BuildScratch/throttle-convergence-20260920/DerivedData/Build/Intermediates.noindex/Throttle.build/Debug/ThrottleTests.build/ThrottleTests.DependencyStaticMetadataFileList --swift-const-vals-list /Volumes/DeveloperStorage/BuildScratch/throttle-convergence-20260920/DerivedData/Build/Intermediates.noindex/Throttle.build/Debug/ThrottleTests.build/Objects-normal/arm64/ThrottleTests.SwiftConstValuesFileList --compile-time-extraction --deployment-aware-processing --no-app-shortcuts-localization
2026-09-20 22:59:25.577 appintentsmetadataprocessor[91144:512540] Starting appintentsmetadataprocessor export
2026-09-20 22:59:25.616 appintentsmetadataprocessor[91144:512540] Extracted no relevant App Intents symbols, skipping writing output

RegisterExecutionPolicyException /Volumes/DeveloperStorage/BuildScratch/throttle-convergence-20260920/DerivedData/Build/Products/Debug/Throttle.app/Contents/PlugIns/ThrottleTests.xctest (in target 'ThrottleTests' from project 'Throttle')
    cd /Users/kevinnadjarian/GitHub/Throttle/build/convergence-recovery-20260920
    builtin-RegisterExecutionPolicyException /Volumes/DeveloperStorage/BuildScratch/throttle-convergence-20260920/DerivedData/Build/Products/Debug/Throttle.app/Contents/PlugIns/ThrottleTests.xctest

Touch /Volumes/DeveloperStorage/BuildScratch/throttle-convergence-20260920/DerivedData/Build/Products/Debug/Throttle.app/Contents/PlugIns/ThrottleTests.xctest (in target 'ThrottleTests' from project 'Throttle')
    cd /Users/kevinnadjarian/GitHub/Throttle/build/convergence-recovery-20260920
    /usr/bin/touch -c /Volumes/DeveloperStorage/BuildScratch/throttle-convergence-20260920/DerivedData/Build/Products/Debug/Throttle.app/Contents/PlugIns/ThrottleTests.xctest

RegisterExecutionPolicyException /Volumes/DeveloperStorage/BuildScratch/throttle-convergence-20260920/DerivedData/Build/Products/Debug/Throttle.app (in target 'Throttle' from project 'Throttle')
    cd /Users/kevinnadjarian/GitHub/Throttle/build/convergence-recovery-20260920
    builtin-RegisterExecutionPolicyException /Volumes/DeveloperStorage/BuildScratch/throttle-convergence-20260920/DerivedData/Build/Products/Debug/Throttle.app

Validate /Volumes/DeveloperStorage/BuildScratch/throttle-convergence-20260920/DerivedData/Build/Products/Debug/Throttle.app (in target 'Throttle' from project 'Throttle')
    cd /Users/kevinnadjarian/GitHub/Throttle/build/convergence-recovery-20260920
    builtin-validationUtility /Volumes/DeveloperStorage/BuildScratch/throttle-convergence-20260920/DerivedData/Build/Products/Debug/Throttle.app -no-validate-extension -infoplist-subpath Contents/Info.plist

Touch /Volumes/DeveloperStorage/BuildScratch/throttle-convergence-20260920/DerivedData/Build/Products/Debug/Throttle.app (in target 'Throttle' from project 'Throttle')
    cd /Users/kevinnadjarian/GitHub/Throttle/build/convergence-recovery-20260920
    /usr/bin/touch -c /Volumes/DeveloperStorage/BuildScratch/throttle-convergence-20260920/DerivedData/Build/Products/Debug/Throttle.app

RegisterWithLaunchServices /Volumes/DeveloperStorage/BuildScratch/throttle-convergence-20260920/DerivedData/Build/Products/Debug/Throttle.app (in target 'Throttle' from project 'Throttle')
    cd /Users/kevinnadjarian/GitHub/Throttle/build/convergence-recovery-20260920
    builtin-lsregisterurl --record-path /Volumes/DeveloperStorage/BuildScratch/throttle-convergence-20260920/DerivedData/Build/Intermediates.noindex/XCBuildData/registered-launchservices.txt -- /System/Library/Frameworks/CoreServices.framework/Versions/Current/Frameworks/LaunchServices.framework/Versions/Current/Support/lsregister -f -R -trusted /Volumes/DeveloperStorage/BuildScratch/throttle-convergence-20260920/DerivedData/Build/Products/Debug/Throttle.app

PruneExplicitPrecompiledModules /Volumes/DeveloperStorage/BuildScratch/throttle-convergence-20260920/DerivedData/SDKExplicitPrecompiledModules

PruneExplicitPrecompiledModules /Volumes/DeveloperStorage/BuildScratch/throttle-convergence-20260920/DerivedData/Build/Intermediates.noindex/SwiftExplicitPrecompiledModules

PruneExplicitPrecompiledModules /Volumes/DeveloperStorage/BuildScratch/throttle-convergence-20260920/DerivedData/Build/Intermediates.noindex/ExplicitPrecompiledModules

** TEST BUILD SUCCEEDED **

